{
  "vocab_size": 25013,
  "num_docs": 67093,
  "dims": [
    50,
    100,
    200,
    300
  ],
  "neighbors_d50": {
    "Tokyo": [
      [
        "Abe",
        0.9368956685066223
      ],
      [
        "traded",
        0.9323854446411133
      ],
      [
        "pirated",
        0.9300164580345154
      ],
      [
        "therapy",
        0.9283905029296875
      ],
      [
        "Franklin",
        0.9279090166091919
      ]
    ],
    "running": [
      [
        "match",
        0.9795140027999878
      ],
      [
        "set",
        0.9773179888725281
      ],
      [
        "Tech",
        0.9673756957054138
      ],
      [
        "completed",
        0.9635524153709412
      ],
      [
        "limited",
        0.9627948999404907
      ]
    ],
    "table": [
      [
        "Congress",
        0.9973351359367371
      ],
      [
        "confidential",
        0.9931461811065674
      ],
      [
        "wear",
        0.9870571494102478
      ],
      [
        "represent",
        0.9784730672836304
      ],
      [
        "chosen",
        0.9621748924255371
      ]
    ]
  },
  "neighbors_d100": {
    "Tokyo": [
      [
        "Mori",
        0.9310970902442932
      ],
      [
        "badminton",
        0.920323371887207
      ],
      [
        "Coordination",
        0.8997660875320435
      ],
      [
        "Kyoko",
        0.8722355961799622
      ],
      [
        "organisers",
        0.8340594172477722
      ]
    ],
    "running": [
      [
        "match",
        0.8780456781387329
      ],
      [
        "aware",
        0.8625484108924866
      ],
      [
        "overall",
        0.8432779312133789
      ],
      [
        "shape",
        0.8399192690849304
      ],
      [
        "hope",
        0.8309134840965271
      ]
    ],
    "table": [
      [
        "chosen",
        0.9572818279266357
      ],
      [
        "freedom",
        0.9457732439041138
      ],
      [
        "communications",
        0.9303127527236938
      ],
      [
        "message",
        0.9240511655807495
      ],
      [
        "Congress",
        0.9218285083770752
      ]
    ]
  },
  "neighbors_d200": {
    "Tokyo": [
      [
        "Mori",
        0.9873112440109253
      ],
      [
        "badminton",
        0.9839451313018799
      ],
      [
        "Kyoko",
        0.9736757874488831
      ],
      [
        "Coordination",
        0.9684741497039795
      ],
      [
        "organisers",
        0.9445705413818359
      ]
    ],
    "running": [
      [
        "liberated",
        0.7698150873184204
      ],
      [
        "sport",
        0.7407888174057007
      ],
      [
        "compete",
        0.739089846611023
      ],
      [
        "workout",
        0.7149088382720947
      ],
      [
        "bettered",
        0.7026090621948242
      ]
    ],
    "table": [
      [
        "freedom",
        0.9375662803649902
      ],
      [
        "chosen",
        0.9083671569824219
      ],
      [
        "subscription",
        0.8532319068908691
      ],
      [
        "Congress",
        0.8498984575271606
      ],
      [
        "views",
        0.8454297184944153
      ]
    ]
  },
  "neighbors_d300": {
    "Tokyo": [
      [
        "Mori",
        0.9828662276268005
      ],
      [
        "badminton",
        0.9788668751716614
      ],
      [
        "Kyoko",
        0.9687630534172058
      ],
      [
        "Paralympic",
        0.9514073133468628
      ],
      [
        "Coordination",
        0.9343876838684082
      ]
    ],
    "running": [
      [
        "liberated",
        0.9040576219558716
      ],
      [
        "compassion",
        0.8561869859695435
      ],
      [
        "workout",
        0.8425298929214478
      ],
      [
        "Run",
        0.8323458433151245
      ],
      [
        "Talks",
        0.8282474875450134
      ]
    ],
    "table": [
      [
        "freedom",
        0.8943881988525391
      ],
      [
        "chosen",
        0.8203235268592834
      ],
      [
        "subscription",
        0.805004894733429
      ],
      [
        "Congress",
        0.7884225845336914
      ],
      [
        "growing",
        0.7705675363540649
      ]
    ]
  }
}