Starting to train (PyTorch).
  [diag] log10|dL/dh_t| hist bins=60 range=(-12.00,-2.22) mean=-11.95 p50=-12.00 p05=-12.00 p95=-12.00
  [diag] sat-dist hist bins=60 sat<0.05=0.0% mean=0.970 p10=0.969 p90=0.974
Iter 0000020: train nll 1.455, valid error 074.700%, best valid error 100.000%, avg grad norm   0.234, avg grad norm (post clip)   0.234, rho_Whh  0.95, Omega  0.00, alpha  0.000, steps in the past 0.000, valid nll 1.386
  [diag] log10|dL/dh_t| hist bins=60 range=(-12.00,-2.22) mean=-11.95 p50=-12.00 p05=-12.00 p95=-12.00
  [diag] sat-dist hist bins=60 sat<0.05=0.0% mean=0.973 p10=0.972 p90=0.975
Iter 0000040: train nll 1.386, valid error 076.500%, best valid error 074.700%, avg grad norm   0.251, avg grad norm (post clip)   0.262, rho_Whh  0.95, Omega  0.00, alpha  0.000, steps in the past 0.000, valid nll 1.386
  [diag] log10|dL/dh_t| hist bins=60 range=(-12.00,-2.22) mean=-11.95 p50=-12.00 p05=-12.00 p95=-12.00
  [diag] sat-dist hist bins=60 sat<0.05=0.0% mean=0.972 p10=0.971 p90=0.974
Iter 0000060: train nll 1.385, valid error 074.900%, best valid error 074.700%, avg grad norm   0.255, avg grad norm (post clip)   0.268, rho_Whh  0.95, Omega  0.00, alpha  0.000, steps in the past 0.000, valid nll 1.387
  [diag] log10|dL/dh_t| hist bins=60 range=(-12.00,-2.22) mean=-11.95 p50=-12.00 p05=-12.00 p95=-12.00
  [diag] sat-dist hist bins=60 sat<0.05=0.0% mean=0.975 p10=0.974 p90=0.977
Iter 0000080: train nll 1.388, valid error 073.900%, best valid error 074.700%, avg grad norm   0.259, avg grad norm (post clip)   0.273, rho_Whh  0.95, Omega  0.00, alpha  0.000, steps in the past 0.000, valid nll 1.386
  [diag] log10|dL/dh_t| hist bins=60 range=(-12.00,-2.22) mean=-11.95 p50=-12.00 p05=-12.00 p95=-12.00
  [diag] sat-dist hist bins=60 sat<0.05=0.0% mean=0.975 p10=0.974 p90=0.976
Iter 0000100: train nll 1.385, valid error 074.300%, best valid error 073.900%, avg grad norm   0.261, avg grad norm (post clip)   0.275, rho_Whh  0.95, Omega  0.00, alpha  0.000, steps in the past 0.000, valid nll 1.386
  [diag] log10|dL/dh_t| hist bins=60 range=(-12.00,-2.22) mean=-11.95 p50=-12.00 p05=-12.00 p95=-12.00
  [diag] sat-dist hist bins=60 sat<0.05=0.0% mean=0.975 p10=0.974 p90=0.976
Iter 0000120: train nll 1.386, valid error 074.300%, best valid error 073.900%, avg grad norm   0.249, avg grad norm (post clip)   0.263, rho_Whh  0.95, Omega  0.00, alpha  0.000, steps in the past 0.000, valid nll 1.386
  [diag] log10|dL/dh_t| hist bins=60 range=(-12.00,-2.22) mean=-11.95 p50=-12.00 p05=-12.00 p95=-12.00
  [diag] sat-dist hist bins=60 sat<0.05=0.0% mean=0.976 p10=0.975 p90=0.976
Iter 0000140: train nll 1.387, valid error 074.300%, best valid error 073.900%, avg grad norm   0.224, avg grad norm (post clip)   0.237, rho_Whh  0.95, Omega  0.00, alpha  0.000, steps in the past 0.000, valid nll 1.386
  [diag] log10|dL/dh_t| hist bins=60 range=(-12.00,-2.22) mean=-11.95 p50=-12.00 p05=-12.00 p95=-12.00
  [diag] sat-dist hist bins=60 sat<0.05=0.0% mean=0.977 p10=0.976 p90=0.977
Iter 0000160: train nll 1.387, valid error 074.300%, best valid error 073.900%, avg grad norm   0.238, avg grad norm (post clip)   0.250, rho_Whh  0.95, Omega  0.00, alpha  0.000, steps in the past 0.000, valid nll 1.386
  [diag] log10|dL/dh_t| hist bins=60 range=(-12.00,-2.22) mean=-11.95 p50=-12.00 p05=-12.00 p95=-12.00
  [diag] sat-dist hist bins=60 sat<0.05=0.0% mean=0.976 p10=0.974 p90=0.976
Iter 0000180: train nll 1.385, valid error 074.300%, best valid error 073.900%, avg grad norm   0.241, avg grad norm (post clip)   0.254, rho_Whh  0.95, Omega  0.00, alpha  0.000, steps in the past 0.000, valid nll 1.386
  [diag] log10|dL/dh_t| hist bins=60 range=(-12.00,-2.22) mean=-11.95 p50=-12.00 p05=-12.00 p95=-12.00
  [diag] sat-dist hist bins=60 sat<0.05=0.0% mean=0.975 p10=0.974 p90=0.976
Iter 0000200: train nll 1.385, valid error 074.300%, best valid error 073.900%, avg grad norm   0.208, avg grad norm (post clip)   0.221, rho_Whh  0.95, Omega  0.00, alpha  0.000, steps in the past 0.000, valid nll 1.386
  [diag] log10|dL/dh_t| hist bins=60 range=(-12.00,-2.22) mean=-11.95 p50=-12.00 p05=-12.00 p95=-12.00
  [diag] sat-dist hist bins=60 sat<0.05=0.0% mean=0.974 p10=0.973 p90=0.975
Iter 0000220: train nll 1.387, valid error 074.300%, best valid error 073.900%, avg grad norm   0.257, avg grad norm (post clip)   0.268, rho_Whh  0.95, Omega  0.00, alpha  0.000, steps in the past 0.000, valid nll 1.386
  [diag] log10|dL/dh_t| hist bins=60 range=(-12.00,-2.22) mean=-11.95 p50=-12.00 p05=-12.00 p95=-12.00
  [diag] sat-dist hist bins=60 sat<0.05=0.0% mean=0.975 p10=0.974 p90=0.976
Iter 0000240: train nll 1.387, valid error 074.300%, best valid error 073.900%, avg grad norm   0.251, avg grad norm (post clip)   0.265, rho_Whh  0.95, Omega  0.00, alpha  0.000, steps in the past 0.000, valid nll 1.386
  [diag] log10|dL/dh_t| hist bins=60 range=(-12.00,-2.22) mean=-11.95 p50=-12.00 p05=-12.00 p95=-12.00
  [diag] sat-dist hist bins=60 sat<0.05=0.0% mean=0.975 p10=0.974 p90=0.977
Iter 0000260: train nll 1.387, valid error 074.300%, best valid error 073.900%, avg grad norm   0.232, avg grad norm (post clip)   0.245, rho_Whh  0.95, Omega  0.00, alpha  0.000, steps in the past 0.000, valid nll 1.386
  [diag] log10|dL/dh_t| hist bins=60 range=(-12.00,-2.22) mean=-11.95 p50=-12.00 p05=-12.00 p95=-12.00
  [diag] sat-dist hist bins=60 sat<0.05=0.0% mean=0.976 p10=0.975 p90=0.977
Iter 0000280: train nll 1.387, valid error 074.300%, best valid error 073.900%, avg grad norm   0.231, avg grad norm (post clip)   0.244, rho_Whh  0.95, Omega  0.00, alpha  0.000, steps in the past 0.000, valid nll 1.386
  [diag] log10|dL/dh_t| hist bins=60 range=(-12.00,-2.22) mean=-11.95 p50=-12.00 p05=-12.00 p95=-12.00
  [diag] sat-dist hist bins=60 sat<0.05=0.0% mean=0.976 p10=0.975 p90=0.977
Iter 0000300: train nll 1.386, valid error 074.300%, best valid error 073.900%, avg grad norm   0.230, avg grad norm (post clip)   0.242, rho_Whh  0.95, Omega  0.00, alpha  0.000, steps in the past 0.000, valid nll 1.386
  [diag] log10|dL/dh_t| hist bins=60 range=(-12.00,-2.22) mean=-11.95 p50=-12.00 p05=-12.00 p95=-12.00
  [diag] sat-dist hist bins=60 sat<0.05=0.0% mean=0.976 p10=0.974 p90=0.976
Iter 0000320: train nll 1.385, valid error 074.300%, best valid error 073.900%, avg grad norm   0.244, avg grad norm (post clip)   0.257, rho_Whh  0.95, Omega  0.00, alpha  0.000, steps in the past 0.000, valid nll 1.386
  [diag] log10|dL/dh_t| hist bins=60 range=(-12.00,-2.22) mean=-11.95 p50=-12.00 p05=-12.00 p95=-12.00
  [diag] sat-dist hist bins=60 sat<0.05=0.0% mean=0.976 p10=0.975 p90=0.976
Iter 0000340: train nll 1.386, valid error 074.300%, best valid error 073.900%, avg grad norm   0.216, avg grad norm (post clip)   0.229, rho_Whh  0.95, Omega  0.00, alpha  0.000, steps in the past 0.000, valid nll 1.386
  [diag] log10|dL/dh_t| hist bins=60 range=(-12.00,-2.22) mean=-11.95 p50=-12.00 p05=-12.00 p95=-12.00
  [diag] sat-dist hist bins=60 sat<0.05=0.0% mean=0.977 p10=0.975 p90=0.977
Iter 0000360: train nll 1.387, valid error 074.300%, best valid error 073.900%, avg grad norm   0.254, avg grad norm (post clip)   0.265, rho_Whh  0.95, Omega  0.00, alpha  0.000, steps in the past 0.000, valid nll 1.386
  [diag] log10|dL/dh_t| hist bins=60 range=(-12.00,-2.22) mean=-11.95 p50=-12.00 p05=-12.00 p95=-12.00
  [diag] sat-dist hist bins=60 sat<0.05=0.0% mean=0.976 p10=0.975 p90=0.977
Iter 0000380: train nll 1.387, valid error 074.300%, best valid error 073.900%, avg grad norm   0.261, avg grad norm (post clip)   0.274, rho_Whh  0.95, Omega  0.00, alpha  0.000, steps in the past 0.000, valid nll 1.386
  [diag] log10|dL/dh_t| hist bins=60 range=(-12.00,-2.22) mean=-11.95 p50=-12.00 p05=-12.00 p95=-12.00
  [diag] sat-dist hist bins=60 sat<0.05=0.0% mean=0.977 p10=0.976 p90=0.978
Iter 0000400: train nll 1.388, valid error 074.300%, best valid error 073.900%, avg grad norm   0.253, avg grad norm (post clip)   0.267, rho_Whh  0.95, Omega  0.00, alpha  0.000, steps in the past 0.000, valid nll 1.386
  [diag] log10|dL/dh_t| hist bins=60 range=(-12.00,-2.22) mean=-11.95 p50=-12.00 p05=-12.00 p95=-12.00
  [diag] sat-dist hist bins=60 sat<0.05=0.0% mean=0.978 p10=0.977 p90=0.978
Iter 0000420: train nll 1.387, valid error 074.300%, best valid error 073.900%, avg grad norm   0.226, avg grad norm (post clip)   0.239, rho_Whh  0.95, Omega  0.00, alpha  0.000, steps in the past 0.000, valid nll 1.386
  [diag] log10|dL/dh_t| hist bins=60 range=(-12.00,-2.22) mean=-11.95 p50=-12.00 p05=-12.00 p95=-12.00
  [diag] sat-dist hist bins=60 sat<0.05=0.0% mean=0.977 p10=0.976 p90=0.978
Iter 0000440: train nll 1.386, valid error 074.300%, best valid error 073.900%, avg grad norm   0.224, avg grad norm (post clip)   0.236, rho_Whh  0.95, Omega  0.00, alpha  0.000, steps in the past 0.000, valid nll 1.386
  [diag] log10|dL/dh_t| hist bins=60 range=(-12.00,-2.22) mean=-11.95 p50=-12.00 p05=-12.00 p95=-12.00
  [diag] sat-dist hist bins=60 sat<0.05=0.0% mean=0.977 p10=0.976 p90=0.977
Iter 0000460: train nll 1.386, valid error 074.300%, best valid error 073.900%, avg grad norm   0.242, avg grad norm (post clip)   0.254, rho_Whh  0.95, Omega  0.00, alpha  0.000, steps in the past 0.000, valid nll 1.386
  [diag] log10|dL/dh_t| hist bins=60 range=(-12.00,-2.22) mean=-11.95 p50=-12.00 p05=-12.00 p95=-12.00
  [diag] sat-dist hist bins=60 sat<0.05=0.0% mean=0.977 p10=0.976 p90=0.977
Iter 0000480: train nll 1.386, valid error 074.300%, best valid error 073.900%, avg grad norm   0.232, avg grad norm (post clip)   0.245, rho_Whh  0.95, Omega  0.00, alpha  0.000, steps in the past 0.000, valid nll 1.386
  [diag] log10|dL/dh_t| hist bins=60 range=(-12.00,-2.22) mean=-11.95 p50=-12.00 p05=-12.00 p95=-12.00
  [diag] sat-dist hist bins=60 sat<0.05=0.0% mean=0.976 p10=0.976 p90=0.977
Iter 0000500: train nll 1.385, valid error 074.300%, best valid error 073.900%, avg grad norm   0.252, avg grad norm (post clip)   0.264, rho_Whh  0.95, Omega  0.00, alpha  0.000, steps in the past 0.000, valid nll 1.386
  [diag] log10|dL/dh_t| hist bins=60 range=(-12.00,-2.22) mean=-11.95 p50=-12.00 p05=-12.00 p95=-12.00
  [diag] sat-dist hist bins=60 sat<0.05=0.0% mean=0.977 p10=0.976 p90=0.977
Iter 0000520: train nll 1.386, valid error 073.850%, best valid error 073.900%, avg grad norm   0.256, avg grad norm (post clip)   0.269, rho_Whh  0.95, Omega  0.00, alpha  0.000, steps in the past 0.000, valid nll 1.386
  [diag] log10|dL/dh_t| hist bins=60 range=(-12.00,-2.22) mean=-11.95 p50=-12.00 p05=-12.00 p95=-12.00
  [diag] sat-dist hist bins=60 sat<0.05=0.0% mean=0.977 p10=0.976 p90=0.977
Iter 0000540: train nll 1.387, valid error 074.250%, best valid error 073.850%, avg grad norm   0.208, avg grad norm (post clip)   0.222, rho_Whh  0.95, Omega  0.00, alpha  0.000, steps in the past 0.000, valid nll 1.386
  [diag] log10|dL/dh_t| hist bins=60 range=(-12.00,-2.22) mean=-11.95 p50=-12.00 p05=-12.00 p95=-12.00
  [diag] sat-dist hist bins=60 sat<0.05=0.0% mean=0.977 p10=0.976 p90=0.978
Iter 0000560: train nll 1.387, valid error 074.100%, best valid error 073.850%, avg grad norm   0.238, avg grad norm (post clip)   0.249, rho_Whh  0.95, Omega  0.00, alpha  0.000, steps in the past 0.000, valid nll 1.386
  [diag] log10|dL/dh_t| hist bins=60 range=(-12.00,-2.22) mean=-11.95 p50=-12.00 p05=-12.00 p95=-12.00
  [diag] sat-dist hist bins=60 sat<0.05=0.0% mean=0.977 p10=0.976 p90=0.977
Iter 0000580: train nll 1.385, valid error 073.600%, best valid error 073.850%, avg grad norm   0.232, avg grad norm (post clip)   0.244, rho_Whh  0.95, Omega  0.00, alpha  0.000, steps in the past 0.000, valid nll 1.386
  [diag] log10|dL/dh_t| hist bins=60 range=(-12.00,-2.22) mean=-11.95 p50=-12.00 p05=-12.00 p95=-12.00
  [diag] sat-dist hist bins=60 sat<0.05=0.0% mean=0.977 p10=0.977 p90=0.978
Iter 0000600: train nll 1.387, valid error 073.850%, best valid error 073.600%, avg grad norm   0.226, avg grad norm (post clip)   0.238, rho_Whh  0.95, Omega  0.00, alpha  0.000, steps in the past 0.000, valid nll 1.386
  [diag] log10|dL/dh_t| hist bins=60 range=(-12.00,-2.22) mean=-11.95 p50=-12.00 p05=-12.00 p95=-12.00
  [diag] sat-dist hist bins=60 sat<0.05=0.0% mean=0.978 p10=0.977 p90=0.978
Iter 0000620: train nll 1.387, valid error 074.100%, best valid error 073.600%, avg grad norm   0.210, avg grad norm (post clip)   0.222, rho_Whh  0.95, Omega  0.00, alpha  0.000, steps in the past 0.000, valid nll 1.386
  [diag] log10|dL/dh_t| hist bins=60 range=(-12.00,-2.22) mean=-11.95 p50=-12.00 p05=-12.00 p95=-12.00
  [diag] sat-dist hist bins=60 sat<0.05=0.0% mean=0.978 p10=0.977 p90=0.978
Iter 0000640: train nll 1.387, valid error 073.750%, best valid error 073.600%, avg grad norm   0.221, avg grad norm (post clip)   0.232, rho_Whh  0.95, Omega  0.00, alpha  0.000, steps in the past 0.000, valid nll 1.386
  [diag] log10|dL/dh_t| hist bins=60 range=(-12.00,-2.22) mean=-11.95 p50=-12.00 p05=-12.00 p95=-12.00
  [diag] sat-dist hist bins=60 sat<0.05=0.0% mean=0.977 p10=0.976 p90=0.978
Iter 0000660: train nll 1.386, valid error 073.950%, best valid error 073.600%, avg grad norm   0.275, avg grad norm (post clip)   0.287, rho_Whh  0.95, Omega  0.00, alpha  0.000, steps in the past 0.000, valid nll 1.386
  [diag] log10|dL/dh_t| hist bins=60 range=(-12.00,-2.22) mean=-11.95 p50=-12.00 p05=-12.00 p95=-12.00
  [diag] sat-dist hist bins=60 sat<0.05=0.0% mean=0.977 p10=0.977 p90=0.978
Iter 0000680: train nll 1.386, valid error 074.300%, best valid error 073.600%, avg grad norm   0.235, avg grad norm (post clip)   0.249, rho_Whh  0.95, Omega  0.00, alpha  0.000, steps in the past 0.000, valid nll 1.386
  [diag] log10|dL/dh_t| hist bins=60 range=(-12.00,-2.22) mean=-11.95 p50=-12.00 p05=-12.00 p95=-12.00
  [diag] sat-dist hist bins=60 sat<0.05=0.0% mean=0.977 p10=0.976 p90=0.977
Iter 0000700: train nll 1.385, valid error 074.300%, best valid error 073.600%, avg grad norm   0.217, avg grad norm (post clip)   0.229, rho_Whh  0.95, Omega  0.00, alpha  0.000, steps in the past 0.000, valid nll 1.386
  [diag] log10|dL/dh_t| hist bins=60 range=(-12.00,-2.22) mean=-11.95 p50=-12.00 p05=-12.00 p95=-12.00
  [diag] sat-dist hist bins=60 sat<0.05=0.0% mean=0.977 p10=0.976 p90=0.977
Iter 0000720: train nll 1.387, valid error 073.600%, best valid error 073.600%, avg grad norm   0.249, avg grad norm (post clip)   0.261, rho_Whh  0.95, Omega  0.00, alpha  0.000, steps in the past 0.000, valid nll 1.386
  [diag] log10|dL/dh_t| hist bins=60 range=(-12.00,-2.22) mean=-11.95 p50=-12.00 p05=-12.00 p95=-12.00
  [diag] sat-dist hist bins=60 sat<0.05=0.0% mean=0.977 p10=0.976 p90=0.978
Iter 0000740: train nll 1.386, valid error 076.300%, best valid error 073.600%, avg grad norm   0.241, avg grad norm (post clip)   0.254, rho_Whh  0.95, Omega  0.00, alpha  0.000, steps in the past 0.000, valid nll 1.386
  [diag] log10|dL/dh_t| hist bins=60 range=(-12.00,-2.22) mean=-11.95 p50=-12.00 p05=-12.00 p95=-12.00
  [diag] sat-dist hist bins=60 sat<0.05=0.0% mean=0.978 p10=0.977 p90=0.978
Iter 0000760: train nll 1.388, valid error 073.550%, best valid error 073.600%, avg grad norm   0.240, avg grad norm (post clip)   0.253, rho_Whh  0.95, Omega  0.00, alpha  0.000, steps in the past 0.000, valid nll 1.386
  [diag] log10|dL/dh_t| hist bins=60 range=(-12.00,-2.22) mean=-11.95 p50=-12.00 p05=-12.00 p95=-12.00
  [diag] sat-dist hist bins=60 sat<0.05=0.0% mean=0.977 p10=0.976 p90=0.978
Iter 0000780: train nll 1.386, valid error 076.550%, best valid error 073.550%, avg grad norm   0.196, avg grad norm (post clip)   0.208, rho_Whh  0.95, Omega  0.00, alpha  0.000, steps in the past 0.000, valid nll 1.386
  [diag] log10|dL/dh_t| hist bins=60 range=(-12.00,-2.22) mean=-11.95 p50=-12.00 p05=-12.00 p95=-12.00
  [diag] sat-dist hist bins=60 sat<0.05=0.0% mean=0.977 p10=0.976 p90=0.978
Iter 0000800: train nll 1.387, valid error 076.400%, best valid error 073.550%, avg grad norm   0.241, avg grad norm (post clip)   0.251, rho_Whh  0.95, Omega  0.00, alpha  0.000, steps in the past 0.000, valid nll 1.386
  [diag] log10|dL/dh_t| hist bins=60 range=(-12.00,-2.22) mean=-11.95 p50=-12.00 p05=-12.00 p95=-12.00
  [diag] sat-dist hist bins=60 sat<0.05=0.0% mean=0.977 p10=0.976 p90=0.978
Iter 0000820: train nll 1.386, valid error 076.150%, best valid error 073.550%, avg grad norm   0.204, avg grad norm (post clip)   0.217, rho_Whh  0.95, Omega  0.00, alpha  0.000, steps in the past 0.000, valid nll 1.387
  [diag] log10|dL/dh_t| hist bins=60 range=(-12.00,-2.22) mean=-11.95 p50=-12.00 p05=-12.00 p95=-12.00
  [diag] sat-dist hist bins=60 sat<0.05=0.0% mean=0.977 p10=0.976 p90=0.978
Iter 0000840: train nll 1.386, valid error 075.950%, best valid error 073.550%, avg grad norm   0.218, avg grad norm (post clip)   0.228, rho_Whh  0.95, Omega  0.00, alpha  0.000, steps in the past 0.000, valid nll 1.387
  [diag] log10|dL/dh_t| hist bins=60 range=(-12.00,-2.22) mean=-11.95 p50=-12.00 p05=-12.00 p95=-12.00
  [diag] sat-dist hist bins=60 sat<0.05=0.0% mean=0.978 p10=0.977 p90=0.978
Iter 0000860: train nll 1.388, valid error 076.050%, best valid error 073.550%, avg grad norm   0.231, avg grad norm (post clip)   0.242, rho_Whh  0.95, Omega  0.00, alpha  0.000, steps in the past 0.000, valid nll 1.387
  [diag] log10|dL/dh_t| hist bins=60 range=(-12.00,-2.22) mean=-11.95 p50=-12.00 p05=-12.00 p95=-12.00
  [diag] sat-dist hist bins=60 sat<0.05=0.0% mean=0.978 p10=0.977 p90=0.978
Iter 0000880: train nll 1.386, valid error 076.150%, best valid error 073.550%, avg grad norm   0.214, avg grad norm (post clip)   0.226, rho_Whh  0.95, Omega  0.00, alpha  0.000, steps in the past 0.000, valid nll 1.387
  [diag] log10|dL/dh_t| hist bins=60 range=(-12.00,-2.22) mean=-11.95 p50=-12.00 p05=-12.00 p95=-12.00
  [diag] sat-dist hist bins=60 sat<0.05=0.0% mean=0.978 p10=0.977 p90=0.978
Iter 0000900: train nll 1.387, valid error 075.950%, best valid error 073.550%, avg grad norm   0.228, avg grad norm (post clip)   0.239, rho_Whh  0.95, Omega  0.00, alpha  0.000, steps in the past 0.000, valid nll 1.387
  [diag] log10|dL/dh_t| hist bins=60 range=(-12.00,-2.22) mean=-11.95 p50=-12.00 p05=-12.00 p95=-12.00
  [diag] sat-dist hist bins=60 sat<0.05=0.0% mean=0.978 p10=0.977 p90=0.978
Iter 0000920: train nll 1.387, valid error 076.100%, best valid error 073.550%, avg grad norm   0.232, avg grad norm (post clip)   0.244, rho_Whh  0.95, Omega  0.00, alpha  0.000, steps in the past 0.000, valid nll 1.387
  [diag] log10|dL/dh_t| hist bins=60 range=(-12.00,-2.22) mean=-11.95 p50=-12.00 p05=-12.00 p95=-12.00
  [diag] sat-dist hist bins=60 sat<0.05=0.0% mean=0.978 p10=0.977 p90=0.978
Iter 0000940: train nll 1.386, valid error 076.150%, best valid error 073.550%, avg grad norm   0.229, avg grad norm (post clip)   0.241, rho_Whh  0.95, Omega  0.00, alpha  0.000, steps in the past 0.000, valid nll 1.387
  [diag] log10|dL/dh_t| hist bins=60 range=(-12.00,-2.22) mean=-11.95 p50=-12.00 p05=-12.00 p95=-12.00
  [diag] sat-dist hist bins=60 sat<0.05=0.0% mean=0.978 p10=0.977 p90=0.978
Iter 0000960: train nll 1.388, valid error 075.800%, best valid error 073.550%, avg grad norm   0.255, avg grad norm (post clip)   0.267, rho_Whh  0.95, Omega  0.00, alpha  0.000, steps in the past 0.000, valid nll 1.387
  [diag] log10|dL/dh_t| hist bins=60 range=(-12.00,-2.22) mean=-11.95 p50=-12.00 p05=-12.00 p95=-12.00
  [diag] sat-dist hist bins=60 sat<0.05=0.0% mean=0.978 p10=0.977 p90=0.978
Iter 0000980: train nll 1.386, valid error 075.950%, best valid error 073.550%, avg grad norm   0.225, avg grad norm (post clip)   0.238, rho_Whh  0.96, Omega  0.00, alpha  0.000, steps in the past 0.000, valid nll 1.387
  [diag] log10|dL/dh_t| hist bins=60 range=(-12.00,-2.22) mean=-11.95 p50=-12.00 p05=-12.00 p95=-12.00
  [diag] sat-dist hist bins=60 sat<0.05=0.0% mean=0.978 p10=0.977 p90=0.978
Iter 0001000: train nll 1.386, valid error 076.000%, best valid error 073.550%, avg grad norm   0.211, avg grad norm (post clip)   0.222, rho_Whh  0.96, Omega  0.00, alpha  0.000, steps in the past 0.000, valid nll 1.387
  [diag] log10|dL/dh_t| hist bins=60 range=(-12.00,-2.22) mean=-11.95 p50=-12.00 p05=-12.00 p95=-12.00
  [diag] sat-dist hist bins=60 sat<0.05=0.0% mean=0.977 p10=0.976 p90=0.978
Iter 0001020: train nll 1.386, valid error 076.200%, best valid error 073.550%, avg grad norm   0.247, avg grad norm (post clip)   0.258, rho_Whh  0.96, Omega  0.00, alpha  0.000, steps in the past 0.000, valid nll 1.387
  [diag] log10|dL/dh_t| hist bins=60 range=(-12.00,-2.22) mean=-11.95 p50=-12.00 p05=-12.00 p95=-12.00
  [diag] sat-dist hist bins=60 sat<0.05=0.0% mean=0.977 p10=0.977 p90=0.978
Iter 0001040: train nll 1.387, valid error 076.000%, best valid error 073.550%, avg grad norm   0.258, avg grad norm (post clip)   0.271, rho_Whh  0.96, Omega  0.00, alpha  0.000, steps in the past 0.000, valid nll 1.387
  [diag] log10|dL/dh_t| hist bins=60 range=(-12.00,-2.22) mean=-11.95 p50=-12.00 p05=-12.00 p95=-12.00
  [diag] sat-dist hist bins=60 sat<0.05=0.0% mean=0.978 p10=0.977 p90=0.978
Iter 0001060: train nll 1.387, valid error 076.300%, best valid error 073.550%, avg grad norm   0.233, avg grad norm (post clip)   0.247, rho_Whh  0.96, Omega  0.00, alpha  0.000, steps in the past 0.000, valid nll 1.387
  [diag] log10|dL/dh_t| hist bins=60 range=(-12.00,-2.22) mean=-11.95 p50=-12.00 p05=-12.00 p95=-12.00
  [diag] sat-dist hist bins=60 sat<0.05=0.0% mean=0.977 p10=0.976 p90=0.978
Iter 0001080: train nll 1.386, valid error 076.100%, best valid error 073.550%, avg grad norm   0.236, avg grad norm (post clip)   0.249, rho_Whh  0.96, Omega  0.00, alpha  0.000, steps in the past 0.000, valid nll 1.387
  [diag] log10|dL/dh_t| hist bins=60 range=(-12.00,-2.22) mean=-11.95 p50=-12.00 p05=-12.00 p95=-12.00
  [diag] sat-dist hist bins=60 sat<0.05=0.0% mean=0.977 p10=0.976 p90=0.978
Iter 0001100: train nll 1.387, valid error 076.050%, best valid error 073.550%, avg grad norm   0.231, avg grad norm (post clip)   0.243, rho_Whh  0.96, Omega  0.00, alpha  0.000, steps in the past 0.000, valid nll 1.387
  [diag] log10|dL/dh_t| hist bins=60 range=(-12.00,-2.22) mean=-11.95 p50=-12.00 p05=-12.00 p95=-12.00
  [diag] sat-dist hist bins=60 sat<0.05=0.0% mean=0.977 p10=0.976 p90=0.978
Iter 0001120: train nll 1.386, valid error 075.850%, best valid error 073.550%, avg grad norm   0.245, avg grad norm (post clip)   0.257, rho_Whh  0.95, Omega  0.00, alpha  0.000, steps in the past 0.000, valid nll 1.387
  [diag] log10|dL/dh_t| hist bins=60 range=(-12.00,-2.22) mean=-11.95 p50=-12.00 p05=-12.00 p95=-12.00
  [diag] sat-dist hist bins=60 sat<0.05=0.0% mean=0.977 p10=0.976 p90=0.978
Iter 0001140: train nll 1.385, valid error 075.900%, best valid error 073.550%, avg grad norm   0.210, avg grad norm (post clip)   0.223, rho_Whh  0.96, Omega  0.00, alpha  0.000, steps in the past 0.000, valid nll 1.387
  [diag] log10|dL/dh_t| hist bins=60 range=(-12.00,-2.22) mean=-11.95 p50=-12.00 p05=-12.00 p95=-12.00
  [diag] sat-dist hist bins=60 sat<0.05=0.0% mean=0.977 p10=0.976 p90=0.978
Iter 0001160: train nll 1.386, valid error 075.750%, best valid error 073.550%, avg grad norm   0.216, avg grad norm (post clip)   0.227, rho_Whh  0.96, Omega  0.00, alpha  0.000, steps in the past 0.000, valid nll 1.387
  [diag] log10|dL/dh_t| hist bins=60 range=(-12.00,-2.22) mean=-11.95 p50=-12.00 p05=-12.00 p95=-12.00
  [diag] sat-dist hist bins=60 sat<0.05=0.0% mean=0.977 p10=0.976 p90=0.978
Iter 0001180: train nll 1.387, valid error 075.600%, best valid error 073.550%, avg grad norm   0.239, avg grad norm (post clip)   0.250, rho_Whh  0.96, Omega  0.00, alpha  0.000, steps in the past 0.000, valid nll 1.387
  [diag] log10|dL/dh_t| hist bins=60 range=(-12.00,-2.22) mean=-11.95 p50=-12.00 p05=-12.00 p95=-12.00
  [diag] sat-dist hist bins=60 sat<0.05=0.0% mean=0.978 p10=0.977 p90=0.978
Iter 0001200: train nll 1.387, valid error 076.100%, best valid error 073.550%, avg grad norm   0.236, avg grad norm (post clip)   0.248, rho_Whh  0.96, Omega  0.00, alpha  0.000, steps in the past 0.000, valid nll 1.387
  [diag] log10|dL/dh_t| hist bins=60 range=(-12.00,-2.22) mean=-11.95 p50=-12.00 p05=-12.00 p95=-12.00
  [diag] sat-dist hist bins=60 sat<0.05=0.0% mean=0.978 p10=0.977 p90=0.978
Iter 0001220: train nll 1.386, valid error 075.700%, best valid error 073.550%, avg grad norm   0.239, avg grad norm (post clip)   0.251, rho_Whh  0.96, Omega  0.00, alpha  0.000, steps in the past 0.000, valid nll 1.387
  [diag] log10|dL/dh_t| hist bins=60 range=(-12.00,-2.22) mean=-11.95 p50=-12.00 p05=-12.00 p95=-12.00
  [diag] sat-dist hist bins=60 sat<0.05=0.0% mean=0.978 p10=0.977 p90=0.978
Iter 0001240: train nll 1.386, valid error 076.000%, best valid error 073.550%, avg grad norm   0.236, avg grad norm (post clip)   0.248, rho_Whh  0.96, Omega  0.00, alpha  0.000, steps in the past 0.000, valid nll 1.387
  [diag] log10|dL/dh_t| hist bins=60 range=(-12.00,-2.22) mean=-11.95 p50=-12.00 p05=-12.00 p95=-12.00
  [diag] sat-dist hist bins=60 sat<0.05=0.0% mean=0.977 p10=0.976 p90=0.977
Iter 0001260: train nll 1.385, valid error 074.600%, best valid error 073.550%, avg grad norm   0.221, avg grad norm (post clip)   0.233, rho_Whh  0.96, Omega  0.00, alpha  0.000, steps in the past 0.000, valid nll 1.387
  [diag] log10|dL/dh_t| hist bins=60 range=(-12.00,-2.22) mean=-11.95 p50=-12.00 p05=-12.00 p95=-12.00
  [diag] sat-dist hist bins=60 sat<0.05=0.0% mean=0.977 p10=0.976 p90=0.978
Iter 0001280: train nll 1.386, valid error 075.900%, best valid error 073.550%, avg grad norm   0.235, avg grad norm (post clip)   0.247, rho_Whh  0.96, Omega  0.00, alpha  0.000, steps in the past 0.000, valid nll 1.387
  [diag] log10|dL/dh_t| hist bins=60 range=(-12.00,-2.22) mean=-11.95 p50=-12.00 p05=-12.00 p95=-12.00
  [diag] sat-dist hist bins=60 sat<0.05=0.0% mean=0.977 p10=0.976 p90=0.977
Iter 0001300: train nll 1.386, valid error 075.950%, best valid error 073.550%, avg grad norm   0.216, avg grad norm (post clip)   0.228, rho_Whh  0.96, Omega  0.00, alpha  0.000, steps in the past 0.000, valid nll 1.387
  [diag] log10|dL/dh_t| hist bins=60 range=(-12.00,-2.22) mean=-11.95 p50=-12.00 p05=-12.00 p95=-12.00
  [diag] sat-dist hist bins=60 sat<0.05=0.0% mean=0.977 p10=0.976 p90=0.977
Iter 0001320: train nll 1.386, valid error 076.000%, best valid error 073.550%, avg grad norm   0.208, avg grad norm (post clip)   0.220, rho_Whh  0.96, Omega  0.00, alpha  0.000, steps in the past 0.000, valid nll 1.387
  [diag] log10|dL/dh_t| hist bins=60 range=(-12.00,-2.22) mean=-11.95 p50=-12.00 p05=-12.00 p95=-12.00
  [diag] sat-dist hist bins=60 sat<0.05=0.0% mean=0.977 p10=0.976 p90=0.978
Iter 0001340: train nll 1.387, valid error 075.950%, best valid error 073.550%, avg grad norm   0.238, avg grad norm (post clip)   0.249, rho_Whh  0.96, Omega  0.00, alpha  0.000, steps in the past 0.000, valid nll 1.387
  [diag] log10|dL/dh_t| hist bins=60 range=(-12.00,-2.22) mean=-11.95 p50=-12.00 p05=-12.00 p95=-12.00
  [diag] sat-dist hist bins=60 sat<0.05=0.0% mean=0.977 p10=0.976 p90=0.978
Iter 0001360: train nll 1.387, valid error 075.900%, best valid error 073.550%, avg grad norm   0.241, avg grad norm (post clip)   0.253, rho_Whh  0.96, Omega  0.00, alpha  0.000, steps in the past 0.000, valid nll 1.387
  [diag] log10|dL/dh_t| hist bins=60 range=(-12.00,-2.22) mean=-11.95 p50=-12.00 p05=-12.00 p95=-12.00
  [diag] sat-dist hist bins=60 sat<0.05=0.0% mean=0.977 p10=0.976 p90=0.978
Iter 0001380: train nll 1.387, valid error 075.950%, best valid error 073.550%, avg grad norm   0.210, avg grad norm (post clip)   0.223, rho_Whh  0.96, Omega  0.00, alpha  0.000, steps in the past 0.000, valid nll 1.387
  [diag] log10|dL/dh_t| hist bins=60 range=(-12.00,-2.22) mean=-11.95 p50=-12.00 p05=-12.00 p95=-12.00
  [diag] sat-dist hist bins=60 sat<0.05=0.0% mean=0.977 p10=0.977 p90=0.978
Iter 0001400: train nll 1.386, valid error 075.950%, best valid error 073.550%, avg grad norm   0.249, avg grad norm (post clip)   0.260, rho_Whh  0.96, Omega  0.00, alpha  0.000, steps in the past 0.000, valid nll 1.387
  [diag] log10|dL/dh_t| hist bins=60 range=(-12.00,-2.22) mean=-11.95 p50=-12.00 p05=-12.00 p95=-12.00
  [diag] sat-dist hist bins=60 sat<0.05=0.0% mean=0.977 p10=0.976 p90=0.978
Iter 0001420: train nll 1.386, valid error 075.950%, best valid error 073.550%, avg grad norm   0.254, avg grad norm (post clip)   0.267, rho_Whh  0.96, Omega  0.00, alpha  0.000, steps in the past 0.000, valid nll 1.387
  [diag] log10|dL/dh_t| hist bins=60 range=(-12.00,-2.22) mean=-11.95 p50=-12.00 p05=-12.00 p95=-12.00
  [diag] sat-dist hist bins=60 sat<0.05=0.0% mean=0.977 p10=0.976 p90=0.978
Iter 0001440: train nll 1.387, valid error 075.850%, best valid error 073.550%, avg grad norm   0.209, avg grad norm (post clip)   0.222, rho_Whh  0.96, Omega  0.00, alpha  0.000, steps in the past 0.000, valid nll 1.387
  [diag] log10|dL/dh_t| hist bins=60 range=(-12.00,-2.22) mean=-11.95 p50=-12.00 p05=-12.00 p95=-12.00
  [diag] sat-dist hist bins=60 sat<0.05=0.0% mean=0.977 p10=0.976 p90=0.978
Iter 0001460: train nll 1.386, valid error 076.000%, best valid error 073.550%, avg grad norm   0.244, avg grad norm (post clip)   0.255, rho_Whh  0.96, Omega  0.00, alpha  0.000, steps in the past 0.000, valid nll 1.387
  [diag] log10|dL/dh_t| hist bins=60 range=(-12.00,-2.22) mean=-11.95 p50=-12.00 p05=-12.00 p95=-12.00
  [diag] sat-dist hist bins=60 sat<0.05=0.0% mean=0.978 p10=0.977 p90=0.978
Iter 0001480: train nll 1.388, valid error 075.950%, best valid error 073.550%, avg grad norm   0.224, avg grad norm (post clip)   0.237, rho_Whh  0.96, Omega  0.00, alpha  0.000, steps in the past 0.000, valid nll 1.387
  [diag] log10|dL/dh_t| hist bins=60 range=(-12.00,-2.22) mean=-11.95 p50=-12.00 p05=-12.00 p95=-12.00
  [diag] sat-dist hist bins=60 sat<0.05=0.0% mean=0.978 p10=0.977 p90=0.978
Iter 0001500: train nll 1.387, valid error 075.650%, best valid error 073.550%, avg grad norm   0.271, avg grad norm (post clip)   0.283, rho_Whh  0.96, Omega  0.00, alpha  0.000, steps in the past 0.000, valid nll 1.387
  [diag] log10|dL/dh_t| hist bins=60 range=(-12.00,-2.22) mean=-11.95 p50=-12.00 p05=-12.00 p95=-12.00
  [diag] sat-dist hist bins=60 sat<0.05=0.0% mean=0.978 p10=0.977 p90=0.978
Iter 0001520: train nll 1.387, valid error 076.000%, best valid error 073.550%, avg grad norm   0.227, avg grad norm (post clip)   0.242, rho_Whh  0.96, Omega  0.00, alpha  0.000, steps in the past 0.000, valid nll 1.387
  [diag] log10|dL/dh_t| hist bins=60 range=(-12.00,-2.22) mean=-11.95 p50=-12.00 p05=-12.00 p95=-12.00
  [diag] sat-dist hist bins=60 sat<0.05=0.0% mean=0.977 p10=0.977 p90=0.978
Iter 0001540: train nll 1.386, valid error 076.000%, best valid error 073.550%, avg grad norm   0.254, avg grad norm (post clip)   0.266, rho_Whh  0.96, Omega  0.00, alpha  0.000, steps in the past 0.000, valid nll 1.387
  [diag] log10|dL/dh_t| hist bins=60 range=(-12.00,-2.22) mean=-11.95 p50=-12.00 p05=-12.00 p95=-12.00
  [diag] sat-dist hist bins=60 sat<0.05=0.0% mean=0.977 p10=0.977 p90=0.978
Iter 0001560: train nll 1.386, valid error 076.450%, best valid error 073.550%, avg grad norm   0.234, avg grad norm (post clip)   0.247, rho_Whh  0.96, Omega  0.00, alpha  0.000, steps in the past 0.000, valid nll 1.387
  [diag] log10|dL/dh_t| hist bins=60 range=(-12.00,-2.22) mean=-11.95 p50=-12.00 p05=-12.00 p95=-12.00
  [diag] sat-dist hist bins=60 sat<0.05=0.0% mean=0.977 p10=0.976 p90=0.978
Iter 0001580: train nll 1.386, valid error 076.350%, best valid error 073.550%, avg grad norm   0.222, avg grad norm (post clip)   0.234, rho_Whh  0.96, Omega  0.00, alpha  0.000, steps in the past 0.000, valid nll 1.387
  [diag] log10|dL/dh_t| hist bins=60 range=(-12.00,-2.22) mean=-11.95 p50=-12.00 p05=-12.00 p95=-12.00
  [diag] sat-dist hist bins=60 sat<0.05=0.0% mean=0.977 p10=0.976 p90=0.978
Iter 0001600: train nll 1.387, valid error 076.300%, best valid error 073.550%, avg grad norm   0.242, avg grad norm (post clip)   0.254, rho_Whh  0.96, Omega  0.00, alpha  0.000, steps in the past 0.000, valid nll 1.387
  [diag] log10|dL/dh_t| hist bins=60 range=(-12.00,-2.22) mean=-11.95 p50=-12.00 p05=-12.00 p95=-12.00
  [diag] sat-dist hist bins=60 sat<0.05=0.0% mean=0.977 p10=0.976 p90=0.978
Iter 0001620: train nll 1.386, valid error 076.000%, best valid error 073.550%, avg grad norm   0.214, avg grad norm (post clip)   0.227, rho_Whh  0.96, Omega  0.00, alpha  0.000, steps in the past 0.000, valid nll 1.386
  [diag] log10|dL/dh_t| hist bins=60 range=(-12.00,-2.22) mean=-11.95 p50=-12.00 p05=-12.00 p95=-12.00
  [diag] sat-dist hist bins=60 sat<0.05=0.0% mean=0.977 p10=0.976 p90=0.977
Iter 0001640: train nll 1.385, valid error 074.250%, best valid error 073.550%, avg grad norm   0.220, avg grad norm (post clip)   0.231, rho_Whh  0.96, Omega  0.00, alpha  0.000, steps in the past 0.000, valid nll 1.386
  [diag] log10|dL/dh_t| hist bins=60 range=(-12.00,-2.22) mean=-11.95 p50=-12.00 p05=-12.00 p95=-12.00
  [diag] sat-dist hist bins=60 sat<0.05=0.0% mean=0.977 p10=0.976 p90=0.977
Iter 0001660: train nll 1.387, valid error 074.250%, best valid error 073.550%, avg grad norm   0.240, avg grad norm (post clip)   0.251, rho_Whh  0.96, Omega  0.00, alpha  0.000, steps in the past 0.000, valid nll 1.386
  [diag] log10|dL/dh_t| hist bins=60 range=(-12.00,-2.22) mean=-11.95 p50=-12.00 p05=-12.00 p95=-12.00
  [diag] sat-dist hist bins=60 sat<0.05=0.0% mean=0.977 p10=0.976 p90=0.977
Iter 0001680: train nll 1.386, valid error 074.900%, best valid error 073.550%, avg grad norm   0.237, avg grad norm (post clip)   0.249, rho_Whh  0.96, Omega  0.00, alpha  0.000, steps in the past 0.000, valid nll 1.386
  [diag] log10|dL/dh_t| hist bins=60 range=(-12.00,-2.22) mean=-11.95 p50=-12.00 p05=-12.00 p95=-12.00
  [diag] sat-dist hist bins=60 sat<0.05=0.0% mean=0.977 p10=0.976 p90=0.977
Iter 0001700: train nll 1.387, valid error 074.550%, best valid error 073.550%, avg grad norm   0.219, avg grad norm (post clip)   0.231, rho_Whh  0.96, Omega  0.00, alpha  0.000, steps in the past 0.000, valid nll 1.386
  [diag] log10|dL/dh_t| hist bins=60 range=(-12.00,-2.22) mean=-11.95 p50=-12.00 p05=-12.00 p95=-12.00
  [diag] sat-dist hist bins=60 sat<0.05=0.0% mean=0.977 p10=0.976 p90=0.978
Iter 0001720: train nll 1.386, valid error 074.950%, best valid error 073.550%, avg grad norm   0.228, avg grad norm (post clip)   0.239, rho_Whh  0.96, Omega  0.00, alpha  0.000, steps in the past 0.000, valid nll 1.386
  [diag] log10|dL/dh_t| hist bins=60 range=(-12.00,-2.22) mean=-11.95 p50=-12.00 p05=-12.00 p95=-12.00
  [diag] sat-dist hist bins=60 sat<0.05=0.0% mean=0.977 p10=0.976 p90=0.978
Iter 0001740: train nll 1.386, valid error 074.850%, best valid error 073.550%, avg grad norm   0.215, avg grad norm (post clip)   0.227, rho_Whh  0.96, Omega  0.00, alpha  0.000, steps in the past 0.000, valid nll 1.387
  [diag] log10|dL/dh_t| hist bins=60 range=(-12.00,-2.22) mean=-11.95 p50=-12.00 p05=-12.00 p95=-12.00
  [diag] sat-dist hist bins=60 sat<0.05=0.0% mean=0.977 p10=0.976 p90=0.977
Iter 0001760: train nll 1.386, valid error 074.500%, best valid error 073.550%, avg grad norm   0.256, avg grad norm (post clip)   0.267, rho_Whh  0.96, Omega  0.00, alpha  0.000, steps in the past 0.000, valid nll 1.386
  [diag] log10|dL/dh_t| hist bins=60 range=(-12.00,-2.22) mean=-11.95 p50=-12.00 p05=-12.00 p95=-12.00
  [diag] sat-dist hist bins=60 sat<0.05=0.0% mean=0.976 p10=0.975 p90=0.977
Iter 0001780: train nll 1.386, valid error 074.500%, best valid error 073.550%, avg grad norm   0.229, avg grad norm (post clip)   0.242, rho_Whh  0.96, Omega  0.00, alpha  0.000, steps in the past 0.000, valid nll 1.386
  [diag] log10|dL/dh_t| hist bins=60 range=(-12.00,-2.22) mean=-11.95 p50=-12.00 p05=-12.00 p95=-12.00
  [diag] sat-dist hist bins=60 sat<0.05=0.0% mean=0.977 p10=0.976 p90=0.977
Iter 0001800: train nll 1.387, valid error 074.500%, best valid error 073.550%, avg grad norm   0.200, avg grad norm (post clip)   0.212, rho_Whh  0.96, Omega  0.00, alpha  0.000, steps in the past 0.000, valid nll 1.386
  [diag] log10|dL/dh_t| hist bins=60 range=(-12.00,-2.22) mean=-11.95 p50=-12.00 p05=-12.00 p95=-12.00
  [diag] sat-dist hist bins=60 sat<0.05=0.0% mean=0.977 p10=0.976 p90=0.978
Iter 0001820: train nll 1.388, valid error 074.500%, best valid error 073.550%, avg grad norm   0.214, avg grad norm (post clip)   0.225, rho_Whh  0.96, Omega  0.00, alpha  0.000, steps in the past 0.000, valid nll 1.386
  [diag] log10|dL/dh_t| hist bins=60 range=(-12.00,-2.22) mean=-11.95 p50=-12.00 p05=-12.00 p95=-12.00
  [diag] sat-dist hist bins=60 sat<0.05=0.0% mean=0.977 p10=0.976 p90=0.977
Iter 0001840: train nll 1.386, valid error 074.500%, best valid error 073.550%, avg grad norm   0.222, avg grad norm (post clip)   0.233, rho_Whh  0.96, Omega  0.00, alpha  0.000, steps in the past 0.000, valid nll 1.386
  [diag] log10|dL/dh_t| hist bins=60 range=(-12.00,-2.22) mean=-11.95 p50=-12.00 p05=-12.00 p95=-12.00
  [diag] sat-dist hist bins=60 sat<0.05=0.0% mean=0.976 p10=0.975 p90=0.976
Iter 0001860: train nll 1.384, valid error 074.500%, best valid error 073.550%, avg grad norm   0.226, avg grad norm (post clip)   0.237, rho_Whh  0.96, Omega  0.00, alpha  0.000, steps in the past 0.000, valid nll 1.386
  [diag] log10|dL/dh_t| hist bins=60 range=(-12.00,-2.22) mean=-11.95 p50=-12.00 p05=-12.00 p95=-12.00
  [diag] sat-dist hist bins=60 sat<0.05=0.0% mean=0.976 p10=0.975 p90=0.976
Iter 0001880: train nll 1.386, valid error 074.500%, best valid error 073.550%, avg grad norm   0.227, avg grad norm (post clip)   0.239, rho_Whh  0.96, Omega  0.00, alpha  0.000, steps in the past 0.000, valid nll 1.386
  [diag] log10|dL/dh_t| hist bins=60 range=(-12.00,-2.22) mean=-11.95 p50=-12.00 p05=-12.00 p95=-12.00
  [diag] sat-dist hist bins=60 sat<0.05=0.0% mean=0.976 p10=0.975 p90=0.977
Iter 0001900: train nll 1.387, valid error 074.500%, best valid error 073.550%, avg grad norm   0.238, avg grad norm (post clip)   0.250, rho_Whh  0.96, Omega  0.00, alpha  0.000, steps in the past 0.000, valid nll 1.386
  [diag] log10|dL/dh_t| hist bins=60 range=(-12.00,-2.22) mean=-11.95 p50=-12.00 p05=-12.00 p95=-12.00
  [diag] sat-dist hist bins=60 sat<0.05=0.0% mean=0.976 p10=0.975 p90=0.977
Iter 0001920: train nll 1.385, valid error 074.500%, best valid error 073.550%, avg grad norm   0.221, avg grad norm (post clip)   0.233, rho_Whh  0.96, Omega  0.00, alpha  0.000, steps in the past 0.000, valid nll 1.386
  [diag] log10|dL/dh_t| hist bins=60 range=(-12.00,-2.22) mean=-11.95 p50=-12.00 p05=-12.00 p95=-12.00
  [diag] sat-dist hist bins=60 sat<0.05=0.0% mean=0.976 p10=0.975 p90=0.977
Iter 0001940: train nll 1.386, valid error 074.500%, best valid error 073.550%, avg grad norm   0.224, avg grad norm (post clip)   0.236, rho_Whh  0.96, Omega  0.00, alpha  0.000, steps in the past 0.000, valid nll 1.386
  [diag] log10|dL/dh_t| hist bins=60 range=(-12.00,-2.22) mean=-11.95 p50=-12.00 p05=-12.00 p95=-12.00
  [diag] sat-dist hist bins=60 sat<0.05=0.0% mean=0.976 p10=0.975 p90=0.977
Iter 0001960: train nll 1.386, valid error 074.500%, best valid error 073.550%, avg grad norm   0.232, avg grad norm (post clip)   0.244, rho_Whh  0.96, Omega  0.00, alpha  0.000, steps in the past 0.000, valid nll 1.386
  [diag] log10|dL/dh_t| hist bins=60 range=(-12.00,-2.22) mean=-11.95 p50=-12.00 p05=-12.00 p95=-12.00
  [diag] sat-dist hist bins=60 sat<0.05=0.0% mean=0.976 p10=0.975 p90=0.977
Iter 0001980: train nll 1.385, valid error 074.500%, best valid error 073.550%, avg grad norm   0.247, avg grad norm (post clip)   0.259, rho_Whh  0.96, Omega  0.00, alpha  0.000, steps in the past 0.000, valid nll 1.386
  [diag] log10|dL/dh_t| hist bins=60 range=(-12.00,-2.22) mean=-11.95 p50=-12.00 p05=-12.00 p95=-12.00
  [diag] sat-dist hist bins=60 sat<0.05=0.0% mean=0.977 p10=0.976 p90=0.977
Iter 0002000: train nll 1.387, valid error 074.500%, best valid error 073.550%, avg grad norm   0.226, avg grad norm (post clip)   0.239, rho_Whh  0.96, Omega  0.00, alpha  0.000, steps in the past 0.000, valid nll 1.386
  [diag] log10|dL/dh_t| hist bins=60 range=(-12.00,-2.22) mean=-11.95 p50=-12.00 p05=-12.00 p95=-12.00
  [diag] sat-dist hist bins=60 sat<0.05=0.0% mean=0.976 p10=0.976 p90=0.977
Iter 0002020: train nll 1.386, valid error 074.500%, best valid error 073.550%, avg grad norm   0.224, avg grad norm (post clip)   0.236, rho_Whh  0.96, Omega  0.00, alpha  0.000, steps in the past 0.000, valid nll 1.386
  [diag] log10|dL/dh_t| hist bins=60 range=(-12.00,-2.22) mean=-11.95 p50=-12.00 p05=-12.00 p95=-12.00
  [diag] sat-dist hist bins=60 sat<0.05=0.0% mean=0.977 p10=0.976 p90=0.977
Iter 0002040: train nll 1.388, valid error 074.500%, best valid error 073.550%, avg grad norm   0.231, avg grad norm (post clip)   0.243, rho_Whh  0.96, Omega  0.00, alpha  0.000, steps in the past 0.000, valid nll 1.386
  [diag] log10|dL/dh_t| hist bins=60 range=(-12.00,-2.22) mean=-11.95 p50=-12.00 p05=-12.00 p95=-12.00
  [diag] sat-dist hist bins=60 sat<0.05=0.0% mean=0.977 p10=0.976 p90=0.977
Iter 0002060: train nll 1.386, valid error 074.500%, best valid error 073.550%, avg grad norm   0.234, avg grad norm (post clip)   0.246, rho_Whh  0.96, Omega  0.00, alpha  0.000, steps in the past 0.000, valid nll 1.387
  [diag] log10|dL/dh_t| hist bins=60 range=(-12.00,-2.22) mean=-11.95 p50=-12.00 p05=-12.00 p95=-12.00
  [diag] sat-dist hist bins=60 sat<0.05=0.0% mean=0.976 p10=0.975 p90=0.977
Iter 0002080: train nll 1.386, valid error 074.500%, best valid error 073.550%, avg grad norm   0.224, avg grad norm (post clip)   0.236, rho_Whh  0.96, Omega  0.00, alpha  0.000, steps in the past 0.000, valid nll 1.386
  [diag] log10|dL/dh_t| hist bins=60 range=(-12.00,-2.22) mean=-11.95 p50=-12.00 p05=-12.00 p95=-12.00
  [diag] sat-dist hist bins=60 sat<0.05=0.0% mean=0.975 p10=0.974 p90=0.976
Iter 0002100: train nll 1.385, valid error 074.500%, best valid error 073.550%, avg grad norm   0.251, avg grad norm (post clip)   0.263, rho_Whh  0.96, Omega  0.00, alpha  0.000, steps in the past 0.000, valid nll 1.387
  [diag] log10|dL/dh_t| hist bins=60 range=(-12.00,-2.22) mean=-11.95 p50=-12.00 p05=-12.00 p95=-12.00
  [diag] sat-dist hist bins=60 sat<0.05=0.0% mean=0.975 p10=0.974 p90=0.975
Iter 0002120: train nll 1.385, valid error 074.500%, best valid error 073.550%, avg grad norm   0.255, avg grad norm (post clip)   0.268, rho_Whh  0.96, Omega  0.00, alpha  0.000, steps in the past 0.000, valid nll 1.386
  [diag] log10|dL/dh_t| hist bins=60 range=(-12.00,-2.22) mean=-11.95 p50=-12.00 p05=-12.00 p95=-12.00
  [diag] sat-dist hist bins=60 sat<0.05=0.0% mean=0.975 p10=0.974 p90=0.975
Iter 0002140: train nll 1.386, valid error 074.500%, best valid error 073.550%, avg grad norm   0.237, avg grad norm (post clip)   0.250, rho_Whh  0.96, Omega  0.00, alpha  0.000, steps in the past 0.000, valid nll 1.386
  [diag] log10|dL/dh_t| hist bins=60 range=(-12.00,-2.22) mean=-11.95 p50=-12.00 p05=-12.00 p95=-12.00
  [diag] sat-dist hist bins=60 sat<0.05=0.0% mean=0.977 p10=0.976 p90=0.977
Iter 0002160: train nll 1.390, valid error 074.500%, best valid error 073.550%, avg grad norm   0.259, avg grad norm (post clip)   0.272, rho_Whh  0.96, Omega  0.00, alpha  0.000, steps in the past 0.000, valid nll 1.386
  [diag] log10|dL/dh_t| hist bins=60 range=(-12.00,-2.22) mean=-11.95 p50=-12.00 p05=-12.00 p95=-12.00
  [diag] sat-dist hist bins=60 sat<0.05=0.0% mean=0.976 p10=0.975 p90=0.977
Iter 0002180: train nll 1.385, valid error 074.500%, best valid error 073.550%, avg grad norm   0.233, avg grad norm (post clip)   0.247, rho_Whh  0.96, Omega  0.00, alpha  0.000, steps in the past 0.000, valid nll 1.386
  [diag] log10|dL/dh_t| hist bins=60 range=(-12.00,-2.22) mean=-11.95 p50=-12.00 p05=-12.00 p95=-12.00
  [diag] sat-dist hist bins=60 sat<0.05=0.0% mean=0.976 p10=0.975 p90=0.976
Iter 0002200: train nll 1.386, valid error 074.500%, best valid error 073.550%, avg grad norm   0.235, avg grad norm (post clip)   0.247, rho_Whh  0.96, Omega  0.00, alpha  0.000, steps in the past 0.000, valid nll 1.387
  [diag] log10|dL/dh_t| hist bins=60 range=(-12.00,-2.22) mean=-11.95 p50=-12.00 p05=-12.00 p95=-12.00
  [diag] sat-dist hist bins=60 sat<0.05=0.0% mean=0.976 p10=0.975 p90=0.976
Iter 0002220: train nll 1.387, valid error 074.500%, best valid error 073.550%, avg grad norm   0.229, avg grad norm (post clip)   0.242, rho_Whh  0.96, Omega  0.00, alpha  0.000, steps in the past 0.000, valid nll 1.386
  [diag] log10|dL/dh_t| hist bins=60 range=(-12.00,-2.22) mean=-11.95 p50=-12.00 p05=-12.00 p95=-12.00
  [diag] sat-dist hist bins=60 sat<0.05=0.0% mean=0.976 p10=0.975 p90=0.977
Iter 0002240: train nll 1.387, valid error 074.450%, best valid error 073.550%, avg grad norm   0.238, avg grad norm (post clip)   0.250, rho_Whh  0.97, Omega  0.00, alpha  0.000, steps in the past 0.000, valid nll 1.387
  [diag] log10|dL/dh_t| hist bins=60 range=(-12.00,-2.22) mean=-11.95 p50=-12.00 p05=-12.00 p95=-12.00
  [diag] sat-dist hist bins=60 sat<0.05=0.0% mean=0.977 p10=0.976 p90=0.977
Iter 0002260: train nll 1.387, valid error 074.500%, best valid error 073.550%, avg grad norm   0.237, avg grad norm (post clip)   0.249, rho_Whh  0.97, Omega  0.00, alpha  0.000, steps in the past 0.000, valid nll 1.387
  [diag] log10|dL/dh_t| hist bins=60 range=(-12.00,-2.22) mean=-11.95 p50=-12.00 p05=-12.00 p95=-12.00
  [diag] sat-dist hist bins=60 sat<0.05=0.0% mean=0.976 p10=0.975 p90=0.977
Iter 0002280: train nll 1.386, valid error 074.400%, best valid error 073.550%, avg grad norm   0.225, avg grad norm (post clip)   0.237, rho_Whh  0.97, Omega  0.00, alpha  0.000, steps in the past 0.000, valid nll 1.387
  [diag] log10|dL/dh_t| hist bins=60 range=(-12.00,-2.22) mean=-11.95 p50=-12.00 p05=-12.00 p95=-12.00
  [diag] sat-dist hist bins=60 sat<0.05=0.0% mean=0.976 p10=0.975 p90=0.977
Iter 0002300: train nll 1.386, valid error 074.450%, best valid error 073.550%, avg grad norm   0.263, avg grad norm (post clip)   0.275, rho_Whh  0.97, Omega  0.00, alpha  0.000, steps in the past 0.000, valid nll 1.387
  [diag] log10|dL/dh_t| hist bins=60 range=(-12.00,-2.22) mean=-11.95 p50=-12.00 p05=-12.00 p95=-12.00
  [diag] sat-dist hist bins=60 sat<0.05=0.0% mean=0.977 p10=0.976 p90=0.978
Iter 0002320: train nll 1.388, valid error 074.450%, best valid error 073.550%, avg grad norm   0.246, avg grad norm (post clip)   0.259, rho_Whh  0.97, Omega  0.00, alpha  0.000, steps in the past 0.000, valid nll 1.387
  [diag] log10|dL/dh_t| hist bins=60 range=(-12.00,-2.22) mean=-11.95 p50=-12.00 p05=-12.00 p95=-12.00
  [diag] sat-dist hist bins=60 sat<0.05=0.0% mean=0.978 p10=0.977 p90=0.978
Iter 0002340: train nll 1.387, valid error 074.500%, best valid error 073.550%, avg grad norm   0.225, avg grad norm (post clip)   0.238, rho_Whh  0.97, Omega  0.00, alpha  0.000, steps in the past 0.000, valid nll 1.386
  [diag] log10|dL/dh_t| hist bins=60 range=(-12.00,-2.22) mean=-11.95 p50=-12.00 p05=-12.00 p95=-12.00
  [diag] sat-dist hist bins=60 sat<0.05=0.0% mean=0.978 p10=0.977 p90=0.979
Iter 0002360: train nll 1.386, valid error 074.850%, best valid error 073.550%, avg grad norm   0.226, avg grad norm (post clip)   0.238, rho_Whh  0.97, Omega  0.00, alpha  0.000, steps in the past 0.000, valid nll 1.387
  [diag] log10|dL/dh_t| hist bins=60 range=(-12.00,-2.22) mean=-11.95 p50=-12.00 p05=-12.00 p95=-12.00
  [diag] sat-dist hist bins=60 sat<0.05=0.0% mean=0.978 p10=0.977 p90=0.978
Iter 0002380: train nll 1.386, valid error 074.950%, best valid error 073.550%, avg grad norm   0.233, avg grad norm (post clip)   0.245, rho_Whh  0.97, Omega  0.00, alpha  0.000, steps in the past 0.000, valid nll 1.387
  [diag] log10|dL/dh_t| hist bins=60 range=(-12.00,-2.22) mean=-11.95 p50=-12.00 p05=-12.00 p95=-12.00
  [diag] sat-dist hist bins=60 sat<0.05=0.0% mean=0.978 p10=0.977 p90=0.978
Iter 0002400: train nll 1.387, valid error 075.050%, best valid error 073.550%, avg grad norm   0.228, avg grad norm (post clip)   0.240, rho_Whh  0.97, Omega  0.00, alpha  0.000, steps in the past 0.000, valid nll 1.387
  [diag] log10|dL/dh_t| hist bins=60 range=(-12.00,-2.22) mean=-11.95 p50=-12.00 p05=-12.00 p95=-12.00
  [diag] sat-dist hist bins=60 sat<0.05=0.0% mean=0.978 p10=0.977 p90=0.978
Iter 0002420: train nll 1.386, valid error 075.000%, best valid error 073.550%, avg grad norm   0.220, avg grad norm (post clip)   0.232, rho_Whh  0.97, Omega  0.00, alpha  0.000, steps in the past 0.000, valid nll 1.387
  [diag] log10|dL/dh_t| hist bins=60 range=(-12.00,-2.22) mean=-11.95 p50=-12.00 p05=-12.00 p95=-12.00
  [diag] sat-dist hist bins=60 sat<0.05=0.0% mean=0.978 p10=0.977 p90=0.978
Iter 0002440: train nll 1.387, valid error 074.750%, best valid error 073.550%, avg grad norm   0.226, avg grad norm (post clip)   0.237, rho_Whh  0.97, Omega  0.00, alpha  0.000, steps in the past 0.000, valid nll 1.387
  [diag] log10|dL/dh_t| hist bins=60 range=(-12.00,-2.22) mean=-11.95 p50=-12.00 p05=-12.00 p95=-12.00
  [diag] sat-dist hist bins=60 sat<0.05=0.0% mean=0.978 p10=0.977 p90=0.978
Iter 0002460: train nll 1.387, valid error 074.600%, best valid error 073.550%, avg grad norm   0.245, avg grad norm (post clip)   0.257, rho_Whh  0.97, Omega  0.00, alpha  0.000, steps in the past 0.000, valid nll 1.387
  [diag] log10|dL/dh_t| hist bins=60 range=(-12.00,-2.22) mean=-11.95 p50=-12.00 p05=-12.00 p95=-12.00
  [diag] sat-dist hist bins=60 sat<0.05=0.0% mean=0.978 p10=0.977 p90=0.978
Iter 0002480: train nll 1.386, valid error 074.500%, best valid error 073.550%, avg grad norm   0.236, avg grad norm (post clip)   0.249, rho_Whh  0.97, Omega  0.00, alpha  0.000, steps in the past 0.000, valid nll 1.386
  [diag] log10|dL/dh_t| hist bins=60 range=(-12.00,-2.22) mean=-11.95 p50=-12.00 p05=-12.00 p95=-12.00
  [diag] sat-dist hist bins=60 sat<0.05=0.0% mean=0.977 p10=0.976 p90=0.978
Iter 0002500: train nll 1.387, valid error 074.500%, best valid error 073.550%, avg grad norm   0.244, avg grad norm (post clip)   0.257, rho_Whh  0.97, Omega  0.00, alpha  0.000, steps in the past 0.000, valid nll 1.386
  [diag] log10|dL/dh_t| hist bins=60 range=(-12.00,-2.22) mean=-11.95 p50=-12.00 p05=-12.00 p95=-12.00
  [diag] sat-dist hist bins=60 sat<0.05=0.0% mean=0.977 p10=0.976 p90=0.977
Iter 0002520: train nll 1.385, valid error 074.500%, best valid error 073.550%, avg grad norm   0.220, avg grad norm (post clip)   0.233, rho_Whh  0.97, Omega  0.00, alpha  0.000, steps in the past 0.000, valid nll 1.386
  [diag] log10|dL/dh_t| hist bins=60 range=(-12.00,-2.22) mean=-11.95 p50=-12.00 p05=-12.00 p95=-12.00
  [diag] sat-dist hist bins=60 sat<0.05=0.0% mean=0.977 p10=0.976 p90=0.977
Iter 0002540: train nll 1.386, valid error 074.500%, best valid error 073.550%, avg grad norm   0.221, avg grad norm (post clip)   0.233, rho_Whh  0.97, Omega  0.00, alpha  0.000, steps in the past 0.000, valid nll 1.386
  [diag] log10|dL/dh_t| hist bins=60 range=(-12.00,-2.22) mean=-11.95 p50=-12.00 p05=-12.00 p95=-12.00
  [diag] sat-dist hist bins=60 sat<0.05=0.0% mean=0.977 p10=0.976 p90=0.977
Iter 0002560: train nll 1.387, valid error 074.500%, best valid error 073.550%, avg grad norm   0.255, avg grad norm (post clip)   0.267, rho_Whh  0.97, Omega  0.00, alpha  0.000, steps in the past 0.000, valid nll 1.386
  [diag] log10|dL/dh_t| hist bins=60 range=(-12.00,-2.22) mean=-11.95 p50=-12.00 p05=-12.00 p95=-12.00
  [diag] sat-dist hist bins=60 sat<0.05=0.0% mean=0.977 p10=0.976 p90=0.977
Iter 0002580: train nll 1.386, valid error 074.500%, best valid error 073.550%, avg grad norm   0.239, avg grad norm (post clip)   0.253, rho_Whh  0.97, Omega  0.00, alpha  0.000, steps in the past 0.000, valid nll 1.386
  [diag] log10|dL/dh_t| hist bins=60 range=(-12.00,-2.22) mean=-11.95 p50=-12.00 p05=-12.00 p95=-12.00
  [diag] sat-dist hist bins=60 sat<0.05=0.0% mean=0.977 p10=0.976 p90=0.978
Iter 0002600: train nll 1.386, valid error 074.500%, best valid error 073.550%, avg grad norm   0.235, avg grad norm (post clip)   0.248, rho_Whh  0.97, Omega  0.00, alpha  0.000, steps in the past 0.000, valid nll 1.386
  [diag] log10|dL/dh_t| hist bins=60 range=(-12.00,-2.22) mean=-11.95 p50=-12.00 p05=-12.00 p95=-12.00
  [diag] sat-dist hist bins=60 sat<0.05=0.0% mean=0.977 p10=0.976 p90=0.978
Iter 0002620: train nll 1.388, valid error 074.550%, best valid error 073.550%, avg grad norm   0.215, avg grad norm (post clip)   0.227, rho_Whh  0.97, Omega  0.00, alpha  0.000, steps in the past 0.000, valid nll 1.386
  [diag] log10|dL/dh_t| hist bins=60 range=(-12.00,-2.22) mean=-11.95 p50=-12.00 p05=-12.00 p95=-12.00
  [diag] sat-dist hist bins=60 sat<0.05=0.0% mean=0.977 p10=0.976 p90=0.978
Iter 0002640: train nll 1.387, valid error 075.100%, best valid error 073.550%, avg grad norm   0.219, avg grad norm (post clip)   0.230, rho_Whh  0.97, Omega  0.00, alpha  0.000, steps in the past 0.000, valid nll 1.386
  [diag] log10|dL/dh_t| hist bins=60 range=(-12.00,-2.22) mean=-11.95 p50=-12.00 p05=-12.00 p95=-12.00
  [diag] sat-dist hist bins=60 sat<0.05=0.0% mean=0.977 p10=0.976 p90=0.978
Iter 0002660: train nll 1.386, valid error 073.450%, best valid error 073.550%, avg grad norm   0.222, avg grad norm (post clip)   0.234, rho_Whh  0.97, Omega  0.00, alpha  0.000, steps in the past 0.000, valid nll 1.386
  [diag] log10|dL/dh_t| hist bins=60 range=(-12.00,-2.22) mean=-11.95 p50=-12.00 p05=-12.00 p95=-12.00
  [diag] sat-dist hist bins=60 sat<0.05=0.0% mean=0.977 p10=0.976 p90=0.978
Iter 0002680: train nll 1.386, valid error 075.150%, best valid error 073.450%, avg grad norm   0.223, avg grad norm (post clip)   0.235, rho_Whh  0.97, Omega  0.00, alpha  0.000, steps in the past 0.000, valid nll 1.386
  [diag] log10|dL/dh_t| hist bins=60 range=(-12.00,-2.22) mean=-11.95 p50=-12.00 p05=-12.00 p95=-12.00
  [diag] sat-dist hist bins=60 sat<0.05=0.0% mean=0.977 p10=0.976 p90=0.978
Iter 0002700: train nll 1.386, valid error 075.300%, best valid error 073.450%, avg grad norm   0.232, avg grad norm (post clip)   0.244, rho_Whh  0.97, Omega  0.00, alpha  0.000, steps in the past 0.000, valid nll 1.386
  [diag] log10|dL/dh_t| hist bins=60 range=(-12.00,-2.22) mean=-11.95 p50=-12.00 p05=-12.00 p95=-12.00
  [diag] sat-dist hist bins=60 sat<0.05=0.0% mean=0.977 p10=0.976 p90=0.978
Iter 0002720: train nll 1.386, valid error 073.800%, best valid error 073.450%, avg grad norm   0.224, avg grad norm (post clip)   0.237, rho_Whh  0.97, Omega  0.00, alpha  0.000, steps in the past 0.000, valid nll 1.386
  [diag] log10|dL/dh_t| hist bins=60 range=(-12.00,-2.22) mean=-11.95 p50=-12.00 p05=-12.00 p95=-12.00
  [diag] sat-dist hist bins=60 sat<0.05=0.0% mean=0.977 p10=0.976 p90=0.977
Iter 0002740: train nll 1.385, valid error 074.800%, best valid error 073.450%, avg grad norm   0.219, avg grad norm (post clip)   0.231, rho_Whh  0.97, Omega  0.00, alpha  0.000, steps in the past 0.000, valid nll 1.386
  [diag] log10|dL/dh_t| hist bins=60 range=(-12.00,-2.22) mean=-11.95 p50=-12.00 p05=-12.00 p95=-12.00
  [diag] sat-dist hist bins=60 sat<0.05=0.0% mean=0.977 p10=0.976 p90=0.978
Iter 0002760: train nll 1.387, valid error 075.200%, best valid error 073.450%, avg grad norm   0.236, avg grad norm (post clip)   0.248, rho_Whh  0.97, Omega  0.00, alpha  0.000, steps in the past 0.000, valid nll 1.386
  [diag] log10|dL/dh_t| hist bins=60 range=(-12.00,-2.22) mean=-11.95 p50=-12.00 p05=-12.00 p95=-12.00
  [diag] sat-dist hist bins=60 sat<0.05=0.0% mean=0.977 p10=0.976 p90=0.977
Iter 0002780: train nll 1.385, valid error 073.900%, best valid error 073.450%, avg grad norm   0.213, avg grad norm (post clip)   0.226, rho_Whh  0.97, Omega  0.00, alpha  0.000, steps in the past 0.000, valid nll 1.386
  [diag] log10|dL/dh_t| hist bins=60 range=(-12.00,-2.22) mean=-11.95 p50=-12.00 p05=-12.00 p95=-12.00
  [diag] sat-dist hist bins=60 sat<0.05=0.0% mean=0.976 p10=0.975 p90=0.977
Iter 0002800: train nll 1.385, valid error 074.700%, best valid error 073.450%, avg grad norm   0.217, avg grad norm (post clip)   0.228, rho_Whh  0.97, Omega  0.00, alpha  0.000, steps in the past 0.000, valid nll 1.386
  [diag] log10|dL/dh_t| hist bins=60 range=(-12.00,-2.22) mean=-11.95 p50=-12.00 p05=-12.00 p95=-12.00
  [diag] sat-dist hist bins=60 sat<0.05=0.0% mean=0.976 p10=0.975 p90=0.977
Iter 0002820: train nll 1.386, valid error 074.300%, best valid error 073.450%, avg grad norm   0.247, avg grad norm (post clip)   0.259, rho_Whh  0.97, Omega  0.00, alpha  0.000, steps in the past 0.000, valid nll 1.386
  [diag] log10|dL/dh_t| hist bins=60 range=(-12.00,-2.22) mean=-11.95 p50=-12.00 p05=-12.00 p95=-12.00
  [diag] sat-dist hist bins=60 sat<0.05=0.0% mean=0.976 p10=0.975 p90=0.977
Iter 0002840: train nll 1.387, valid error 074.300%, best valid error 073.450%, avg grad norm   0.231, avg grad norm (post clip)   0.244, rho_Whh  0.97, Omega  0.00, alpha  0.000, steps in the past 0.000, valid nll 1.386
  [diag] log10|dL/dh_t| hist bins=60 range=(-12.00,-2.22) mean=-11.95 p50=-12.00 p05=-12.00 p95=-12.00
  [diag] sat-dist hist bins=60 sat<0.05=0.0% mean=0.976 p10=0.975 p90=0.977
Iter 0002860: train nll 1.386, valid error 074.300%, best valid error 073.450%, avg grad norm   0.232, avg grad norm (post clip)   0.244, rho_Whh  0.97, Omega  0.00, alpha  0.000, steps in the past 0.000, valid nll 1.386
  [diag] log10|dL/dh_t| hist bins=60 range=(-12.00,-2.22) mean=-11.95 p50=-12.00 p05=-12.00 p95=-12.00
  [diag] sat-dist hist bins=60 sat<0.05=0.0% mean=0.976 p10=0.975 p90=0.977
Iter 0002880: train nll 1.387, valid error 074.300%, best valid error 073.450%, avg grad norm   0.213, avg grad norm (post clip)   0.226, rho_Whh  0.97, Omega  0.00, alpha  0.000, steps in the past 0.000, valid nll 1.386
  [diag] log10|dL/dh_t| hist bins=60 range=(-12.00,-2.22) mean=-11.95 p50=-12.00 p05=-12.00 p95=-12.00
  [diag] sat-dist hist bins=60 sat<0.05=0.0% mean=0.977 p10=0.976 p90=0.977
Iter 0002900: train nll 1.386, valid error 074.850%, best valid error 073.450%, avg grad norm   0.212, avg grad norm (post clip)   0.223, rho_Whh  0.97, Omega  0.00, alpha  0.000, steps in the past 0.000, valid nll 1.386
  [diag] log10|dL/dh_t| hist bins=60 range=(-12.00,-2.22) mean=-11.95 p50=-12.00 p05=-12.00 p95=-12.00
  [diag] sat-dist hist bins=60 sat<0.05=0.0% mean=0.977 p10=0.976 p90=0.977
Iter 0002920: train nll 1.386, valid error 074.450%, best valid error 073.450%, avg grad norm   0.236, avg grad norm (post clip)   0.247, rho_Whh  0.97, Omega  0.00, alpha  0.000, steps in the past 0.000, valid nll 1.386
  [diag] log10|dL/dh_t| hist bins=60 range=(-12.00,-2.22) mean=-11.95 p50=-12.00 p05=-12.00 p95=-12.00
  [diag] sat-dist hist bins=60 sat<0.05=0.0% mean=0.977 p10=0.976 p90=0.978
Iter 0002940: train nll 1.388, valid error 073.850%, best valid error 073.450%, avg grad norm   0.226, avg grad norm (post clip)   0.239, rho_Whh  0.97, Omega  0.00, alpha  0.000, steps in the past 0.000, valid nll 1.386
  [diag] log10|dL/dh_t| hist bins=60 range=(-12.00,-2.22) mean=-11.95 p50=-12.00 p05=-12.00 p95=-12.00
  [diag] sat-dist hist bins=60 sat<0.05=0.0% mean=0.977 p10=0.976 p90=0.978
Iter 0002960: train nll 1.387, valid error 074.000%, best valid error 073.450%, avg grad norm   0.235, avg grad norm (post clip)   0.246, rho_Whh  0.97, Omega  0.00, alpha  0.000, steps in the past 0.000, valid nll 1.386
  [diag] log10|dL/dh_t| hist bins=60 range=(-12.00,-2.22) mean=-11.95 p50=-12.00 p05=-12.00 p95=-12.00
  [diag] sat-dist hist bins=60 sat<0.05=0.0% mean=0.977 p10=0.976 p90=0.978
Iter 0002980: train nll 1.387, valid error 075.050%, best valid error 073.450%, avg grad norm   0.243, avg grad norm (post clip)   0.256, rho_Whh  0.97, Omega  0.00, alpha  0.000, steps in the past 0.000, valid nll 1.386
  [diag] log10|dL/dh_t| hist bins=60 range=(-12.00,-2.22) mean=-11.95 p50=-12.00 p05=-12.00 p95=-12.00
  [diag] sat-dist hist bins=60 sat<0.05=0.0% mean=0.977 p10=0.976 p90=0.978
Iter 0003000: train nll 1.387, valid error 073.700%, best valid error 073.450%, avg grad norm   0.247, avg grad norm (post clip)   0.259, rho_Whh  0.97, Omega  0.00, alpha  0.000, steps in the past 0.000, valid nll 1.386
  [diag] log10|dL/dh_t| hist bins=60 range=(-12.00,-2.22) mean=-11.95 p50=-12.00 p05=-12.00 p95=-12.00
  [diag] sat-dist hist bins=60 sat<0.05=0.0% mean=0.977 p10=0.976 p90=0.978
Iter 0003020: train nll 1.386, valid error 074.150%, best valid error 073.450%, avg grad norm   0.235, avg grad norm (post clip)   0.248, rho_Whh  0.97, Omega  0.00, alpha  0.000, steps in the past 0.000, valid nll 1.386
  [diag] log10|dL/dh_t| hist bins=60 range=(-12.00,-2.22) mean=-11.95 p50=-12.00 p05=-12.00 p95=-12.00
  [diag] sat-dist hist bins=60 sat<0.05=0.0% mean=0.977 p10=0.976 p90=0.978
Iter 0003040: train nll 1.386, valid error 074.900%, best valid error 073.450%, avg grad norm   0.218, avg grad norm (post clip)   0.231, rho_Whh  0.97, Omega  0.00, alpha  0.000, steps in the past 0.000, valid nll 1.386
  [diag] log10|dL/dh_t| hist bins=60 range=(-12.00,-2.22) mean=-11.95 p50=-12.00 p05=-12.00 p95=-12.00
  [diag] sat-dist hist bins=60 sat<0.05=0.0% mean=0.977 p10=0.976 p90=0.978
Iter 0003060: train nll 1.386, valid error 075.300%, best valid error 073.450%, avg grad norm   0.230, avg grad norm (post clip)   0.242, rho_Whh  0.97, Omega  0.00, alpha  0.000, steps in the past 0.000, valid nll 1.386
  [diag] log10|dL/dh_t| hist bins=60 range=(-12.00,-2.22) mean=-11.95 p50=-12.00 p05=-12.00 p95=-12.00
  [diag] sat-dist hist bins=60 sat<0.05=0.0% mean=0.977 p10=0.976 p90=0.977
Iter 0003080: train nll 1.386, valid error 074.350%, best valid error 073.450%, avg grad norm   0.261, avg grad norm (post clip)   0.273, rho_Whh  0.97, Omega  0.00, alpha  0.000, steps in the past 0.000, valid nll 1.386
  [diag] log10|dL/dh_t| hist bins=60 range=(-12.00,-2.22) mean=-11.95 p50=-12.00 p05=-12.00 p95=-12.00
  [diag] sat-dist hist bins=60 sat<0.05=0.0% mean=0.977 p10=0.976 p90=0.977
Iter 0003100: train nll 1.387, valid error 074.250%, best valid error 073.450%, avg grad norm   0.250, avg grad norm (post clip)   0.264, rho_Whh  0.97, Omega  0.00, alpha  0.000, steps in the past 0.000, valid nll 1.386
  [diag] log10|dL/dh_t| hist bins=60 range=(-12.00,-2.22) mean=-11.95 p50=-12.00 p05=-12.00 p95=-12.00
  [diag] sat-dist hist bins=60 sat<0.05=0.0% mean=0.976 p10=0.975 p90=0.977
Iter 0003120: train nll 1.386, valid error 074.550%, best valid error 073.450%, avg grad norm   0.227, avg grad norm (post clip)   0.240, rho_Whh  0.98, Omega  0.00, alpha  0.000, steps in the past 0.000, valid nll 1.386
  [diag] log10|dL/dh_t| hist bins=60 range=(-12.00,-2.22) mean=-11.95 p50=-12.00 p05=-12.00 p95=-12.00
  [diag] sat-dist hist bins=60 sat<0.05=0.0% mean=0.976 p10=0.975 p90=0.977
Iter 0003140: train nll 1.386, valid error 074.800%, best valid error 073.450%, avg grad norm   0.256, avg grad norm (post clip)   0.268, rho_Whh  0.98, Omega  0.00, alpha  0.000, steps in the past 0.000, valid nll 1.387
  [diag] log10|dL/dh_t| hist bins=60 range=(-12.00,-2.22) mean=-11.95 p50=-12.00 p05=-12.00 p95=-12.00
  [diag] sat-dist hist bins=60 sat<0.05=0.0% mean=0.976 p10=0.975 p90=0.977
Iter 0003160: train nll 1.387, valid error 075.050%, best valid error 073.450%, avg grad norm   0.262, avg grad norm (post clip)   0.276, rho_Whh  0.98, Omega  0.00, alpha  0.000, steps in the past 0.000, valid nll 1.387
  [diag] log10|dL/dh_t| hist bins=60 range=(-12.00,-2.22) mean=-11.95 p50=-12.00 p05=-12.00 p95=-12.00
  [diag] sat-dist hist bins=60 sat<0.05=0.0% mean=0.976 p10=0.975 p90=0.977
Iter 0003180: train nll 1.386, valid error 074.450%, best valid error 073.450%, avg grad norm   0.239, avg grad norm (post clip)   0.252, rho_Whh  0.98, Omega  0.00, alpha  0.000, steps in the past 0.000, valid nll 1.386
  [diag] log10|dL/dh_t| hist bins=60 range=(-12.00,-2.22) mean=-11.95 p50=-12.00 p05=-12.00 p95=-12.00
  [diag] sat-dist hist bins=60 sat<0.05=0.0% mean=0.976 p10=0.975 p90=0.977
Iter 0003200: train nll 1.387, valid error 074.750%, best valid error 073.450%, avg grad norm   0.257, avg grad norm (post clip)   0.269, rho_Whh  0.98, Omega  0.00, alpha  0.000, steps in the past 0.000, valid nll 1.386
  [diag] log10|dL/dh_t| hist bins=60 range=(-12.00,-2.22) mean=-11.95 p50=-12.00 p05=-12.00 p95=-12.00
  [diag] sat-dist hist bins=60 sat<0.05=0.0% mean=0.976 p10=0.975 p90=0.977
Iter 0003220: train nll 1.386, valid error 074.700%, best valid error 073.450%, avg grad norm   0.280, avg grad norm (post clip)   0.293, rho_Whh  0.98, Omega  0.00, alpha  0.000, steps in the past 0.000, valid nll 1.386
  [diag] log10|dL/dh_t| hist bins=60 range=(-12.00,-2.22) mean=-11.95 p50=-12.00 p05=-12.00 p95=-12.00
  [diag] sat-dist hist bins=60 sat<0.05=0.0% mean=0.976 p10=0.974 p90=0.977
Iter 0003240: train nll 1.386, valid error 074.550%, best valid error 073.450%, avg grad norm   0.233, avg grad norm (post clip)   0.248, rho_Whh  0.98, Omega  0.00, alpha  0.000, steps in the past 0.000, valid nll 1.386
  [diag] log10|dL/dh_t| hist bins=60 range=(-12.00,-2.22) mean=-11.95 p50=-12.00 p05=-12.00 p95=-12.00
  [diag] sat-dist hist bins=60 sat<0.05=0.0% mean=0.976 p10=0.975 p90=0.977
Iter 0003260: train nll 1.386, valid error 074.500%, best valid error 073.450%, avg grad norm   0.219, avg grad norm (post clip)   0.231, rho_Whh  0.98, Omega  0.00, alpha  0.000, steps in the past 0.000, valid nll 1.387
  [diag] log10|dL/dh_t| hist bins=60 range=(-12.00,-2.22) mean=-11.95 p50=-12.00 p05=-12.00 p95=-12.00
  [diag] sat-dist hist bins=60 sat<0.05=0.0% mean=0.976 p10=0.975 p90=0.977
Iter 0003280: train nll 1.385, valid error 074.500%, best valid error 073.450%, avg grad norm   0.254, avg grad norm (post clip)   0.266, rho_Whh  0.98, Omega  0.00, alpha  0.000, steps in the past 0.000, valid nll 1.387
  [diag] log10|dL/dh_t| hist bins=60 range=(-12.00,-2.22) mean=-11.95 p50=-12.00 p05=-12.00 p95=-12.00
  [diag] sat-dist hist bins=60 sat<0.05=0.0% mean=0.976 p10=0.975 p90=0.977
Iter 0003300: train nll 1.387, valid error 074.500%, best valid error 073.450%, avg grad norm   0.229, avg grad norm (post clip)   0.242, rho_Whh  0.98, Omega  0.00, alpha  0.000, steps in the past 0.000, valid nll 1.387
  [diag] log10|dL/dh_t| hist bins=60 range=(-12.00,-2.22) mean=-11.95 p50=-12.00 p05=-12.00 p95=-12.00
  [diag] sat-dist hist bins=60 sat<0.05=0.0% mean=0.976 p10=0.974 p90=0.976
Iter 0003320: train nll 1.386, valid error 074.500%, best valid error 073.450%, avg grad norm   0.254, avg grad norm (post clip)   0.267, rho_Whh  0.98, Omega  0.00, alpha  0.000, steps in the past 0.000, valid nll 1.387
  [diag] log10|dL/dh_t| hist bins=60 range=(-12.00,-2.22) mean=-11.95 p50=-12.00 p05=-12.00 p95=-12.00
  [diag] sat-dist hist bins=60 sat<0.05=0.0% mean=0.976 p10=0.975 p90=0.977
Iter 0003340: train nll 1.388, valid error 074.700%, best valid error 073.450%, avg grad norm   0.250, avg grad norm (post clip)   0.263, rho_Whh  0.98, Omega  0.00, alpha  0.000, steps in the past 0.000, valid nll 1.387
  [diag] log10|dL/dh_t| hist bins=60 range=(-12.00,-2.22) mean=-11.95 p50=-12.00 p05=-12.00 p95=-12.00
  [diag] sat-dist hist bins=60 sat<0.05=0.0% mean=0.976 p10=0.975 p90=0.976
Iter 0003360: train nll 1.386, valid error 074.500%, best valid error 073.450%, avg grad norm   0.221, avg grad norm (post clip)   0.234, rho_Whh  0.98, Omega  0.00, alpha  0.000, steps in the past 0.000, valid nll 1.386
  [diag] log10|dL/dh_t| hist bins=60 range=(-12.00,-2.22) mean=-11.95 p50=-12.00 p05=-12.00 p95=-12.00
  [diag] sat-dist hist bins=60 sat<0.05=0.0% mean=0.976 p10=0.975 p90=0.977
Iter 0003380: train nll 1.387, valid error 074.500%, best valid error 073.450%, avg grad norm   0.230, avg grad norm (post clip)   0.242, rho_Whh  0.98, Omega  0.00, alpha  0.000, steps in the past 0.000, valid nll 1.386
  [diag] log10|dL/dh_t| hist bins=60 range=(-12.00,-2.22) mean=-11.95 p50=-12.00 p05=-12.00 p95=-12.00
  [diag] sat-dist hist bins=60 sat<0.05=0.0% mean=0.975 p10=0.974 p90=0.976
Iter 0003400: train nll 1.385, valid error 074.500%, best valid error 073.450%, avg grad norm   0.250, avg grad norm (post clip)   0.262, rho_Whh  0.98, Omega  0.00, alpha  0.000, steps in the past 0.000, valid nll 1.386
  [diag] log10|dL/dh_t| hist bins=60 range=(-12.00,-2.22) mean=-11.95 p50=-12.00 p05=-12.00 p95=-12.00
  [diag] sat-dist hist bins=60 sat<0.05=0.0% mean=0.976 p10=0.975 p90=0.977
Iter 0003420: train nll 1.388, valid error 074.500%, best valid error 073.450%, avg grad norm   0.275, avg grad norm (post clip)   0.288, rho_Whh  0.98, Omega  0.00, alpha  0.000, steps in the past 0.000, valid nll 1.386
  [diag] log10|dL/dh_t| hist bins=60 range=(-12.00,-2.22) mean=-11.95 p50=-12.00 p05=-12.00 p95=-12.00
  [diag] sat-dist hist bins=60 sat<0.05=0.0% mean=0.976 p10=0.974 p90=0.977
Iter 0003440: train nll 1.387, valid error 074.550%, best valid error 073.450%, avg grad norm   0.225, avg grad norm (post clip)   0.239, rho_Whh  0.98, Omega  0.00, alpha  0.000, steps in the past 0.000, valid nll 1.386
  [diag] log10|dL/dh_t| hist bins=60 range=(-12.00,-2.22) mean=-11.95 p50=-12.00 p05=-12.00 p95=-12.00
  [diag] sat-dist hist bins=60 sat<0.05=0.0% mean=0.975 p10=0.974 p90=0.977
Iter 0003460: train nll 1.386, valid error 074.500%, best valid error 073.450%, avg grad norm   0.249, avg grad norm (post clip)   0.261, rho_Whh  0.99, Omega  0.00, alpha  0.000, steps in the past 0.000, valid nll 1.386
  [diag] log10|dL/dh_t| hist bins=60 range=(-12.00,-2.22) mean=-11.95 p50=-12.00 p05=-12.00 p95=-12.00
  [diag] sat-dist hist bins=60 sat<0.05=0.0% mean=0.975 p10=0.973 p90=0.977
Iter 0003480: train nll 1.386, valid error 074.750%, best valid error 073.450%, avg grad norm   0.280, avg grad norm (post clip)   0.293, rho_Whh  0.99, Omega  0.00, alpha  0.000, steps in the past 0.000, valid nll 1.386
  [diag] log10|dL/dh_t| hist bins=60 range=(-12.00,-2.22) mean=-11.95 p50=-12.00 p05=-12.00 p95=-12.00
  [diag] sat-dist hist bins=60 sat<0.05=0.0% mean=0.975 p10=0.974 p90=0.977
Iter 0003500: train nll 1.387, valid error 074.700%, best valid error 073.450%, avg grad norm   0.259, avg grad norm (post clip)   0.274, rho_Whh  0.99, Omega  0.00, alpha  0.000, steps in the past 0.000, valid nll 1.387
  [diag] log10|dL/dh_t| hist bins=60 range=(-12.00,-2.22) mean=-11.95 p50=-12.00 p05=-12.00 p95=-12.00
  [diag] sat-dist hist bins=60 sat<0.05=0.0% mean=0.974 p10=0.973 p90=0.976
Iter 0003520: train nll 1.386, valid error 075.300%, best valid error 073.450%, avg grad norm   0.286, avg grad norm (post clip)   0.299, rho_Whh  0.99, Omega  0.00, alpha  0.000, steps in the past 0.000, valid nll 1.387
  [diag] log10|dL/dh_t| hist bins=60 range=(-12.00,-2.22) mean=-11.95 p50=-12.00 p05=-12.00 p95=-12.00
  [diag] sat-dist hist bins=60 sat<0.05=0.0% mean=0.975 p10=0.973 p90=0.977
Iter 0003540: train nll 1.387, valid error 074.350%, best valid error 073.450%, avg grad norm   0.272, avg grad norm (post clip)   0.287, rho_Whh  0.99, Omega  0.00, alpha  0.000, steps in the past 0.000, valid nll 1.386
  [diag] log10|dL/dh_t| hist bins=60 range=(-12.00,-2.22) mean=-11.95 p50=-12.00 p05=-12.00 p95=-12.00
  [diag] sat-dist hist bins=60 sat<0.05=0.0% mean=0.974 p10=0.973 p90=0.977
Iter 0003560: train nll 1.387, valid error 074.600%, best valid error 073.450%, avg grad norm   0.255, avg grad norm (post clip)   0.269, rho_Whh  0.99, Omega  0.00, alpha  0.000, steps in the past 0.000, valid nll 1.386
  [diag] log10|dL/dh_t| hist bins=60 range=(-12.00,-2.22) mean=-11.95 p50=-12.00 p05=-12.00 p95=-12.00
  [diag] sat-dist hist bins=60 sat<0.05=0.0% mean=0.965 p10=0.956 p90=0.976
Iter 0003580: train nll 1.386, valid error 075.300%, best valid error 073.450%, avg grad norm   0.297, avg grad norm (post clip)   0.311, rho_Whh  1.01, Omega  0.00, alpha  0.000, steps in the past 0.000, valid nll 1.387
  [diag] log10|dL/dh_t| hist bins=60 range=(-12.00,-2.22) mean=-11.95 p50=-12.00 p05=-12.00 p95=-12.00
  [diag] sat-dist hist bins=60 sat<0.05=0.0% mean=0.971 p10=0.967 p90=0.976
Iter 0003600: train nll 1.387, valid error 076.050%, best valid error 073.450%, avg grad norm   0.525, avg grad norm (post clip)   0.501, rho_Whh  1.00, Omega  0.00, alpha  0.000, steps in the past 0.000, valid nll 1.386
  [diag] log10|dL/dh_t| hist bins=60 range=(-12.00,-2.22) mean=-11.95 p50=-12.00 p05=-12.00 p95=-12.00
  [diag] sat-dist hist bins=60 sat<0.05=0.0% mean=0.968 p10=0.961 p90=0.976
Iter 0003620: train nll 1.386, valid error 074.250%, best valid error 073.450%, avg grad norm   0.512, avg grad norm (post clip)   0.508, rho_Whh  1.00, Omega  0.00, alpha  0.000, steps in the past 0.000, valid nll 1.386
  [diag] log10|dL/dh_t| hist bins=60 range=(-12.00,-2.22) mean=-11.95 p50=-12.00 p05=-12.00 p95=-12.00
  [diag] sat-dist hist bins=60 sat<0.05=0.0% mean=0.939 p10=0.905 p90=0.975
Iter 0003640: train nll 1.386, valid error 076.050%, best valid error 073.450%, avg grad norm   0.637, avg grad norm (post clip)   0.589, rho_Whh  1.02, Omega  0.00, alpha  0.000, steps in the past 0.000, valid nll 1.387
  [diag] log10|dL/dh_t| hist bins=60 range=(-12.00,-2.22) mean=-11.95 p50=-12.00 p05=-12.00 p95=-12.00
  [diag] sat-dist hist bins=60 sat<0.05=0.0% mean=0.935 p10=0.896 p90=0.975
Iter 0003660: train nll 1.386, valid error 074.550%, best valid error 073.450%, avg grad norm   1.238, avg grad norm (post clip)   0.805, rho_Whh  1.02, Omega  0.00, alpha  0.000, steps in the past 0.000, valid nll 1.387
  [diag] log10|dL/dh_t| hist bins=60 range=(-12.00,-2.22) mean=-11.95 p50=-12.00 p05=-12.00 p95=-12.00
  [diag] sat-dist hist bins=60 sat<0.05=0.0% mean=0.913 p10=0.875 p90=0.974
Iter 0003680: train nll 1.385, valid error 074.950%, best valid error 073.450%, avg grad norm   0.868, avg grad norm (post clip)   0.690, rho_Whh  1.03, Omega  0.00, alpha  0.000, steps in the past 0.000, valid nll 1.388
  [diag] log10|dL/dh_t| hist bins=60 range=(-12.00,-2.22) mean=-11.95 p50=-12.00 p05=-12.00 p95=-12.00
  [diag] sat-dist hist bins=60 sat<0.05=0.0% mean=0.887 p10=0.846 p90=0.970
Iter 0003700: train nll 1.390, valid error 075.050%, best valid error 073.450%, avg grad norm   1.311, avg grad norm (post clip)   0.893, rho_Whh  1.05, Omega  0.00, alpha  0.000, steps in the past 0.000, valid nll 1.387
  [diag] log10|dL/dh_t| hist bins=60 range=(-12.00,-2.22) mean=-11.95 p50=-12.00 p05=-12.00 p95=-12.00
  [diag] sat-dist hist bins=60 sat<0.05=0.0% mean=0.866 p10=0.826 p90=0.968
Iter 0003720: train nll 1.385, valid error 075.300%, best valid error 073.450%, avg grad norm   1.980, avg grad norm (post clip)   0.981, rho_Whh  1.06, Omega  0.00, alpha  0.000, steps in the past 0.000, valid nll 1.388
  [diag] log10|dL/dh_t| hist bins=60 range=(-12.00,-2.22) mean=-11.95 p50=-12.00 p05=-12.00 p95=-12.00
  [diag] sat-dist hist bins=60 sat<0.05=0.0% mean=0.852 p10=0.815 p90=0.966
Iter 0003740: train nll 1.388, valid error 077.000%, best valid error 073.450%, avg grad norm   1.834, avg grad norm (post clip)   1.001, rho_Whh  1.07, Omega  0.00, alpha  0.000, steps in the past 0.000, valid nll 1.390
  [diag] log10|dL/dh_t| hist bins=60 range=(-12.00,-2.23) mean=-11.95 p50=-12.00 p05=-12.00 p95=-12.00
  [diag] sat-dist hist bins=60 sat<0.05=0.0% mean=0.855 p10=0.819 p90=0.965
Iter 0003760: train nll 1.391, valid error 075.050%, best valid error 073.450%, avg grad norm   1.731, avg grad norm (post clip)   0.991, rho_Whh  1.07, Omega  0.00, alpha  0.000, steps in the past 0.000, valid nll 1.387
  [diag] log10|dL/dh_t| hist bins=60 range=(-12.00,-2.23) mean=-11.95 p50=-12.00 p05=-12.00 p95=-12.00
  [diag] sat-dist hist bins=60 sat<0.05=0.0% mean=0.831 p10=0.793 p90=0.960
Iter 0003780: train nll 1.386, valid error 074.100%, best valid error 073.450%, avg grad norm   1.414, avg grad norm (post clip)   0.968, rho_Whh  1.08, Omega  0.00, alpha  0.000, steps in the past 0.000, valid nll 1.387
  [diag] log10|dL/dh_t| hist bins=60 range=(-12.00,-2.23) mean=-11.95 p50=-12.00 p05=-12.00 p95=-12.00
  [diag] sat-dist hist bins=60 sat<0.05=0.0% mean=0.819 p10=0.780 p90=0.957
Iter 0003800: train nll 1.383, valid error 075.800%, best valid error 073.450%, avg grad norm   2.369, avg grad norm (post clip)   1.042, rho_Whh  1.09, Omega  0.00, alpha  0.000, steps in the past 0.000, valid nll 1.390
  [diag] log10|dL/dh_t| hist bins=60 range=(-12.00,-2.23) mean=-11.95 p50=-12.00 p05=-12.00 p95=-12.00
  [diag] sat-dist hist bins=60 sat<0.05=0.0% mean=0.822 p10=0.785 p90=0.956
Iter 0003820: train nll 1.391, valid error 074.700%, best valid error 073.450%, avg grad norm   1.793, avg grad norm (post clip)   1.035, rho_Whh  1.09, Omega  0.00, alpha  0.000, steps in the past 0.000, valid nll 1.387
  [diag] log10|dL/dh_t| hist bins=60 range=(-12.00,-2.23) mean=-11.95 p50=-12.00 p05=-12.00 p95=-12.00
  [diag] sat-dist hist bins=60 sat<0.05=0.0% mean=0.814 p10=0.777 p90=0.955
Iter 0003840: train nll 1.389, valid error 074.550%, best valid error 073.450%, avg grad norm   1.923, avg grad norm (post clip)   1.052, rho_Whh  1.09, Omega  0.00, alpha  0.000, steps in the past 0.000, valid nll 1.386
  [diag] log10|dL/dh_t| hist bins=60 range=(-12.00,-2.23) mean=-11.95 p50=-12.00 p05=-12.00 p95=-12.00
  [diag] sat-dist hist bins=60 sat<0.05=0.0% mean=0.826 p10=0.788 p90=0.957
Iter 0003860: train nll 1.387, valid error 076.700%, best valid error 073.450%, avg grad norm   1.302, avg grad norm (post clip)   0.996, rho_Whh  1.09, Omega  0.00, alpha  0.000, steps in the past 0.000, valid nll 1.389
  [diag] log10|dL/dh_t| hist bins=60 range=(-12.00,-2.23) mean=-11.95 p50=-12.00 p05=-12.00 p95=-12.00
  [diag] sat-dist hist bins=60 sat<0.05=0.0% mean=0.830 p10=0.793 p90=0.958
Iter 0003880: train nll 1.387, valid error 073.400%, best valid error 073.450%, avg grad norm   1.634, avg grad norm (post clip)   0.997, rho_Whh  1.08, Omega  0.00, alpha  0.000, steps in the past 0.000, valid nll 1.385
  [diag] log10|dL/dh_t| hist bins=60 range=(-12.00,-2.23) mean=-11.95 p50=-12.00 p05=-12.00 p95=-12.00
  [diag] sat-dist hist bins=60 sat<0.05=0.0% mean=0.837 p10=0.799 p90=0.962
Iter 0003900: train nll 1.389, valid error 076.900%, best valid error 073.400%, avg grad norm   1.376, avg grad norm (post clip)   1.001, rho_Whh  1.08, Omega  0.00, alpha  0.000, steps in the past 0.000, valid nll 1.388
  [diag] log10|dL/dh_t| hist bins=60 range=(-12.00,-2.22) mean=-11.95 p50=-12.00 p05=-12.00 p95=-12.00
  [diag] sat-dist hist bins=60 sat<0.05=0.0% mean=0.829 p10=0.792 p90=0.959
Iter 0003920: train nll 1.385, valid error 076.100%, best valid error 073.400%, avg grad norm   1.283, avg grad norm (post clip)   0.978, rho_Whh  1.08, Omega  0.00, alpha  0.000, steps in the past 0.000, valid nll 1.387
  [diag] log10|dL/dh_t| hist bins=60 range=(-12.00,-2.23) mean=-11.95 p50=-12.00 p05=-12.00 p95=-12.00
  [diag] sat-dist hist bins=60 sat<0.05=0.0% mean=0.825 p10=0.788 p90=0.958
Iter 0003940: train nll 1.388, valid error 076.450%, best valid error 073.400%, avg grad norm   1.957, avg grad norm (post clip)   1.032, rho_Whh  1.09, Omega  0.00, alpha  0.000, steps in the past 0.000, valid nll 1.387
  [diag] log10|dL/dh_t| hist bins=60 range=(-12.00,-2.23) mean=-11.95 p50=-12.00 p05=-12.00 p95=-12.00
  [diag] sat-dist hist bins=60 sat<0.05=0.0% mean=0.819 p10=0.782 p90=0.955
Iter 0003960: train nll 1.388, valid error 074.800%, best valid error 073.400%, avg grad norm   1.378, avg grad norm (post clip)   0.992, rho_Whh  1.09, Omega  0.00, alpha  0.000, steps in the past 0.000, valid nll 1.387
  [diag] log10|dL/dh_t| hist bins=60 range=(-12.00,-2.23) mean=-11.95 p50=-12.00 p05=-12.00 p95=-12.00
  [diag] sat-dist hist bins=60 sat<0.05=0.0% mean=0.823 p10=0.784 p90=0.955
Iter 0003980: train nll 1.387, valid error 077.300%, best valid error 073.400%, avg grad norm   1.585, avg grad norm (post clip)   0.993, rho_Whh  1.09, Omega  0.00, alpha  0.000, steps in the past 0.000, valid nll 1.389
  [diag] log10|dL/dh_t| hist bins=60 range=(-12.00,-2.23) mean=-11.95 p50=-12.00 p05=-12.00 p95=-12.00
  [diag] sat-dist hist bins=60 sat<0.05=0.0% mean=0.814 p10=0.777 p90=0.950
Iter 0004000: train nll 1.386, valid error 075.400%, best valid error 073.400%, avg grad norm   1.834, avg grad norm (post clip)   1.009, rho_Whh  1.10, Omega  0.00, alpha  0.000, steps in the past 0.000, valid nll 1.389
  [diag] log10|dL/dh_t| hist bins=60 range=(-12.00,-2.22) mean=-11.95 p50=-12.00 p05=-12.00 p95=-12.00
  [diag] sat-dist hist bins=60 sat<0.05=0.0% mean=0.803 p10=0.765 p90=0.946
Iter 0004020: train nll 1.382, valid error 075.900%, best valid error 073.400%, avg grad norm   2.007, avg grad norm (post clip)   1.031, rho_Whh  1.10, Omega  0.00, alpha  0.000, steps in the past 0.000, valid nll 1.393
  [diag] log10|dL/dh_t| hist bins=60 range=(-12.00,-2.23) mean=-11.95 p50=-12.00 p05=-12.00 p95=-12.00
  [diag] sat-dist hist bins=60 sat<0.05=0.0% mean=0.814 p10=0.774 p90=0.950
Iter 0004040: train nll 1.392, valid error 075.800%, best valid error 073.400%, avg grad norm   1.913, avg grad norm (post clip)   1.014, rho_Whh  1.09, Omega  0.00, alpha  0.000, steps in the past 0.000, valid nll 1.388
  [diag] log10|dL/dh_t| hist bins=60 range=(-12.00,-2.23) mean=-11.95 p50=-12.00 p05=-12.00 p95=-12.00
  [diag] sat-dist hist bins=60 sat<0.05=0.0% mean=0.817 p10=0.780 p90=0.949
Iter 0004060: train nll 1.385, valid error 074.400%, best valid error 073.400%, avg grad norm   1.614, avg grad norm (post clip)   1.017, rho_Whh  1.09, Omega  0.00, alpha  0.000, steps in the past 0.000, valid nll 1.386
  [diag] log10|dL/dh_t| hist bins=60 range=(-12.00,-2.23) mean=-11.95 p50=-12.00 p05=-12.00 p95=-12.00
  [diag] sat-dist hist bins=60 sat<0.05=0.0% mean=0.814 p10=0.777 p90=0.948
Iter 0004080: train nll 1.385, valid error 073.850%, best valid error 073.400%, avg grad norm   1.344, avg grad norm (post clip)   0.994, rho_Whh  1.09, Omega  0.00, alpha  0.000, steps in the past 0.000, valid nll 1.387
  [diag] log10|dL/dh_t| hist bins=60 range=(-12.00,-2.23) mean=-11.95 p50=-12.00 p05=-12.00 p95=-12.00
  [diag] sat-dist hist bins=60 sat<0.05=0.0% mean=0.823 p10=0.787 p90=0.952
Iter 0004100: train nll 1.389, valid error 076.150%, best valid error 073.400%, avg grad norm   1.639, avg grad norm (post clip)   1.026, rho_Whh  1.08, Omega  0.00, alpha  0.000, steps in the past 0.000, valid nll 1.387
  [diag] log10|dL/dh_t| hist bins=60 range=(-12.00,-2.23) mean=-11.95 p50=-12.00 p05=-12.00 p95=-12.00
  [diag] sat-dist hist bins=60 sat<0.05=0.0% mean=0.816 p10=0.781 p90=0.947
Iter 0004120: train nll 1.388, valid error 074.600%, best valid error 073.400%, avg grad norm   1.587, avg grad norm (post clip)   1.027, rho_Whh  1.08, Omega  0.00, alpha  0.000, steps in the past 0.000, valid nll 1.388
  [diag] log10|dL/dh_t| hist bins=60 range=(-12.00,-2.23) mean=-11.95 p50=-12.00 p05=-12.00 p95=-12.00
  [diag] sat-dist hist bins=60 sat<0.05=0.0% mean=0.809 p10=0.775 p90=0.943
Iter 0004140: train nll 1.384, valid error 074.450%, best valid error 073.400%, avg grad norm   1.502, avg grad norm (post clip)   0.980, rho_Whh  1.09, Omega  0.00, alpha  0.000, steps in the past 0.000, valid nll 1.387
  [diag] log10|dL/dh_t| hist bins=60 range=(-12.00,-2.23) mean=-11.95 p50=-12.00 p05=-12.00 p95=-12.00
  [diag] sat-dist hist bins=60 sat<0.05=0.0% mean=0.807 p10=0.774 p90=0.941
Iter 0004160: train nll 1.386, valid error 076.000%, best valid error 073.400%, avg grad norm   1.513, avg grad norm (post clip)   1.001, rho_Whh  1.09, Omega  0.00, alpha  0.000, steps in the past 0.000, valid nll 1.388
  [diag] log10|dL/dh_t| hist bins=60 range=(-12.00,-2.23) mean=-11.95 p50=-12.00 p05=-12.00 p95=-12.00
  [diag] sat-dist hist bins=60 sat<0.05=0.0% mean=0.805 p10=0.771 p90=0.940
Iter 0004180: train nll 1.389, valid error 074.200%, best valid error 073.400%, avg grad norm   2.374, avg grad norm (post clip)   1.042, rho_Whh  1.10, Omega  0.00, alpha  0.000, steps in the past 0.000, valid nll 1.386
  [diag] log10|dL/dh_t| hist bins=60 range=(-12.00,-2.23) mean=-11.95 p50=-12.00 p05=-12.00 p95=-12.00
  [diag] sat-dist hist bins=60 sat<0.05=0.0% mean=0.810 p10=0.776 p90=0.941
Iter 0004200: train nll 1.384, valid error 075.550%, best valid error 073.400%, avg grad norm   1.462, avg grad norm (post clip)   1.001, rho_Whh  1.10, Omega  0.00, alpha  0.000, steps in the past 0.000, valid nll 1.388
  [diag] log10|dL/dh_t| hist bins=60 range=(-12.00,-2.23) mean=-11.95 p50=-12.00 p05=-12.00 p95=-12.00
  [diag] sat-dist hist bins=60 sat<0.05=0.0% mean=0.806 p10=0.774 p90=0.936
Iter 0004220: train nll 1.390, valid error 074.150%, best valid error 073.400%, avg grad norm   2.485, avg grad norm (post clip)   1.006, rho_Whh  1.10, Omega  0.00, alpha  0.000, steps in the past 0.000, valid nll 1.388
  [diag] log10|dL/dh_t| hist bins=60 range=(-12.00,-2.23) mean=-11.95 p50=-12.00 p05=-12.00 p95=-12.00
  [diag] sat-dist hist bins=60 sat<0.05=0.0% mean=0.806 p10=0.773 p90=0.937
Iter 0004240: train nll 1.387, valid error 075.800%, best valid error 073.400%, avg grad norm   1.937, avg grad norm (post clip)   1.027, rho_Whh  1.09, Omega  0.00, alpha  0.000, steps in the past 0.000, valid nll 1.388
  [diag] log10|dL/dh_t| hist bins=60 range=(-12.00,-2.23) mean=-11.95 p50=-12.00 p05=-12.00 p95=-12.00
  [diag] sat-dist hist bins=60 sat<0.05=0.0% mean=0.821 p10=0.789 p90=0.942
Iter 0004260: train nll 1.388, valid error 075.650%, best valid error 073.400%, avg grad norm   1.397, avg grad norm (post clip)   0.969, rho_Whh  1.08, Omega  0.00, alpha  0.000, steps in the past 0.000, valid nll 1.388
  [diag] log10|dL/dh_t| hist bins=60 range=(-12.00,-2.23) mean=-11.95 p50=-12.00 p05=-12.00 p95=-12.00
  [diag] sat-dist hist bins=60 sat<0.05=0.0% mean=0.831 p10=0.799 p90=0.944
Iter 0004280: train nll 1.387, valid error 073.600%, best valid error 073.400%, avg grad norm   1.658, avg grad norm (post clip)   1.024, rho_Whh  1.07, Omega  0.00, alpha  0.000, steps in the past 0.000, valid nll 1.387
  [diag] log10|dL/dh_t| hist bins=60 range=(-12.00,-2.23) mean=-11.95 p50=-12.00 p05=-12.00 p95=-12.00
  [diag] sat-dist hist bins=60 sat<0.05=0.0% mean=0.819 p10=0.786 p90=0.941
Iter 0004300: train nll 1.389, valid error 074.950%, best valid error 073.400%, avg grad norm   1.217, avg grad norm (post clip)   0.969, rho_Whh  1.08, Omega  0.00, alpha  0.000, steps in the past 0.000, valid nll 1.389
  [diag] log10|dL/dh_t| hist bins=60 range=(-12.00,-2.23) mean=-11.95 p50=-12.00 p05=-12.00 p95=-12.00
  [diag] sat-dist hist bins=60 sat<0.05=0.0% mean=0.833 p10=0.799 p90=0.944
Iter 0004320: train nll 1.389, valid error 073.500%, best valid error 073.400%, avg grad norm   1.177, avg grad norm (post clip)   0.949, rho_Whh  1.07, Omega  0.00, alpha  0.000, steps in the past 0.000, valid nll 1.387
  [diag] log10|dL/dh_t| hist bins=60 range=(-12.00,-2.23) mean=-11.95 p50=-12.00 p05=-12.00 p95=-12.00
  [diag] sat-dist hist bins=60 sat<0.05=0.0% mean=0.834 p10=0.799 p90=0.943
Iter 0004340: train nll 1.384, valid error 074.650%, best valid error 073.400%, avg grad norm   1.588, avg grad norm (post clip)   0.921, rho_Whh  1.07, Omega  0.00, alpha  0.000, steps in the past 0.000, valid nll 1.388
  [diag] log10|dL/dh_t| hist bins=60 range=(-12.00,-2.23) mean=-11.95 p50=-12.00 p05=-12.00 p95=-12.00
  [diag] sat-dist hist bins=60 sat<0.05=0.0% mean=0.822 p10=0.789 p90=0.938
Iter 0004360: train nll 1.385, valid error 073.800%, best valid error 073.400%, avg grad norm   1.878, avg grad norm (post clip)   1.034, rho_Whh  1.08, Omega  0.00, alpha  0.000, steps in the past 0.000, valid nll 1.384
  [diag] log10|dL/dh_t| hist bins=60 range=(-12.00,-2.23) mean=-11.95 p50=-12.00 p05=-12.00 p95=-12.00
  [diag] sat-dist hist bins=60 sat<0.05=0.0% mean=0.831 p10=0.798 p90=0.942
Iter 0004380: train nll 1.389, valid error 072.750%, best valid error 073.400%, avg grad norm   1.939, avg grad norm (post clip)   1.013, rho_Whh  1.08, Omega  0.00, alpha  0.000, steps in the past 0.000, valid nll 1.384
  [diag] log10|dL/dh_t| hist bins=60 range=(-12.00,-2.23) mean=-11.95 p50=-12.00 p05=-12.00 p95=-12.00
  [diag] sat-dist hist bins=60 sat<0.05=0.0% mean=0.822 p10=0.789 p90=0.939
Iter 0004400: train nll 1.385, valid error 075.550%, best valid error 072.750%, avg grad norm   1.182, avg grad norm (post clip)   0.954, rho_Whh  1.08, Omega  0.00, alpha  0.000, steps in the past 0.000, valid nll 1.390
  [diag] log10|dL/dh_t| hist bins=60 range=(-12.00,-2.23) mean=-11.95 p50=-12.00 p05=-12.00 p95=-12.00
  [diag] sat-dist hist bins=60 sat<0.05=0.0% mean=0.826 p10=0.793 p90=0.942
Iter 0004420: train nll 1.388, valid error 075.300%, best valid error 072.750%, avg grad norm   1.857, avg grad norm (post clip)   1.014, rho_Whh  1.08, Omega  0.00, alpha  0.000, steps in the past 0.000, valid nll 1.389
  [diag] log10|dL/dh_t| hist bins=60 range=(-12.00,-2.23) mean=-11.95 p50=-12.00 p05=-12.00 p95=-12.00
  [diag] sat-dist hist bins=60 sat<0.05=0.0% mean=0.819 p10=0.786 p90=0.941
Iter 0004440: train nll 1.389, valid error 074.550%, best valid error 072.750%, avg grad norm   1.387, avg grad norm (post clip)   0.969, rho_Whh  1.08, Omega  0.00, alpha  0.000, steps in the past 0.000, valid nll 1.388
  [diag] log10|dL/dh_t| hist bins=60 range=(-12.00,-2.23) mean=-11.95 p50=-12.00 p05=-12.00 p95=-12.00
  [diag] sat-dist hist bins=60 sat<0.05=0.0% mean=0.818 p10=0.786 p90=0.939
Iter 0004460: train nll 1.391, valid error 075.350%, best valid error 072.750%, avg grad norm   1.756, avg grad norm (post clip)   1.020, rho_Whh  1.08, Omega  0.00, alpha  0.000, steps in the past 0.000, valid nll 1.388
  [diag] log10|dL/dh_t| hist bins=60 range=(-12.00,-2.23) mean=-11.95 p50=-12.00 p05=-12.00 p95=-12.00
  [diag] sat-dist hist bins=60 sat<0.05=0.0% mean=0.818 p10=0.786 p90=0.938
Iter 0004480: train nll 1.388, valid error 074.600%, best valid error 072.750%, avg grad norm   1.304, avg grad norm (post clip)   0.982, rho_Whh  1.08, Omega  0.00, alpha  0.000, steps in the past 0.000, valid nll 1.387
  [diag] log10|dL/dh_t| hist bins=60 range=(-12.00,-2.23) mean=-11.95 p50=-12.00 p05=-12.00 p95=-12.00
  [diag] sat-dist hist bins=60 sat<0.05=0.0% mean=0.808 p10=0.777 p90=0.933
Iter 0004500: train nll 1.386, valid error 075.150%, best valid error 072.750%, avg grad norm   1.296, avg grad norm (post clip)   0.969, rho_Whh  1.09, Omega  0.00, alpha  0.000, steps in the past 0.000, valid nll 1.388
  [diag] log10|dL/dh_t| hist bins=60 range=(-12.00,-2.23) mean=-11.95 p50=-12.00 p05=-12.00 p95=-12.00
  [diag] sat-dist hist bins=60 sat<0.05=0.0% mean=0.809 p10=0.778 p90=0.931
Iter 0004520: train nll 1.390, valid error 075.450%, best valid error 072.750%, avg grad norm   1.525, avg grad norm (post clip)   1.003, rho_Whh  1.09, Omega  0.00, alpha  0.000, steps in the past 0.000, valid nll 1.387
  [diag] log10|dL/dh_t| hist bins=60 range=(-12.00,-2.23) mean=-11.95 p50=-12.00 p05=-12.00 p95=-12.00
  [diag] sat-dist hist bins=60 sat<0.05=0.0% mean=0.802 p10=0.769 p90=0.927
Iter 0004540: train nll 1.385, valid error 075.350%, best valid error 072.750%, avg grad norm   1.355, avg grad norm (post clip)   1.009, rho_Whh  1.09, Omega  0.00, alpha  0.000, steps in the past 0.000, valid nll 1.388
  [diag] log10|dL/dh_t| hist bins=60 range=(-12.00,-2.23) mean=-11.95 p50=-12.00 p05=-12.00 p95=-12.00
  [diag] sat-dist hist bins=60 sat<0.05=0.0% mean=0.805 p10=0.771 p90=0.929
Iter 0004560: train nll 1.386, valid error 074.550%, best valid error 072.750%, avg grad norm   1.683, avg grad norm (post clip)   0.999, rho_Whh  1.09, Omega  0.00, alpha  0.000, steps in the past 0.000, valid nll 1.388
  [diag] log10|dL/dh_t| hist bins=60 range=(-12.00,-2.23) mean=-11.95 p50=-12.00 p05=-12.00 p95=-12.00
  [diag] sat-dist hist bins=60 sat<0.05=0.0% mean=0.809 p10=0.777 p90=0.931
Iter 0004580: train nll 1.388, valid error 074.600%, best valid error 072.750%, avg grad norm   1.542, avg grad norm (post clip)   1.033, rho_Whh  1.09, Omega  0.00, alpha  0.000, steps in the past 0.000, valid nll 1.388
  [diag] log10|dL/dh_t| hist bins=60 range=(-12.00,-2.23) mean=-11.95 p50=-12.00 p05=-12.00 p95=-12.00
  [diag] sat-dist hist bins=60 sat<0.05=0.0% mean=0.812 p10=0.779 p90=0.934
Iter 0004600: train nll 1.391, valid error 075.000%, best valid error 072.750%, avg grad norm   1.681, avg grad norm (post clip)   0.999, rho_Whh  1.08, Omega  0.00, alpha  0.000, steps in the past 0.000, valid nll 1.386
  [diag] log10|dL/dh_t| hist bins=60 range=(-12.00,-2.22) mean=-11.95 p50=-12.00 p05=-12.00 p95=-12.00
  [diag] sat-dist hist bins=60 sat<0.05=0.0% mean=0.813 p10=0.780 p90=0.934
Iter 0004620: train nll 1.383, valid error 074.300%, best valid error 072.750%, avg grad norm   1.556, avg grad norm (post clip)   1.003, rho_Whh  1.08, Omega  0.00, alpha  0.000, steps in the past 0.000, valid nll 1.387
  [diag] log10|dL/dh_t| hist bins=60 range=(-12.00,-2.23) mean=-11.95 p50=-12.00 p05=-12.00 p95=-12.00
  [diag] sat-dist hist bins=60 sat<0.05=0.0% mean=0.818 p10=0.787 p90=0.934
Iter 0004640: train nll 1.388, valid error 074.750%, best valid error 072.750%, avg grad norm   2.118, avg grad norm (post clip)   1.016, rho_Whh  1.08, Omega  0.00, alpha  0.000, steps in the past 0.000, valid nll 1.387
  [diag] log10|dL/dh_t| hist bins=60 range=(-12.00,-2.23) mean=-11.95 p50=-12.00 p05=-12.00 p95=-12.00
  [diag] sat-dist hist bins=60 sat<0.05=0.0% mean=0.822 p10=0.790 p90=0.936
Iter 0004660: train nll 1.387, valid error 075.850%, best valid error 072.750%, avg grad norm   1.524, avg grad norm (post clip)   0.988, rho_Whh  1.08, Omega  0.00, alpha  0.000, steps in the past 0.000, valid nll 1.389
  [diag] log10|dL/dh_t| hist bins=60 range=(-12.00,-2.23) mean=-11.95 p50=-12.00 p05=-12.00 p95=-12.00
  [diag] sat-dist hist bins=60 sat<0.05=0.0% mean=0.827 p10=0.796 p90=0.938
Iter 0004680: train nll 1.387, valid error 073.600%, best valid error 072.750%, avg grad norm   1.517, avg grad norm (post clip)   0.936, rho_Whh  1.07, Omega  0.00, alpha  0.000, steps in the past 0.000, valid nll 1.386
  [diag] log10|dL/dh_t| hist bins=60 range=(-12.00,-2.23) mean=-11.95 p50=-12.00 p05=-12.00 p95=-12.00
  [diag] sat-dist hist bins=60 sat<0.05=0.0% mean=0.835 p10=0.803 p90=0.940
Iter 0004700: train nll 1.389, valid error 074.100%, best valid error 072.750%, avg grad norm   1.220, avg grad norm (post clip)   0.924, rho_Whh  1.07, Omega  0.00, alpha  0.000, steps in the past 0.000, valid nll 1.387
  [diag] log10|dL/dh_t| hist bins=60 range=(-12.00,-2.23) mean=-11.95 p50=-12.00 p05=-12.00 p95=-12.00
  [diag] sat-dist hist bins=60 sat<0.05=0.0% mean=0.833 p10=0.801 p90=0.940
Iter 0004720: train nll 1.388, valid error 074.300%, best valid error 072.750%, avg grad norm   0.993, avg grad norm (post clip)   0.902, rho_Whh  1.07, Omega  0.00, alpha  0.000, steps in the past 0.000, valid nll 1.387
  [diag] log10|dL/dh_t| hist bins=60 range=(-12.00,-2.23) mean=-11.95 p50=-12.00 p05=-12.00 p95=-12.00
  [diag] sat-dist hist bins=60 sat<0.05=0.0% mean=0.856 p10=0.824 p90=0.947
Iter 0004740: train nll 1.387, valid error 075.500%, best valid error 072.750%, avg grad norm   1.074, avg grad norm (post clip)   0.924, rho_Whh  1.05, Omega  0.00, alpha  0.000, steps in the past 0.000, valid nll 1.387
  [diag] log10|dL/dh_t| hist bins=60 range=(-12.00,-2.23) mean=-11.95 p50=-12.00 p05=-12.00 p95=-12.00
  [diag] sat-dist hist bins=60 sat<0.05=0.0% mean=0.861 p10=0.830 p90=0.949
Iter 0004760: train nll 1.387, valid error 074.700%, best valid error 072.750%, avg grad norm   0.831, avg grad norm (post clip)   0.804, rho_Whh  1.05, Omega  0.00, alpha  0.000, steps in the past 0.000, valid nll 1.387
  [diag] log10|dL/dh_t| hist bins=60 range=(-12.00,-2.24) mean=-11.95 p50=-12.00 p05=-12.00 p95=-12.00
  [diag] sat-dist hist bins=60 sat<0.05=0.0% mean=0.874 p10=0.843 p90=0.952
Iter 0004780: train nll 1.386, valid error 074.050%, best valid error 072.750%, avg grad norm   0.756, avg grad norm (post clip)   0.727, rho_Whh  1.05, Omega  0.00, alpha  0.000, steps in the past 0.000, valid nll 1.385
  [diag] log10|dL/dh_t| hist bins=60 range=(-12.00,-2.24) mean=-11.95 p50=-12.00 p05=-12.00 p95=-12.00
  [diag] sat-dist hist bins=60 sat<0.05=0.0% mean=0.876 p10=0.847 p90=0.953
Iter 0004800: train nll 1.389, valid error 075.450%, best valid error 072.750%, avg grad norm   0.931, avg grad norm (post clip)   0.808, rho_Whh  1.04, Omega  0.00, alpha  0.000, steps in the past 0.000, valid nll 1.387
  [diag] log10|dL/dh_t| hist bins=60 range=(-12.00,-2.24) mean=-11.95 p50=-12.00 p05=-12.00 p95=-12.00
  [diag] sat-dist hist bins=60 sat<0.05=0.0% mean=0.873 p10=0.843 p90=0.952
Iter 0004820: train nll 1.387, valid error 074.650%, best valid error 072.750%, avg grad norm   0.686, avg grad norm (post clip)   0.715, rho_Whh  1.05, Omega  0.00, alpha  0.000, steps in the past 0.000, valid nll 1.386
  [diag] log10|dL/dh_t| hist bins=60 range=(-12.00,-2.24) mean=-11.95 p50=-12.00 p05=-12.00 p95=-12.00
  [diag] sat-dist hist bins=60 sat<0.05=0.0% mean=0.880 p10=0.850 p90=0.953
Iter 0004840: train nll 1.387, valid error 074.650%, best valid error 072.750%, avg grad norm   0.715, avg grad norm (post clip)   0.712, rho_Whh  1.04, Omega  0.00, alpha  0.000, steps in the past 0.000, valid nll 1.386
  [diag] log10|dL/dh_t| hist bins=60 range=(-12.00,-2.23) mean=-11.95 p50=-12.00 p05=-12.00 p95=-12.00
  [diag] sat-dist hist bins=60 sat<0.05=0.0% mean=0.884 p10=0.855 p90=0.955
Iter 0004860: train nll 1.387, valid error 075.700%, best valid error 072.750%, avg grad norm   0.782, avg grad norm (post clip)   0.745, rho_Whh  1.04, Omega  0.00, alpha  0.000, steps in the past 0.000, valid nll 1.388
  [diag] log10|dL/dh_t| hist bins=60 range=(-12.00,-2.24) mean=-11.95 p50=-12.00 p05=-12.00 p95=-12.00
  [diag] sat-dist hist bins=60 sat<0.05=0.0% mean=0.956 p10=0.950 p90=0.963
Iter 0004880: train nll 1.387, valid error 073.600%, best valid error 072.750%, avg grad norm   0.739, avg grad norm (post clip)   0.674, rho_Whh  0.99, Omega  0.00, alpha  0.000, steps in the past 0.000, valid nll 1.386
  [diag] log10|dL/dh_t| hist bins=60 range=(-12.00,-2.24) mean=-11.95 p50=-12.00 p05=-12.00 p95=-12.00
  [diag] sat-dist hist bins=60 sat<0.05=0.0% mean=0.957 p10=0.951 p90=0.963
Iter 0004900: train nll 1.387, valid error 074.300%, best valid error 072.750%, avg grad norm   0.320, avg grad norm (post clip)   0.354, rho_Whh  0.99, Omega  0.00, alpha  0.000, steps in the past 0.000, valid nll 1.386
  [diag] log10|dL/dh_t| hist bins=60 range=(-12.00,-2.24) mean=-11.95 p50=-12.00 p05=-12.00 p95=-12.00
  [diag] sat-dist hist bins=60 sat<0.05=0.0% mean=0.959 p10=0.954 p90=0.964
Iter 0004920: train nll 1.387, valid error 074.150%, best valid error 072.750%, avg grad norm   0.305, avg grad norm (post clip)   0.322, rho_Whh  0.99, Omega  0.00, alpha  0.000, steps in the past 0.000, valid nll 1.386
  [diag] log10|dL/dh_t| hist bins=60 range=(-12.00,-2.24) mean=-11.95 p50=-12.00 p05=-12.00 p95=-12.00
  [diag] sat-dist hist bins=60 sat<0.05=0.0% mean=0.959 p10=0.954 p90=0.964
Iter 0004940: train nll 1.386, valid error 073.900%, best valid error 072.750%, avg grad norm   0.293, avg grad norm (post clip)   0.309, rho_Whh  0.99, Omega  0.00, alpha  0.000, steps in the past 0.000, valid nll 1.386
  [diag] log10|dL/dh_t| hist bins=60 range=(-12.00,-2.23) mean=-11.95 p50=-12.00 p05=-12.00 p95=-12.00
  [diag] sat-dist hist bins=60 sat<0.05=0.0% mean=0.954 p10=0.947 p90=0.963
Iter 0004960: train nll 1.386, valid error 074.200%, best valid error 072.750%, avg grad norm   0.347, avg grad norm (post clip)   0.362, rho_Whh  1.00, Omega  0.00, alpha  0.000, steps in the past 0.000, valid nll 1.386
  [diag] log10|dL/dh_t| hist bins=60 range=(-12.00,-2.23) mean=-11.95 p50=-12.00 p05=-12.00 p95=-12.00
  [diag] sat-dist hist bins=60 sat<0.05=0.0% mean=0.947 p10=0.938 p90=0.962
Iter 0004980: train nll 1.386, valid error 074.350%, best valid error 072.750%, avg grad norm   0.496, avg grad norm (post clip)   0.493, rho_Whh  1.01, Omega  0.00, alpha  0.000, steps in the past 0.000, valid nll 1.386
  [diag] log10|dL/dh_t| hist bins=60 range=(-12.00,-2.23) mean=-11.95 p50=-12.00 p05=-12.00 p95=-12.00
  [diag] sat-dist hist bins=60 sat<0.05=0.0% mean=0.916 p10=0.894 p90=0.958
Iter 0005000: train nll 1.386, valid error 076.100%, best valid error 072.750%, avg grad norm   0.473, avg grad norm (post clip)   0.498, rho_Whh  1.02, Omega  0.00, alpha  0.000, steps in the past 0.000, valid nll 1.388
  [diag] log10|dL/dh_t| hist bins=60 range=(-12.00,-2.23) mean=-11.95 p50=-12.00 p05=-12.00 p95=-12.00
  [diag] sat-dist hist bins=60 sat<0.05=0.0% mean=0.923 p10=0.899 p90=0.959
Iter 0005020: train nll 1.387, valid error 075.500%, best valid error 072.750%, avg grad norm   1.073, avg grad norm (post clip)   0.809, rho_Whh  1.02, Omega  0.00, alpha  0.000, steps in the past 0.000, valid nll 1.387
  [diag] log10|dL/dh_t| hist bins=60 range=(-12.00,-2.23) mean=-11.95 p50=-12.00 p05=-12.00 p95=-12.00
  [diag] sat-dist hist bins=60 sat<0.05=0.0% mean=0.935 p10=0.914 p90=0.960
Iter 0005040: train nll 1.386, valid error 075.200%, best valid error 072.750%, avg grad norm   0.853, avg grad norm (post clip)   0.757, rho_Whh  1.01, Omega  0.00, alpha  0.000, steps in the past 0.000, valid nll 1.386
  [diag] log10|dL/dh_t| hist bins=60 range=(-12.00,-2.23) mean=-11.95 p50=-12.00 p05=-12.00 p95=-12.00
  [diag] sat-dist hist bins=60 sat<0.05=0.0% mean=0.942 p10=0.928 p90=0.961
Iter 0005060: train nll 1.387, valid error 074.450%, best valid error 072.750%, avg grad norm   0.581, avg grad norm (post clip)   0.605, rho_Whh  1.01, Omega  0.00, alpha  0.000, steps in the past 0.000, valid nll 1.386
  [diag] log10|dL/dh_t| hist bins=60 range=(-12.00,-2.23) mean=-11.95 p50=-12.00 p05=-12.00 p95=-12.00
  [diag] sat-dist hist bins=60 sat<0.05=0.0% mean=0.947 p10=0.934 p90=0.962
Iter 0005080: train nll 1.386, valid error 074.100%, best valid error 072.750%, avg grad norm   0.476, avg grad norm (post clip)   0.506, rho_Whh  1.00, Omega  0.00, alpha  0.000, steps in the past 0.000, valid nll 1.387
  [diag] log10|dL/dh_t| hist bins=60 range=(-12.00,-2.24) mean=-11.95 p50=-12.00 p05=-12.00 p95=-12.00
  [diag] sat-dist hist bins=60 sat<0.05=0.0% mean=0.958 p10=0.952 p90=0.964
Iter 0005100: train nll 1.388, valid error 074.850%, best valid error 072.750%, avg grad norm   0.347, avg grad norm (post clip)   0.372, rho_Whh  0.99, Omega  0.00, alpha  0.000, steps in the past 0.000, valid nll 1.386
  [diag] log10|dL/dh_t| hist bins=60 range=(-12.00,-2.24) mean=-11.95 p50=-12.00 p05=-12.00 p95=-12.00
  [diag] sat-dist hist bins=60 sat<0.05=0.0% mean=0.962 p10=0.957 p90=0.964
Iter 0005120: train nll 1.387, valid error 075.100%, best valid error 072.750%, avg grad norm   0.305, avg grad norm (post clip)   0.323, rho_Whh  0.99, Omega  0.00, alpha  0.000, steps in the past 0.000, valid nll 1.386
  [diag] log10|dL/dh_t| hist bins=60 range=(-12.00,-2.24) mean=-11.95 p50=-12.00 p05=-12.00 p95=-12.00
  [diag] sat-dist hist bins=60 sat<0.05=0.0% mean=0.963 p10=0.959 p90=0.965
Iter 0005140: train nll 1.386, valid error 074.150%, best valid error 072.750%, avg grad norm   0.277, avg grad norm (post clip)   0.293, rho_Whh  0.99, Omega  0.00, alpha  0.000, steps in the past 0.000, valid nll 1.386
  [diag] log10|dL/dh_t| hist bins=60 range=(-12.00,-2.24) mean=-11.95 p50=-12.00 p05=-12.00 p95=-12.00
  [diag] sat-dist hist bins=60 sat<0.05=0.0% mean=0.965 p10=0.962 p90=0.967
Iter 0005160: train nll 1.386, valid error 074.500%, best valid error 072.750%, avg grad norm   0.278, avg grad norm (post clip)   0.293, rho_Whh  0.98, Omega  0.00, alpha  0.000, steps in the past 0.000, valid nll 1.386
  [diag] log10|dL/dh_t| hist bins=60 range=(-12.00,-2.24) mean=-11.95 p50=-12.00 p05=-12.00 p95=-12.00
  [diag] sat-dist hist bins=60 sat<0.05=0.0% mean=0.966 p10=0.962 p90=0.967
Iter 0005180: train nll 1.387, valid error 074.450%, best valid error 072.750%, avg grad norm   0.240, avg grad norm (post clip)   0.254, rho_Whh  0.98, Omega  0.00, alpha  0.000, steps in the past 0.000, valid nll 1.386
  [diag] log10|dL/dh_t| hist bins=60 range=(-12.00,-2.24) mean=-11.95 p50=-12.00 p05=-12.00 p95=-12.00
  [diag] sat-dist hist bins=60 sat<0.05=0.0% mean=0.967 p10=0.964 p90=0.969
Iter 0005200: train nll 1.387, valid error 074.800%, best valid error 072.750%, avg grad norm   0.252, avg grad norm (post clip)   0.265, rho_Whh  0.97, Omega  0.00, alpha  0.000, steps in the past 0.000, valid nll 1.386
  [diag] log10|dL/dh_t| hist bins=60 range=(-12.00,-2.24) mean=-11.95 p50=-12.00 p05=-12.00 p95=-12.00
  [diag] sat-dist hist bins=60 sat<0.05=0.0% mean=0.967 p10=0.964 p90=0.969
Iter 0005220: train nll 1.386, valid error 075.650%, best valid error 072.750%, avg grad norm   0.266, avg grad norm (post clip)   0.279, rho_Whh  0.97, Omega  0.00, alpha  0.000, steps in the past 0.000, valid nll 1.386
  [diag] log10|dL/dh_t| hist bins=60 range=(-12.00,-2.24) mean=-11.95 p50=-12.00 p05=-12.00 p95=-12.00
  [diag] sat-dist hist bins=60 sat<0.05=0.0% mean=0.967 p10=0.964 p90=0.969
Iter 0005240: train nll 1.386, valid error 075.750%, best valid error 072.750%, avg grad norm   0.259, avg grad norm (post clip)   0.273, rho_Whh  0.97, Omega  0.00, alpha  0.000, steps in the past 0.000, valid nll 1.386
  [diag] log10|dL/dh_t| hist bins=60 range=(-12.00,-2.24) mean=-11.95 p50=-12.00 p05=-12.00 p95=-12.00
  [diag] sat-dist hist bins=60 sat<0.05=0.0% mean=0.966 p10=0.963 p90=0.968
Iter 0005260: train nll 1.385, valid error 075.650%, best valid error 072.750%, avg grad norm   0.253, avg grad norm (post clip)   0.267, rho_Whh  0.97, Omega  0.00, alpha  0.000, steps in the past 0.000, valid nll 1.386
  [diag] log10|dL/dh_t| hist bins=60 range=(-12.00,-2.24) mean=-11.95 p50=-12.00 p05=-12.00 p95=-12.00
  [diag] sat-dist hist bins=60 sat<0.05=0.0% mean=0.966 p10=0.963 p90=0.968
Iter 0005280: train nll 1.386, valid error 075.350%, best valid error 072.750%, avg grad norm   0.259, avg grad norm (post clip)   0.272, rho_Whh  0.97, Omega  0.00, alpha  0.000, steps in the past 0.000, valid nll 1.386
  [diag] log10|dL/dh_t| hist bins=60 range=(-12.00,-2.24) mean=-11.95 p50=-12.00 p05=-12.00 p95=-12.00
  [diag] sat-dist hist bins=60 sat<0.05=0.0% mean=0.966 p10=0.963 p90=0.968
Iter 0005300: train nll 1.387, valid error 075.250%, best valid error 072.750%, avg grad norm   0.263, avg grad norm (post clip)   0.277, rho_Whh  0.97, Omega  0.00, alpha  0.000, steps in the past 0.000, valid nll 1.386
  [diag] log10|dL/dh_t| hist bins=60 range=(-12.00,-2.24) mean=-11.95 p50=-12.00 p05=-12.00 p95=-12.00
  [diag] sat-dist hist bins=60 sat<0.05=0.0% mean=0.967 p10=0.964 p90=0.969
Iter 0005320: train nll 1.387, valid error 075.350%, best valid error 072.750%, avg grad norm   0.235, avg grad norm (post clip)   0.249, rho_Whh  0.97, Omega  0.00, alpha  0.000, steps in the past 0.000, valid nll 1.386
  [diag] log10|dL/dh_t| hist bins=60 range=(-12.00,-2.24) mean=-11.95 p50=-12.00 p05=-12.00 p95=-12.00
  [diag] sat-dist hist bins=60 sat<0.05=0.0% mean=0.966 p10=0.963 p90=0.968
Iter 0005340: train nll 1.386, valid error 075.250%, best valid error 072.750%, avg grad norm   0.267, avg grad norm (post clip)   0.279, rho_Whh  0.98, Omega  0.00, alpha  0.000, steps in the past 0.000, valid nll 1.387
  [diag] log10|dL/dh_t| hist bins=60 range=(-12.00,-2.24) mean=-11.95 p50=-12.00 p05=-12.00 p95=-12.00
  [diag] sat-dist hist bins=60 sat<0.05=0.0% mean=0.966 p10=0.963 p90=0.968
Iter 0005360: train nll 1.387, valid error 075.250%, best valid error 072.750%, avg grad norm   0.246, avg grad norm (post clip)   0.260, rho_Whh  0.98, Omega  0.00, alpha  0.000, steps in the past 0.000, valid nll 1.387
  [diag] log10|dL/dh_t| hist bins=60 range=(-12.00,-2.24) mean=-11.95 p50=-12.00 p05=-12.00 p95=-12.00
  [diag] sat-dist hist bins=60 sat<0.05=0.0% mean=0.967 p10=0.965 p90=0.969
Iter 0005380: train nll 1.388, valid error 075.650%, best valid error 072.750%, avg grad norm   0.264, avg grad norm (post clip)   0.277, rho_Whh  0.97, Omega  0.00, alpha  0.000, steps in the past 0.000, valid nll 1.386
  [diag] log10|dL/dh_t| hist bins=60 range=(-12.00,-2.24) mean=-11.95 p50=-12.00 p05=-12.00 p95=-12.00
  [diag] sat-dist hist bins=60 sat<0.05=0.0% mean=0.967 p10=0.964 p90=0.969
Iter 0005400: train nll 1.386, valid error 076.050%, best valid error 072.750%, avg grad norm   0.250, avg grad norm (post clip)   0.264, rho_Whh  0.98, Omega  0.00, alpha  0.000, steps in the past 0.000, valid nll 1.386
  [diag] log10|dL/dh_t| hist bins=60 range=(-12.00,-2.24) mean=-11.95 p50=-12.00 p05=-12.00 p95=-12.00
  [diag] sat-dist hist bins=60 sat<0.05=0.0% mean=0.968 p10=0.965 p90=0.969
Iter 0005420: train nll 1.387, valid error 076.050%, best valid error 072.750%, avg grad norm   0.264, avg grad norm (post clip)   0.277, rho_Whh  0.97, Omega  0.00, alpha  0.000, steps in the past 0.000, valid nll 1.386
  [diag] log10|dL/dh_t| hist bins=60 range=(-12.00,-2.24) mean=-11.95 p50=-12.00 p05=-12.00 p95=-12.00
  [diag] sat-dist hist bins=60 sat<0.05=0.0% mean=0.968 p10=0.965 p90=0.970
Iter 0005440: train nll 1.387, valid error 076.000%, best valid error 072.750%, avg grad norm   0.241, avg grad norm (post clip)   0.255, rho_Whh  0.97, Omega  0.00, alpha  0.000, steps in the past 0.000, valid nll 1.386
  [diag] log10|dL/dh_t| hist bins=60 range=(-12.00,-2.24) mean=-11.95 p50=-12.00 p05=-12.00 p95=-12.00
  [diag] sat-dist hist bins=60 sat<0.05=0.0% mean=0.968 p10=0.966 p90=0.970
Iter 0005460: train nll 1.386, valid error 075.250%, best valid error 072.750%, avg grad norm   0.242, avg grad norm (post clip)   0.254, rho_Whh  0.97, Omega  0.00, alpha  0.000, steps in the past 0.000, valid nll 1.386
  [diag] log10|dL/dh_t| hist bins=60 range=(-12.00,-2.24) mean=-11.95 p50=-12.00 p05=-12.00 p95=-12.00
  [diag] sat-dist hist bins=60 sat<0.05=0.0% mean=0.968 p10=0.966 p90=0.970
Iter 0005480: train nll 1.387, valid error 075.850%, best valid error 072.750%, avg grad norm   0.253, avg grad norm (post clip)   0.266, rho_Whh  0.97, Omega  0.00, alpha  0.000, steps in the past 0.000, valid nll 1.386
  [diag] log10|dL/dh_t| hist bins=60 range=(-12.00,-2.24) mean=-11.95 p50=-12.00 p05=-12.00 p95=-12.00
  [diag] sat-dist hist bins=60 sat<0.05=0.0% mean=0.968 p10=0.965 p90=0.970
Iter 0005500: train nll 1.385, valid error 075.300%, best valid error 072.750%, avg grad norm   0.259, avg grad norm (post clip)   0.273, rho_Whh  0.97, Omega  0.00, alpha  0.000, steps in the past 0.000, valid nll 1.386
  [diag] log10|dL/dh_t| hist bins=60 range=(-12.00,-2.24) mean=-11.95 p50=-12.00 p05=-12.00 p95=-12.00
  [diag] sat-dist hist bins=60 sat<0.05=0.0% mean=0.968 p10=0.965 p90=0.970
Iter 0005520: train nll 1.387, valid error 075.750%, best valid error 072.750%, avg grad norm   0.269, avg grad norm (post clip)   0.283, rho_Whh  0.97, Omega  0.00, alpha  0.000, steps in the past 0.000, valid nll 1.386
  [diag] log10|dL/dh_t| hist bins=60 range=(-12.00,-2.24) mean=-11.95 p50=-12.00 p05=-12.00 p95=-12.00
  [diag] sat-dist hist bins=60 sat<0.05=0.0% mean=0.968 p10=0.966 p90=0.970
Iter 0005540: train nll 1.386, valid error 075.550%, best valid error 072.750%, avg grad norm   0.264, avg grad norm (post clip)   0.278, rho_Whh  0.97, Omega  0.00, alpha  0.000, steps in the past 0.000, valid nll 1.386
  [diag] log10|dL/dh_t| hist bins=60 range=(-12.00,-2.24) mean=-11.95 p50=-12.00 p05=-12.00 p95=-12.00
  [diag] sat-dist hist bins=60 sat<0.05=0.0% mean=0.969 p10=0.966 p90=0.970
Iter 0005560: train nll 1.386, valid error 075.650%, best valid error 072.750%, avg grad norm   0.240, avg grad norm (post clip)   0.253, rho_Whh  0.96, Omega  0.00, alpha  0.000, steps in the past 0.000, valid nll 1.386
  [diag] log10|dL/dh_t| hist bins=60 range=(-12.00,-2.24) mean=-11.95 p50=-12.00 p05=-12.00 p95=-12.00
  [diag] sat-dist hist bins=60 sat<0.05=0.0% mean=0.968 p10=0.966 p90=0.970
Iter 0005580: train nll 1.386, valid error 075.550%, best valid error 072.750%, avg grad norm   0.251, avg grad norm (post clip)   0.264, rho_Whh  0.96, Omega  0.00, alpha  0.000, steps in the past 0.000, valid nll 1.386
  [diag] log10|dL/dh_t| hist bins=60 range=(-12.00,-2.24) mean=-11.95 p50=-12.00 p05=-12.00 p95=-12.00
  [diag] sat-dist hist bins=60 sat<0.05=0.0% mean=0.968 p10=0.966 p90=0.970
Iter 0005600: train nll 1.387, valid error 075.500%, best valid error 072.750%, avg grad norm   0.256, avg grad norm (post clip)   0.269, rho_Whh  0.96, Omega  0.00, alpha  0.000, steps in the past 0.000, valid nll 1.386
  [diag] log10|dL/dh_t| hist bins=60 range=(-12.00,-2.24) mean=-11.95 p50=-12.00 p05=-12.00 p95=-12.00
  [diag] sat-dist hist bins=60 sat<0.05=0.0% mean=0.969 p10=0.966 p90=0.970
Iter 0005620: train nll 1.387, valid error 075.400%, best valid error 072.750%, avg grad norm   0.262, avg grad norm (post clip)   0.276, rho_Whh  0.96, Omega  0.00, alpha  0.000, steps in the past 0.000, valid nll 1.386
  [diag] log10|dL/dh_t| hist bins=60 range=(-12.00,-2.24) mean=-11.95 p50=-12.00 p05=-12.00 p95=-12.00
  [diag] sat-dist hist bins=60 sat<0.05=0.0% mean=0.969 p10=0.967 p90=0.971
Iter 0005640: train nll 1.387, valid error 075.200%, best valid error 072.750%, avg grad norm   0.237, avg grad norm (post clip)   0.251, rho_Whh  0.97, Omega  0.00, alpha  0.000, steps in the past 0.000, valid nll 1.386
  [diag] log10|dL/dh_t| hist bins=60 range=(-12.00,-2.24) mean=-11.95 p50=-12.00 p05=-12.00 p95=-12.00
  [diag] sat-dist hist bins=60 sat<0.05=0.0% mean=0.969 p10=0.967 p90=0.971
Iter 0005660: train nll 1.386, valid error 075.600%, best valid error 072.750%, avg grad norm   0.246, avg grad norm (post clip)   0.259, rho_Whh  0.97, Omega  0.00, alpha  0.000, steps in the past 0.000, valid nll 1.386
  [diag] log10|dL/dh_t| hist bins=60 range=(-12.00,-2.24) mean=-11.95 p50=-12.00 p05=-12.00 p95=-12.00
  [diag] sat-dist hist bins=60 sat<0.05=0.0% mean=0.969 p10=0.967 p90=0.971
Iter 0005680: train nll 1.387, valid error 075.450%, best valid error 072.750%, avg grad norm   0.233, avg grad norm (post clip)   0.246, rho_Whh  0.97, Omega  0.00, alpha  0.000, steps in the past 0.000, valid nll 1.386
  [diag] log10|dL/dh_t| hist bins=60 range=(-12.00,-2.24) mean=-11.95 p50=-12.00 p05=-12.00 p95=-12.00
  [diag] sat-dist hist bins=60 sat<0.05=0.0% mean=0.969 p10=0.967 p90=0.971
Iter 0005700: train nll 1.386, valid error 075.500%, best valid error 072.750%, avg grad norm   0.259, avg grad norm (post clip)   0.272, rho_Whh  0.97, Omega  0.00, alpha  0.000, steps in the past 0.000, valid nll 1.386
  [diag] log10|dL/dh_t| hist bins=60 range=(-12.00,-2.24) mean=-11.95 p50=-12.00 p05=-12.00 p95=-12.00
  [diag] sat-dist hist bins=60 sat<0.05=0.0% mean=0.969 p10=0.967 p90=0.971
Iter 0005720: train nll 1.387, valid error 074.900%, best valid error 072.750%, avg grad norm   0.246, avg grad norm (post clip)   0.260, rho_Whh  0.97, Omega  0.00, alpha  0.000, steps in the past 0.000, valid nll 1.386
  [diag] log10|dL/dh_t| hist bins=60 range=(-12.00,-2.24) mean=-11.95 p50=-12.00 p05=-12.00 p95=-12.00
  [diag] sat-dist hist bins=60 sat<0.05=0.0% mean=0.969 p10=0.967 p90=0.971
Iter 0005740: train nll 1.386, valid error 074.600%, best valid error 072.750%, avg grad norm   0.241, avg grad norm (post clip)   0.254, rho_Whh  0.96, Omega  0.00, alpha  0.000, steps in the past 0.000, valid nll 1.386
  [diag] log10|dL/dh_t| hist bins=60 range=(-12.00,-2.24) mean=-11.95 p50=-12.00 p05=-12.00 p95=-12.00
  [diag] sat-dist hist bins=60 sat<0.05=0.0% mean=0.970 p10=0.967 p90=0.971
Iter 0005760: train nll 1.387, valid error 074.550%, best valid error 072.750%, avg grad norm   0.273, avg grad norm (post clip)   0.286, rho_Whh  0.96, Omega  0.00, alpha  0.000, steps in the past 0.000, valid nll 1.386
  [diag] log10|dL/dh_t| hist bins=60 range=(-12.00,-2.24) mean=-11.95 p50=-12.00 p05=-12.00 p95=-12.00
  [diag] sat-dist hist bins=60 sat<0.05=0.0% mean=0.970 p10=0.967 p90=0.971
Iter 0005780: train nll 1.386, valid error 074.600%, best valid error 072.750%, avg grad norm   0.208, avg grad norm (post clip)   0.222, rho_Whh  0.96, Omega  0.00, alpha  0.000, steps in the past 0.000, valid nll 1.386
  [diag] log10|dL/dh_t| hist bins=60 range=(-12.00,-2.24) mean=-11.95 p50=-12.00 p05=-12.00 p95=-12.00
  [diag] sat-dist hist bins=60 sat<0.05=0.0% mean=0.970 p10=0.967 p90=0.971
Iter 0005800: train nll 1.387, valid error 074.700%, best valid error 072.750%, avg grad norm   0.233, avg grad norm (post clip)   0.244, rho_Whh  0.96, Omega  0.00, alpha  0.000, steps in the past 0.000, valid nll 1.386
  [diag] log10|dL/dh_t| hist bins=60 range=(-12.00,-2.24) mean=-11.95 p50=-12.00 p05=-12.00 p95=-12.00
  [diag] sat-dist hist bins=60 sat<0.05=0.0% mean=0.969 p10=0.967 p90=0.971
Iter 0005820: train nll 1.386, valid error 075.250%, best valid error 072.750%, avg grad norm   0.238, avg grad norm (post clip)   0.251, rho_Whh  0.96, Omega  0.00, alpha  0.000, steps in the past 0.000, valid nll 1.386
  [diag] log10|dL/dh_t| hist bins=60 range=(-12.00,-2.24) mean=-11.95 p50=-12.00 p05=-12.00 p95=-12.00
  [diag] sat-dist hist bins=60 sat<0.05=0.0% mean=0.969 p10=0.967 p90=0.971
Iter 0005840: train nll 1.386, valid error 075.400%, best valid error 072.750%, avg grad norm   0.239, avg grad norm (post clip)   0.251, rho_Whh  0.96, Omega  0.00, alpha  0.000, steps in the past 0.000, valid nll 1.386
  [diag] log10|dL/dh_t| hist bins=60 range=(-12.00,-2.24) mean=-11.95 p50=-12.00 p05=-12.00 p95=-12.00
  [diag] sat-dist hist bins=60 sat<0.05=0.0% mean=0.969 p10=0.967 p90=0.971
Iter 0005860: train nll 1.385, valid error 075.350%, best valid error 072.750%, avg grad norm   0.257, avg grad norm (post clip)   0.270, rho_Whh  0.96, Omega  0.00, alpha  0.000, steps in the past 0.000, valid nll 1.386
  [diag] log10|dL/dh_t| hist bins=60 range=(-12.00,-2.24) mean=-11.95 p50=-12.00 p05=-12.00 p95=-12.00
  [diag] sat-dist hist bins=60 sat<0.05=0.0% mean=0.969 p10=0.967 p90=0.971
Iter 0005880: train nll 1.387, valid error 075.500%, best valid error 072.750%, avg grad norm   0.252, avg grad norm (post clip)   0.265, rho_Whh  0.96, Omega  0.00, alpha  0.000, steps in the past 0.000, valid nll 1.386
  [diag] log10|dL/dh_t| hist bins=60 range=(-12.00,-2.24) mean=-11.95 p50=-12.00 p05=-12.00 p95=-12.00
  [diag] sat-dist hist bins=60 sat<0.05=0.0% mean=0.969 p10=0.967 p90=0.971
Iter 0005900: train nll 1.386, valid error 075.300%, best valid error 072.750%, avg grad norm   0.274, avg grad norm (post clip)   0.287, rho_Whh  0.97, Omega  0.00, alpha  0.000, steps in the past 0.000, valid nll 1.386
  [diag] log10|dL/dh_t| hist bins=60 range=(-12.00,-2.24) mean=-11.95 p50=-12.00 p05=-12.00 p95=-12.00
  [diag] sat-dist hist bins=60 sat<0.05=0.0% mean=0.970 p10=0.967 p90=0.971
Iter 0005920: train nll 1.387, valid error 075.300%, best valid error 072.750%, avg grad norm   0.237, avg grad norm (post clip)   0.251, rho_Whh  0.97, Omega  0.00, alpha  0.000, steps in the past 0.000, valid nll 1.386
  [diag] log10|dL/dh_t| hist bins=60 range=(-12.00,-2.24) mean=-11.95 p50=-12.00 p05=-12.00 p95=-12.00
  [diag] sat-dist hist bins=60 sat<0.05=0.0% mean=0.969 p10=0.967 p90=0.971
Iter 0005940: train nll 1.385, valid error 075.500%, best valid error 072.750%, avg grad norm   0.238, avg grad norm (post clip)   0.251, rho_Whh  0.97, Omega  0.00, alpha  0.000, steps in the past 0.000, valid nll 1.386
  [diag] log10|dL/dh_t| hist bins=60 range=(-12.00,-2.24) mean=-11.95 p50=-12.00 p05=-12.00 p95=-12.00
  [diag] sat-dist hist bins=60 sat<0.05=0.0% mean=0.969 p10=0.966 p90=0.970
Iter 0005960: train nll 1.384, valid error 074.750%, best valid error 072.750%, avg grad norm   0.255, avg grad norm (post clip)   0.267, rho_Whh  0.97, Omega  0.00, alpha  0.000, steps in the past 0.000, valid nll 1.386
  [diag] log10|dL/dh_t| hist bins=60 range=(-12.00,-2.24) mean=-11.95 p50=-12.00 p05=-12.00 p95=-12.00
  [diag] sat-dist hist bins=60 sat<0.05=0.0% mean=0.969 p10=0.967 p90=0.971
Iter 0005980: train nll 1.387, valid error 074.250%, best valid error 072.750%, avg grad norm   0.234, avg grad norm (post clip)   0.248, rho_Whh  0.97, Omega  0.00, alpha  0.000, steps in the past 0.000, valid nll 1.386
  [diag] log10|dL/dh_t| hist bins=60 range=(-12.00,-2.24) mean=-11.95 p50=-12.00 p05=-12.00 p95=-12.00
  [diag] sat-dist hist bins=60 sat<0.05=0.0% mean=0.969 p10=0.967 p90=0.971
Iter 0006000: train nll 1.388, valid error 074.600%, best valid error 072.750%, avg grad norm   0.252, avg grad norm (post clip)   0.264, rho_Whh  0.97, Omega  0.00, alpha  0.000, steps in the past 0.000, valid nll 1.386
  [diag] log10|dL/dh_t| hist bins=60 range=(-12.00,-2.24) mean=-11.95 p50=-12.00 p05=-12.00 p95=-12.00
  [diag] sat-dist hist bins=60 sat<0.05=0.0% mean=0.969 p10=0.967 p90=0.971
Iter 0006020: train nll 1.385, valid error 074.000%, best valid error 072.750%, avg grad norm   0.233, avg grad norm (post clip)   0.246, rho_Whh  0.97, Omega  0.00, alpha  0.000, steps in the past 0.000, valid nll 1.386
  [diag] log10|dL/dh_t| hist bins=60 range=(-12.00,-2.24) mean=-11.95 p50=-12.00 p05=-12.00 p95=-12.00
  [diag] sat-dist hist bins=60 sat<0.05=0.0% mean=0.969 p10=0.967 p90=0.971
Iter 0006040: train nll 1.387, valid error 074.700%, best valid error 072.750%, avg grad norm   0.267, avg grad norm (post clip)   0.279, rho_Whh  0.97, Omega  0.00, alpha  0.000, steps in the past 0.000, valid nll 1.386
  [diag] log10|dL/dh_t| hist bins=60 range=(-12.00,-2.24) mean=-11.95 p50=-12.00 p05=-12.00 p95=-12.00
  [diag] sat-dist hist bins=60 sat<0.05=0.0% mean=0.969 p10=0.967 p90=0.971
Iter 0006060: train nll 1.386, valid error 074.250%, best valid error 072.750%, avg grad norm   0.263, avg grad norm (post clip)   0.277, rho_Whh  0.96, Omega  0.00, alpha  0.000, steps in the past 0.000, valid nll 1.386
  [diag] log10|dL/dh_t| hist bins=60 range=(-12.00,-2.23) mean=-11.95 p50=-12.00 p05=-12.00 p95=-12.00
  [diag] sat-dist hist bins=60 sat<0.05=0.0% mean=0.969 p10=0.966 p90=0.970
Iter 0006080: train nll 1.386, valid error 073.800%, best valid error 072.750%, avg grad norm   0.237, avg grad norm (post clip)   0.251, rho_Whh  0.96, Omega  0.00, alpha  0.000, steps in the past 0.000, valid nll 1.386
  [diag] log10|dL/dh_t| hist bins=60 range=(-12.00,-2.24) mean=-11.95 p50=-12.00 p05=-12.00 p95=-12.00
  [diag] sat-dist hist bins=60 sat<0.05=0.0% mean=0.969 p10=0.966 p90=0.970
Iter 0006100: train nll 1.386, valid error 074.300%, best valid error 072.750%, avg grad norm   0.257, avg grad norm (post clip)   0.270, rho_Whh  0.96, Omega  0.00, alpha  0.000, steps in the past 0.000, valid nll 1.387
  [diag] log10|dL/dh_t| hist bins=60 range=(-12.00,-2.24) mean=-11.95 p50=-12.00 p05=-12.00 p95=-12.00
  [diag] sat-dist hist bins=60 sat<0.05=0.0% mean=0.969 p10=0.967 p90=0.971
Iter 0006120: train nll 1.388, valid error 073.950%, best valid error 072.750%, avg grad norm   0.242, avg grad norm (post clip)   0.255, rho_Whh  0.96, Omega  0.00, alpha  0.000, steps in the past 0.000, valid nll 1.386
  [diag] log10|dL/dh_t| hist bins=60 range=(-12.00,-2.24) mean=-11.95 p50=-12.00 p05=-12.00 p95=-12.00
  [diag] sat-dist hist bins=60 sat<0.05=0.0% mean=0.970 p10=0.967 p90=0.971
Iter 0006140: train nll 1.387, valid error 075.250%, best valid error 072.750%, avg grad norm   0.254, avg grad norm (post clip)   0.266, rho_Whh  0.96, Omega  0.00, alpha  0.000, steps in the past 0.000, valid nll 1.386
  [diag] log10|dL/dh_t| hist bins=60 range=(-12.00,-2.24) mean=-11.95 p50=-12.00 p05=-12.00 p95=-12.00
  [diag] sat-dist hist bins=60 sat<0.05=0.0% mean=0.970 p10=0.967 p90=0.971
Iter 0006160: train nll 1.388, valid error 075.000%, best valid error 072.750%, avg grad norm   0.244, avg grad norm (post clip)   0.257, rho_Whh  0.96, Omega  0.00, alpha  0.000, steps in the past 0.000, valid nll 1.386
  [diag] log10|dL/dh_t| hist bins=60 range=(-12.00,-2.24) mean=-11.95 p50=-12.00 p05=-12.00 p95=-12.00
  [diag] sat-dist hist bins=60 sat<0.05=0.0% mean=0.969 p10=0.967 p90=0.971
Iter 0006180: train nll 1.387, valid error 074.750%, best valid error 072.750%, avg grad norm   0.256, avg grad norm (post clip)   0.269, rho_Whh  0.97, Omega  0.00, alpha  0.000, steps in the past 0.000, valid nll 1.386
  [diag] log10|dL/dh_t| hist bins=60 range=(-12.00,-2.24) mean=-11.95 p50=-12.00 p05=-12.00 p95=-12.00
  [diag] sat-dist hist bins=60 sat<0.05=0.0% mean=0.969 p10=0.967 p90=0.971
Iter 0006200: train nll 1.386, valid error 074.500%, best valid error 072.750%, avg grad norm   0.247, avg grad norm (post clip)   0.260, rho_Whh  0.97, Omega  0.00, alpha  0.000, steps in the past 0.000, valid nll 1.386
  [diag] log10|dL/dh_t| hist bins=60 range=(-12.00,-2.24) mean=-11.95 p50=-12.00 p05=-12.00 p95=-12.00
  [diag] sat-dist hist bins=60 sat<0.05=0.0% mean=0.969 p10=0.967 p90=0.971
Iter 0006220: train nll 1.386, valid error 074.500%, best valid error 072.750%, avg grad norm   0.265, avg grad norm (post clip)   0.278, rho_Whh  0.97, Omega  0.00, alpha  0.000, steps in the past 0.000, valid nll 1.386
  [diag] log10|dL/dh_t| hist bins=60 range=(-12.00,-2.24) mean=-11.95 p50=-12.00 p05=-12.00 p95=-12.00
  [diag] sat-dist hist bins=60 sat<0.05=0.0% mean=0.970 p10=0.967 p90=0.971
Iter 0006240: train nll 1.387, valid error 074.800%, best valid error 072.750%, avg grad norm   0.249, avg grad norm (post clip)   0.263, rho_Whh  0.97, Omega  0.00, alpha  0.000, steps in the past 0.000, valid nll 1.386
  [diag] log10|dL/dh_t| hist bins=60 range=(-12.00,-2.24) mean=-11.95 p50=-12.00 p05=-12.00 p95=-12.00
  [diag] sat-dist hist bins=60 sat<0.05=0.0% mean=0.970 p10=0.968 p90=0.971
Iter 0006260: train nll 1.386, valid error 074.850%, best valid error 072.750%, avg grad norm   0.221, avg grad norm (post clip)   0.234, rho_Whh  0.97, Omega  0.00, alpha  0.000, steps in the past 0.000, valid nll 1.386
  [diag] log10|dL/dh_t| hist bins=60 range=(-12.00,-2.24) mean=-11.95 p50=-12.00 p05=-12.00 p95=-12.00
  [diag] sat-dist hist bins=60 sat<0.05=0.0% mean=0.970 p10=0.968 p90=0.971
Iter 0006280: train nll 1.386, valid error 075.000%, best valid error 072.750%, avg grad norm   0.251, avg grad norm (post clip)   0.263, rho_Whh  0.97, Omega  0.00, alpha  0.000, steps in the past 0.000, valid nll 1.386
  [diag] log10|dL/dh_t| hist bins=60 range=(-12.00,-2.24) mean=-11.95 p50=-12.00 p05=-12.00 p95=-12.00
  [diag] sat-dist hist bins=60 sat<0.05=0.0% mean=0.970 p10=0.968 p90=0.972
Iter 0006300: train nll 1.387, valid error 074.550%, best valid error 072.750%, avg grad norm   0.229, avg grad norm (post clip)   0.242, rho_Whh  0.97, Omega  0.00, alpha  0.000, steps in the past 0.000, valid nll 1.386
  [diag] log10|dL/dh_t| hist bins=60 range=(-12.00,-2.24) mean=-11.95 p50=-12.00 p05=-12.00 p95=-12.00
  [diag] sat-dist hist bins=60 sat<0.05=0.0% mean=0.970 p10=0.968 p90=0.971
Iter 0006320: train nll 1.385, valid error 074.300%, best valid error 072.750%, avg grad norm   0.227, avg grad norm (post clip)   0.239, rho_Whh  0.96, Omega  0.00, alpha  0.000, steps in the past 0.000, valid nll 1.386
  [diag] log10|dL/dh_t| hist bins=60 range=(-12.00,-2.24) mean=-11.95 p50=-12.00 p05=-12.00 p95=-12.00
  [diag] sat-dist hist bins=60 sat<0.05=0.0% mean=0.970 p10=0.968 p90=0.971
Iter 0006340: train nll 1.387, valid error 075.150%, best valid error 072.750%, avg grad norm   0.245, avg grad norm (post clip)   0.257, rho_Whh  0.97, Omega  0.00, alpha  0.000, steps in the past 0.000, valid nll 1.386
  [diag] log10|dL/dh_t| hist bins=60 range=(-12.00,-2.24) mean=-11.95 p50=-12.00 p05=-12.00 p95=-12.00
  [diag] sat-dist hist bins=60 sat<0.05=0.0% mean=0.970 p10=0.968 p90=0.972
Iter 0006360: train nll 1.387, valid error 074.550%, best valid error 072.750%, avg grad norm   0.229, avg grad norm (post clip)   0.242, rho_Whh  0.97, Omega  0.00, alpha  0.000, steps in the past 0.000, valid nll 1.386
  [diag] log10|dL/dh_t| hist bins=60 range=(-12.00,-2.24) mean=-11.95 p50=-12.00 p05=-12.00 p95=-12.00
  [diag] sat-dist hist bins=60 sat<0.05=0.0% mean=0.970 p10=0.968 p90=0.972
Iter 0006380: train nll 1.386, valid error 074.200%, best valid error 072.750%, avg grad norm   0.236, avg grad norm (post clip)   0.248, rho_Whh  0.97, Omega  0.00, alpha  0.000, steps in the past 0.000, valid nll 1.386
  [diag] log10|dL/dh_t| hist bins=60 range=(-12.00,-2.24) mean=-11.95 p50=-12.00 p05=-12.00 p95=-12.00
  [diag] sat-dist hist bins=60 sat<0.05=0.0% mean=0.970 p10=0.968 p90=0.971
Iter 0006400: train nll 1.386, valid error 074.300%, best valid error 072.750%, avg grad norm   0.243, avg grad norm (post clip)   0.255, rho_Whh  0.97, Omega  0.00, alpha  0.000, steps in the past 0.000, valid nll 1.386
  [diag] log10|dL/dh_t| hist bins=60 range=(-12.00,-2.24) mean=-11.95 p50=-12.00 p05=-12.00 p95=-12.00
  [diag] sat-dist hist bins=60 sat<0.05=0.0% mean=0.970 p10=0.968 p90=0.972
Iter 0006420: train nll 1.388, valid error 074.600%, best valid error 072.750%, avg grad norm   0.259, avg grad norm (post clip)   0.272, rho_Whh  0.97, Omega  0.00, alpha  0.000, steps in the past 0.000, valid nll 1.386
  [diag] log10|dL/dh_t| hist bins=60 range=(-12.00,-2.24) mean=-11.95 p50=-12.00 p05=-12.00 p95=-12.00
  [diag] sat-dist hist bins=60 sat<0.05=0.0% mean=0.970 p10=0.968 p90=0.972
Iter 0006440: train nll 1.388, valid error 074.400%, best valid error 072.750%, avg grad norm   0.237, avg grad norm (post clip)   0.251, rho_Whh  0.96, Omega  0.00, alpha  0.000, steps in the past 0.000, valid nll 1.386
  [diag] log10|dL/dh_t| hist bins=60 range=(-12.00,-2.24) mean=-11.95 p50=-12.00 p05=-12.00 p95=-12.00
  [diag] sat-dist hist bins=60 sat<0.05=0.0% mean=0.971 p10=0.968 p90=0.972
Iter 0006460: train nll 1.387, valid error 074.300%, best valid error 072.750%, avg grad norm   0.233, avg grad norm (post clip)   0.246, rho_Whh  0.96, Omega  0.00, alpha  0.000, steps in the past 0.000, valid nll 1.386
  [diag] log10|dL/dh_t| hist bins=60 range=(-12.00,-2.24) mean=-11.95 p50=-12.00 p05=-12.00 p95=-12.00
  [diag] sat-dist hist bins=60 sat<0.05=0.0% mean=0.971 p10=0.969 p90=0.972
Iter 0006480: train nll 1.387, valid error 074.850%, best valid error 072.750%, avg grad norm   0.231, avg grad norm (post clip)   0.244, rho_Whh  0.96, Omega  0.00, alpha  0.000, steps in the past 0.000, valid nll 1.386
  [diag] log10|dL/dh_t| hist bins=60 range=(-12.00,-2.24) mean=-11.95 p50=-12.00 p05=-12.00 p95=-12.00
  [diag] sat-dist hist bins=60 sat<0.05=0.0% mean=0.971 p10=0.969 p90=0.972
Iter 0006500: train nll 1.387, valid error 075.250%, best valid error 072.750%, avg grad norm   0.249, avg grad norm (post clip)   0.262, rho_Whh  0.96, Omega  0.00, alpha  0.000, steps in the past 0.000, valid nll 1.386
  [diag] log10|dL/dh_t| hist bins=60 range=(-12.00,-2.24) mean=-11.95 p50=-12.00 p05=-12.00 p95=-12.00
  [diag] sat-dist hist bins=60 sat<0.05=0.0% mean=0.971 p10=0.968 p90=0.972
Iter 0006520: train nll 1.386, valid error 074.900%, best valid error 072.750%, avg grad norm   0.259, avg grad norm (post clip)   0.272, rho_Whh  0.97, Omega  0.00, alpha  0.000, steps in the past 0.000, valid nll 1.386
  [diag] log10|dL/dh_t| hist bins=60 range=(-12.00,-2.24) mean=-11.95 p50=-12.00 p05=-12.00 p95=-12.00
  [diag] sat-dist hist bins=60 sat<0.05=0.0% mean=0.971 p10=0.968 p90=0.972
Iter 0006540: train nll 1.386, valid error 074.750%, best valid error 072.750%, avg grad norm   0.254, avg grad norm (post clip)   0.268, rho_Whh  0.97, Omega  0.00, alpha  0.000, steps in the past 0.000, valid nll 1.386
  [diag] log10|dL/dh_t| hist bins=60 range=(-12.00,-2.24) mean=-11.95 p50=-12.00 p05=-12.00 p95=-12.00
  [diag] sat-dist hist bins=60 sat<0.05=0.0% mean=0.971 p10=0.968 p90=0.972
Iter 0006560: train nll 1.387, valid error 074.600%, best valid error 072.750%, avg grad norm   0.237, avg grad norm (post clip)   0.251, rho_Whh  0.96, Omega  0.00, alpha  0.000, steps in the past 0.000, valid nll 1.386
  [diag] log10|dL/dh_t| hist bins=60 range=(-12.00,-2.24) mean=-11.95 p50=-12.00 p05=-12.00 p95=-12.00
  [diag] sat-dist hist bins=60 sat<0.05=0.0% mean=0.971 p10=0.969 p90=0.972
Iter 0006580: train nll 1.387, valid error 075.400%, best valid error 072.750%, avg grad norm   0.236, avg grad norm (post clip)   0.248, rho_Whh  0.96, Omega  0.00, alpha  0.000, steps in the past 0.000, valid nll 1.386
  [diag] log10|dL/dh_t| hist bins=60 range=(-12.00,-2.24) mean=-11.95 p50=-12.00 p05=-12.00 p95=-12.00
  [diag] sat-dist hist bins=60 sat<0.05=0.0% mean=0.971 p10=0.969 p90=0.972
Iter 0006600: train nll 1.386, valid error 074.650%, best valid error 072.750%, avg grad norm   0.232, avg grad norm (post clip)   0.244, rho_Whh  0.96, Omega  0.00, alpha  0.000, steps in the past 0.000, valid nll 1.386
  [diag] log10|dL/dh_t| hist bins=60 range=(-12.00,-2.24) mean=-11.95 p50=-12.00 p05=-12.00 p95=-12.00
  [diag] sat-dist hist bins=60 sat<0.05=0.0% mean=0.971 p10=0.968 p90=0.972
Iter 0006620: train nll 1.386, valid error 074.900%, best valid error 072.750%, avg grad norm   0.226, avg grad norm (post clip)   0.238, rho_Whh  0.97, Omega  0.00, alpha  0.000, steps in the past 0.000, valid nll 1.386
  [diag] log10|dL/dh_t| hist bins=60 range=(-12.00,-2.24) mean=-11.95 p50=-12.00 p05=-12.00 p95=-12.00
  [diag] sat-dist hist bins=60 sat<0.05=0.0% mean=0.971 p10=0.969 p90=0.972
Iter 0006640: train nll 1.387, valid error 074.500%, best valid error 072.750%, avg grad norm   0.245, avg grad norm (post clip)   0.257, rho_Whh  0.96, Omega  0.00, alpha  0.000, steps in the past 0.000, valid nll 1.386
  [diag] log10|dL/dh_t| hist bins=60 range=(-12.00,-2.24) mean=-11.95 p50=-12.00 p05=-12.00 p95=-12.00
  [diag] sat-dist hist bins=60 sat<0.05=0.0% mean=0.971 p10=0.969 p90=0.972
Iter 0006660: train nll 1.387, valid error 073.700%, best valid error 072.750%, avg grad norm   0.250, avg grad norm (post clip)   0.263, rho_Whh  0.97, Omega  0.00, alpha  0.000, steps in the past 0.000, valid nll 1.386
  [diag] log10|dL/dh_t| hist bins=60 range=(-12.00,-2.24) mean=-11.95 p50=-12.00 p05=-12.00 p95=-12.00
  [diag] sat-dist hist bins=60 sat<0.05=0.0% mean=0.971 p10=0.968 p90=0.972
Iter 0006680: train nll 1.387, valid error 074.650%, best valid error 072.750%, avg grad norm   0.229, avg grad norm (post clip)   0.242, rho_Whh  0.97, Omega  0.00, alpha  0.000, steps in the past 0.000, valid nll 1.386
  [diag] log10|dL/dh_t| hist bins=60 range=(-12.00,-2.24) mean=-11.95 p50=-12.00 p05=-12.00 p95=-12.00
  [diag] sat-dist hist bins=60 sat<0.05=0.0% mean=0.971 p10=0.968 p90=0.972
Iter 0006700: train nll 1.386, valid error 074.750%, best valid error 072.750%, avg grad norm   0.218, avg grad norm (post clip)   0.230, rho_Whh  0.97, Omega  0.00, alpha  0.000, steps in the past 0.000, valid nll 1.386
  [diag] log10|dL/dh_t| hist bins=60 range=(-12.00,-2.24) mean=-11.95 p50=-12.00 p05=-12.00 p95=-12.00
  [diag] sat-dist hist bins=60 sat<0.05=0.0% mean=0.971 p10=0.969 p90=0.972
Iter 0006720: train nll 1.386, valid error 075.000%, best valid error 072.750%, avg grad norm   0.256, avg grad norm (post clip)   0.268, rho_Whh  0.97, Omega  0.00, alpha  0.000, steps in the past 0.000, valid nll 1.386
  [diag] log10|dL/dh_t| hist bins=60 range=(-12.00,-2.24) mean=-11.95 p50=-12.00 p05=-12.00 p95=-12.00
  [diag] sat-dist hist bins=60 sat<0.05=0.0% mean=0.971 p10=0.969 p90=0.972
Iter 0006740: train nll 1.386, valid error 075.100%, best valid error 072.750%, avg grad norm   0.253, avg grad norm (post clip)   0.267, rho_Whh  0.97, Omega  0.00, alpha  0.000, steps in the past 0.000, valid nll 1.386
  [diag] log10|dL/dh_t| hist bins=60 range=(-12.00,-2.24) mean=-11.95 p50=-12.00 p05=-12.00 p95=-12.00
  [diag] sat-dist hist bins=60 sat<0.05=0.0% mean=0.970 p10=0.968 p90=0.972
Iter 0006760: train nll 1.387, valid error 075.200%, best valid error 072.750%, avg grad norm   0.246, avg grad norm (post clip)   0.260, rho_Whh  0.97, Omega  0.00, alpha  0.000, steps in the past 0.000, valid nll 1.386
  [diag] log10|dL/dh_t| hist bins=60 range=(-12.00,-2.24) mean=-11.95 p50=-12.00 p05=-12.00 p95=-12.00
  [diag] sat-dist hist bins=60 sat<0.05=0.0% mean=0.970 p10=0.968 p90=0.972
Iter 0006780: train nll 1.386, valid error 074.950%, best valid error 072.750%, avg grad norm   0.223, avg grad norm (post clip)   0.236, rho_Whh  0.97, Omega  0.00, alpha  0.000, steps in the past 0.000, valid nll 1.386
  [diag] log10|dL/dh_t| hist bins=60 range=(-12.00,-2.24) mean=-11.95 p50=-12.00 p05=-12.00 p95=-12.00
  [diag] sat-dist hist bins=60 sat<0.05=0.0% mean=0.970 p10=0.968 p90=0.972
Iter 0006800: train nll 1.386, valid error 074.150%, best valid error 072.750%, avg grad norm   0.251, avg grad norm (post clip)   0.263, rho_Whh  0.97, Omega  0.00, alpha  0.000, steps in the past 0.000, valid nll 1.386
  [diag] log10|dL/dh_t| hist bins=60 range=(-12.00,-2.24) mean=-11.95 p50=-12.00 p05=-12.00 p95=-12.00
  [diag] sat-dist hist bins=60 sat<0.05=0.0% mean=0.970 p10=0.968 p90=0.972
Iter 0006820: train nll 1.386, valid error 074.250%, best valid error 072.750%, avg grad norm   0.243, avg grad norm (post clip)   0.256, rho_Whh  0.97, Omega  0.00, alpha  0.000, steps in the past 0.000, valid nll 1.386
  [diag] log10|dL/dh_t| hist bins=60 range=(-12.00,-2.24) mean=-11.95 p50=-12.00 p05=-12.00 p95=-12.00
  [diag] sat-dist hist bins=60 sat<0.05=0.0% mean=0.970 p10=0.968 p90=0.972
Iter 0006840: train nll 1.388, valid error 074.550%, best valid error 072.750%, avg grad norm   0.270, avg grad norm (post clip)   0.283, rho_Whh  0.97, Omega  0.00, alpha  0.000, steps in the past 0.000, valid nll 1.386
  [diag] log10|dL/dh_t| hist bins=60 range=(-12.00,-2.24) mean=-11.95 p50=-12.00 p05=-12.00 p95=-12.00
  [diag] sat-dist hist bins=60 sat<0.05=0.0% mean=0.970 p10=0.968 p90=0.972
Iter 0006860: train nll 1.387, valid error 074.900%, best valid error 072.750%, avg grad norm   0.209, avg grad norm (post clip)   0.223, rho_Whh  0.97, Omega  0.00, alpha  0.000, steps in the past 0.000, valid nll 1.386
  [diag] log10|dL/dh_t| hist bins=60 range=(-12.00,-2.24) mean=-11.95 p50=-12.00 p05=-12.00 p95=-12.00
  [diag] sat-dist hist bins=60 sat<0.05=0.0% mean=0.970 p10=0.968 p90=0.972
Iter 0006880: train nll 1.387, valid error 074.800%, best valid error 072.750%, avg grad norm   0.224, avg grad norm (post clip)   0.235, rho_Whh  0.97, Omega  0.00, alpha  0.000, steps in the past 0.000, valid nll 1.386
  [diag] log10|dL/dh_t| hist bins=60 range=(-12.00,-2.24) mean=-11.95 p50=-12.00 p05=-12.00 p95=-12.00
  [diag] sat-dist hist bins=60 sat<0.05=0.0% mean=0.971 p10=0.969 p90=0.972
Iter 0006900: train nll 1.387, valid error 074.950%, best valid error 072.750%, avg grad norm   0.243, avg grad norm (post clip)   0.255, rho_Whh  0.97, Omega  0.00, alpha  0.000, steps in the past 0.000, valid nll 1.386
  [diag] log10|dL/dh_t| hist bins=60 range=(-12.00,-2.24) mean=-11.95 p50=-12.00 p05=-12.00 p95=-12.00
  [diag] sat-dist hist bins=60 sat<0.05=0.0% mean=0.970 p10=0.968 p90=0.972
Iter 0006920: train nll 1.386, valid error 074.350%, best valid error 072.750%, avg grad norm   0.254, avg grad norm (post clip)   0.267, rho_Whh  0.97, Omega  0.00, alpha  0.000, steps in the past 0.000, valid nll 1.386
  [diag] log10|dL/dh_t| hist bins=60 range=(-12.00,-2.24) mean=-11.95 p50=-12.00 p05=-12.00 p95=-12.00
  [diag] sat-dist hist bins=60 sat<0.05=0.0% mean=0.970 p10=0.968 p90=0.972
Iter 0006940: train nll 1.386, valid error 072.850%, best valid error 072.750%, avg grad norm   0.243, avg grad norm (post clip)   0.256, rho_Whh  0.97, Omega  0.00, alpha  0.000, steps in the past 0.000, valid nll 1.386
  [diag] log10|dL/dh_t| hist bins=60 range=(-12.00,-2.24) mean=-11.95 p50=-12.00 p05=-12.00 p95=-12.00
  [diag] sat-dist hist bins=60 sat<0.05=0.0% mean=0.970 p10=0.968 p90=0.972
Iter 0006960: train nll 1.387, valid error 074.300%, best valid error 072.750%, avg grad norm   0.236, avg grad norm (post clip)   0.249, rho_Whh  0.97, Omega  0.00, alpha  0.000, steps in the past 0.000, valid nll 1.386
  [diag] log10|dL/dh_t| hist bins=60 range=(-12.00,-2.24) mean=-11.95 p50=-12.00 p05=-12.00 p95=-12.00
  [diag] sat-dist hist bins=60 sat<0.05=0.0% mean=0.970 p10=0.968 p90=0.972
Iter 0006980: train nll 1.387, valid error 073.450%, best valid error 072.750%, avg grad norm   0.228, avg grad norm (post clip)   0.241, rho_Whh  0.97, Omega  0.00, alpha  0.000, steps in the past 0.000, valid nll 1.386
  [diag] log10|dL/dh_t| hist bins=60 range=(-12.00,-2.24) mean=-11.95 p50=-12.00 p05=-12.00 p95=-12.00
  [diag] sat-dist hist bins=60 sat<0.05=0.0% mean=0.970 p10=0.968 p90=0.972
Iter 0007000: train nll 1.386, valid error 074.150%, best valid error 072.750%, avg grad norm   0.228, avg grad norm (post clip)   0.240, rho_Whh  0.97, Omega  0.00, alpha  0.000, steps in the past 0.000, valid nll 1.386
  [diag] log10|dL/dh_t| hist bins=60 range=(-12.00,-2.24) mean=-11.95 p50=-12.00 p05=-12.00 p95=-12.00
  [diag] sat-dist hist bins=60 sat<0.05=0.0% mean=0.970 p10=0.968 p90=0.972
Iter 0007020: train nll 1.386, valid error 074.300%, best valid error 072.750%, avg grad norm   0.213, avg grad norm (post clip)   0.225, rho_Whh  0.97, Omega  0.00, alpha  0.000, steps in the past 0.000, valid nll 1.386
  [diag] log10|dL/dh_t| hist bins=60 range=(-12.00,-2.24) mean=-11.95 p50=-12.00 p05=-12.00 p95=-12.00
  [diag] sat-dist hist bins=60 sat<0.05=0.0% mean=0.971 p10=0.969 p90=0.972
Iter 0007040: train nll 1.386, valid error 074.050%, best valid error 072.750%, avg grad norm   0.249, avg grad norm (post clip)   0.260, rho_Whh  0.97, Omega  0.00, alpha  0.000, steps in the past 0.000, valid nll 1.386
  [diag] log10|dL/dh_t| hist bins=60 range=(-12.00,-2.24) mean=-11.95 p50=-12.00 p05=-12.00 p95=-12.00
  [diag] sat-dist hist bins=60 sat<0.05=0.0% mean=0.971 p10=0.969 p90=0.972
Iter 0007060: train nll 1.386, valid error 074.200%, best valid error 072.750%, avg grad norm   0.223, avg grad norm (post clip)   0.236, rho_Whh  0.97, Omega  0.00, alpha  0.000, steps in the past 0.000, valid nll 1.386
  [diag] log10|dL/dh_t| hist bins=60 range=(-12.00,-2.24) mean=-11.95 p50=-12.00 p05=-12.00 p95=-12.00
  [diag] sat-dist hist bins=60 sat<0.05=0.0% mean=0.970 p10=0.968 p90=0.972
Iter 0007080: train nll 1.386, valid error 074.300%, best valid error 072.750%, avg grad norm   0.231, avg grad norm (post clip)   0.243, rho_Whh  0.97, Omega  0.00, alpha  0.000, steps in the past 0.000, valid nll 1.386
  [diag] log10|dL/dh_t| hist bins=60 range=(-12.00,-2.24) mean=-11.95 p50=-12.00 p05=-12.00 p95=-12.00
  [diag] sat-dist hist bins=60 sat<0.05=0.0% mean=0.970 p10=0.968 p90=0.972
Iter 0007100: train nll 1.387, valid error 074.250%, best valid error 072.750%, avg grad norm   0.245, avg grad norm (post clip)   0.257, rho_Whh  0.97, Omega  0.00, alpha  0.000, steps in the past 0.000, valid nll 1.386
  [diag] log10|dL/dh_t| hist bins=60 range=(-12.00,-2.24) mean=-11.95 p50=-12.00 p05=-12.00 p95=-12.00
  [diag] sat-dist hist bins=60 sat<0.05=0.0% mean=0.971 p10=0.968 p90=0.972
Iter 0007120: train nll 1.386, valid error 074.150%, best valid error 072.750%, avg grad norm   0.253, avg grad norm (post clip)   0.266, rho_Whh  0.96, Omega  0.00, alpha  0.000, steps in the past 0.000, valid nll 1.386
  [diag] log10|dL/dh_t| hist bins=60 range=(-12.00,-2.24) mean=-11.95 p50=-12.00 p05=-12.00 p95=-12.00
  [diag] sat-dist hist bins=60 sat<0.05=0.0% mean=0.971 p10=0.968 p90=0.972
Iter 0007140: train nll 1.386, valid error 074.250%, best valid error 072.750%, avg grad norm   0.231, avg grad norm (post clip)   0.244, rho_Whh  0.96, Omega  0.00, alpha  0.000, steps in the past 0.000, valid nll 1.386
  [diag] log10|dL/dh_t| hist bins=60 range=(-12.00,-2.24) mean=-11.95 p50=-12.00 p05=-12.00 p95=-12.00
  [diag] sat-dist hist bins=60 sat<0.05=0.0% mean=0.970 p10=0.968 p90=0.972
Iter 0007160: train nll 1.387, valid error 075.200%, best valid error 072.750%, avg grad norm   0.271, avg grad norm (post clip)   0.283, rho_Whh  0.96, Omega  0.00, alpha  0.000, steps in the past 0.000, valid nll 1.386
  [diag] log10|dL/dh_t| hist bins=60 range=(-12.00,-2.23) mean=-11.95 p50=-12.00 p05=-12.00 p95=-12.00
  [diag] sat-dist hist bins=60 sat<0.05=0.0% mean=0.970 p10=0.968 p90=0.972
Iter 0007180: train nll 1.385, valid error 074.850%, best valid error 072.750%, avg grad norm   0.233, avg grad norm (post clip)   0.247, rho_Whh  0.96, Omega  0.00, alpha  0.000, steps in the past 0.000, valid nll 1.386
  [diag] log10|dL/dh_t| hist bins=60 range=(-12.00,-2.24) mean=-11.95 p50=-12.00 p05=-12.00 p95=-12.00
  [diag] sat-dist hist bins=60 sat<0.05=0.0% mean=0.970 p10=0.968 p90=0.972
Iter 0007200: train nll 1.388, valid error 075.050%, best valid error 072.750%, avg grad norm   0.255, avg grad norm (post clip)   0.267, rho_Whh  0.96, Omega  0.00, alpha  0.000, steps in the past 0.000, valid nll 1.386
  [diag] log10|dL/dh_t| hist bins=60 range=(-12.00,-2.24) mean=-11.95 p50=-12.00 p05=-12.00 p95=-12.00
  [diag] sat-dist hist bins=60 sat<0.05=0.0% mean=0.970 p10=0.968 p90=0.972
Iter 0007220: train nll 1.386, valid error 075.250%, best valid error 072.750%, avg grad norm   0.222, avg grad norm (post clip)   0.236, rho_Whh  0.96, Omega  0.00, alpha  0.000, steps in the past 0.000, valid nll 1.386
  [diag] log10|dL/dh_t| hist bins=60 range=(-12.00,-2.24) mean=-11.95 p50=-12.00 p05=-12.00 p95=-12.00
  [diag] sat-dist hist bins=60 sat<0.05=0.0% mean=0.970 p10=0.968 p90=0.972
Iter 0007240: train nll 1.386, valid error 074.850%, best valid error 072.750%, avg grad norm   0.233, avg grad norm (post clip)   0.244, rho_Whh  0.96, Omega  0.00, alpha  0.000, steps in the past 0.000, valid nll 1.386
  [diag] log10|dL/dh_t| hist bins=60 range=(-12.00,-2.24) mean=-11.95 p50=-12.00 p05=-12.00 p95=-12.00
  [diag] sat-dist hist bins=60 sat<0.05=0.0% mean=0.970 p10=0.968 p90=0.972
Iter 0007260: train nll 1.387, valid error 074.900%, best valid error 072.750%, avg grad norm   0.238, avg grad norm (post clip)   0.250, rho_Whh  0.96, Omega  0.00, alpha  0.000, steps in the past 0.000, valid nll 1.386
  [diag] log10|dL/dh_t| hist bins=60 range=(-12.00,-2.24) mean=-11.95 p50=-12.00 p05=-12.00 p95=-12.00
  [diag] sat-dist hist bins=60 sat<0.05=0.0% mean=0.970 p10=0.968 p90=0.972
Iter 0007280: train nll 1.386, valid error 074.650%, best valid error 072.750%, avg grad norm   0.246, avg grad norm (post clip)   0.258, rho_Whh  0.96, Omega  0.00, alpha  0.000, steps in the past 0.000, valid nll 1.386
  [diag] log10|dL/dh_t| hist bins=60 range=(-12.00,-2.24) mean=-11.95 p50=-12.00 p05=-12.00 p95=-12.00
  [diag] sat-dist hist bins=60 sat<0.05=0.0% mean=0.970 p10=0.968 p90=0.972
Iter 0007300: train nll 1.386, valid error 075.100%, best valid error 072.750%, avg grad norm   0.232, avg grad norm (post clip)   0.244, rho_Whh  0.96, Omega  0.00, alpha  0.000, steps in the past 0.000, valid nll 1.386
  [diag] log10|dL/dh_t| hist bins=60 range=(-12.00,-2.24) mean=-11.95 p50=-12.00 p05=-12.00 p95=-12.00
  [diag] sat-dist hist bins=60 sat<0.05=0.0% mean=0.970 p10=0.968 p90=0.972
Iter 0007320: train nll 1.387, valid error 074.000%, best valid error 072.750%, avg grad norm   0.259, avg grad norm (post clip)   0.271, rho_Whh  0.96, Omega  0.00, alpha  0.000, steps in the past 0.000, valid nll 1.386
  [diag] log10|dL/dh_t| hist bins=60 range=(-12.00,-2.24) mean=-11.95 p50=-12.00 p05=-12.00 p95=-12.00
  [diag] sat-dist hist bins=60 sat<0.05=0.0% mean=0.970 p10=0.968 p90=0.972
Iter 0007340: train nll 1.386, valid error 074.400%, best valid error 072.750%, avg grad norm   0.261, avg grad norm (post clip)   0.274, rho_Whh  0.96, Omega  0.00, alpha  0.000, steps in the past 0.000, valid nll 1.386
  [diag] log10|dL/dh_t| hist bins=60 range=(-12.00,-2.23) mean=-11.95 p50=-12.00 p05=-12.00 p95=-12.00
  [diag] sat-dist hist bins=60 sat<0.05=0.0% mean=0.970 p10=0.968 p90=0.972
Iter 0007360: train nll 1.385, valid error 075.300%, best valid error 072.750%, avg grad norm   0.243, avg grad norm (post clip)   0.256, rho_Whh  0.96, Omega  0.00, alpha  0.000, steps in the past 0.000, valid nll 1.386
  [diag] log10|dL/dh_t| hist bins=60 range=(-12.00,-2.23) mean=-11.95 p50=-12.00 p05=-12.00 p95=-12.00
  [diag] sat-dist hist bins=60 sat<0.05=0.0% mean=0.970 p10=0.968 p90=0.972
Iter 0007380: train nll 1.386, valid error 074.900%, best valid error 072.750%, avg grad norm   0.253, avg grad norm (post clip)   0.266, rho_Whh  0.96, Omega  0.00, alpha  0.000, steps in the past 0.000, valid nll 1.386
  [diag] log10|dL/dh_t| hist bins=60 range=(-12.00,-2.24) mean=-11.95 p50=-12.00 p05=-12.00 p95=-12.00
  [diag] sat-dist hist bins=60 sat<0.05=0.0% mean=0.970 p10=0.968 p90=0.972
Iter 0007400: train nll 1.387, valid error 075.150%, best valid error 072.750%, avg grad norm   0.257, avg grad norm (post clip)   0.271, rho_Whh  0.96, Omega  0.00, alpha  0.000, steps in the past 0.000, valid nll 1.386
  [diag] log10|dL/dh_t| hist bins=60 range=(-12.00,-2.24) mean=-11.95 p50=-12.00 p05=-12.00 p95=-12.00
  [diag] sat-dist hist bins=60 sat<0.05=0.0% mean=0.970 p10=0.968 p90=0.972
Iter 0007420: train nll 1.387, valid error 075.000%, best valid error 072.750%, avg grad norm   0.241, avg grad norm (post clip)   0.255, rho_Whh  0.96, Omega  0.00, alpha  0.000, steps in the past 0.000, valid nll 1.386
  [diag] log10|dL/dh_t| hist bins=60 range=(-12.00,-2.23) mean=-11.95 p50=-12.00 p05=-12.00 p95=-12.00
  [diag] sat-dist hist bins=60 sat<0.05=0.0% mean=0.970 p10=0.968 p90=0.972
Iter 0007440: train nll 1.386, valid error 074.900%, best valid error 072.750%, avg grad norm   0.239, avg grad norm (post clip)   0.252, rho_Whh  0.96, Omega  0.00, alpha  0.000, steps in the past 0.000, valid nll 1.386
  [diag] log10|dL/dh_t| hist bins=60 range=(-12.00,-2.23) mean=-11.95 p50=-12.00 p05=-12.00 p95=-12.00
  [diag] sat-dist hist bins=60 sat<0.05=0.0% mean=0.970 p10=0.968 p90=0.972
Iter 0007460: train nll 1.386, valid error 075.000%, best valid error 072.750%, avg grad norm   0.209, avg grad norm (post clip)   0.222, rho_Whh  0.96, Omega  0.00, alpha  0.000, steps in the past 0.000, valid nll 1.386
  [diag] log10|dL/dh_t| hist bins=60 range=(-12.00,-2.24) mean=-11.95 p50=-12.00 p05=-12.00 p95=-12.00
  [diag] sat-dist hist bins=60 sat<0.05=0.0% mean=0.971 p10=0.969 p90=0.972
Iter 0007480: train nll 1.387, valid error 075.100%, best valid error 072.750%, avg grad norm   0.222, avg grad norm (post clip)   0.233, rho_Whh  0.96, Omega  0.00, alpha  0.000, steps in the past 0.000, valid nll 1.386
  [diag] log10|dL/dh_t| hist bins=60 range=(-12.00,-2.24) mean=-11.95 p50=-12.00 p05=-12.00 p95=-12.00
  [diag] sat-dist hist bins=60 sat<0.05=0.0% mean=0.971 p10=0.969 p90=0.972
Iter 0007500: train nll 1.388, valid error 074.800%, best valid error 072.750%, avg grad norm   0.256, avg grad norm (post clip)   0.267, rho_Whh  0.96, Omega  0.00, alpha  0.000, steps in the past 0.000, valid nll 1.386
  [diag] log10|dL/dh_t| hist bins=60 range=(-12.00,-2.24) mean=-11.95 p50=-12.00 p05=-12.00 p95=-12.00
  [diag] sat-dist hist bins=60 sat<0.05=0.0% mean=0.971 p10=0.969 p90=0.972
Iter 0007520: train nll 1.387, valid error 076.250%, best valid error 072.750%, avg grad norm   0.250, avg grad norm (post clip)   0.263, rho_Whh  0.96, Omega  0.00, alpha  0.000, steps in the past 0.000, valid nll 1.386
  [diag] log10|dL/dh_t| hist bins=60 range=(-12.00,-2.24) mean=-11.95 p50=-12.00 p05=-12.00 p95=-12.00
  [diag] sat-dist hist bins=60 sat<0.05=0.0% mean=0.971 p10=0.969 p90=0.972
Iter 0007540: train nll 1.387, valid error 074.750%, best valid error 072.750%, avg grad norm   0.223, avg grad norm (post clip)   0.236, rho_Whh  0.96, Omega  0.00, alpha  0.000, steps in the past 0.000, valid nll 1.386
  [diag] log10|dL/dh_t| hist bins=60 range=(-12.00,-2.24) mean=-11.95 p50=-12.00 p05=-12.00 p95=-12.00
  [diag] sat-dist hist bins=60 sat<0.05=0.0% mean=0.971 p10=0.969 p90=0.972
Iter 0007560: train nll 1.387, valid error 075.300%, best valid error 072.750%, avg grad norm   0.231, avg grad norm (post clip)   0.243, rho_Whh  0.96, Omega  0.00, alpha  0.000, steps in the past 0.000, valid nll 1.386
  [diag] log10|dL/dh_t| hist bins=60 range=(-12.00,-2.24) mean=-11.95 p50=-12.00 p05=-12.00 p95=-12.00
  [diag] sat-dist hist bins=60 sat<0.05=0.0% mean=0.971 p10=0.969 p90=0.972
Iter 0007580: train nll 1.386, valid error 074.550%, best valid error 072.750%, avg grad norm   0.228, avg grad norm (post clip)   0.240, rho_Whh  0.96, Omega  0.00, alpha  0.000, steps in the past 0.000, valid nll 1.386
  [diag] log10|dL/dh_t| hist bins=60 range=(-12.00,-2.24) mean=-11.95 p50=-12.00 p05=-12.00 p95=-12.00
  [diag] sat-dist hist bins=60 sat<0.05=0.0% mean=0.971 p10=0.969 p90=0.972
Iter 0007600: train nll 1.386, valid error 074.550%, best valid error 072.750%, avg grad norm   0.236, avg grad norm (post clip)   0.248, rho_Whh  0.96, Omega  0.00, alpha  0.000, steps in the past 0.000, valid nll 1.386
  [diag] log10|dL/dh_t| hist bins=60 range=(-12.00,-2.24) mean=-11.95 p50=-12.00 p05=-12.00 p95=-12.00
  [diag] sat-dist hist bins=60 sat<0.05=0.0% mean=0.971 p10=0.969 p90=0.972
Iter 0007620: train nll 1.386, valid error 074.550%, best valid error 072.750%, avg grad norm   0.220, avg grad norm (post clip)   0.233, rho_Whh  0.96, Omega  0.00, alpha  0.000, steps in the past 0.000, valid nll 1.386
  [diag] log10|dL/dh_t| hist bins=60 range=(-12.00,-2.24) mean=-11.95 p50=-12.00 p05=-12.00 p95=-12.00
  [diag] sat-dist hist bins=60 sat<0.05=0.0% mean=0.971 p10=0.969 p90=0.972
Iter 0007640: train nll 1.387, valid error 073.750%, best valid error 072.750%, avg grad norm   0.235, avg grad norm (post clip)   0.247, rho_Whh  0.97, Omega  0.00, alpha  0.000, steps in the past 0.000, valid nll 1.386
  [diag] log10|dL/dh_t| hist bins=60 range=(-12.00,-2.24) mean=-11.95 p50=-12.00 p05=-12.00 p95=-12.00
  [diag] sat-dist hist bins=60 sat<0.05=0.0% mean=0.971 p10=0.969 p90=0.972
Iter 0007660: train nll 1.387, valid error 074.250%, best valid error 072.750%, avg grad norm   0.239, avg grad norm (post clip)   0.252, rho_Whh  0.97, Omega  0.00, alpha  0.000, steps in the past 0.000, valid nll 1.386
  [diag] log10|dL/dh_t| hist bins=60 range=(-12.00,-2.24) mean=-11.95 p50=-12.00 p05=-12.00 p95=-12.00
  [diag] sat-dist hist bins=60 sat<0.05=0.0% mean=0.971 p10=0.969 p90=0.972
Iter 0007680: train nll 1.388, valid error 073.900%, best valid error 072.750%, avg grad norm   0.260, avg grad norm (post clip)   0.272, rho_Whh  0.97, Omega  0.00, alpha  0.000, steps in the past 0.000, valid nll 1.386
  [diag] log10|dL/dh_t| hist bins=60 range=(-12.00,-2.24) mean=-11.95 p50=-12.00 p05=-12.00 p95=-12.00
  [diag] sat-dist hist bins=60 sat<0.05=0.0% mean=0.971 p10=0.969 p90=0.973
Iter 0007700: train nll 1.387, valid error 074.200%, best valid error 072.750%, avg grad norm   0.254, avg grad norm (post clip)   0.268, rho_Whh  0.97, Omega  0.00, alpha  0.000, steps in the past 0.000, valid nll 1.386
  [diag] log10|dL/dh_t| hist bins=60 range=(-12.00,-2.24) mean=-11.95 p50=-12.00 p05=-12.00 p95=-12.00
  [diag] sat-dist hist bins=60 sat<0.05=0.0% mean=0.971 p10=0.970 p90=0.973
Iter 0007720: train nll 1.386, valid error 074.300%, best valid error 072.750%, avg grad norm   0.252, avg grad norm (post clip)   0.265, rho_Whh  0.97, Omega  0.00, alpha  0.000, steps in the past 0.000, valid nll 1.386
  [diag] log10|dL/dh_t| hist bins=60 range=(-12.00,-2.24) mean=-11.95 p50=-12.00 p05=-12.00 p95=-12.00
  [diag] sat-dist hist bins=60 sat<0.05=0.0% mean=0.971 p10=0.969 p90=0.972
Iter 0007740: train nll 1.386, valid error 074.250%, best valid error 072.750%, avg grad norm   0.248, avg grad norm (post clip)   0.261, rho_Whh  0.97, Omega  0.00, alpha  0.000, steps in the past 0.000, valid nll 1.386
  [diag] log10|dL/dh_t| hist bins=60 range=(-12.00,-2.24) mean=-11.95 p50=-12.00 p05=-12.00 p95=-12.00
  [diag] sat-dist hist bins=60 sat<0.05=0.0% mean=0.971 p10=0.969 p90=0.972
Iter 0007760: train nll 1.387, valid error 074.150%, best valid error 072.750%, avg grad norm   0.217, avg grad norm (post clip)   0.231, rho_Whh  0.97, Omega  0.00, alpha  0.000, steps in the past 0.000, valid nll 1.386
  [diag] log10|dL/dh_t| hist bins=60 range=(-12.00,-2.24) mean=-11.95 p50=-12.00 p05=-12.00 p95=-12.00
  [diag] sat-dist hist bins=60 sat<0.05=0.0% mean=0.971 p10=0.969 p90=0.973
Iter 0007780: train nll 1.387, valid error 073.600%, best valid error 072.750%, avg grad norm   0.242, avg grad norm (post clip)   0.254, rho_Whh  0.97, Omega  0.00, alpha  0.000, steps in the past 0.000, valid nll 1.386
  [diag] log10|dL/dh_t| hist bins=60 range=(-12.00,-2.24) mean=-11.95 p50=-12.00 p05=-12.00 p95=-12.00
  [diag] sat-dist hist bins=60 sat<0.05=0.0% mean=0.971 p10=0.969 p90=0.973
Iter 0007800: train nll 1.386, valid error 073.800%, best valid error 072.750%, avg grad norm   0.257, avg grad norm (post clip)   0.270, rho_Whh  0.97, Omega  0.00, alpha  0.000, steps in the past 0.000, valid nll 1.386
  [diag] log10|dL/dh_t| hist bins=60 range=(-12.00,-2.24) mean=-11.95 p50=-12.00 p05=-12.00 p95=-12.00
  [diag] sat-dist hist bins=60 sat<0.05=0.0% mean=0.971 p10=0.969 p90=0.973
Iter 0007820: train nll 1.386, valid error 076.050%, best valid error 072.750%, avg grad norm   0.251, avg grad norm (post clip)   0.265, rho_Whh  0.97, Omega  0.00, alpha  0.000, steps in the past 0.000, valid nll 1.386
  [diag] log10|dL/dh_t| hist bins=60 range=(-12.00,-2.24) mean=-11.95 p50=-12.00 p05=-12.00 p95=-12.00
  [diag] sat-dist hist bins=60 sat<0.05=0.0% mean=0.971 p10=0.969 p90=0.973
Iter 0007840: train nll 1.387, valid error 074.400%, best valid error 072.750%, avg grad norm   0.236, avg grad norm (post clip)   0.249, rho_Whh  0.97, Omega  0.00, alpha  0.000, steps in the past 0.000, valid nll 1.386
  [diag] log10|dL/dh_t| hist bins=60 range=(-12.00,-2.24) mean=-11.95 p50=-12.00 p05=-12.00 p95=-12.00
  [diag] sat-dist hist bins=60 sat<0.05=0.0% mean=0.971 p10=0.969 p90=0.972
Iter 0007860: train nll 1.386, valid error 074.350%, best valid error 072.750%, avg grad norm   0.237, avg grad norm (post clip)   0.249, rho_Whh  0.97, Omega  0.00, alpha  0.000, steps in the past 0.000, valid nll 1.386
  [diag] log10|dL/dh_t| hist bins=60 range=(-12.00,-2.24) mean=-11.95 p50=-12.00 p05=-12.00 p95=-12.00
  [diag] sat-dist hist bins=60 sat<0.05=0.0% mean=0.971 p10=0.969 p90=0.973
Iter 0007880: train nll 1.387, valid error 074.100%, best valid error 072.750%, avg grad norm   0.241, avg grad norm (post clip)   0.253, rho_Whh  0.97, Omega  0.00, alpha  0.000, steps in the past 0.000, valid nll 1.386
  [diag] log10|dL/dh_t| hist bins=60 range=(-12.00,-2.24) mean=-11.95 p50=-12.00 p05=-12.00 p95=-12.00
  [diag] sat-dist hist bins=60 sat<0.05=0.0% mean=0.971 p10=0.969 p90=0.972
Iter 0007900: train nll 1.386, valid error 074.100%, best valid error 072.750%, avg grad norm   0.242, avg grad norm (post clip)   0.254, rho_Whh  0.97, Omega  0.00, alpha  0.000, steps in the past 0.000, valid nll 1.386
  [diag] log10|dL/dh_t| hist bins=60 range=(-12.00,-2.24) mean=-11.95 p50=-12.00 p05=-12.00 p95=-12.00
  [diag] sat-dist hist bins=60 sat<0.05=0.0% mean=0.971 p10=0.970 p90=0.973
Iter 0007920: train nll 1.387, valid error 074.800%, best valid error 072.750%, avg grad norm   0.241, avg grad norm (post clip)   0.254, rho_Whh  0.97, Omega  0.00, alpha  0.000, steps in the past 0.000, valid nll 1.386
  [diag] log10|dL/dh_t| hist bins=60 range=(-12.00,-2.24) mean=-11.95 p50=-12.00 p05=-12.00 p95=-12.00
  [diag] sat-dist hist bins=60 sat<0.05=0.0% mean=0.972 p10=0.970 p90=0.973
Iter 0007940: train nll 1.387, valid error 074.600%, best valid error 072.750%, avg grad norm   0.226, avg grad norm (post clip)   0.238, rho_Whh  0.97, Omega  0.00, alpha  0.000, steps in the past 0.000, valid nll 1.386
  [diag] log10|dL/dh_t| hist bins=60 range=(-12.00,-2.24) mean=-11.95 p50=-12.00 p05=-12.00 p95=-12.00
  [diag] sat-dist hist bins=60 sat<0.05=0.0% mean=0.972 p10=0.970 p90=0.973
Iter 0007960: train nll 1.386, valid error 074.450%, best valid error 072.750%, avg grad norm   0.254, avg grad norm (post clip)   0.266, rho_Whh  0.97, Omega  0.00, alpha  0.000, steps in the past 0.000, valid nll 1.386
  [diag] log10|dL/dh_t| hist bins=60 range=(-12.00,-2.24) mean=-11.95 p50=-12.00 p05=-12.00 p95=-12.00
  [diag] sat-dist hist bins=60 sat<0.05=0.0% mean=0.972 p10=0.970 p90=0.973
Iter 0007980: train nll 1.387, valid error 074.950%, best valid error 072.750%, avg grad norm   0.249, avg grad norm (post clip)   0.263, rho_Whh  0.97, Omega  0.00, alpha  0.000, steps in the past 0.000, valid nll 1.386
  [diag] log10|dL/dh_t| hist bins=60 range=(-12.00,-2.24) mean=-11.95 p50=-12.00 p05=-12.00 p95=-12.00
  [diag] sat-dist hist bins=60 sat<0.05=0.0% mean=0.972 p10=0.970 p90=0.973
Iter 0008000: train nll 1.387, valid error 075.400%, best valid error 072.750%, avg grad norm   0.236, avg grad norm (post clip)   0.250, rho_Whh  0.96, Omega  0.00, alpha  0.000, steps in the past 0.000, valid nll 1.386
  [diag] log10|dL/dh_t| hist bins=60 range=(-12.00,-2.24) mean=-11.95 p50=-12.00 p05=-12.00 p95=-12.00
  [diag] sat-dist hist bins=60 sat<0.05=0.0% mean=0.972 p10=0.970 p90=0.973
Iter 0008020: train nll 1.386, valid error 075.450%, best valid error 072.750%, avg grad norm   0.248, avg grad norm (post clip)   0.260, rho_Whh  0.96, Omega  0.00, alpha  0.000, steps in the past 0.000, valid nll 1.386
  [diag] log10|dL/dh_t| hist bins=60 range=(-12.00,-2.24) mean=-11.95 p50=-12.00 p05=-12.00 p95=-12.00
  [diag] sat-dist hist bins=60 sat<0.05=0.0% mean=0.972 p10=0.970 p90=0.973
Iter 0008040: train nll 1.386, valid error 075.200%, best valid error 072.750%, avg grad norm   0.231, avg grad norm (post clip)   0.244, rho_Whh  0.96, Omega  0.00, alpha  0.000, steps in the past 0.000, valid nll 1.386
  [diag] log10|dL/dh_t| hist bins=60 range=(-12.00,-2.24) mean=-11.95 p50=-12.00 p05=-12.00 p95=-12.00
  [diag] sat-dist hist bins=60 sat<0.05=0.0% mean=0.972 p10=0.970 p90=0.973
Iter 0008060: train nll 1.387, valid error 074.800%, best valid error 072.750%, avg grad norm   0.217, avg grad norm (post clip)   0.229, rho_Whh  0.96, Omega  0.00, alpha  0.000, steps in the past 0.000, valid nll 1.386
  [diag] log10|dL/dh_t| hist bins=60 range=(-12.00,-2.24) mean=-11.95 p50=-12.00 p05=-12.00 p95=-12.00
  [diag] sat-dist hist bins=60 sat<0.05=0.0% mean=0.972 p10=0.970 p90=0.973
Iter 0008080: train nll 1.387, valid error 075.400%, best valid error 072.750%, avg grad norm   0.237, avg grad norm (post clip)   0.248, rho_Whh  0.96, Omega  0.00, alpha  0.000, steps in the past 0.000, valid nll 1.386
  [diag] log10|dL/dh_t| hist bins=60 range=(-12.00,-2.24) mean=-11.95 p50=-12.00 p05=-12.00 p95=-12.00
  [diag] sat-dist hist bins=60 sat<0.05=0.0% mean=0.972 p10=0.970 p90=0.973
Iter 0008100: train nll 1.386, valid error 075.250%, best valid error 072.750%, avg grad norm   0.243, avg grad norm (post clip)   0.255, rho_Whh  0.96, Omega  0.00, alpha  0.000, steps in the past 0.000, valid nll 1.386
  [diag] log10|dL/dh_t| hist bins=60 range=(-12.00,-2.24) mean=-11.95 p50=-12.00 p05=-12.00 p95=-12.00
  [diag] sat-dist hist bins=60 sat<0.05=0.0% mean=0.972 p10=0.970 p90=0.973
Iter 0008120: train nll 1.385, valid error 075.200%, best valid error 072.750%, avg grad norm   0.240, avg grad norm (post clip)   0.252, rho_Whh  0.96, Omega  0.00, alpha  0.000, steps in the past 0.000, valid nll 1.386
  [diag] log10|dL/dh_t| hist bins=60 range=(-12.00,-2.24) mean=-11.95 p50=-12.00 p05=-12.00 p95=-12.00
  [diag] sat-dist hist bins=60 sat<0.05=0.0% mean=0.972 p10=0.970 p90=0.973
Iter 0008140: train nll 1.388, valid error 075.150%, best valid error 072.750%, avg grad norm   0.245, avg grad norm (post clip)   0.257, rho_Whh  0.96, Omega  0.00, alpha  0.000, steps in the past 0.000, valid nll 1.386
  [diag] log10|dL/dh_t| hist bins=60 range=(-12.00,-2.24) mean=-11.95 p50=-12.00 p05=-12.00 p95=-12.00
  [diag] sat-dist hist bins=60 sat<0.05=0.0% mean=0.972 p10=0.970 p90=0.973
Iter 0008160: train nll 1.387, valid error 075.250%, best valid error 072.750%, avg grad norm   0.216, avg grad norm (post clip)   0.229, rho_Whh  0.96, Omega  0.00, alpha  0.000, steps in the past 0.000, valid nll 1.386
  [diag] log10|dL/dh_t| hist bins=60 range=(-12.00,-2.24) mean=-11.95 p50=-12.00 p05=-12.00 p95=-12.00
  [diag] sat-dist hist bins=60 sat<0.05=0.0% mean=0.972 p10=0.970 p90=0.973
Iter 0008180: train nll 1.387, valid error 075.300%, best valid error 072.750%, avg grad norm   0.227, avg grad norm (post clip)   0.239, rho_Whh  0.97, Omega  0.00, alpha  0.000, steps in the past 0.000, valid nll 1.386
  [diag] log10|dL/dh_t| hist bins=60 range=(-12.00,-2.24) mean=-11.95 p50=-12.00 p05=-12.00 p95=-12.00
  [diag] sat-dist hist bins=60 sat<0.05=0.0% mean=0.972 p10=0.970 p90=0.973
Iter 0008200: train nll 1.387, valid error 075.250%, best valid error 072.750%, avg grad norm   0.253, avg grad norm (post clip)   0.265, rho_Whh  0.97, Omega  0.00, alpha  0.000, steps in the past 0.000, valid nll 1.386
  [diag] log10|dL/dh_t| hist bins=60 range=(-12.00,-2.24) mean=-11.95 p50=-12.00 p05=-12.00 p95=-12.00
  [diag] sat-dist hist bins=60 sat<0.05=0.0% mean=0.972 p10=0.970 p90=0.973
Iter 0008220: train nll 1.386, valid error 075.200%, best valid error 072.750%, avg grad norm   0.237, avg grad norm (post clip)   0.250, rho_Whh  0.96, Omega  0.00, alpha  0.000, steps in the past 0.000, valid nll 1.386
  [diag] log10|dL/dh_t| hist bins=60 range=(-12.00,-2.24) mean=-11.95 p50=-12.00 p05=-12.00 p95=-12.00
  [diag] sat-dist hist bins=60 sat<0.05=0.0% mean=0.972 p10=0.970 p90=0.973
Iter 0008240: train nll 1.387, valid error 075.150%, best valid error 072.750%, avg grad norm   0.261, avg grad norm (post clip)   0.274, rho_Whh  0.96, Omega  0.00, alpha  0.000, steps in the past 0.000, valid nll 1.386
  [diag] log10|dL/dh_t| hist bins=60 range=(-12.00,-2.24) mean=-11.95 p50=-12.00 p05=-12.00 p95=-12.00
  [diag] sat-dist hist bins=60 sat<0.05=0.0% mean=0.972 p10=0.970 p90=0.973
Iter 0008260: train nll 1.387, valid error 075.350%, best valid error 072.750%, avg grad norm   0.223, avg grad norm (post clip)   0.236, rho_Whh  0.96, Omega  0.00, alpha  0.000, steps in the past 0.000, valid nll 1.386
  [diag] log10|dL/dh_t| hist bins=60 range=(-12.00,-2.24) mean=-11.95 p50=-12.00 p05=-12.00 p95=-12.00
  [diag] sat-dist hist bins=60 sat<0.05=0.0% mean=0.972 p10=0.970 p90=0.973
Iter 0008280: train nll 1.386, valid error 075.250%, best valid error 072.750%, avg grad norm   0.245, avg grad norm (post clip)   0.257, rho_Whh  0.96, Omega  0.00, alpha  0.000, steps in the past 0.000, valid nll 1.386
  [diag] log10|dL/dh_t| hist bins=60 range=(-12.00,-2.24) mean=-11.95 p50=-12.00 p05=-12.00 p95=-12.00
  [diag] sat-dist hist bins=60 sat<0.05=0.0% mean=0.972 p10=0.970 p90=0.973
Iter 0008300: train nll 1.387, valid error 075.300%, best valid error 072.750%, avg grad norm   0.240, avg grad norm (post clip)   0.252, rho_Whh  0.96, Omega  0.00, alpha  0.000, steps in the past 0.000, valid nll 1.386
  [diag] log10|dL/dh_t| hist bins=60 range=(-12.00,-2.24) mean=-11.95 p50=-12.00 p05=-12.00 p95=-12.00
  [diag] sat-dist hist bins=60 sat<0.05=0.0% mean=0.972 p10=0.970 p90=0.973
Iter 0008320: train nll 1.387, valid error 075.650%, best valid error 072.750%, avg grad norm   0.258, avg grad norm (post clip)   0.271, rho_Whh  0.96, Omega  0.00, alpha  0.000, steps in the past 0.000, valid nll 1.386
  [diag] log10|dL/dh_t| hist bins=60 range=(-12.00,-2.24) mean=-11.95 p50=-12.00 p05=-12.00 p95=-12.00
  [diag] sat-dist hist bins=60 sat<0.05=0.0% mean=0.972 p10=0.970 p90=0.973
Iter 0008340: train nll 1.386, valid error 075.200%, best valid error 072.750%, avg grad norm   0.238, avg grad norm (post clip)   0.251, rho_Whh  0.96, Omega  0.00, alpha  0.000, steps in the past 0.000, valid nll 1.386
  [diag] log10|dL/dh_t| hist bins=60 range=(-12.00,-2.24) mean=-11.95 p50=-12.00 p05=-12.00 p95=-12.00
  [diag] sat-dist hist bins=60 sat<0.05=0.0% mean=0.972 p10=0.970 p90=0.973
Iter 0008360: train nll 1.386, valid error 075.250%, best valid error 072.750%, avg grad norm   0.228, avg grad norm (post clip)   0.241, rho_Whh  0.96, Omega  0.00, alpha  0.000, steps in the past 0.000, valid nll 1.386
  [diag] log10|dL/dh_t| hist bins=60 range=(-12.00,-2.24) mean=-11.95 p50=-12.00 p05=-12.00 p95=-12.00
  [diag] sat-dist hist bins=60 sat<0.05=0.0% mean=0.972 p10=0.970 p90=0.973
Iter 0008380: train nll 1.387, valid error 075.150%, best valid error 072.750%, avg grad norm   0.222, avg grad norm (post clip)   0.234, rho_Whh  0.96, Omega  0.00, alpha  0.000, steps in the past 0.000, valid nll 1.386
  [diag] log10|dL/dh_t| hist bins=60 range=(-12.00,-2.24) mean=-11.95 p50=-12.00 p05=-12.00 p95=-12.00
  [diag] sat-dist hist bins=60 sat<0.05=0.0% mean=0.972 p10=0.971 p90=0.973
Iter 0008400: train nll 1.387, valid error 075.150%, best valid error 072.750%, avg grad norm   0.235, avg grad norm (post clip)   0.247, rho_Whh  0.96, Omega  0.00, alpha  0.000, steps in the past 0.000, valid nll 1.386
  [diag] log10|dL/dh_t| hist bins=60 range=(-12.00,-2.24) mean=-11.95 p50=-12.00 p05=-12.00 p95=-12.00
  [diag] sat-dist hist bins=60 sat<0.05=0.0% mean=0.972 p10=0.970 p90=0.973
Iter 0008420: train nll 1.385, valid error 075.150%, best valid error 072.750%, avg grad norm   0.239, avg grad norm (post clip)   0.251, rho_Whh  0.96, Omega  0.00, alpha  0.000, steps in the past 0.000, valid nll 1.387
  [diag] log10|dL/dh_t| hist bins=60 range=(-12.00,-2.24) mean=-11.95 p50=-12.00 p05=-12.00 p95=-12.00
  [diag] sat-dist hist bins=60 sat<0.05=0.0% mean=0.972 p10=0.970 p90=0.973
Iter 0008440: train nll 1.385, valid error 075.250%, best valid error 072.750%, avg grad norm   0.255, avg grad norm (post clip)   0.267, rho_Whh  0.96, Omega  0.00, alpha  0.000, steps in the past 0.000, valid nll 1.387
  [diag] log10|dL/dh_t| hist bins=60 range=(-12.00,-2.24) mean=-11.95 p50=-12.00 p05=-12.00 p95=-12.00
  [diag] sat-dist hist bins=60 sat<0.05=0.0% mean=0.972 p10=0.970 p90=0.973
Iter 0008460: train nll 1.388, valid error 075.100%, best valid error 072.750%, avg grad norm   0.207, avg grad norm (post clip)   0.221, rho_Whh  0.97, Omega  0.00, alpha  0.000, steps in the past 0.000, valid nll 1.386
  [diag] log10|dL/dh_t| hist bins=60 range=(-12.00,-2.24) mean=-11.95 p50=-12.00 p05=-12.00 p95=-12.00
  [diag] sat-dist hist bins=60 sat<0.05=0.0% mean=0.972 p10=0.970 p90=0.973
Iter 0008480: train nll 1.387, valid error 075.050%, best valid error 072.750%, avg grad norm   0.228, avg grad norm (post clip)   0.239, rho_Whh  0.97, Omega  0.00, alpha  0.000, steps in the past 0.000, valid nll 1.386
  [diag] log10|dL/dh_t| hist bins=60 range=(-12.00,-2.24) mean=-11.95 p50=-12.00 p05=-12.00 p95=-12.00
  [diag] sat-dist hist bins=60 sat<0.05=0.0% mean=0.972 p10=0.970 p90=0.973
Iter 0008500: train nll 1.386, valid error 075.650%, best valid error 072.750%, avg grad norm   0.216, avg grad norm (post clip)   0.228, rho_Whh  0.97, Omega  0.00, alpha  0.000, steps in the past 0.000, valid nll 1.386
  [diag] log10|dL/dh_t| hist bins=60 range=(-12.00,-2.24) mean=-11.95 p50=-12.00 p05=-12.00 p95=-12.00
  [diag] sat-dist hist bins=60 sat<0.05=0.0% mean=0.972 p10=0.970 p90=0.973
Iter 0008520: train nll 1.387, valid error 076.150%, best valid error 072.750%, avg grad norm   0.214, avg grad norm (post clip)   0.226, rho_Whh  0.97, Omega  0.00, alpha  0.000, steps in the past 0.000, valid nll 1.386
  [diag] log10|dL/dh_t| hist bins=60 range=(-12.00,-2.24) mean=-11.95 p50=-12.00 p05=-12.00 p95=-12.00
  [diag] sat-dist hist bins=60 sat<0.05=0.0% mean=0.972 p10=0.971 p90=0.973
Iter 0008540: train nll 1.387, valid error 075.700%, best valid error 072.750%, avg grad norm   0.253, avg grad norm (post clip)   0.264, rho_Whh  0.97, Omega  0.00, alpha  0.000, steps in the past 0.000, valid nll 1.386
  [diag] log10|dL/dh_t| hist bins=60 range=(-12.00,-2.24) mean=-11.95 p50=-12.00 p05=-12.00 p95=-12.00
  [diag] sat-dist hist bins=60 sat<0.05=0.0% mean=0.972 p10=0.970 p90=0.973
Iter 0008560: train nll 1.386, valid error 075.900%, best valid error 072.750%, avg grad norm   0.230, avg grad norm (post clip)   0.243, rho_Whh  0.97, Omega  0.00, alpha  0.000, steps in the past 0.000, valid nll 1.386
  [diag] log10|dL/dh_t| hist bins=60 range=(-12.00,-2.24) mean=-11.95 p50=-12.00 p05=-12.00 p95=-12.00
  [diag] sat-dist hist bins=60 sat<0.05=0.0% mean=0.972 p10=0.971 p90=0.973
Iter 0008580: train nll 1.387, valid error 074.100%, best valid error 072.750%, avg grad norm   0.252, avg grad norm (post clip)   0.264, rho_Whh  0.97, Omega  0.00, alpha  0.000, steps in the past 0.000, valid nll 1.386
  [diag] log10|dL/dh_t| hist bins=60 range=(-12.00,-2.24) mean=-11.95 p50=-12.00 p05=-12.00 p95=-12.00
  [diag] sat-dist hist bins=60 sat<0.05=0.0% mean=0.972 p10=0.971 p90=0.973
Iter 0008600: train nll 1.387, valid error 076.300%, best valid error 072.750%, avg grad norm   0.224, avg grad norm (post clip)   0.237, rho_Whh  0.97, Omega  0.00, alpha  0.000, steps in the past 0.000, valid nll 1.386
  [diag] log10|dL/dh_t| hist bins=60 range=(-12.00,-2.24) mean=-11.95 p50=-12.00 p05=-12.00 p95=-12.00
  [diag] sat-dist hist bins=60 sat<0.05=0.0% mean=0.972 p10=0.971 p90=0.973
Iter 0008620: train nll 1.386, valid error 076.300%, best valid error 072.750%, avg grad norm   0.224, avg grad norm (post clip)   0.236, rho_Whh  0.97, Omega  0.00, alpha  0.000, steps in the past 0.000, valid nll 1.386
  [diag] log10|dL/dh_t| hist bins=60 range=(-12.00,-2.24) mean=-11.95 p50=-12.00 p05=-12.00 p95=-12.00
  [diag] sat-dist hist bins=60 sat<0.05=0.0% mean=0.972 p10=0.971 p90=0.973
Iter 0008640: train nll 1.386, valid error 076.100%, best valid error 072.750%, avg grad norm   0.240, avg grad norm (post clip)   0.251, rho_Whh  0.97, Omega  0.00, alpha  0.000, steps in the past 0.000, valid nll 1.387
  [diag] log10|dL/dh_t| hist bins=60 range=(-12.00,-2.24) mean=-11.95 p50=-12.00 p05=-12.00 p95=-12.00
  [diag] sat-dist hist bins=60 sat<0.05=0.0% mean=0.972 p10=0.970 p90=0.973
Iter 0008660: train nll 1.386, valid error 076.000%, best valid error 072.750%, avg grad norm   0.240, avg grad norm (post clip)   0.253, rho_Whh  0.97, Omega  0.00, alpha  0.000, steps in the past 0.000, valid nll 1.387
  [diag] log10|dL/dh_t| hist bins=60 range=(-12.00,-2.24) mean=-11.95 p50=-12.00 p05=-12.00 p95=-12.00
  [diag] sat-dist hist bins=60 sat<0.05=0.0% mean=0.972 p10=0.970 p90=0.973
Iter 0008680: train nll 1.386, valid error 075.950%, best valid error 072.750%, avg grad norm   0.206, avg grad norm (post clip)   0.218, rho_Whh  0.97, Omega  0.00, alpha  0.000, steps in the past 0.000, valid nll 1.387
  [diag] log10|dL/dh_t| hist bins=60 range=(-12.00,-2.24) mean=-11.95 p50=-12.00 p05=-12.00 p95=-12.00
  [diag] sat-dist hist bins=60 sat<0.05=0.0% mean=0.972 p10=0.970 p90=0.973
Iter 0008700: train nll 1.386, valid error 076.150%, best valid error 072.750%, avg grad norm   0.237, avg grad norm (post clip)   0.248, rho_Whh  0.97, Omega  0.00, alpha  0.000, steps in the past 0.000, valid nll 1.387
  [diag] log10|dL/dh_t| hist bins=60 range=(-12.00,-2.24) mean=-11.95 p50=-12.00 p05=-12.00 p95=-12.00
  [diag] sat-dist hist bins=60 sat<0.05=0.0% mean=0.972 p10=0.970 p90=0.973
Iter 0008720: train nll 1.387, valid error 076.000%, best valid error 072.750%, avg grad norm   0.247, avg grad norm (post clip)   0.259, rho_Whh  0.97, Omega  0.00, alpha  0.000, steps in the past 0.000, valid nll 1.387
  [diag] log10|dL/dh_t| hist bins=60 range=(-12.00,-2.24) mean=-11.95 p50=-12.00 p05=-12.00 p95=-12.00
  [diag] sat-dist hist bins=60 sat<0.05=0.0% mean=0.972 p10=0.971 p90=0.973
Iter 0008740: train nll 1.386, valid error 075.950%, best valid error 072.750%, avg grad norm   0.228, avg grad norm (post clip)   0.241, rho_Whh  0.97, Omega  0.00, alpha  0.000, steps in the past 0.000, valid nll 1.387
  [diag] log10|dL/dh_t| hist bins=60 range=(-12.00,-2.24) mean=-11.95 p50=-12.00 p05=-12.00 p95=-12.00
  [diag] sat-dist hist bins=60 sat<0.05=0.0% mean=0.972 p10=0.971 p90=0.973
Iter 0008760: train nll 1.386, valid error 075.950%, best valid error 072.750%, avg grad norm   0.240, avg grad norm (post clip)   0.252, rho_Whh  0.97, Omega  0.00, alpha  0.000, steps in the past 0.000, valid nll 1.387
  [diag] log10|dL/dh_t| hist bins=60 range=(-12.00,-2.24) mean=-11.95 p50=-12.00 p05=-12.00 p95=-12.00
  [diag] sat-dist hist bins=60 sat<0.05=0.0% mean=0.972 p10=0.970 p90=0.973
Iter 0008780: train nll 1.385, valid error 075.950%, best valid error 072.750%, avg grad norm   0.229, avg grad norm (post clip)   0.241, rho_Whh  0.97, Omega  0.00, alpha  0.000, steps in the past 0.000, valid nll 1.387
  [diag] log10|dL/dh_t| hist bins=60 range=(-12.00,-2.24) mean=-11.95 p50=-12.00 p05=-12.00 p95=-12.00
  [diag] sat-dist hist bins=60 sat<0.05=0.0% mean=0.972 p10=0.970 p90=0.973
Iter 0008800: train nll 1.385, valid error 075.950%, best valid error 072.750%, avg grad norm   0.241, avg grad norm (post clip)   0.253, rho_Whh  0.97, Omega  0.00, alpha  0.000, steps in the past 0.000, valid nll 1.387
  [diag] log10|dL/dh_t| hist bins=60 range=(-12.00,-2.24) mean=-11.95 p50=-12.00 p05=-12.00 p95=-12.00
  [diag] sat-dist hist bins=60 sat<0.05=0.0% mean=0.972 p10=0.970 p90=0.973
Iter 0008820: train nll 1.386, valid error 075.950%, best valid error 072.750%, avg grad norm   0.230, avg grad norm (post clip)   0.243, rho_Whh  0.97, Omega  0.00, alpha  0.000, steps in the past 0.000, valid nll 1.387
  [diag] log10|dL/dh_t| hist bins=60 range=(-12.00,-2.24) mean=-11.95 p50=-12.00 p05=-12.00 p95=-12.00
  [diag] sat-dist hist bins=60 sat<0.05=0.0% mean=0.972 p10=0.970 p90=0.973
Iter 0008840: train nll 1.387, valid error 075.950%, best valid error 072.750%, avg grad norm   0.250, avg grad norm (post clip)   0.263, rho_Whh  0.97, Omega  0.00, alpha  0.000, steps in the past 0.000, valid nll 1.387
  [diag] log10|dL/dh_t| hist bins=60 range=(-12.00,-2.24) mean=-11.95 p50=-12.00 p05=-12.00 p95=-12.00
  [diag] sat-dist hist bins=60 sat<0.05=0.0% mean=0.972 p10=0.971 p90=0.973
Iter 0008860: train nll 1.386, valid error 075.950%, best valid error 072.750%, avg grad norm   0.226, avg grad norm (post clip)   0.239, rho_Whh  0.97, Omega  0.00, alpha  0.000, steps in the past 0.000, valid nll 1.387
  [diag] log10|dL/dh_t| hist bins=60 range=(-12.00,-2.24) mean=-11.95 p50=-12.00 p05=-12.00 p95=-12.00
  [diag] sat-dist hist bins=60 sat<0.05=0.0% mean=0.972 p10=0.970 p90=0.973
Iter 0008880: train nll 1.386, valid error 075.650%, best valid error 072.750%, avg grad norm   0.255, avg grad norm (post clip)   0.267, rho_Whh  0.97, Omega  0.00, alpha  0.000, steps in the past 0.000, valid nll 1.387
  [diag] log10|dL/dh_t| hist bins=60 range=(-12.00,-2.24) mean=-11.95 p50=-12.00 p05=-12.00 p95=-12.00
  [diag] sat-dist hist bins=60 sat<0.05=0.0% mean=0.972 p10=0.971 p90=0.973
Iter 0008900: train nll 1.387, valid error 075.750%, best valid error 072.750%, avg grad norm   0.246, avg grad norm (post clip)   0.259, rho_Whh  0.97, Omega  0.00, alpha  0.000, steps in the past 0.000, valid nll 1.386
  [diag] log10|dL/dh_t| hist bins=60 range=(-12.00,-2.24) mean=-11.95 p50=-12.00 p05=-12.00 p95=-12.00
  [diag] sat-dist hist bins=60 sat<0.05=0.0% mean=0.972 p10=0.971 p90=0.973
Iter 0008920: train nll 1.387, valid error 075.950%, best valid error 072.750%, avg grad norm   0.220, avg grad norm (post clip)   0.233, rho_Whh  0.97, Omega  0.00, alpha  0.000, steps in the past 0.000, valid nll 1.387
  [diag] log10|dL/dh_t| hist bins=60 range=(-12.00,-2.24) mean=-11.95 p50=-12.00 p05=-12.00 p95=-12.00
  [diag] sat-dist hist bins=60 sat<0.05=0.0% mean=0.972 p10=0.971 p90=0.973
Iter 0008940: train nll 1.387, valid error 075.850%, best valid error 072.750%, avg grad norm   0.219, avg grad norm (post clip)   0.230, rho_Whh  0.97, Omega  0.00, alpha  0.000, steps in the past 0.000, valid nll 1.387
  [diag] log10|dL/dh_t| hist bins=60 range=(-12.00,-2.24) mean=-11.95 p50=-12.00 p05=-12.00 p95=-12.00
  [diag] sat-dist hist bins=60 sat<0.05=0.0% mean=0.972 p10=0.970 p90=0.973
Iter 0008960: train nll 1.386, valid error 075.100%, best valid error 072.750%, avg grad norm   0.238, avg grad norm (post clip)   0.249, rho_Whh  0.97, Omega  0.00, alpha  0.000, steps in the past 0.000, valid nll 1.387
  [diag] log10|dL/dh_t| hist bins=60 range=(-12.00,-2.24) mean=-11.95 p50=-12.00 p05=-12.00 p95=-12.00
  [diag] sat-dist hist bins=60 sat<0.05=0.0% mean=0.972 p10=0.970 p90=0.973
Iter 0008980: train nll 1.386, valid error 075.950%, best valid error 072.750%, avg grad norm   0.218, avg grad norm (post clip)   0.231, rho_Whh  0.97, Omega  0.00, alpha  0.000, steps in the past 0.000, valid nll 1.387
  [diag] log10|dL/dh_t| hist bins=60 range=(-12.00,-2.24) mean=-11.95 p50=-12.00 p05=-12.00 p95=-12.00
  [diag] sat-dist hist bins=60 sat<0.05=0.0% mean=0.971 p10=0.969 p90=0.972
Iter 0009000: train nll 1.385, valid error 075.950%, best valid error 072.750%, avg grad norm   0.238, avg grad norm (post clip)   0.249, rho_Whh  0.97, Omega  0.00, alpha  0.000, steps in the past 0.000, valid nll 1.387
  [diag] log10|dL/dh_t| hist bins=60 range=(-12.00,-2.24) mean=-11.95 p50=-12.00 p05=-12.00 p95=-12.00
  [diag] sat-dist hist bins=60 sat<0.05=0.0% mean=0.972 p10=0.970 p90=0.973
Iter 0009020: train nll 1.387, valid error 075.950%, best valid error 072.750%, avg grad norm   0.224, avg grad norm (post clip)   0.237, rho_Whh  0.97, Omega  0.00, alpha  0.000, steps in the past 0.000, valid nll 1.387
  [diag] log10|dL/dh_t| hist bins=60 range=(-12.00,-2.24) mean=-11.95 p50=-12.00 p05=-12.00 p95=-12.00
  [diag] sat-dist hist bins=60 sat<0.05=0.0% mean=0.972 p10=0.970 p90=0.973
Iter 0009040: train nll 1.387, valid error 075.950%, best valid error 072.750%, avg grad norm   0.233, avg grad norm (post clip)   0.245, rho_Whh  0.97, Omega  0.00, alpha  0.000, steps in the past 0.000, valid nll 1.387
  [diag] log10|dL/dh_t| hist bins=60 range=(-12.00,-2.24) mean=-11.95 p50=-12.00 p05=-12.00 p95=-12.00
  [diag] sat-dist hist bins=60 sat<0.05=0.0% mean=0.972 p10=0.970 p90=0.973
Iter 0009060: train nll 1.387, valid error 075.950%, best valid error 072.750%, avg grad norm   0.269, avg grad norm (post clip)   0.282, rho_Whh  0.97, Omega  0.00, alpha  0.000, steps in the past 0.000, valid nll 1.387
  [diag] log10|dL/dh_t| hist bins=60 range=(-12.00,-2.24) mean=-11.95 p50=-12.00 p05=-12.00 p95=-12.00
  [diag] sat-dist hist bins=60 sat<0.05=0.0% mean=0.971 p10=0.970 p90=0.972
Iter 0009080: train nll 1.385, valid error 075.950%, best valid error 072.750%, avg grad norm   0.221, avg grad norm (post clip)   0.235, rho_Whh  0.97, Omega  0.00, alpha  0.000, steps in the past 0.000, valid nll 1.387
  [diag] log10|dL/dh_t| hist bins=60 range=(-12.00,-2.24) mean=-11.95 p50=-12.00 p05=-12.00 p95=-12.00
  [diag] sat-dist hist bins=60 sat<0.05=0.0% mean=0.971 p10=0.970 p90=0.972
Iter 0009100: train nll 1.387, valid error 075.900%, best valid error 072.750%, avg grad norm   0.223, avg grad norm (post clip)   0.234, rho_Whh  0.97, Omega  0.00, alpha  0.000, steps in the past 0.000, valid nll 1.387
  [diag] log10|dL/dh_t| hist bins=60 range=(-12.00,-2.24) mean=-11.95 p50=-12.00 p05=-12.00 p95=-12.00
  [diag] sat-dist hist bins=60 sat<0.05=0.0% mean=0.971 p10=0.969 p90=0.972
Iter 0009120: train nll 1.386, valid error 075.700%, best valid error 072.750%, avg grad norm   0.245, avg grad norm (post clip)   0.256, rho_Whh  0.97, Omega  0.00, alpha  0.000, steps in the past 0.000, valid nll 1.387
  [diag] log10|dL/dh_t| hist bins=60 range=(-12.00,-2.24) mean=-11.95 p50=-12.00 p05=-12.00 p95=-12.00
  [diag] sat-dist hist bins=60 sat<0.05=0.0% mean=0.972 p10=0.971 p90=0.973
Iter 0009140: train nll 1.389, valid error 075.500%, best valid error 072.750%, avg grad norm   0.219, avg grad norm (post clip)   0.231, rho_Whh  0.96, Omega  0.00, alpha  0.000, steps in the past 0.000, valid nll 1.387
  [diag] log10|dL/dh_t| hist bins=60 range=(-12.00,-2.24) mean=-11.95 p50=-12.00 p05=-12.00 p95=-12.00
  [diag] sat-dist hist bins=60 sat<0.05=0.0% mean=0.972 p10=0.971 p90=0.973
Iter 0009160: train nll 1.386, valid error 075.950%, best valid error 072.750%, avg grad norm   0.229, avg grad norm (post clip)   0.241, rho_Whh  0.96, Omega  0.00, alpha  0.000, steps in the past 0.000, valid nll 1.387
  [diag] log10|dL/dh_t| hist bins=60 range=(-12.00,-2.24) mean=-11.95 p50=-12.00 p05=-12.00 p95=-12.00
  [diag] sat-dist hist bins=60 sat<0.05=0.0% mean=0.972 p10=0.971 p90=0.973
Iter 0009180: train nll 1.387, valid error 075.250%, best valid error 072.750%, avg grad norm   0.215, avg grad norm (post clip)   0.227, rho_Whh  0.96, Omega  0.00, alpha  0.000, steps in the past 0.000, valid nll 1.387
  [diag] log10|dL/dh_t| hist bins=60 range=(-12.00,-2.24) mean=-11.95 p50=-12.00 p05=-12.00 p95=-12.00
  [diag] sat-dist hist bins=60 sat<0.05=0.0% mean=0.972 p10=0.971 p90=0.973
Iter 0009200: train nll 1.388, valid error 075.650%, best valid error 072.750%, avg grad norm   0.230, avg grad norm (post clip)   0.241, rho_Whh  0.97, Omega  0.00, alpha  0.000, steps in the past 0.000, valid nll 1.386
  [diag] log10|dL/dh_t| hist bins=60 range=(-12.00,-2.24) mean=-11.95 p50=-12.00 p05=-12.00 p95=-12.00
  [diag] sat-dist hist bins=60 sat<0.05=0.0% mean=0.972 p10=0.971 p90=0.974
Iter 0009220: train nll 1.386, valid error 075.300%, best valid error 072.750%, avg grad norm   0.260, avg grad norm (post clip)   0.272, rho_Whh  0.96, Omega  0.00, alpha  0.000, steps in the past 0.000, valid nll 1.387
  [diag] log10|dL/dh_t| hist bins=60 range=(-12.00,-2.24) mean=-11.95 p50=-12.00 p05=-12.00 p95=-12.00
  [diag] sat-dist hist bins=60 sat<0.05=0.0% mean=0.972 p10=0.971 p90=0.973
Iter 0009240: train nll 1.387, valid error 075.700%, best valid error 072.750%, avg grad norm   0.241, avg grad norm (post clip)   0.255, rho_Whh  0.96, Omega  0.00, alpha  0.000, steps in the past 0.000, valid nll 1.387
  [diag] log10|dL/dh_t| hist bins=60 range=(-12.00,-2.24) mean=-11.95 p50=-12.00 p05=-12.00 p95=-12.00
  [diag] sat-dist hist bins=60 sat<0.05=0.0% mean=0.972 p10=0.971 p90=0.973
Iter 0009260: train nll 1.386, valid error 074.750%, best valid error 072.750%, avg grad norm   0.232, avg grad norm (post clip)   0.245, rho_Whh  0.97, Omega  0.00, alpha  0.000, steps in the past 0.000, valid nll 1.387
  [diag] log10|dL/dh_t| hist bins=60 range=(-12.00,-2.24) mean=-11.95 p50=-12.00 p05=-12.00 p95=-12.00
  [diag] sat-dist hist bins=60 sat<0.05=0.0% mean=0.973 p10=0.971 p90=0.974
Iter 0009280: train nll 1.387, valid error 075.800%, best valid error 072.750%, avg grad norm   0.240, avg grad norm (post clip)   0.252, rho_Whh  0.96, Omega  0.00, alpha  0.000, steps in the past 0.000, valid nll 1.387
  [diag] log10|dL/dh_t| hist bins=60 range=(-12.00,-2.24) mean=-11.95 p50=-12.00 p05=-12.00 p95=-12.00
  [diag] sat-dist hist bins=60 sat<0.05=0.0% mean=0.973 p10=0.971 p90=0.974
Iter 0009300: train nll 1.386, valid error 075.050%, best valid error 072.750%, avg grad norm   0.224, avg grad norm (post clip)   0.236, rho_Whh  0.96, Omega  0.00, alpha  0.000, steps in the past 0.000, valid nll 1.387
  [diag] log10|dL/dh_t| hist bins=60 range=(-12.00,-2.24) mean=-11.95 p50=-12.00 p05=-12.00 p95=-12.00
  [diag] sat-dist hist bins=60 sat<0.05=0.0% mean=0.972 p10=0.971 p90=0.974
Iter 0009320: train nll 1.386, valid error 076.000%, best valid error 072.750%, avg grad norm   0.226, avg grad norm (post clip)   0.238, rho_Whh  0.96, Omega  0.00, alpha  0.000, steps in the past 0.000, valid nll 1.387
  [diag] log10|dL/dh_t| hist bins=60 range=(-12.00,-2.24) mean=-11.95 p50=-12.00 p05=-12.00 p95=-12.00
  [diag] sat-dist hist bins=60 sat<0.05=0.0% mean=0.973 p10=0.971 p90=0.974
Iter 0009340: train nll 1.386, valid error 076.050%, best valid error 072.750%, avg grad norm   0.228, avg grad norm (post clip)   0.240, rho_Whh  0.96, Omega  0.00, alpha  0.000, steps in the past 0.000, valid nll 1.387
  [diag] log10|dL/dh_t| hist bins=60 range=(-12.00,-2.24) mean=-11.95 p50=-12.00 p05=-12.00 p95=-12.00
  [diag] sat-dist hist bins=60 sat<0.05=0.0% mean=0.973 p10=0.971 p90=0.974
Iter 0009360: train nll 1.387, valid error 076.250%, best valid error 072.750%, avg grad norm   0.238, avg grad norm (post clip)   0.250, rho_Whh  0.96, Omega  0.00, alpha  0.000, steps in the past 0.000, valid nll 1.387
  [diag] log10|dL/dh_t| hist bins=60 range=(-12.00,-2.24) mean=-11.95 p50=-12.00 p05=-12.00 p95=-12.00
  [diag] sat-dist hist bins=60 sat<0.05=0.0% mean=0.973 p10=0.971 p90=0.974
Iter 0009380: train nll 1.387, valid error 075.050%, best valid error 072.750%, avg grad norm   0.234, avg grad norm (post clip)   0.247, rho_Whh  0.97, Omega  0.00, alpha  0.000, steps in the past 0.000, valid nll 1.386
  [diag] log10|dL/dh_t| hist bins=60 range=(-12.00,-2.24) mean=-11.95 p50=-12.00 p05=-12.00 p95=-12.00
  [diag] sat-dist hist bins=60 sat<0.05=0.0% mean=0.973 p10=0.971 p90=0.974
Iter 0009400: train nll 1.386, valid error 075.400%, best valid error 072.750%, avg grad norm   0.201, avg grad norm (post clip)   0.213, rho_Whh  0.97, Omega  0.00, alpha  0.000, steps in the past 0.000, valid nll 1.387
  [diag] log10|dL/dh_t| hist bins=60 range=(-12.00,-2.24) mean=-11.95 p50=-12.00 p05=-12.00 p95=-12.00
  [diag] sat-dist hist bins=60 sat<0.05=0.0% mean=0.973 p10=0.971 p90=0.974
Iter 0009420: train nll 1.387, valid error 075.550%, best valid error 072.750%, avg grad norm   0.242, avg grad norm (post clip)   0.253, rho_Whh  0.97, Omega  0.00, alpha  0.000, steps in the past 0.000, valid nll 1.386
  [diag] log10|dL/dh_t| hist bins=60 range=(-12.00,-2.24) mean=-11.95 p50=-12.00 p05=-12.00 p95=-12.00
  [diag] sat-dist hist bins=60 sat<0.05=0.0% mean=0.972 p10=0.971 p90=0.973
Iter 0009440: train nll 1.387, valid error 074.200%, best valid error 072.750%, avg grad norm   0.239, avg grad norm (post clip)   0.252, rho_Whh  0.97, Omega  0.00, alpha  0.000, steps in the past 0.000, valid nll 1.386
  [diag] log10|dL/dh_t| hist bins=60 range=(-12.00,-2.24) mean=-11.95 p50=-12.00 p05=-12.00 p95=-12.00
  [diag] sat-dist hist bins=60 sat<0.05=0.0% mean=0.973 p10=0.971 p90=0.974
Iter 0009460: train nll 1.386, valid error 074.800%, best valid error 072.750%, avg grad norm   0.225, avg grad norm (post clip)   0.237, rho_Whh  0.97, Omega  0.00, alpha  0.000, steps in the past 0.000, valid nll 1.386
  [diag] log10|dL/dh_t| hist bins=60 range=(-12.00,-2.24) mean=-11.95 p50=-12.00 p05=-12.00 p95=-12.00
  [diag] sat-dist hist bins=60 sat<0.05=0.0% mean=0.973 p10=0.971 p90=0.974
Iter 0009480: train nll 1.386, valid error 075.350%, best valid error 072.750%, avg grad norm   0.248, avg grad norm (post clip)   0.259, rho_Whh  0.96, Omega  0.00, alpha  0.000, steps in the past 0.000, valid nll 1.386
  [diag] log10|dL/dh_t| hist bins=60 range=(-12.00,-2.24) mean=-11.95 p50=-12.00 p05=-12.00 p95=-12.00
  [diag] sat-dist hist bins=60 sat<0.05=0.0% mean=0.973 p10=0.971 p90=0.974
Iter 0009500: train nll 1.386, valid error 074.400%, best valid error 072.750%, avg grad norm   0.235, avg grad norm (post clip)   0.248, rho_Whh  0.96, Omega  0.00, alpha  0.000, steps in the past 0.000, valid nll 1.386
  [diag] log10|dL/dh_t| hist bins=60 range=(-12.00,-2.24) mean=-11.95 p50=-12.00 p05=-12.00 p95=-12.00
  [diag] sat-dist hist bins=60 sat<0.05=0.0% mean=0.973 p10=0.971 p90=0.974
Iter 0009520: train nll 1.386, valid error 074.800%, best valid error 072.750%, avg grad norm   0.215, avg grad norm (post clip)   0.227, rho_Whh  0.96, Omega  0.00, alpha  0.000, steps in the past 0.000, valid nll 1.387
  [diag] log10|dL/dh_t| hist bins=60 range=(-12.00,-2.24) mean=-11.95 p50=-12.00 p05=-12.00 p95=-12.00
  [diag] sat-dist hist bins=60 sat<0.05=0.0% mean=0.973 p10=0.971 p90=0.974
Iter 0009540: train nll 1.387, valid error 075.450%, best valid error 072.750%, avg grad norm   0.237, avg grad norm (post clip)   0.248, rho_Whh  0.96, Omega  0.00, alpha  0.000, steps in the past 0.000, valid nll 1.387
  [diag] log10|dL/dh_t| hist bins=60 range=(-12.00,-2.24) mean=-11.95 p50=-12.00 p05=-12.00 p95=-12.00
  [diag] sat-dist hist bins=60 sat<0.05=0.0% mean=0.972 p10=0.971 p90=0.974
Iter 0009560: train nll 1.387, valid error 075.600%, best valid error 072.750%, avg grad norm   0.214, avg grad norm (post clip)   0.226, rho_Whh  0.96, Omega  0.00, alpha  0.000, steps in the past 0.000, valid nll 1.387
  [diag] log10|dL/dh_t| hist bins=60 range=(-12.00,-2.24) mean=-11.95 p50=-12.00 p05=-12.00 p95=-12.00
  [diag] sat-dist hist bins=60 sat<0.05=0.0% mean=0.972 p10=0.971 p90=0.974
Iter 0009580: train nll 1.386, valid error 075.750%, best valid error 072.750%, avg grad norm   0.249, avg grad norm (post clip)   0.261, rho_Whh  0.97, Omega  0.00, alpha  0.000, steps in the past 0.000, valid nll 1.387
  [diag] log10|dL/dh_t| hist bins=60 range=(-12.00,-2.24) mean=-11.95 p50=-12.00 p05=-12.00 p95=-12.00
  [diag] sat-dist hist bins=60 sat<0.05=0.0% mean=0.973 p10=0.971 p90=0.974
Iter 0009600: train nll 1.386, valid error 076.050%, best valid error 072.750%, avg grad norm   0.230, avg grad norm (post clip)   0.243, rho_Whh  0.97, Omega  0.00, alpha  0.000, steps in the past 0.000, valid nll 1.387
  [diag] log10|dL/dh_t| hist bins=60 range=(-12.00,-2.24) mean=-11.95 p50=-12.00 p05=-12.00 p95=-12.00
  [diag] sat-dist hist bins=60 sat<0.05=0.0% mean=0.973 p10=0.971 p90=0.974
Iter 0009620: train nll 1.386, valid error 075.900%, best valid error 072.750%, avg grad norm   0.202, avg grad norm (post clip)   0.214, rho_Whh  0.97, Omega  0.00, alpha  0.000, steps in the past 0.000, valid nll 1.387
  [diag] log10|dL/dh_t| hist bins=60 range=(-12.00,-2.24) mean=-11.95 p50=-12.00 p05=-12.00 p95=-12.00
  [diag] sat-dist hist bins=60 sat<0.05=0.0% mean=0.973 p10=0.971 p90=0.974
Iter 0009640: train nll 1.387, valid error 075.950%, best valid error 072.750%, avg grad norm   0.224, avg grad norm (post clip)   0.235, rho_Whh  0.96, Omega  0.00, alpha  0.000, steps in the past 0.000, valid nll 1.387
  [diag] log10|dL/dh_t| hist bins=60 range=(-12.00,-2.24) mean=-11.95 p50=-12.00 p05=-12.00 p95=-12.00
  [diag] sat-dist hist bins=60 sat<0.05=0.0% mean=0.973 p10=0.971 p90=0.974
Iter 0009660: train nll 1.387, valid error 075.500%, best valid error 072.750%, avg grad norm   0.258, avg grad norm (post clip)   0.270, rho_Whh  0.96, Omega  0.00, alpha  0.000, steps in the past 0.000, valid nll 1.387
  [diag] log10|dL/dh_t| hist bins=60 range=(-12.00,-2.24) mean=-11.95 p50=-12.00 p05=-12.00 p95=-12.00
  [diag] sat-dist hist bins=60 sat<0.05=0.0% mean=0.973 p10=0.971 p90=0.974
Iter 0009680: train nll 1.385, valid error 075.350%, best valid error 072.750%, avg grad norm   0.241, avg grad norm (post clip)   0.254, rho_Whh  0.96, Omega  0.00, alpha  0.000, steps in the past 0.000, valid nll 1.387
  [diag] log10|dL/dh_t| hist bins=60 range=(-12.00,-2.24) mean=-11.95 p50=-12.00 p05=-12.00 p95=-12.00
  [diag] sat-dist hist bins=60 sat<0.05=0.0% mean=0.973 p10=0.971 p90=0.974
Iter 0009700: train nll 1.387, valid error 075.750%, best valid error 072.750%, avg grad norm   0.250, avg grad norm (post clip)   0.262, rho_Whh  0.96, Omega  0.00, alpha  0.000, steps in the past 0.000, valid nll 1.387
  [diag] log10|dL/dh_t| hist bins=60 range=(-12.00,-2.24) mean=-11.95 p50=-12.00 p05=-12.00 p95=-12.00
  [diag] sat-dist hist bins=60 sat<0.05=0.0% mean=0.973 p10=0.971 p90=0.974
Iter 0009720: train nll 1.385, valid error 076.150%, best valid error 072.750%, avg grad norm   0.206, avg grad norm (post clip)   0.219, rho_Whh  0.96, Omega  0.00, alpha  0.000, steps in the past 0.000, valid nll 1.387
  [diag] log10|dL/dh_t| hist bins=60 range=(-12.00,-2.24) mean=-11.95 p50=-12.00 p05=-12.00 p95=-12.00
  [diag] sat-dist hist bins=60 sat<0.05=0.0% mean=0.973 p10=0.971 p90=0.974
Iter 0009740: train nll 1.387, valid error 075.800%, best valid error 072.750%, avg grad norm   0.240, avg grad norm (post clip)   0.251, rho_Whh  0.96, Omega  0.00, alpha  0.000, steps in the past 0.000, valid nll 1.387
  [diag] log10|dL/dh_t| hist bins=60 range=(-12.00,-2.24) mean=-11.95 p50=-12.00 p05=-12.00 p95=-12.00
  [diag] sat-dist hist bins=60 sat<0.05=0.0% mean=0.973 p10=0.971 p90=0.974
Iter 0009760: train nll 1.387, valid error 076.000%, best valid error 072.750%, avg grad norm   0.227, avg grad norm (post clip)   0.240, rho_Whh  0.96, Omega  0.00, alpha  0.000, steps in the past 0.000, valid nll 1.387
  [diag] log10|dL/dh_t| hist bins=60 range=(-12.00,-2.24) mean=-11.95 p50=-12.00 p05=-12.00 p95=-12.00
  [diag] sat-dist hist bins=60 sat<0.05=0.0% mean=0.972 p10=0.970 p90=0.973
Iter 0009780: train nll 1.387, valid error 074.050%, best valid error 072.750%, avg grad norm   0.220, avg grad norm (post clip)   0.232, rho_Whh  0.96, Omega  0.00, alpha  0.000, steps in the past 0.000, valid nll 1.386
  [diag] log10|dL/dh_t| hist bins=60 range=(-12.00,-2.24) mean=-11.95 p50=-12.00 p05=-12.00 p95=-12.00
  [diag] sat-dist hist bins=60 sat<0.05=0.0% mean=0.972 p10=0.970 p90=0.973
Iter 0009800: train nll 1.385, valid error 075.600%, best valid error 072.750%, avg grad norm   0.237, avg grad norm (post clip)   0.248, rho_Whh  0.96, Omega  0.00, alpha  0.000, steps in the past 0.000, valid nll 1.386
  [diag] log10|dL/dh_t| hist bins=60 range=(-12.00,-2.24) mean=-11.95 p50=-12.00 p05=-12.00 p95=-12.00
  [diag] sat-dist hist bins=60 sat<0.05=0.0% mean=0.973 p10=0.971 p90=0.974
Iter 0009820: train nll 1.387, valid error 075.650%, best valid error 072.750%, avg grad norm   0.213, avg grad norm (post clip)   0.226, rho_Whh  0.96, Omega  0.00, alpha  0.000, steps in the past 0.000, valid nll 1.387
  [diag] log10|dL/dh_t| hist bins=60 range=(-12.00,-2.24) mean=-11.95 p50=-12.00 p05=-12.00 p95=-12.00
  [diag] sat-dist hist bins=60 sat<0.05=0.0% mean=0.973 p10=0.971 p90=0.974
Iter 0009840: train nll 1.387, valid error 076.250%, best valid error 072.750%, avg grad norm   0.215, avg grad norm (post clip)   0.226, rho_Whh  0.96, Omega  0.00, alpha  0.000, steps in the past 0.000, valid nll 1.387
  [diag] log10|dL/dh_t| hist bins=60 range=(-12.00,-2.24) mean=-11.95 p50=-12.00 p05=-12.00 p95=-12.00
  [diag] sat-dist hist bins=60 sat<0.05=0.0% mean=0.973 p10=0.971 p90=0.974
Iter 0009860: train nll 1.387, valid error 076.000%, best valid error 072.750%, avg grad norm   0.255, avg grad norm (post clip)   0.266, rho_Whh  0.96, Omega  0.00, alpha  0.000, steps in the past 0.000, valid nll 1.386
  [diag] log10|dL/dh_t| hist bins=60 range=(-12.00,-2.24) mean=-11.95 p50=-12.00 p05=-12.00 p95=-12.00
  [diag] sat-dist hist bins=60 sat<0.05=0.0% mean=0.972 p10=0.971 p90=0.974
Iter 0009880: train nll 1.386, valid error 076.100%, best valid error 072.750%, avg grad norm   0.232, avg grad norm (post clip)   0.245, rho_Whh  0.96, Omega  0.00, alpha  0.000, steps in the past 0.000, valid nll 1.386
  [diag] log10|dL/dh_t| hist bins=60 range=(-12.00,-2.24) mean=-11.95 p50=-12.00 p05=-12.00 p95=-12.00
  [diag] sat-dist hist bins=60 sat<0.05=0.0% mean=0.971 p10=0.970 p90=0.972
Iter 0009900: train nll 1.385, valid error 076.200%, best valid error 072.750%, avg grad norm   0.255, avg grad norm (post clip)   0.267, rho_Whh  0.96, Omega  0.00, alpha  0.000, steps in the past 0.000, valid nll 1.386
  [diag] log10|dL/dh_t| hist bins=60 range=(-12.00,-2.24) mean=-11.95 p50=-12.00 p05=-12.00 p95=-12.00
  [diag] sat-dist hist bins=60 sat<0.05=0.0% mean=0.972 p10=0.970 p90=0.973
Iter 0009920: train nll 1.387, valid error 075.950%, best valid error 072.750%, avg grad norm   0.236, avg grad norm (post clip)   0.249, rho_Whh  0.96, Omega  0.00, alpha  0.000, steps in the past 0.000, valid nll 1.386
  [diag] log10|dL/dh_t| hist bins=60 range=(-12.00,-2.24) mean=-11.95 p50=-12.00 p05=-12.00 p95=-12.00
  [diag] sat-dist hist bins=60 sat<0.05=0.0% mean=0.972 p10=0.971 p90=0.974
Iter 0009940: train nll 1.387, valid error 076.150%, best valid error 072.750%, avg grad norm   0.259, avg grad norm (post clip)   0.272, rho_Whh  0.96, Omega  0.00, alpha  0.000, steps in the past 0.000, valid nll 1.386
  [diag] log10|dL/dh_t| hist bins=60 range=(-12.00,-2.24) mean=-11.95 p50=-12.00 p05=-12.00 p95=-12.00
  [diag] sat-dist hist bins=60 sat<0.05=0.0% mean=0.972 p10=0.971 p90=0.974
Iter 0009960: train nll 1.387, valid error 075.700%, best valid error 072.750%, avg grad norm   0.242, avg grad norm (post clip)   0.255, rho_Whh  0.96, Omega  0.00, alpha  0.000, steps in the past 0.000, valid nll 1.386
  [diag] log10|dL/dh_t| hist bins=60 range=(-12.00,-2.24) mean=-11.95 p50=-12.00 p05=-12.00 p95=-12.00
  [diag] sat-dist hist bins=60 sat<0.05=0.0% mean=0.973 p10=0.971 p90=0.974
Iter 0009980: train nll 1.387, valid error 076.050%, best valid error 072.750%, avg grad norm   0.217, avg grad norm (post clip)   0.230, rho_Whh  0.96, Omega  0.00, alpha  0.000, steps in the past 0.000, valid nll 1.386
  [diag] log10|dL/dh_t| hist bins=60 range=(-12.00,-2.24) mean=-11.95 p50=-12.00 p05=-12.00 p95=-12.00
  [diag] sat-dist hist bins=60 sat<0.05=0.0% mean=0.972 p10=0.970 p90=0.973
Iter 0010000: train nll 1.386, valid error 073.900%, best valid error 072.750%, avg grad norm   0.220, avg grad norm (post clip)   0.231, rho_Whh  0.96, Omega  0.00, alpha  0.000, steps in the past 0.000, valid nll 1.386
  [diag] log10|dL/dh_t| hist bins=60 range=(-12.00,-2.24) mean=-11.95 p50=-12.00 p05=-12.00 p95=-12.00
  [diag] sat-dist hist bins=60 sat<0.05=0.0% mean=0.972 p10=0.970 p90=0.973
Iter 0010020: train nll 1.386, valid error 075.100%, best valid error 072.750%, avg grad norm   0.226, avg grad norm (post clip)   0.237, rho_Whh  0.96, Omega  0.00, alpha  0.000, steps in the past 0.000, valid nll 1.386
  [diag] log10|dL/dh_t| hist bins=60 range=(-12.00,-2.24) mean=-11.95 p50=-12.00 p05=-12.00 p95=-12.00
  [diag] sat-dist hist bins=60 sat<0.05=0.0% mean=0.973 p10=0.971 p90=0.974
Iter 0010040: train nll 1.387, valid error 075.850%, best valid error 072.750%, avg grad norm   0.239, avg grad norm (post clip)   0.251, rho_Whh  0.96, Omega  0.00, alpha  0.000, steps in the past 0.000, valid nll 1.386
  [diag] log10|dL/dh_t| hist bins=60 range=(-12.00,-2.24) mean=-11.95 p50=-12.00 p05=-12.00 p95=-12.00
  [diag] sat-dist hist bins=60 sat<0.05=0.0% mean=0.973 p10=0.971 p90=0.974
Iter 0010060: train nll 1.386, valid error 075.600%, best valid error 072.750%, avg grad norm   0.246, avg grad norm (post clip)   0.258, rho_Whh  0.96, Omega  0.00, alpha  0.000, steps in the past 0.000, valid nll 1.386
  [diag] log10|dL/dh_t| hist bins=60 range=(-12.00,-2.24) mean=-11.95 p50=-12.00 p05=-12.00 p95=-12.00
  [diag] sat-dist hist bins=60 sat<0.05=0.0% mean=0.972 p10=0.971 p90=0.974
Iter 0010080: train nll 1.386, valid error 075.600%, best valid error 072.750%, avg grad norm   0.234, avg grad norm (post clip)   0.247, rho_Whh  0.96, Omega  0.00, alpha  0.000, steps in the past 0.000, valid nll 1.386
  [diag] log10|dL/dh_t| hist bins=60 range=(-12.00,-2.24) mean=-11.95 p50=-12.00 p05=-12.00 p95=-12.00
  [diag] sat-dist hist bins=60 sat<0.05=0.0% mean=0.972 p10=0.971 p90=0.973
Iter 0010100: train nll 1.386, valid error 074.900%, best valid error 072.750%, avg grad norm   0.239, avg grad norm (post clip)   0.251, rho_Whh  0.96, Omega  0.00, alpha  0.000, steps in the past 0.000, valid nll 1.386
  [diag] log10|dL/dh_t| hist bins=60 range=(-12.00,-2.24) mean=-11.95 p50=-12.00 p05=-12.00 p95=-12.00
  [diag] sat-dist hist bins=60 sat<0.05=0.0% mean=0.972 p10=0.970 p90=0.973
Iter 0010120: train nll 1.387, valid error 074.450%, best valid error 072.750%, avg grad norm   0.235, avg grad norm (post clip)   0.247, rho_Whh  0.96, Omega  0.00, alpha  0.000, steps in the past 0.000, valid nll 1.386
  [diag] log10|dL/dh_t| hist bins=60 range=(-12.00,-2.24) mean=-11.95 p50=-12.00 p05=-12.00 p95=-12.00
  [diag] sat-dist hist bins=60 sat<0.05=0.0% mean=0.972 p10=0.970 p90=0.973
Iter 0010140: train nll 1.387, valid error 074.750%, best valid error 072.750%, avg grad norm   0.229, avg grad norm (post clip)   0.241, rho_Whh  0.96, Omega  0.00, alpha  0.000, steps in the past 0.000, valid nll 1.386
  [diag] log10|dL/dh_t| hist bins=60 range=(-12.00,-2.24) mean=-11.95 p50=-12.00 p05=-12.00 p95=-12.00
  [diag] sat-dist hist bins=60 sat<0.05=0.0% mean=0.970 p10=0.968 p90=0.972
Iter 0010160: train nll 1.386, valid error 074.200%, best valid error 072.750%, avg grad norm   0.248, avg grad norm (post clip)   0.260, rho_Whh  0.96, Omega  0.00, alpha  0.000, steps in the past 0.000, valid nll 1.386
  [diag] log10|dL/dh_t| hist bins=60 range=(-12.00,-2.24) mean=-11.95 p50=-12.00 p05=-12.00 p95=-12.00
  [diag] sat-dist hist bins=60 sat<0.05=0.0% mean=0.971 p10=0.970 p90=0.973
Iter 0010180: train nll 1.387, valid error 074.100%, best valid error 072.750%, avg grad norm   0.246, avg grad norm (post clip)   0.259, rho_Whh  0.96, Omega  0.00, alpha  0.000, steps in the past 0.000, valid nll 1.386
  [diag] log10|dL/dh_t| hist bins=60 range=(-12.00,-2.24) mean=-11.95 p50=-12.00 p05=-12.00 p95=-12.00
  [diag] sat-dist hist bins=60 sat<0.05=0.0% mean=0.970 p10=0.968 p90=0.971
Iter 0010200: train nll 1.386, valid error 074.600%, best valid error 072.750%, avg grad norm   0.254, avg grad norm (post clip)   0.267, rho_Whh  0.96, Omega  0.00, alpha  0.000, steps in the past 0.000, valid nll 1.386
  [diag] log10|dL/dh_t| hist bins=60 range=(-12.00,-2.24) mean=-11.95 p50=-12.00 p05=-12.00 p95=-12.00
  [diag] sat-dist hist bins=60 sat<0.05=0.0% mean=0.970 p10=0.969 p90=0.972
Iter 0010220: train nll 1.386, valid error 074.500%, best valid error 072.750%, avg grad norm   0.235, avg grad norm (post clip)   0.248, rho_Whh  0.96, Omega  0.00, alpha  0.000, steps in the past 0.000, valid nll 1.386
  [diag] log10|dL/dh_t| hist bins=60 range=(-12.00,-2.24) mean=-11.95 p50=-12.00 p05=-12.00 p95=-12.00
  [diag] sat-dist hist bins=60 sat<0.05=0.0% mean=0.969 p10=0.967 p90=0.970
Iter 0010240: train nll 1.386, valid error 074.300%, best valid error 072.750%, avg grad norm   0.228, avg grad norm (post clip)   0.240, rho_Whh  0.96, Omega  0.00, alpha  0.000, steps in the past 0.000, valid nll 1.386
  [diag] log10|dL/dh_t| hist bins=60 range=(-12.00,-2.24) mean=-11.95 p50=-12.00 p05=-12.00 p95=-12.00
  [diag] sat-dist hist bins=60 sat<0.05=0.0% mean=0.972 p10=0.970 p90=0.973
Iter 0010260: train nll 1.387, valid error 074.450%, best valid error 072.750%, avg grad norm   0.215, avg grad norm (post clip)   0.227, rho_Whh  0.96, Omega  0.00, alpha  0.000, steps in the past 0.000, valid nll 1.386
  [diag] log10|dL/dh_t| hist bins=60 range=(-12.00,-2.24) mean=-11.95 p50=-12.00 p05=-12.00 p95=-12.00
  [diag] sat-dist hist bins=60 sat<0.05=0.0% mean=0.971 p10=0.969 p90=0.973
Iter 0010280: train nll 1.386, valid error 074.600%, best valid error 072.750%, avg grad norm   0.248, avg grad norm (post clip)   0.259, rho_Whh  0.96, Omega  0.00, alpha  0.000, steps in the past 0.000, valid nll 1.386
  [diag] log10|dL/dh_t| hist bins=60 range=(-12.00,-2.24) mean=-11.95 p50=-12.00 p05=-12.00 p95=-12.00
  [diag] sat-dist hist bins=60 sat<0.05=0.0% mean=0.971 p10=0.969 p90=0.972
Iter 0010300: train nll 1.386, valid error 074.500%, best valid error 072.750%, avg grad norm   0.253, avg grad norm (post clip)   0.266, rho_Whh  0.96, Omega  0.00, alpha  0.000, steps in the past 0.000, valid nll 1.386
  [diag] log10|dL/dh_t| hist bins=60 range=(-12.00,-2.24) mean=-11.95 p50=-12.00 p05=-12.00 p95=-12.00
  [diag] sat-dist hist bins=60 sat<0.05=0.0% mean=0.971 p10=0.969 p90=0.973
Iter 0010320: train nll 1.386, valid error 076.250%, best valid error 072.750%, avg grad norm   0.251, avg grad norm (post clip)   0.264, rho_Whh  0.96, Omega  0.00, alpha  0.000, steps in the past 0.000, valid nll 1.386
  [diag] log10|dL/dh_t| hist bins=60 range=(-12.00,-2.24) mean=-11.95 p50=-12.00 p05=-12.00 p95=-12.00
  [diag] sat-dist hist bins=60 sat<0.05=0.0% mean=0.971 p10=0.969 p90=0.973
Iter 0010340: train nll 1.386, valid error 076.400%, best valid error 072.750%, avg grad norm   0.243, avg grad norm (post clip)   0.257, rho_Whh  0.96, Omega  0.00, alpha  0.000, steps in the past 0.000, valid nll 1.386
  [diag] log10|dL/dh_t| hist bins=60 range=(-12.00,-2.24) mean=-11.95 p50=-12.00 p05=-12.00 p95=-12.00
  [diag] sat-dist hist bins=60 sat<0.05=0.0% mean=0.970 p10=0.968 p90=0.972
Iter 0010360: train nll 1.386, valid error 076.200%, best valid error 072.750%, avg grad norm   0.267, avg grad norm (post clip)   0.280, rho_Whh  0.96, Omega  0.00, alpha  0.000, steps in the past 0.000, valid nll 1.386
  [diag] log10|dL/dh_t| hist bins=60 range=(-12.00,-2.24) mean=-11.95 p50=-12.00 p05=-12.00 p95=-12.00
  [diag] sat-dist hist bins=60 sat<0.05=0.0% mean=0.970 p10=0.968 p90=0.971
Iter 0010380: train nll 1.386, valid error 075.250%, best valid error 072.750%, avg grad norm   0.239, avg grad norm (post clip)   0.253, rho_Whh  0.96, Omega  0.00, alpha  0.000, steps in the past 0.000, valid nll 1.386
  [diag] log10|dL/dh_t| hist bins=60 range=(-12.00,-2.24) mean=-11.95 p50=-12.00 p05=-12.00 p95=-12.00
  [diag] sat-dist hist bins=60 sat<0.05=0.0% mean=0.971 p10=0.969 p90=0.972
Iter 0010400: train nll 1.387, valid error 075.350%, best valid error 072.750%, avg grad norm   0.257, avg grad norm (post clip)   0.269, rho_Whh  0.96, Omega  0.00, alpha  0.000, steps in the past 0.000, valid nll 1.386
  [diag] log10|dL/dh_t| hist bins=60 range=(-12.00,-2.24) mean=-11.95 p50=-12.00 p05=-12.00 p95=-12.00
  [diag] sat-dist hist bins=60 sat<0.05=0.0% mean=0.971 p10=0.969 p90=0.973
Iter 0010420: train nll 1.386, valid error 076.150%, best valid error 072.750%, avg grad norm   0.228, avg grad norm (post clip)   0.241, rho_Whh  0.96, Omega  0.00, alpha  0.000, steps in the past 0.000, valid nll 1.386
  [diag] log10|dL/dh_t| hist bins=60 range=(-12.00,-2.24) mean=-11.95 p50=-12.00 p05=-12.00 p95=-12.00
  [diag] sat-dist hist bins=60 sat<0.05=0.0% mean=0.972 p10=0.970 p90=0.973
Iter 0010440: train nll 1.386, valid error 076.600%, best valid error 072.750%, avg grad norm   0.242, avg grad norm (post clip)   0.254, rho_Whh  0.96, Omega  0.00, alpha  0.000, steps in the past 0.000, valid nll 1.386
  [diag] log10|dL/dh_t| hist bins=60 range=(-12.00,-2.24) mean=-11.95 p50=-12.00 p05=-12.00 p95=-12.00
  [diag] sat-dist hist bins=60 sat<0.05=0.0% mean=0.971 p10=0.970 p90=0.973
Iter 0010460: train nll 1.386, valid error 076.400%, best valid error 072.750%, avg grad norm   0.245, avg grad norm (post clip)   0.258, rho_Whh  0.96, Omega  0.00, alpha  0.000, steps in the past 0.000, valid nll 1.386
  [diag] log10|dL/dh_t| hist bins=60 range=(-12.00,-2.24) mean=-11.95 p50=-12.00 p05=-12.00 p95=-12.00
  [diag] sat-dist hist bins=60 sat<0.05=0.0% mean=0.970 p10=0.968 p90=0.971
Iter 0010480: train nll 1.386, valid error 074.900%, best valid error 072.750%, avg grad norm   0.257, avg grad norm (post clip)   0.270, rho_Whh  0.96, Omega  0.00, alpha  0.000, steps in the past 0.000, valid nll 1.386
  [diag] log10|dL/dh_t| hist bins=60 range=(-12.00,-2.24) mean=-11.95 p50=-12.00 p05=-12.00 p95=-12.00
  [diag] sat-dist hist bins=60 sat<0.05=0.0% mean=0.971 p10=0.969 p90=0.972
Iter 0010500: train nll 1.386, valid error 075.700%, best valid error 072.750%, avg grad norm   0.251, avg grad norm (post clip)   0.264, rho_Whh  0.96, Omega  0.00, alpha  0.000, steps in the past 0.000, valid nll 1.386
  [diag] log10|dL/dh_t| hist bins=60 range=(-12.00,-2.24) mean=-11.95 p50=-12.00 p05=-12.00 p95=-12.00
  [diag] sat-dist hist bins=60 sat<0.05=0.0% mean=0.971 p10=0.969 p90=0.972
Iter 0010520: train nll 1.386, valid error 076.000%, best valid error 072.750%, avg grad norm   0.228, avg grad norm (post clip)   0.241, rho_Whh  0.96, Omega  0.00, alpha  0.000, steps in the past 0.000, valid nll 1.386
  [diag] log10|dL/dh_t| hist bins=60 range=(-12.00,-2.24) mean=-11.95 p50=-12.00 p05=-12.00 p95=-12.00
  [diag] sat-dist hist bins=60 sat<0.05=0.0% mean=0.972 p10=0.970 p90=0.973
Iter 0010540: train nll 1.386, valid error 076.050%, best valid error 072.750%, avg grad norm   0.260, avg grad norm (post clip)   0.273, rho_Whh  0.96, Omega  0.00, alpha  0.000, steps in the past 0.000, valid nll 1.387
  [diag] log10|dL/dh_t| hist bins=60 range=(-12.00,-2.24) mean=-11.95 p50=-12.00 p05=-12.00 p95=-12.00
  [diag] sat-dist hist bins=60 sat<0.05=0.0% mean=0.971 p10=0.969 p90=0.972
Iter 0010560: train nll 1.386, valid error 076.150%, best valid error 072.750%, avg grad norm   0.235, avg grad norm (post clip)   0.248, rho_Whh  0.96, Omega  0.00, alpha  0.000, steps in the past 0.000, valid nll 1.387
  [diag] log10|dL/dh_t| hist bins=60 range=(-12.00,-2.24) mean=-11.95 p50=-12.00 p05=-12.00 p95=-12.00
  [diag] sat-dist hist bins=60 sat<0.05=0.0% mean=0.971 p10=0.969 p90=0.972
Iter 0010580: train nll 1.387, valid error 076.050%, best valid error 072.750%, avg grad norm   0.254, avg grad norm (post clip)   0.266, rho_Whh  0.96, Omega  0.00, alpha  0.000, steps in the past 0.000, valid nll 1.387
  [diag] log10|dL/dh_t| hist bins=60 range=(-12.00,-2.24) mean=-11.95 p50=-12.00 p05=-12.00 p95=-12.00
  [diag] sat-dist hist bins=60 sat<0.05=0.0% mean=0.968 p10=0.965 p90=0.969
Iter 0010600: train nll 1.388, valid error 076.550%, best valid error 072.750%, avg grad norm   0.244, avg grad norm (post clip)   0.257, rho_Whh  0.96, Omega  0.00, alpha  0.000, steps in the past 0.000, valid nll 1.387
  [diag] log10|dL/dh_t| hist bins=60 range=(-12.00,-2.24) mean=-11.95 p50=-12.00 p05=-12.00 p95=-12.00
  [diag] sat-dist hist bins=60 sat<0.05=0.0% mean=0.966 p10=0.964 p90=0.968
Iter 0010620: train nll 1.387, valid error 076.150%, best valid error 072.750%, avg grad norm   0.255, avg grad norm (post clip)   0.267, rho_Whh  0.96, Omega  0.00, alpha  0.000, steps in the past 0.000, valid nll 1.386
  [diag] log10|dL/dh_t| hist bins=60 range=(-12.00,-2.24) mean=-11.95 p50=-12.00 p05=-12.00 p95=-12.00
  [diag] sat-dist hist bins=60 sat<0.05=0.0% mean=0.964 p10=0.961 p90=0.967
Iter 0010640: train nll 1.386, valid error 075.800%, best valid error 072.750%, avg grad norm   0.237, avg grad norm (post clip)   0.250, rho_Whh  0.96, Omega  0.00, alpha  0.000, steps in the past 0.000, valid nll 1.386
  [diag] log10|dL/dh_t| hist bins=60 range=(-12.00,-2.24) mean=-11.95 p50=-12.00 p05=-12.00 p95=-12.00
  [diag] sat-dist hist bins=60 sat<0.05=0.0% mean=0.959 p10=0.956 p90=0.964
Iter 0010660: train nll 1.386, valid error 075.500%, best valid error 072.750%, avg grad norm   0.342, avg grad norm (post clip)   0.354, rho_Whh  0.96, Omega  0.00, alpha  0.000, steps in the past 0.000, valid nll 1.387
  [diag] log10|dL/dh_t| hist bins=60 range=(-12.00,-2.24) mean=-11.95 p50=-12.00 p05=-12.00 p95=-12.00
  [diag] sat-dist hist bins=60 sat<0.05=0.0% mean=0.958 p10=0.955 p90=0.964
Iter 0010680: train nll 1.386, valid error 075.700%, best valid error 072.750%, avg grad norm   0.310, avg grad norm (post clip)   0.327, rho_Whh  0.96, Omega  0.00, alpha  0.000, steps in the past 0.000, valid nll 1.387
  [diag] log10|dL/dh_t| hist bins=60 range=(-12.00,-2.24) mean=-11.95 p50=-12.00 p05=-12.00 p95=-12.00
  [diag] sat-dist hist bins=60 sat<0.05=0.0% mean=0.951 p10=0.946 p90=0.961
Iter 0010700: train nll 1.386, valid error 075.450%, best valid error 072.750%, avg grad norm   0.279, avg grad norm (post clip)   0.295, rho_Whh  0.96, Omega  0.00, alpha  0.000, steps in the past 0.000, valid nll 1.387
  [diag] log10|dL/dh_t| hist bins=60 range=(-12.00,-2.24) mean=-11.95 p50=-12.00 p05=-12.00 p95=-12.00
  [diag] sat-dist hist bins=60 sat<0.05=0.0% mean=0.970 p10=0.968 p90=0.971
Iter 0010720: train nll 1.387, valid error 075.900%, best valid error 072.750%, avg grad norm   0.277, avg grad norm (post clip)   0.292, rho_Whh  0.96, Omega  0.00, alpha  0.000, steps in the past 0.000, valid nll 1.386
  [diag] log10|dL/dh_t| hist bins=60 range=(-12.00,-2.24) mean=-11.95 p50=-12.00 p05=-12.00 p95=-12.00
  [diag] sat-dist hist bins=60 sat<0.05=0.0% mean=0.971 p10=0.970 p90=0.972
Iter 0010740: train nll 1.387, valid error 075.700%, best valid error 072.750%, avg grad norm   0.251, avg grad norm (post clip)   0.266, rho_Whh  0.96, Omega  0.00, alpha  0.000, steps in the past 0.000, valid nll 1.386
  [diag] log10|dL/dh_t| hist bins=60 range=(-12.00,-2.24) mean=-11.95 p50=-12.00 p05=-12.00 p95=-12.00
  [diag] sat-dist hist bins=60 sat<0.05=0.0% mean=0.966 p10=0.964 p90=0.968
Iter 0010760: train nll 1.386, valid error 075.300%, best valid error 072.750%, avg grad norm   0.264, avg grad norm (post clip)   0.278, rho_Whh  0.96, Omega  0.00, alpha  0.000, steps in the past 0.000, valid nll 1.387
  [diag] log10|dL/dh_t| hist bins=60 range=(-12.00,-2.24) mean=-11.95 p50=-12.00 p05=-12.00 p95=-12.00
  [diag] sat-dist hist bins=60 sat<0.05=0.0% mean=0.966 p10=0.963 p90=0.968
Iter 0010780: train nll 1.387, valid error 075.150%, best valid error 072.750%, avg grad norm   0.265, avg grad norm (post clip)   0.279, rho_Whh  0.96, Omega  0.00, alpha  0.000, steps in the past 0.000, valid nll 1.387
  [diag] log10|dL/dh_t| hist bins=60 range=(-12.00,-2.24) mean=-11.95 p50=-12.00 p05=-12.00 p95=-12.00
  [diag] sat-dist hist bins=60 sat<0.05=0.0% mean=0.966 p10=0.963 p90=0.969
Iter 0010800: train nll 1.387, valid error 074.300%, best valid error 072.750%, avg grad norm   0.274, avg grad norm (post clip)   0.288, rho_Whh  0.96, Omega  0.00, alpha  0.000, steps in the past 0.000, valid nll 1.386
  [diag] log10|dL/dh_t| hist bins=60 range=(-12.00,-2.24) mean=-11.95 p50=-12.00 p05=-12.00 p95=-12.00
  [diag] sat-dist hist bins=60 sat<0.05=0.0% mean=0.954 p10=0.949 p90=0.965
Iter 0010820: train nll 1.386, valid error 074.150%, best valid error 072.750%, avg grad norm   0.319, avg grad norm (post clip)   0.334, rho_Whh  0.97, Omega  0.00, alpha  0.000, steps in the past 0.000, valid nll 1.386
  [diag] log10|dL/dh_t| hist bins=60 range=(-12.00,-2.24) mean=-11.95 p50=-12.00 p05=-12.00 p95=-12.00
  [diag] sat-dist hist bins=60 sat<0.05=0.0% mean=0.959 p10=0.954 p90=0.966
Iter 0010840: train nll 1.386, valid error 074.600%, best valid error 072.750%, avg grad norm   0.302, avg grad norm (post clip)   0.318, rho_Whh  0.97, Omega  0.00, alpha  0.000, steps in the past 0.000, valid nll 1.386
  [diag] log10|dL/dh_t| hist bins=60 range=(-12.00,-2.24) mean=-11.95 p50=-12.00 p05=-12.00 p95=-12.00
  [diag] sat-dist hist bins=60 sat<0.05=0.0% mean=0.971 p10=0.969 p90=0.972
Iter 0010860: train nll 1.387, valid error 074.800%, best valid error 072.750%, avg grad norm   0.301, avg grad norm (post clip)   0.317, rho_Whh  0.96, Omega  0.00, alpha  0.000, steps in the past 0.000, valid nll 1.386
  [diag] log10|dL/dh_t| hist bins=60 range=(-12.00,-2.24) mean=-11.95 p50=-12.00 p05=-12.00 p95=-12.00
  [diag] sat-dist hist bins=60 sat<0.05=0.0% mean=0.969 p10=0.966 p90=0.970
Iter 0010880: train nll 1.386, valid error 074.050%, best valid error 072.750%, avg grad norm   0.274, avg grad norm (post clip)   0.290, rho_Whh  0.96, Omega  0.00, alpha  0.000, steps in the past 0.000, valid nll 1.386
  [diag] log10|dL/dh_t| hist bins=60 range=(-12.00,-2.24) mean=-11.95 p50=-12.00 p05=-12.00 p95=-12.00
  [diag] sat-dist hist bins=60 sat<0.05=0.0% mean=0.962 p10=0.958 p90=0.969
Iter 0010900: train nll 1.386, valid error 073.250%, best valid error 072.750%, avg grad norm   0.256, avg grad norm (post clip)   0.271, rho_Whh  0.97, Omega  0.00, alpha  0.000, steps in the past 0.000, valid nll 1.386
  [diag] log10|dL/dh_t| hist bins=60 range=(-12.00,-2.24) mean=-11.95 p50=-12.00 p05=-12.00 p95=-12.00
  [diag] sat-dist hist bins=60 sat<0.05=0.0% mean=0.951 p10=0.943 p90=0.966
Iter 0010920: train nll 1.386, valid error 074.250%, best valid error 072.750%, avg grad norm   0.365, avg grad norm (post clip)   0.379, rho_Whh  0.98, Omega  0.00, alpha  0.000, steps in the past 0.000, valid nll 1.386
  [diag] log10|dL/dh_t| hist bins=60 range=(-12.00,-2.24) mean=-11.95 p50=-12.00 p05=-12.00 p95=-12.00
  [diag] sat-dist hist bins=60 sat<0.05=0.0% mean=0.967 p10=0.964 p90=0.970
Iter 0010940: train nll 1.386, valid error 074.600%, best valid error 072.750%, avg grad norm   0.272, avg grad norm (post clip)   0.291, rho_Whh  0.98, Omega  0.00, alpha  0.000, steps in the past 0.000, valid nll 1.386
  [diag] log10|dL/dh_t| hist bins=60 range=(-12.00,-2.24) mean=-11.95 p50=-12.00 p05=-12.00 p95=-12.00
  [diag] sat-dist hist bins=60 sat<0.05=0.0% mean=0.897 p10=0.876 p90=0.953
Iter 0010960: train nll 1.386, valid error 075.350%, best valid error 072.750%, avg grad norm   0.425, avg grad norm (post clip)   0.440, rho_Whh  1.01, Omega  0.00, alpha  0.000, steps in the past 0.000, valid nll 1.388
  [diag] log10|dL/dh_t| hist bins=60 range=(-12.00,-2.24) mean=-11.95 p50=-12.00 p05=-12.00 p95=-12.00
  [diag] sat-dist hist bins=60 sat<0.05=0.0% mean=0.887 p10=0.865 p90=0.950
Iter 0010980: train nll 1.386, valid error 075.450%, best valid error 072.750%, avg grad norm   0.486, avg grad norm (post clip)   0.508, rho_Whh  1.01, Omega  0.00, alpha  0.000, steps in the past 0.000, valid nll 1.388
  [diag] log10|dL/dh_t| hist bins=60 range=(-12.00,-2.24) mean=-11.95 p50=-12.00 p05=-12.00 p95=-12.00
  [diag] sat-dist hist bins=60 sat<0.05=0.0% mean=0.963 p10=0.958 p90=0.969
Iter 0011000: train nll 1.387, valid error 075.300%, best valid error 072.750%, avg grad norm   0.382, avg grad norm (post clip)   0.407, rho_Whh  0.98, Omega  0.00, alpha  0.000, steps in the past 0.000, valid nll 1.386
  [diag] log10|dL/dh_t| hist bins=60 range=(-12.00,-2.24) mean=-11.95 p50=-12.00 p05=-12.00 p95=-12.00
  [diag] sat-dist hist bins=60 sat<0.05=0.0% mean=0.926 p10=0.911 p90=0.960
Iter 0011020: train nll 1.386, valid error 075.250%, best valid error 072.750%, avg grad norm   0.433, avg grad norm (post clip)   0.453, rho_Whh  0.99, Omega  0.00, alpha  0.000, steps in the past 0.000, valid nll 1.387
  [diag] log10|dL/dh_t| hist bins=60 range=(-12.00,-2.24) mean=-11.95 p50=-12.00 p05=-12.00 p95=-12.00
  [diag] sat-dist hist bins=60 sat<0.05=0.0% mean=0.958 p10=0.952 p90=0.968
Iter 0011040: train nll 1.387, valid error 075.250%, best valid error 072.750%, avg grad norm   0.408, avg grad norm (post clip)   0.430, rho_Whh  0.98, Omega  0.00, alpha  0.000, steps in the past 0.000, valid nll 1.386
  [diag] log10|dL/dh_t| hist bins=60 range=(-12.00,-2.24) mean=-11.95 p50=-12.00 p05=-12.00 p95=-12.00
  [diag] sat-dist hist bins=60 sat<0.05=0.0% mean=0.968 p10=0.966 p90=0.971
Iter 0011060: train nll 1.386, valid error 073.550%, best valid error 072.750%, avg grad norm   0.325, avg grad norm (post clip)   0.347, rho_Whh  0.97, Omega  0.00, alpha  0.000, steps in the past 0.000, valid nll 1.386
  [diag] log10|dL/dh_t| hist bins=60 range=(-12.00,-2.24) mean=-11.95 p50=-12.00 p05=-12.00 p95=-12.00
  [diag] sat-dist hist bins=60 sat<0.05=0.0% mean=0.968 p10=0.965 p90=0.970
Iter 0011080: train nll 1.387, valid error 073.350%, best valid error 072.750%, avg grad norm   0.333, avg grad norm (post clip)   0.351, rho_Whh  0.98, Omega  0.00, alpha  0.000, steps in the past 0.000, valid nll 1.386
  [diag] log10|dL/dh_t| hist bins=60 range=(-12.00,-2.24) mean=-11.95 p50=-12.00 p05=-12.00 p95=-12.00
  [diag] sat-dist hist bins=60 sat<0.05=0.0% mean=0.950 p10=0.941 p90=0.966
Iter 0011100: train nll 1.386, valid error 074.300%, best valid error 072.750%, avg grad norm   0.384, avg grad norm (post clip)   0.401, rho_Whh  0.98, Omega  0.00, alpha  0.000, steps in the past 0.000, valid nll 1.386
  [diag] log10|dL/dh_t| hist bins=60 range=(-12.00,-2.24) mean=-11.95 p50=-12.00 p05=-12.00 p95=-12.00
  [diag] sat-dist hist bins=60 sat<0.05=0.0% mean=0.936 p10=0.924 p90=0.963
Iter 0011120: train nll 1.386, valid error 074.300%, best valid error 072.750%, avg grad norm   0.321, avg grad norm (post clip)   0.342, rho_Whh  0.99, Omega  0.00, alpha  0.000, steps in the past 0.000, valid nll 1.386
  [diag] log10|dL/dh_t| hist bins=60 range=(-12.00,-2.24) mean=-11.95 p50=-12.00 p05=-12.00 p95=-12.00
  [diag] sat-dist hist bins=60 sat<0.05=0.0% mean=0.943 p10=0.931 p90=0.965
Iter 0011140: train nll 1.387, valid error 075.300%, best valid error 072.750%, avg grad norm   0.385, avg grad norm (post clip)   0.395, rho_Whh  0.99, Omega  0.00, alpha  0.000, steps in the past 0.000, valid nll 1.386
  [diag] log10|dL/dh_t| hist bins=60 range=(-12.00,-2.24) mean=-11.95 p50=-12.00 p05=-12.00 p95=-12.00
  [diag] sat-dist hist bins=60 sat<0.05=0.0% mean=0.899 p10=0.878 p90=0.953
Iter 0011160: train nll 1.386, valid error 074.500%, best valid error 072.750%, avg grad norm   0.472, avg grad norm (post clip)   0.490, rho_Whh  1.00, Omega  0.00, alpha  0.000, steps in the past 0.000, valid nll 1.387
  [diag] log10|dL/dh_t| hist bins=60 range=(-12.00,-2.24) mean=-11.95 p50=-12.00 p05=-12.00 p95=-12.00
  [diag] sat-dist hist bins=60 sat<0.05=0.0% mean=0.879 p10=0.856 p90=0.947
Iter 0011180: train nll 1.385, valid error 075.250%, best valid error 072.750%, avg grad norm   0.529, avg grad norm (post clip)   0.544, rho_Whh  1.01, Omega  0.00, alpha  0.000, steps in the past 0.000, valid nll 1.388
  [diag] log10|dL/dh_t| hist bins=60 range=(-12.00,-2.24) mean=-11.95 p50=-12.00 p05=-12.00 p95=-12.00
  [diag] sat-dist hist bins=60 sat<0.05=0.0% mean=0.900 p10=0.880 p90=0.952
Iter 0011200: train nll 1.388, valid error 074.500%, best valid error 072.750%, avg grad norm   0.654, avg grad norm (post clip)   0.681, rho_Whh  1.00, Omega  0.00, alpha  0.000, steps in the past 0.000, valid nll 1.387
  [diag] log10|dL/dh_t| hist bins=60 range=(-12.00,-2.24) mean=-11.95 p50=-12.00 p05=-12.00 p95=-12.00
  [diag] sat-dist hist bins=60 sat<0.05=0.0% mean=0.964 p10=0.960 p90=0.968
Iter 0011220: train nll 1.387, valid error 074.250%, best valid error 072.750%, avg grad norm   0.418, avg grad norm (post clip)   0.452, rho_Whh  0.98, Omega  0.00, alpha  0.000, steps in the past 0.000, valid nll 1.386
  [diag] log10|dL/dh_t| hist bins=60 range=(-12.00,-2.24) mean=-11.95 p50=-12.00 p05=-12.00 p95=-12.00
  [diag] sat-dist hist bins=60 sat<0.05=0.0% mean=0.964 p10=0.960 p90=0.968
Iter 0011240: train nll 1.385, valid error 074.300%, best valid error 072.750%, avg grad norm   0.457, avg grad norm (post clip)   0.470, rho_Whh  0.98, Omega  0.00, alpha  0.000, steps in the past 0.000, valid nll 1.386
  [diag] log10|dL/dh_t| hist bins=60 range=(-12.00,-2.24) mean=-11.95 p50=-12.00 p05=-12.00 p95=-12.00
  [diag] sat-dist hist bins=60 sat<0.05=0.0% mean=0.964 p10=0.961 p90=0.967
Iter 0011260: train nll 1.387, valid error 074.400%, best valid error 072.750%, avg grad norm   0.375, avg grad norm (post clip)   0.398, rho_Whh  0.98, Omega  0.00, alpha  0.000, steps in the past 0.000, valid nll 1.386
  [diag] log10|dL/dh_t| hist bins=60 range=(-12.00,-2.24) mean=-11.95 p50=-12.00 p05=-12.00 p95=-12.00
  [diag] sat-dist hist bins=60 sat<0.05=0.0% mean=0.966 p10=0.964 p90=0.967
Iter 0011280: train nll 1.386, valid error 074.500%, best valid error 072.750%, avg grad norm   0.404, avg grad norm (post clip)   0.415, rho_Whh  0.97, Omega  0.00, alpha  0.000, steps in the past 0.000, valid nll 1.386
  [diag] log10|dL/dh_t| hist bins=60 range=(-12.00,-2.24) mean=-11.95 p50=-12.00 p05=-12.00 p95=-12.00
  [diag] sat-dist hist bins=60 sat<0.05=0.0% mean=0.960 p10=0.957 p90=0.965
Iter 0011300: train nll 1.385, valid error 074.150%, best valid error 072.750%, avg grad norm   0.355, avg grad norm (post clip)   0.376, rho_Whh  0.98, Omega  0.00, alpha  0.000, steps in the past 0.000, valid nll 1.386
  [diag] log10|dL/dh_t| hist bins=60 range=(-12.00,-2.24) mean=-11.95 p50=-12.00 p05=-12.00 p95=-12.00
  [diag] sat-dist hist bins=60 sat<0.05=0.0% mean=0.939 p10=0.926 p90=0.963
Iter 0011320: train nll 1.388, valid error 074.350%, best valid error 072.750%, avg grad norm   0.419, avg grad norm (post clip)   0.438, rho_Whh  0.99, Omega  0.00, alpha  0.000, steps in the past 0.000, valid nll 1.386
  [diag] log10|dL/dh_t| hist bins=60 range=(-12.00,-2.24) mean=-11.95 p50=-12.00 p05=-12.00 p95=-12.00
  [diag] sat-dist hist bins=60 sat<0.05=0.0% mean=0.890 p10=0.869 p90=0.951
Iter 0011340: train nll 1.387, valid error 075.150%, best valid error 072.750%, avg grad norm   0.596, avg grad norm (post clip)   0.606, rho_Whh  1.01, Omega  0.00, alpha  0.000, steps in the past 0.000, valid nll 1.387
  [diag] log10|dL/dh_t| hist bins=60 range=(-12.00,-2.24) mean=-11.95 p50=-12.00 p05=-12.00 p95=-12.00
  [diag] sat-dist hist bins=60 sat<0.05=0.0% mean=0.894 p10=0.873 p90=0.953
Iter 0011360: train nll 1.387, valid error 075.350%, best valid error 072.750%, avg grad norm   0.615, avg grad norm (post clip)   0.633, rho_Whh  1.01, Omega  0.00, alpha  0.000, steps in the past 0.000, valid nll 1.387
  [diag] log10|dL/dh_t| hist bins=60 range=(-12.00,-2.24) mean=-11.95 p50=-12.00 p05=-12.00 p95=-12.00
  [diag] sat-dist hist bins=60 sat<0.05=0.0% mean=0.918 p10=0.898 p90=0.961
Iter 0011380: train nll 1.387, valid error 075.800%, best valid error 072.750%, avg grad norm   0.595, avg grad norm (post clip)   0.586, rho_Whh  1.00, Omega  0.00, alpha  0.000, steps in the past 0.000, valid nll 1.387
  [diag] log10|dL/dh_t| hist bins=60 range=(-12.00,-2.24) mean=-11.95 p50=-12.00 p05=-12.00 p95=-12.00
  [diag] sat-dist hist bins=60 sat<0.05=0.0% mean=0.921 p10=0.902 p90=0.962
Iter 0011400: train nll 1.386, valid error 074.450%, best valid error 072.750%, avg grad norm   0.547, avg grad norm (post clip)   0.571, rho_Whh  1.00, Omega  0.00, alpha  0.000, steps in the past 0.000, valid nll 1.387
  [diag] log10|dL/dh_t| hist bins=60 range=(-12.00,-2.24) mean=-11.95 p50=-12.00 p05=-12.00 p95=-12.00
  [diag] sat-dist hist bins=60 sat<0.05=0.0% mean=0.875 p10=0.850 p90=0.950
Iter 0011420: train nll 1.384, valid error 074.500%, best valid error 072.750%, avg grad norm   0.592, avg grad norm (post clip)   0.585, rho_Whh  1.02, Omega  0.00, alpha  0.000, steps in the past 0.000, valid nll 1.387
  [diag] log10|dL/dh_t| hist bins=60 range=(-12.00,-2.24) mean=-11.95 p50=-12.00 p05=-12.00 p95=-12.00
  [diag] sat-dist hist bins=60 sat<0.05=0.0% mean=0.952 p10=0.945 p90=0.967
Iter 0011440: train nll 1.386, valid error 074.400%, best valid error 072.750%, avg grad norm   0.475, avg grad norm (post clip)   0.504, rho_Whh  0.98, Omega  0.00, alpha  0.000, steps in the past 0.000, valid nll 1.385
  [diag] log10|dL/dh_t| hist bins=60 range=(-12.00,-2.24) mean=-11.95 p50=-12.00 p05=-12.00 p95=-12.00
  [diag] sat-dist hist bins=60 sat<0.05=0.0% mean=0.938 p10=0.929 p90=0.960
Iter 0011460: train nll 1.385, valid error 074.050%, best valid error 072.750%, avg grad norm   0.548, avg grad norm (post clip)   0.565, rho_Whh  0.98, Omega  0.00, alpha  0.000, steps in the past 0.000, valid nll 1.386
  [diag] log10|dL/dh_t| hist bins=60 range=(-12.00,-2.24) mean=-11.95 p50=-12.00 p05=-12.00 p95=-12.00
  [diag] sat-dist hist bins=60 sat<0.05=0.0% mean=0.945 p10=0.937 p90=0.964
Iter 0011480: train nll 1.385, valid error 074.100%, best valid error 072.750%, avg grad norm   0.508, avg grad norm (post clip)   0.535, rho_Whh  0.98, Omega  0.00, alpha  0.000, steps in the past 0.000, valid nll 1.385
  [diag] log10|dL/dh_t| hist bins=60 range=(-12.00,-2.24) mean=-11.95 p50=-12.00 p05=-12.00 p95=-12.00
  [diag] sat-dist hist bins=60 sat<0.05=0.0% mean=0.965 p10=0.961 p90=0.970
Iter 0011500: train nll 1.387, valid error 074.650%, best valid error 072.750%, avg grad norm   0.515, avg grad norm (post clip)   0.526, rho_Whh  0.97, Omega  0.00, alpha  0.000, steps in the past 0.000, valid nll 1.385
  [diag] log10|dL/dh_t| hist bins=60 range=(-12.00,-2.23) mean=-11.95 p50=-12.00 p05=-12.00 p95=-12.00
  [diag] sat-dist hist bins=60 sat<0.05=0.0% mean=0.913 p10=0.889 p90=0.963
Iter 0011520: train nll 1.385, valid error 075.950%, best valid error 072.750%, avg grad norm   0.560, avg grad norm (post clip)   0.561, rho_Whh  1.00, Omega  0.00, alpha  0.000, steps in the past 0.000, valid nll 1.387
  [diag] log10|dL/dh_t| hist bins=60 range=(-12.00,-2.24) mean=-11.95 p50=-12.00 p05=-12.00 p95=-12.00
  [diag] sat-dist hist bins=60 sat<0.05=0.0% mean=0.905 p10=0.885 p90=0.957
Iter 0011540: train nll 1.386, valid error 074.300%, best valid error 072.750%, avg grad norm   0.672, avg grad norm (post clip)   0.660, rho_Whh  1.00, Omega  0.00, alpha  0.000, steps in the past 0.000, valid nll 1.387
  [diag] log10|dL/dh_t| hist bins=60 range=(-12.00,-2.23) mean=-11.95 p50=-12.00 p05=-12.00 p95=-12.00
  [diag] sat-dist hist bins=60 sat<0.05=0.0% mean=0.930 p10=0.912 p90=0.966
Iter 0011560: train nll 1.386, valid error 075.750%, best valid error 072.750%, avg grad norm   0.602, avg grad norm (post clip)   0.630, rho_Whh  0.99, Omega  0.00, alpha  0.000, steps in the past 0.000, valid nll 1.386
  [diag] log10|dL/dh_t| hist bins=60 range=(-12.00,-2.22) mean=-11.95 p50=-12.00 p05=-12.00 p95=-12.00
  [diag] sat-dist hist bins=60 sat<0.05=0.0% mean=0.843 p10=0.808 p90=0.956
Iter 0011580: train nll 1.377, valid error 075.950%, best valid error 072.750%, avg grad norm   2.943, avg grad norm (post clip)   0.845, rho_Whh  1.05, Omega  0.00, alpha  0.000, steps in the past 0.000, valid nll 1.391
  [diag] log10|dL/dh_t| hist bins=60 range=(-12.00,-2.22) mean=-11.95 p50=-12.00 p05=-12.00 p95=-12.00
  [diag] sat-dist hist bins=60 sat<0.05=0.0% mean=0.851 p10=0.818 p90=0.956
Iter 0011600: train nll 1.385, valid error 075.950%, best valid error 072.750%, avg grad norm   2.715, avg grad norm (post clip)   0.832, rho_Whh  1.04, Omega  0.00, alpha  0.000, steps in the past 0.000, valid nll 1.391
  [diag] log10|dL/dh_t| hist bins=60 range=(-12.00,-2.23) mean=-11.95 p50=-12.00 p05=-12.00 p95=-12.00
  [diag] sat-dist hist bins=60 sat<0.05=0.0% mean=0.892 p10=0.859 p90=0.965
Iter 0011620: train nll 1.388, valid error 075.850%, best valid error 072.750%, avg grad norm   2.446, avg grad norm (post clip)   0.931, rho_Whh  1.02, Omega  0.00, alpha  0.000, steps in the past 0.000, valid nll 1.388
  [diag] log10|dL/dh_t| hist bins=60 range=(-12.00,-2.23) mean=-11.95 p50=-12.00 p05=-12.00 p95=-12.00
  [diag] sat-dist hist bins=60 sat<0.05=0.0% mean=0.869 p10=0.837 p90=0.959
Iter 0011640: train nll 1.382, valid error 074.300%, best valid error 072.750%, avg grad norm   4.478, avg grad norm (post clip)   0.873, rho_Whh  1.03, Omega  0.00, alpha  0.000, steps in the past 0.000, valid nll 1.389
  [diag] log10|dL/dh_t| hist bins=60 range=(-12.00,-2.23) mean=-11.95 p50=-12.00 p05=-12.00 p95=-12.00
  [diag] sat-dist hist bins=60 sat<0.05=0.0% mean=0.861 p10=0.812 p90=0.969
Iter 0011660: train nll 1.375, valid error 074.350%, best valid error 072.750%, avg grad norm   3.629, avg grad norm (post clip)   0.826, rho_Whh  1.05, Omega  0.00, alpha  0.000, steps in the past 0.000, valid nll 1.387
  [diag] log10|dL/dh_t| hist bins=60 range=(-12.00,-2.24) mean=-11.95 p50=-12.00 p05=-12.00 p95=-12.00
  [diag] sat-dist hist bins=60 sat<0.05=0.0% mean=0.912 p10=0.843 p90=0.972
Iter 0011680: train nll 1.381, valid error 053.200%, best valid error 072.750%, avg grad norm   2.709, avg grad norm (post clip)   0.788, rho_Whh  1.04, Omega  0.00, alpha  0.000, steps in the past 0.000, valid nll 1.333
  [diag] log10|dL/dh_t| hist bins=60 range=(-12.00,-2.23) mean=-11.95 p50=-12.00 p05=-12.00 p95=-12.00
  [diag] sat-dist hist bins=60 sat<0.05=0.0% mean=0.881 p10=0.838 p90=0.968
Iter 0011700: train nll 1.384, valid error 075.300%, best valid error 053.200%, avg grad norm   2.286, avg grad norm (post clip)   0.910, rho_Whh  1.03, Omega  0.00, alpha  0.000, steps in the past 0.000, valid nll 1.386
  [diag] log10|dL/dh_t| hist bins=60 range=(-12.00,-2.23) mean=-11.95 p50=-12.00 p05=-12.00 p95=-12.00
  [diag] sat-dist hist bins=60 sat<0.05=0.0% mean=0.882 p10=0.845 p90=0.967
Iter 0011720: train nll 1.383, valid error 074.300%, best valid error 053.200%, avg grad norm   3.510, avg grad norm (post clip)   0.923, rho_Whh  1.03, Omega  0.00, alpha  0.000, steps in the past 0.000, valid nll 1.387
  [diag] log10|dL/dh_t| hist bins=60 range=(-12.00,-2.23) mean=-11.95 p50=-12.00 p05=-12.00 p95=-12.00
  [diag] sat-dist hist bins=60 sat<0.05=0.0% mean=0.872 p10=0.838 p90=0.963
Iter 0011740: train nll 1.380, valid error 074.300%, best valid error 053.200%, avg grad norm   4.358, avg grad norm (post clip)   0.847, rho_Whh  1.03, Omega  0.00, alpha  0.000, steps in the past 0.000, valid nll 1.387
  [diag] log10|dL/dh_t| hist bins=60 range=(-12.00,-2.23) mean=-11.95 p50=-12.00 p05=-12.00 p95=-12.00
  [diag] sat-dist hist bins=60 sat<0.05=0.0% mean=0.881 p10=0.836 p90=0.969
Iter 0011760: train nll 1.386, valid error 075.950%, best valid error 053.200%, avg grad norm   1.125, avg grad norm (post clip)   0.803, rho_Whh  1.04, Omega  0.00, alpha  0.000, steps in the past 0.000, valid nll 1.386
  [diag] log10|dL/dh_t| hist bins=60 range=(-12.00,-2.24) mean=-11.95 p50=-12.00 p05=-12.00 p95=-12.00
  [diag] sat-dist hist bins=60 sat<0.05=0.0% mean=0.924 p10=0.869 p90=0.972
Iter 0011780: train nll 1.383, valid error 071.700%, best valid error 053.200%, avg grad norm   2.522, avg grad norm (post clip)   0.817, rho_Whh  1.03, Omega  0.00, alpha  0.000, steps in the past 0.000, valid nll 1.376
  [diag] log10|dL/dh_t| hist bins=60 range=(-12.00,-2.23) mean=-11.95 p50=-12.00 p05=-12.00 p95=-12.00
  [diag] sat-dist hist bins=60 sat<0.05=0.0% mean=0.923 p10=0.887 p90=0.969
Iter 0011800: train nll 1.384, valid error 075.950%, best valid error 053.200%, avg grad norm   3.892, avg grad norm (post clip)   0.884, rho_Whh  1.01, Omega  0.00, alpha  0.000, steps in the past 0.000, valid nll 1.385
  [diag] log10|dL/dh_t| hist bins=60 range=(-12.00,-2.23) mean=-11.95 p50=-12.00 p05=-12.00 p95=-12.00
  [diag] sat-dist hist bins=60 sat<0.05=0.0% mean=0.935 p10=0.887 p90=0.972
Iter 0011820: train nll 1.386, valid error 064.500%, best valid error 053.200%, avg grad norm   4.985, avg grad norm (post clip)   0.926, rho_Whh  1.02, Omega  0.00, alpha  0.000, steps in the past 0.000, valid nll 1.373
  [diag] log10|dL/dh_t| hist bins=60 range=(-12.00,-2.23) mean=-11.95 p50=-12.00 p05=-12.00 p95=-12.00
  [diag] sat-dist hist bins=60 sat<0.05=0.0% mean=0.867 p10=0.830 p90=0.963
Iter 0011840: train nll 1.383, valid error 075.950%, best valid error 053.200%, avg grad norm   2.490, avg grad norm (post clip)   0.819, rho_Whh  1.04, Omega  0.00, alpha  0.000, steps in the past 0.000, valid nll 1.389
  [diag] log10|dL/dh_t| hist bins=60 range=(-12.00,-2.23) mean=-11.95 p50=-12.00 p05=-12.00 p95=-12.00
  [diag] sat-dist hist bins=60 sat<0.05=0.0% mean=0.884 p10=0.842 p90=0.968
Iter 0011860: train nll 1.382, valid error 075.950%, best valid error 053.200%, avg grad norm   1.847, avg grad norm (post clip)   0.760, rho_Whh  1.03, Omega  0.00, alpha  0.000, steps in the past 0.000, valid nll 1.387
  [diag] log10|dL/dh_t| hist bins=60 range=(-12.00,-2.23) mean=-11.95 p50=-12.00 p05=-12.00 p95=-12.00
  [diag] sat-dist hist bins=60 sat<0.05=0.0% mean=0.892 p10=0.847 p90=0.969
Iter 0011880: train nll 1.378, valid error 075.950%, best valid error 053.200%, avg grad norm   3.734, avg grad norm (post clip)   0.861, rho_Whh  1.03, Omega  0.00, alpha  0.000, steps in the past 0.000, valid nll 1.386
  [diag] log10|dL/dh_t| hist bins=60 range=(-12.00,-2.23) mean=-11.95 p50=-12.00 p05=-12.00 p95=-12.00
  [diag] sat-dist hist bins=60 sat<0.05=0.0% mean=0.909 p10=0.864 p90=0.970
Iter 0011900: train nll 1.382, valid error 074.200%, best valid error 053.200%, avg grad norm   5.092, avg grad norm (post clip)   0.911, rho_Whh  1.02, Omega  0.00, alpha  0.000, steps in the past 0.000, valid nll 1.382
  [diag] log10|dL/dh_t| hist bins=60 range=(-12.00,-2.23) mean=-11.95 p50=-12.00 p05=-12.00 p95=-12.00
  [diag] sat-dist hist bins=60 sat<0.05=0.0% mean=0.878 p10=0.826 p90=0.970
Iter 0011920: train nll 1.379, valid error 074.400%, best valid error 053.200%, avg grad norm   3.722, avg grad norm (post clip)   0.817, rho_Whh  1.04, Omega  0.00, alpha  0.000, steps in the past 0.000, valid nll 1.384
  [diag] log10|dL/dh_t| hist bins=60 range=(-12.00,-2.24) mean=-11.95 p50=-12.00 p05=-12.00 p95=-12.00
  [diag] sat-dist hist bins=60 sat<0.05=0.0% mean=0.931 p10=0.878 p90=0.972
Iter 0011940: train nll 1.375, valid error 046.950%, best valid error 053.200%, avg grad norm   6.480, avg grad norm (post clip)   0.889, rho_Whh  1.03, Omega  0.00, alpha  0.000, steps in the past 0.000, valid nll 1.339
  [diag] log10|dL/dh_t| hist bins=60 range=(-12.00,-2.22) mean=-11.95 p50=-12.00 p05=-12.00 p95=-12.00
  [diag] sat-dist hist bins=60 sat<0.05=0.0% mean=0.893 p10=0.856 p90=0.965
Iter 0011960: train nll 1.378, valid error 075.950%, best valid error 046.950%, avg grad norm   3.513, avg grad norm (post clip)   0.916, rho_Whh  1.02, Omega  0.00, alpha  0.000, steps in the past 0.000, valid nll 1.388
  [diag] log10|dL/dh_t| hist bins=60 range=(-12.00,-2.23) mean=-11.95 p50=-12.00 p05=-12.00 p95=-12.00
  [diag] sat-dist hist bins=60 sat<0.05=0.0% mean=0.871 p10=0.814 p90=0.971
Iter 0011980: train nll 1.378, valid error 065.150%, best valid error 046.950%, avg grad norm   2.561, avg grad norm (post clip)   0.997, rho_Whh  1.05, Omega  0.00, alpha  0.000, steps in the past 0.000, valid nll 1.365
Done. solved=0 steps=11999 best_valid_error=46.9500%
