=== START EC_p1_smart_a0_cut02_lr001 ===
Starting to train (PyTorch).
  [diag] log10|dL/dh_t| hist bins=60 range=(-12.00,-2.48) mean=-11.88 p50=-12.00 p05=-12.00 p95=-12.00
  [diag] sat-dist hist bins=60 sat<0.05=0.0% mean=0.983 p10=0.982 p90=0.984
Iter 0000020: train nll 1.456, valid error 074.150%, best valid error 100.000%, avg grad norm   0.195, avg grad norm (post clip)   0.179, rho_Whh  0.95, Omega  0.00, alpha  0.000, steps in the past 0.000, valid nll 1.386
  [diag] log10|dL/dh_t| hist bins=60 range=(-12.00,-2.48) mean=-11.88 p50=-12.00 p05=-12.00 p95=-12.00
  [diag] sat-dist hist bins=60 sat<0.05=0.0% mean=0.984 p10=0.983 p90=0.985
Iter 0000040: train nll 1.386, valid error 073.500%, best valid error 074.150%, avg grad norm   0.181, avg grad norm (post clip)   0.164, rho_Whh  0.95, Omega  0.00, alpha  0.000, steps in the past 0.000, valid nll 1.386
  [diag] log10|dL/dh_t| hist bins=60 range=(-12.00,-2.48) mean=-11.88 p50=-12.00 p05=-12.00 p95=-12.00
  [diag] sat-dist hist bins=60 sat<0.05=0.0% mean=0.982 p10=0.981 p90=0.984
Iter 0000060: train nll 1.386, valid error 073.500%, best valid error 073.500%, avg grad norm   0.158, avg grad norm (post clip)   0.159, rho_Whh  0.95, Omega  0.00, alpha  0.000, steps in the past 0.000, valid nll 1.386
  [diag] log10|dL/dh_t| hist bins=60 range=(-12.00,-2.48) mean=-11.88 p50=-12.00 p05=-12.00 p95=-12.00
  [diag] sat-dist hist bins=60 sat<0.05=0.0% mean=0.981 p10=0.980 p90=0.983
Iter 0000080: train nll 1.386, valid error 073.500%, best valid error 073.500%, avg grad norm   0.194, avg grad norm (post clip)   0.177, rho_Whh  0.95, Omega  0.00, alpha  0.000, steps in the past 0.000, valid nll 1.386
  [diag] log10|dL/dh_t| hist bins=60 range=(-12.00,-2.49) mean=-11.88 p50=-12.00 p05=-12.00 p95=-12.00
  [diag] sat-dist hist bins=60 sat<0.05=0.0% mean=0.981 p10=0.980 p90=0.983
Iter 0000100: train nll 1.387, valid error 073.450%, best valid error 073.500%, avg grad norm   0.168, avg grad norm (post clip)   0.166, rho_Whh  0.95, Omega  0.00, alpha  0.000, steps in the past 0.000, valid nll 1.386
  [diag] log10|dL/dh_t| hist bins=60 range=(-12.00,-2.49) mean=-11.88 p50=-12.00 p05=-12.00 p95=-12.00
  [diag] sat-dist hist bins=60 sat<0.05=0.0% mean=0.982 p10=0.981 p90=0.984
Iter 0000120: train nll 1.387, valid error 074.200%, best valid error 073.450%, avg grad norm   0.181, avg grad norm (post clip)   0.170, rho_Whh  0.95, Omega  0.00, alpha  0.000, steps in the past 0.000, valid nll 1.386
  [diag] log10|dL/dh_t| hist bins=60 range=(-12.00,-2.49) mean=-11.88 p50=-12.00 p05=-12.00 p95=-12.00
  [diag] sat-dist hist bins=60 sat<0.05=0.0% mean=0.982 p10=0.981 p90=0.984
Iter 0000140: train nll 1.387, valid error 074.450%, best valid error 073.450%, avg grad norm   0.192, avg grad norm (post clip)   0.168, rho_Whh  0.95, Omega  0.00, alpha  0.000, steps in the past 0.000, valid nll 1.386
  [diag] log10|dL/dh_t| hist bins=60 range=(-12.00,-2.49) mean=-11.88 p50=-12.00 p05=-12.00 p95=-12.00
  [diag] sat-dist hist bins=60 sat<0.05=0.0% mean=0.982 p10=0.981 p90=0.983
Iter 0000160: train nll 1.386, valid error 073.500%, best valid error 073.450%, avg grad norm   0.183, avg grad norm (post clip)   0.159, rho_Whh  0.95, Omega  0.00, alpha  0.000, steps in the past 0.000, valid nll 1.386
  [diag] log10|dL/dh_t| hist bins=60 range=(-12.00,-2.49) mean=-11.88 p50=-12.00 p05=-12.00 p95=-12.00
  [diag] sat-dist hist bins=60 sat<0.05=0.0% mean=0.981 p10=0.980 p90=0.983
Iter 0000180: train nll 1.386, valid error 073.500%, best valid error 073.450%, avg grad norm   0.209, avg grad norm (post clip)   0.182, rho_Whh  0.95, Omega  0.00, alpha  0.000, steps in the past 0.000, valid nll 1.386
  [diag] log10|dL/dh_t| hist bins=60 range=(-12.00,-2.49) mean=-11.88 p50=-12.00 p05=-12.00 p95=-12.00
  [diag] sat-dist hist bins=60 sat<0.05=0.0% mean=0.979 p10=0.977 p90=0.981
Iter 0000200: train nll 1.385, valid error 073.500%, best valid error 073.450%, avg grad norm   0.171, avg grad norm (post clip)   0.163, rho_Whh  0.95, Omega  0.00, alpha  0.000, steps in the past 0.000, valid nll 1.386
  [diag] log10|dL/dh_t| hist bins=60 range=(-12.00,-2.49) mean=-11.88 p50=-12.00 p05=-12.00 p95=-12.00
  [diag] sat-dist hist bins=60 sat<0.05=0.0% mean=0.979 p10=0.977 p90=0.981
Iter 0000220: train nll 1.387, valid error 073.500%, best valid error 073.450%, avg grad norm   0.195, avg grad norm (post clip)   0.183, rho_Whh  0.95, Omega  0.00, alpha  0.000, steps in the past 0.000, valid nll 1.386
  [diag] log10|dL/dh_t| hist bins=60 range=(-12.00,-2.48) mean=-11.88 p50=-12.00 p05=-12.00 p95=-12.00
  [diag] sat-dist hist bins=60 sat<0.05=0.0% mean=0.978 p10=0.977 p90=0.981
Iter 0000240: train nll 1.387, valid error 074.500%, best valid error 073.450%, avg grad norm   0.182, avg grad norm (post clip)   0.174, rho_Whh  0.95, Omega  0.00, alpha  0.000, steps in the past 0.000, valid nll 1.386
  [diag] log10|dL/dh_t| hist bins=60 range=(-12.00,-2.48) mean=-11.88 p50=-12.00 p05=-12.00 p95=-12.00
  [diag] sat-dist hist bins=60 sat<0.05=0.0% mean=0.978 p10=0.977 p90=0.981
Iter 0000260: train nll 1.386, valid error 073.600%, best valid error 073.450%, avg grad norm   0.184, avg grad norm (post clip)   0.170, rho_Whh  0.95, Omega  0.00, alpha  0.000, steps in the past 0.000, valid nll 1.386
  [diag] log10|dL/dh_t| hist bins=60 range=(-12.00,-2.48) mean=-11.88 p50=-12.00 p05=-12.00 p95=-12.00
  [diag] sat-dist hist bins=60 sat<0.05=0.0% mean=0.980 p10=0.979 p90=0.982
Iter 0000280: train nll 1.387, valid error 074.800%, best valid error 073.450%, avg grad norm   0.166, avg grad norm (post clip)   0.150, rho_Whh  0.95, Omega  0.00, alpha  0.000, steps in the past 0.000, valid nll 1.386
  [diag] log10|dL/dh_t| hist bins=60 range=(-12.00,-2.48) mean=-11.88 p50=-12.00 p05=-12.00 p95=-12.00
  [diag] sat-dist hist bins=60 sat<0.05=0.0% mean=0.981 p10=0.980 p90=0.983
Iter 0000300: train nll 1.387, valid error 073.500%, best valid error 073.450%, avg grad norm   0.210, avg grad norm (post clip)   0.190, rho_Whh  0.95, Omega  0.00, alpha  0.000, steps in the past 0.000, valid nll 1.386
  [diag] log10|dL/dh_t| hist bins=60 range=(-12.00,-2.49) mean=-11.88 p50=-12.00 p05=-12.00 p95=-12.00
  [diag] sat-dist hist bins=60 sat<0.05=0.0% mean=0.980 p10=0.978 p90=0.982
Iter 0000320: train nll 1.386, valid error 073.400%, best valid error 073.450%, avg grad norm   0.178, avg grad norm (post clip)   0.173, rho_Whh  0.95, Omega  0.00, alpha  0.000, steps in the past 0.000, valid nll 1.386
  [diag] log10|dL/dh_t| hist bins=60 range=(-12.00,-2.49) mean=-11.88 p50=-12.00 p05=-12.00 p95=-12.00
  [diag] sat-dist hist bins=60 sat<0.05=0.0% mean=0.980 p10=0.979 p90=0.982
Iter 0000340: train nll 1.387, valid error 073.500%, best valid error 073.400%, avg grad norm   0.175, avg grad norm (post clip)   0.168, rho_Whh  0.95, Omega  0.00, alpha  0.000, steps in the past 0.000, valid nll 1.386
  [diag] log10|dL/dh_t| hist bins=60 range=(-12.00,-2.49) mean=-11.88 p50=-12.00 p05=-12.00 p95=-12.00
  [diag] sat-dist hist bins=60 sat<0.05=0.0% mean=0.980 p10=0.979 p90=0.982
Iter 0000360: train nll 1.386, valid error 073.500%, best valid error 073.400%, avg grad norm   0.183, avg grad norm (post clip)   0.173, rho_Whh  0.95, Omega  0.00, alpha  0.000, steps in the past 0.000, valid nll 1.386
  [diag] log10|dL/dh_t| hist bins=60 range=(-12.00,-2.49) mean=-11.88 p50=-12.00 p05=-12.00 p95=-12.00
  [diag] sat-dist hist bins=60 sat<0.05=0.0% mean=0.982 p10=0.981 p90=0.984
Iter 0000380: train nll 1.387, valid error 073.500%, best valid error 073.400%, avg grad norm   0.175, avg grad norm (post clip)   0.176, rho_Whh  0.95, Omega  0.00, alpha  0.000, steps in the past 0.000, valid nll 1.386
  [diag] log10|dL/dh_t| hist bins=60 range=(-12.00,-2.48) mean=-11.88 p50=-12.00 p05=-12.00 p95=-12.00
  [diag] sat-dist hist bins=60 sat<0.05=0.0% mean=0.983 p10=0.982 p90=0.984
Iter 0000400: train nll 1.386, valid error 073.100%, best valid error 073.400%, avg grad norm   0.186, avg grad norm (post clip)   0.175, rho_Whh  0.95, Omega  0.00, alpha  0.000, steps in the past 0.000, valid nll 1.386
  [diag] log10|dL/dh_t| hist bins=60 range=(-12.00,-2.48) mean=-11.88 p50=-12.00 p05=-12.00 p95=-12.00
  [diag] sat-dist hist bins=60 sat<0.05=0.0% mean=0.984 p10=0.983 p90=0.985
Iter 0000420: train nll 1.387, valid error 074.050%, best valid error 073.100%, avg grad norm   0.190, avg grad norm (post clip)   0.170, rho_Whh  0.95, Omega  0.00, alpha  0.000, steps in the past 0.000, valid nll 1.386
  [diag] log10|dL/dh_t| hist bins=60 range=(-12.00,-2.48) mean=-11.88 p50=-12.00 p05=-12.00 p95=-12.00
  [diag] sat-dist hist bins=60 sat<0.05=0.0% mean=0.984 p10=0.984 p90=0.985
Iter 0000440: train nll 1.387, valid error 075.400%, best valid error 073.100%, avg grad norm   0.179, avg grad norm (post clip)   0.171, rho_Whh  0.95, Omega  0.00, alpha  0.000, steps in the past 0.000, valid nll 1.386
  [diag] log10|dL/dh_t| hist bins=60 range=(-12.00,-2.48) mean=-11.88 p50=-12.00 p05=-12.00 p95=-12.00
  [diag] sat-dist hist bins=60 sat<0.05=0.0% mean=0.985 p10=0.984 p90=0.985
Iter 0000460: train nll 1.386, valid error 075.600%, best valid error 073.100%, avg grad norm   0.172, avg grad norm (post clip)   0.168, rho_Whh  0.95, Omega  0.00, alpha  0.000, steps in the past 0.000, valid nll 1.386
  [diag] log10|dL/dh_t| hist bins=60 range=(-12.00,-2.49) mean=-11.88 p50=-12.00 p05=-12.00 p95=-12.00
  [diag] sat-dist hist bins=60 sat<0.05=0.0% mean=0.984 p10=0.983 p90=0.985
Iter 0000480: train nll 1.387, valid error 077.050%, best valid error 073.100%, avg grad norm   0.178, avg grad norm (post clip)   0.167, rho_Whh  0.95, Omega  0.00, alpha  0.000, steps in the past 0.000, valid nll 1.386
  [diag] log10|dL/dh_t| hist bins=60 range=(-12.00,-2.49) mean=-11.88 p50=-12.00 p05=-12.00 p95=-12.00
  [diag] sat-dist hist bins=60 sat<0.05=0.0% mean=0.985 p10=0.984 p90=0.986
Iter 0000500: train nll 1.387, valid error 075.250%, best valid error 073.100%, avg grad norm   0.182, avg grad norm (post clip)   0.175, rho_Whh  0.95, Omega  0.00, alpha  0.000, steps in the past 0.000, valid nll 1.386
  [diag] log10|dL/dh_t| hist bins=60 range=(-12.00,-2.49) mean=-11.88 p50=-12.00 p05=-12.00 p95=-12.00
  [diag] sat-dist hist bins=60 sat<0.05=0.0% mean=0.984 p10=0.983 p90=0.985
Iter 0000520: train nll 1.386, valid error 076.150%, best valid error 073.100%, avg grad norm   0.196, avg grad norm (post clip)   0.187, rho_Whh  0.95, Omega  0.00, alpha  0.000, steps in the past 0.000, valid nll 1.386
  [diag] log10|dL/dh_t| hist bins=60 range=(-12.00,-2.49) mean=-11.88 p50=-12.00 p05=-12.00 p95=-12.00
  [diag] sat-dist hist bins=60 sat<0.05=0.0% mean=0.983 p10=0.982 p90=0.985
Iter 0000540: train nll 1.386, valid error 076.000%, best valid error 073.100%, avg grad norm   0.192, avg grad norm (post clip)   0.180, rho_Whh  0.95, Omega  0.00, alpha  0.000, steps in the past 0.000, valid nll 1.386
  [diag] log10|dL/dh_t| hist bins=60 range=(-12.00,-2.49) mean=-11.88 p50=-12.00 p05=-12.00 p95=-12.00
  [diag] sat-dist hist bins=60 sat<0.05=0.0% mean=0.983 p10=0.982 p90=0.984
Iter 0000560: train nll 1.387, valid error 076.050%, best valid error 073.100%, avg grad norm   0.202, avg grad norm (post clip)   0.180, rho_Whh  0.95, Omega  0.00, alpha  0.000, steps in the past 0.000, valid nll 1.386
  [diag] log10|dL/dh_t| hist bins=60 range=(-12.00,-2.49) mean=-11.88 p50=-12.00 p05=-12.00 p95=-12.00
  [diag] sat-dist hist bins=60 sat<0.05=0.0% mean=0.984 p10=0.983 p90=0.985
Iter 0000580: train nll 1.387, valid error 074.600%, best valid error 073.100%, avg grad norm   0.205, avg grad norm (post clip)   0.183, rho_Whh  0.95, Omega  0.00, alpha  0.000, steps in the past 0.000, valid nll 1.386
  [diag] log10|dL/dh_t| hist bins=60 range=(-12.00,-2.49) mean=-11.88 p50=-12.00 p05=-12.00 p95=-12.00
  [diag] sat-dist hist bins=60 sat<0.05=0.0% mean=0.983 p10=0.982 p90=0.985
Iter 0000600: train nll 1.386, valid error 073.700%, best valid error 073.100%, avg grad norm   0.171, avg grad norm (post clip)   0.168, rho_Whh  0.95, Omega  0.00, alpha  0.000, steps in the past 0.000, valid nll 1.386
  [diag] log10|dL/dh_t| hist bins=60 range=(-12.00,-2.49) mean=-11.88 p50=-12.00 p05=-12.00 p95=-12.00
  [diag] sat-dist hist bins=60 sat<0.05=0.0% mean=0.982 p10=0.981 p90=0.984
Iter 0000620: train nll 1.386, valid error 076.050%, best valid error 073.100%, avg grad norm   0.180, avg grad norm (post clip)   0.163, rho_Whh  0.95, Omega  0.00, alpha  0.000, steps in the past 0.000, valid nll 1.386
  [diag] log10|dL/dh_t| hist bins=60 range=(-12.00,-2.49) mean=-11.88 p50=-12.00 p05=-12.00 p95=-12.00
  [diag] sat-dist hist bins=60 sat<0.05=0.0% mean=0.983 p10=0.982 p90=0.984
Iter 0000640: train nll 1.387, valid error 076.100%, best valid error 073.100%, avg grad norm   0.180, avg grad norm (post clip)   0.165, rho_Whh  0.95, Omega  0.00, alpha  0.000, steps in the past 0.000, valid nll 1.386
  [diag] log10|dL/dh_t| hist bins=60 range=(-12.00,-2.48) mean=-11.88 p50=-12.00 p05=-12.00 p95=-12.00
  [diag] sat-dist hist bins=60 sat<0.05=0.0% mean=0.982 p10=0.981 p90=0.984
Iter 0000660: train nll 1.386, valid error 076.050%, best valid error 073.100%, avg grad norm   0.195, avg grad norm (post clip)   0.173, rho_Whh  0.95, Omega  0.00, alpha  0.000, steps in the past 0.000, valid nll 1.387
  [diag] log10|dL/dh_t| hist bins=60 range=(-12.00,-2.48) mean=-11.88 p50=-12.00 p05=-12.00 p95=-12.00
  [diag] sat-dist hist bins=60 sat<0.05=0.0% mean=0.982 p10=0.981 p90=0.984
Iter 0000680: train nll 1.386, valid error 076.050%, best valid error 073.100%, avg grad norm   0.176, avg grad norm (post clip)   0.168, rho_Whh  0.95, Omega  0.00, alpha  0.000, steps in the past 0.000, valid nll 1.387
  [diag] log10|dL/dh_t| hist bins=60 range=(-12.00,-2.48) mean=-11.88 p50=-12.00 p05=-12.00 p95=-12.00
  [diag] sat-dist hist bins=60 sat<0.05=0.0% mean=0.982 p10=0.981 p90=0.984
Iter 0000700: train nll 1.387, valid error 076.050%, best valid error 073.100%, avg grad norm   0.195, avg grad norm (post clip)   0.177, rho_Whh  0.95, Omega  0.00, alpha  0.000, steps in the past 0.000, valid nll 1.387
  [diag] log10|dL/dh_t| hist bins=60 range=(-12.00,-2.48) mean=-11.88 p50=-12.00 p05=-12.00 p95=-12.00
  [diag] sat-dist hist bins=60 sat<0.05=0.0% mean=0.980 p10=0.979 p90=0.982
Iter 0000720: train nll 1.386, valid error 076.050%, best valid error 073.100%, avg grad norm   0.180, avg grad norm (post clip)   0.171, rho_Whh  0.95, Omega  0.00, alpha  0.000, steps in the past 0.000, valid nll 1.387
  [diag] log10|dL/dh_t| hist bins=60 range=(-12.00,-2.48) mean=-11.88 p50=-12.00 p05=-12.00 p95=-12.00
  [diag] sat-dist hist bins=60 sat<0.05=0.0% mean=0.980 p10=0.979 p90=0.982
Iter 0000740: train nll 1.386, valid error 076.050%, best valid error 073.100%, avg grad norm   0.174, avg grad norm (post clip)   0.173, rho_Whh  0.95, Omega  0.00, alpha  0.000, steps in the past 0.000, valid nll 1.387
  [diag] log10|dL/dh_t| hist bins=60 range=(-12.00,-2.48) mean=-11.88 p50=-12.00 p05=-12.00 p95=-12.00
  [diag] sat-dist hist bins=60 sat<0.05=0.0% mean=0.982 p10=0.981 p90=0.983
Iter 0000760: train nll 1.387, valid error 076.050%, best valid error 073.100%, avg grad norm   0.181, avg grad norm (post clip)   0.169, rho_Whh  0.95, Omega  0.00, alpha  0.000, steps in the past 0.000, valid nll 1.387
  [diag] log10|dL/dh_t| hist bins=60 range=(-12.00,-2.48) mean=-11.88 p50=-12.00 p05=-12.00 p95=-12.00
  [diag] sat-dist hist bins=60 sat<0.05=0.0% mean=0.982 p10=0.980 p90=0.983
Iter 0000780: train nll 1.386, valid error 076.050%, best valid error 073.100%, avg grad norm   0.187, avg grad norm (post clip)   0.175, rho_Whh  0.95, Omega  0.00, alpha  0.000, steps in the past 0.000, valid nll 1.387
  [diag] log10|dL/dh_t| hist bins=60 range=(-12.00,-2.48) mean=-11.88 p50=-12.00 p05=-12.00 p95=-12.00
  [diag] sat-dist hist bins=60 sat<0.05=0.0% mean=0.982 p10=0.981 p90=0.984
Iter 0000800: train nll 1.386, valid error 075.600%, best valid error 073.100%, avg grad norm   0.208, avg grad norm (post clip)   0.183, rho_Whh  0.95, Omega  0.00, alpha  0.000, steps in the past 0.000, valid nll 1.387
  [diag] log10|dL/dh_t| hist bins=60 range=(-12.00,-2.49) mean=-11.88 p50=-12.00 p05=-12.00 p95=-12.00
  [diag] sat-dist hist bins=60 sat<0.05=0.0% mean=0.984 p10=0.983 p90=0.985
Iter 0000820: train nll 1.387, valid error 075.600%, best valid error 073.100%, avg grad norm   0.140, avg grad norm (post clip)   0.142, rho_Whh  0.95, Omega  0.00, alpha  0.000, steps in the past 0.000, valid nll 1.386
  [diag] log10|dL/dh_t| hist bins=60 range=(-12.00,-2.48) mean=-11.88 p50=-12.00 p05=-12.00 p95=-12.00
  [diag] sat-dist hist bins=60 sat<0.05=0.0% mean=0.984 p10=0.983 p90=0.985
Iter 0000840: train nll 1.386, valid error 075.600%, best valid error 073.100%, avg grad norm   0.216, avg grad norm (post clip)   0.182, rho_Whh  0.95, Omega  0.00, alpha  0.000, steps in the past 0.000, valid nll 1.387
  [diag] log10|dL/dh_t| hist bins=60 range=(-12.00,-2.48) mean=-11.88 p50=-12.00 p05=-12.00 p95=-12.00
  [diag] sat-dist hist bins=60 sat<0.05=0.0% mean=0.984 p10=0.983 p90=0.985
Iter 0000860: train nll 1.387, valid error 075.600%, best valid error 073.100%, avg grad norm   0.186, avg grad norm (post clip)   0.169, rho_Whh  0.95, Omega  0.00, alpha  0.000, steps in the past 0.000, valid nll 1.387
  [diag] log10|dL/dh_t| hist bins=60 range=(-12.00,-2.48) mean=-11.88 p50=-12.00 p05=-12.00 p95=-12.00
  [diag] sat-dist hist bins=60 sat<0.05=0.0% mean=0.985 p10=0.984 p90=0.985
Iter 0000880: train nll 1.386, valid error 075.600%, best valid error 073.100%, avg grad norm   0.176, avg grad norm (post clip)   0.170, rho_Whh  0.95, Omega  0.00, alpha  0.000, steps in the past 0.000, valid nll 1.387
  [diag] log10|dL/dh_t| hist bins=60 range=(-12.00,-2.48) mean=-11.88 p50=-12.00 p05=-12.00 p95=-12.00
  [diag] sat-dist hist bins=60 sat<0.05=0.0% mean=0.985 p10=0.984 p90=0.986
Iter 0000900: train nll 1.387, valid error 075.600%, best valid error 073.100%, avg grad norm   0.187, avg grad norm (post clip)   0.168, rho_Whh  0.95, Omega  0.00, alpha  0.000, steps in the past 0.000, valid nll 1.386
  [diag] log10|dL/dh_t| hist bins=60 range=(-12.00,-2.48) mean=-11.88 p50=-12.00 p05=-12.00 p95=-12.00
  [diag] sat-dist hist bins=60 sat<0.05=0.0% mean=0.985 p10=0.984 p90=0.985
Iter 0000920: train nll 1.386, valid error 075.600%, best valid error 073.100%, avg grad norm   0.191, avg grad norm (post clip)   0.181, rho_Whh  0.95, Omega  0.00, alpha  0.000, steps in the past 0.000, valid nll 1.386
  [diag] log10|dL/dh_t| hist bins=60 range=(-12.00,-2.48) mean=-11.88 p50=-12.00 p05=-12.00 p95=-12.00
  [diag] sat-dist hist bins=60 sat<0.05=0.0% mean=0.985 p10=0.984 p90=0.986
Iter 0000940: train nll 1.386, valid error 075.600%, best valid error 073.100%, avg grad norm   0.194, avg grad norm (post clip)   0.173, rho_Whh  0.95, Omega  0.00, alpha  0.000, steps in the past 0.000, valid nll 1.386
  [diag] log10|dL/dh_t| hist bins=60 range=(-12.00,-2.48) mean=-11.88 p50=-12.00 p05=-12.00 p95=-12.00
  [diag] sat-dist hist bins=60 sat<0.05=0.0% mean=0.985 p10=0.984 p90=0.986
Iter 0000960: train nll 1.386, valid error 075.600%, best valid error 073.100%, avg grad norm   0.162, avg grad norm (post clip)   0.154, rho_Whh  0.95, Omega  0.00, alpha  0.000, steps in the past 0.000, valid nll 1.386
  [diag] log10|dL/dh_t| hist bins=60 range=(-12.00,-2.48) mean=-11.88 p50=-12.00 p05=-12.00 p95=-12.00
  [diag] sat-dist hist bins=60 sat<0.05=0.0% mean=0.985 p10=0.984 p90=0.986
Iter 0000980: train nll 1.386, valid error 075.600%, best valid error 073.100%, avg grad norm   0.200, avg grad norm (post clip)   0.181, rho_Whh  0.95, Omega  0.00, alpha  0.000, steps in the past 0.000, valid nll 1.387
  [diag] log10|dL/dh_t| hist bins=60 range=(-12.00,-2.48) mean=-11.88 p50=-12.00 p05=-12.00 p95=-12.00
  [diag] sat-dist hist bins=60 sat<0.05=0.0% mean=0.985 p10=0.984 p90=0.986
Iter 0001000: train nll 1.386, valid error 075.600%, best valid error 073.100%, avg grad norm   0.158, avg grad norm (post clip)   0.159, rho_Whh  0.95, Omega  0.00, alpha  0.000, steps in the past 0.000, valid nll 1.386
  [diag] log10|dL/dh_t| hist bins=60 range=(-12.00,-2.48) mean=-11.88 p50=-12.00 p05=-12.00 p95=-12.00
  [diag] sat-dist hist bins=60 sat<0.05=0.0% mean=0.984 p10=0.983 p90=0.985
Iter 0001020: train nll 1.387, valid error 075.600%, best valid error 073.100%, avg grad norm   0.195, avg grad norm (post clip)   0.179, rho_Whh  0.95, Omega  0.00, alpha  0.000, steps in the past 0.000, valid nll 1.387
  [diag] log10|dL/dh_t| hist bins=60 range=(-12.00,-2.48) mean=-11.88 p50=-12.00 p05=-12.00 p95=-12.00
  [diag] sat-dist hist bins=60 sat<0.05=0.0% mean=0.983 p10=0.982 p90=0.985
Iter 0001040: train nll 1.385, valid error 075.600%, best valid error 073.100%, avg grad norm   0.161, avg grad norm (post clip)   0.158, rho_Whh  0.95, Omega  0.00, alpha  0.000, steps in the past 0.000, valid nll 1.387
  [diag] log10|dL/dh_t| hist bins=60 range=(-12.00,-2.48) mean=-11.88 p50=-12.00 p05=-12.00 p95=-12.00
  [diag] sat-dist hist bins=60 sat<0.05=0.0% mean=0.983 p10=0.982 p90=0.984
Iter 0001060: train nll 1.385, valid error 075.600%, best valid error 073.100%, avg grad norm   0.185, avg grad norm (post clip)   0.176, rho_Whh  0.95, Omega  0.00, alpha  0.000, steps in the past 0.000, valid nll 1.387
  [diag] log10|dL/dh_t| hist bins=60 range=(-12.00,-2.48) mean=-11.88 p50=-12.00 p05=-12.00 p95=-12.00
  [diag] sat-dist hist bins=60 sat<0.05=0.0% mean=0.982 p10=0.981 p90=0.983
Iter 0001080: train nll 1.386, valid error 075.600%, best valid error 073.100%, avg grad norm   0.194, avg grad norm (post clip)   0.177, rho_Whh  0.95, Omega  0.00, alpha  0.000, steps in the past 0.000, valid nll 1.387
  [diag] log10|dL/dh_t| hist bins=60 range=(-12.00,-2.48) mean=-11.88 p50=-12.00 p05=-12.00 p95=-12.00
  [diag] sat-dist hist bins=60 sat<0.05=0.0% mean=0.981 p10=0.979 p90=0.983
Iter 0001100: train nll 1.386, valid error 075.600%, best valid error 073.100%, avg grad norm   0.172, avg grad norm (post clip)   0.165, rho_Whh  0.95, Omega  0.00, alpha  0.000, steps in the past 0.000, valid nll 1.387
  [diag] log10|dL/dh_t| hist bins=60 range=(-12.00,-2.48) mean=-11.88 p50=-12.00 p05=-12.00 p95=-12.00
  [diag] sat-dist hist bins=60 sat<0.05=0.0% mean=0.981 p10=0.980 p90=0.983
Iter 0001120: train nll 1.387, valid error 075.600%, best valid error 073.100%, avg grad norm   0.175, avg grad norm (post clip)   0.165, rho_Whh  0.95, Omega  0.00, alpha  0.000, steps in the past 0.000, valid nll 1.387
  [diag] log10|dL/dh_t| hist bins=60 range=(-12.00,-2.48) mean=-11.88 p50=-12.00 p05=-12.00 p95=-12.00
  [diag] sat-dist hist bins=60 sat<0.05=0.0% mean=0.981 p10=0.980 p90=0.983
Iter 0001140: train nll 1.387, valid error 075.600%, best valid error 073.100%, avg grad norm   0.179, avg grad norm (post clip)   0.163, rho_Whh  0.95, Omega  0.00, alpha  0.000, steps in the past 0.000, valid nll 1.387
  [diag] log10|dL/dh_t| hist bins=60 range=(-12.00,-2.48) mean=-11.88 p50=-12.00 p05=-12.00 p95=-12.00
  [diag] sat-dist hist bins=60 sat<0.05=0.0% mean=0.979 p10=0.977 p90=0.981
Iter 0001160: train nll 1.383, valid error 075.600%, best valid error 073.100%, avg grad norm   0.195, avg grad norm (post clip)   0.163, rho_Whh  0.95, Omega  0.00, alpha  0.000, steps in the past 0.000, valid nll 1.387
  [diag] log10|dL/dh_t| hist bins=60 range=(-12.00,-2.48) mean=-11.88 p50=-12.00 p05=-12.00 p95=-12.00
  [diag] sat-dist hist bins=60 sat<0.05=0.0% mean=0.980 p10=0.979 p90=0.982
Iter 0001180: train nll 1.387, valid error 075.600%, best valid error 073.100%, avg grad norm   0.175, avg grad norm (post clip)   0.158, rho_Whh  0.95, Omega  0.00, alpha  0.000, steps in the past 0.000, valid nll 1.387
  [diag] log10|dL/dh_t| hist bins=60 range=(-12.00,-2.48) mean=-11.88 p50=-12.00 p05=-12.00 p95=-12.00
  [diag] sat-dist hist bins=60 sat<0.05=0.0% mean=0.982 p10=0.981 p90=0.984
Iter 0001200: train nll 1.387, valid error 075.600%, best valid error 073.100%, avg grad norm   0.185, avg grad norm (post clip)   0.172, rho_Whh  0.95, Omega  0.00, alpha  0.000, steps in the past 0.000, valid nll 1.387
  [diag] log10|dL/dh_t| hist bins=60 range=(-12.00,-2.48) mean=-11.88 p50=-12.00 p05=-12.00 p95=-12.00
  [diag] sat-dist hist bins=60 sat<0.05=0.0% mean=0.981 p10=0.980 p90=0.983
Iter 0001220: train nll 1.385, valid error 075.600%, best valid error 073.100%, avg grad norm   0.173, avg grad norm (post clip)   0.162, rho_Whh  0.95, Omega  0.00, alpha  0.000, steps in the past 0.000, valid nll 1.387
  [diag] log10|dL/dh_t| hist bins=60 range=(-12.00,-2.48) mean=-11.88 p50=-12.00 p05=-12.00 p95=-12.00
  [diag] sat-dist hist bins=60 sat<0.05=0.0% mean=0.983 p10=0.982 p90=0.984
Iter 0001240: train nll 1.388, valid error 075.600%, best valid error 073.100%, avg grad norm   0.155, avg grad norm (post clip)   0.158, rho_Whh  0.95, Omega  0.00, alpha  0.000, steps in the past 0.000, valid nll 1.387
  [diag] log10|dL/dh_t| hist bins=60 range=(-12.00,-2.48) mean=-11.88 p50=-12.00 p05=-12.00 p95=-12.00
  [diag] sat-dist hist bins=60 sat<0.05=0.0% mean=0.981 p10=0.980 p90=0.983
Iter 0001260: train nll 1.386, valid error 075.600%, best valid error 073.100%, avg grad norm   0.196, avg grad norm (post clip)   0.174, rho_Whh  0.95, Omega  0.00, alpha  0.000, steps in the past 0.000, valid nll 1.387
  [diag] log10|dL/dh_t| hist bins=60 range=(-12.00,-2.48) mean=-11.88 p50=-12.00 p05=-12.00 p95=-12.00
  [diag] sat-dist hist bins=60 sat<0.05=0.0% mean=0.984 p10=0.983 p90=0.985
Iter 0001280: train nll 1.387, valid error 075.600%, best valid error 073.100%, avg grad norm   0.194, avg grad norm (post clip)   0.180, rho_Whh  0.95, Omega  0.00, alpha  0.000, steps in the past 0.000, valid nll 1.387
  [diag] log10|dL/dh_t| hist bins=60 range=(-12.00,-2.48) mean=-11.88 p50=-12.00 p05=-12.00 p95=-12.00
  [diag] sat-dist hist bins=60 sat<0.05=0.0% mean=0.983 p10=0.982 p90=0.984
Iter 0001300: train nll 1.387, valid error 075.600%, best valid error 073.100%, avg grad norm   0.184, avg grad norm (post clip)   0.177, rho_Whh  0.95, Omega  0.00, alpha  0.000, steps in the past 0.000, valid nll 1.387
  [diag] log10|dL/dh_t| hist bins=60 range=(-12.00,-2.48) mean=-11.88 p50=-12.00 p05=-12.00 p95=-12.00
  [diag] sat-dist hist bins=60 sat<0.05=0.0% mean=0.983 p10=0.982 p90=0.984
Iter 0001320: train nll 1.386, valid error 075.600%, best valid error 073.100%, avg grad norm   0.200, avg grad norm (post clip)   0.175, rho_Whh  0.95, Omega  0.00, alpha  0.000, steps in the past 0.000, valid nll 1.387
  [diag] log10|dL/dh_t| hist bins=60 range=(-12.00,-2.48) mean=-11.88 p50=-12.00 p05=-12.00 p95=-12.00
  [diag] sat-dist hist bins=60 sat<0.05=0.0% mean=0.982 p10=0.980 p90=0.983
Iter 0001340: train nll 1.386, valid error 075.600%, best valid error 073.100%, avg grad norm   0.202, avg grad norm (post clip)   0.172, rho_Whh  0.95, Omega  0.00, alpha  0.000, steps in the past 0.000, valid nll 1.387
  [diag] log10|dL/dh_t| hist bins=60 range=(-12.00,-2.48) mean=-11.88 p50=-12.00 p05=-12.00 p95=-12.00
  [diag] sat-dist hist bins=60 sat<0.05=0.0% mean=0.980 p10=0.979 p90=0.983
Iter 0001360: train nll 1.385, valid error 075.600%, best valid error 073.100%, avg grad norm   0.214, avg grad norm (post clip)   0.192, rho_Whh  0.95, Omega  0.00, alpha  0.000, steps in the past 0.000, valid nll 1.387
  [diag] log10|dL/dh_t| hist bins=60 range=(-12.00,-2.48) mean=-11.88 p50=-12.00 p05=-12.00 p95=-12.00
  [diag] sat-dist hist bins=60 sat<0.05=0.0% mean=0.982 p10=0.981 p90=0.984
Iter 0001380: train nll 1.387, valid error 075.600%, best valid error 073.100%, avg grad norm   0.192, avg grad norm (post clip)   0.172, rho_Whh  0.95, Omega  0.00, alpha  0.000, steps in the past 0.000, valid nll 1.387
  [diag] log10|dL/dh_t| hist bins=60 range=(-12.00,-2.48) mean=-11.88 p50=-12.00 p05=-12.00 p95=-12.00
  [diag] sat-dist hist bins=60 sat<0.05=0.0% mean=0.983 p10=0.982 p90=0.984
Iter 0001400: train nll 1.387, valid error 075.600%, best valid error 073.100%, avg grad norm   0.194, avg grad norm (post clip)   0.184, rho_Whh  0.95, Omega  0.00, alpha  0.000, steps in the past 0.000, valid nll 1.387
  [diag] log10|dL/dh_t| hist bins=60 range=(-12.00,-2.48) mean=-11.88 p50=-12.00 p05=-12.00 p95=-12.00
  [diag] sat-dist hist bins=60 sat<0.05=0.0% mean=0.982 p10=0.981 p90=0.984
Iter 0001420: train nll 1.386, valid error 075.600%, best valid error 073.100%, avg grad norm   0.210, avg grad norm (post clip)   0.171, rho_Whh  0.95, Omega  0.00, alpha  0.000, steps in the past 0.000, valid nll 1.387
  [diag] log10|dL/dh_t| hist bins=60 range=(-12.00,-2.48) mean=-11.88 p50=-12.00 p05=-12.00 p95=-12.00
  [diag] sat-dist hist bins=60 sat<0.05=0.0% mean=0.983 p10=0.982 p90=0.985
Iter 0001440: train nll 1.387, valid error 075.600%, best valid error 073.100%, avg grad norm   0.182, avg grad norm (post clip)   0.161, rho_Whh  0.95, Omega  0.00, alpha  0.000, steps in the past 0.000, valid nll 1.387
  [diag] log10|dL/dh_t| hist bins=60 range=(-12.00,-2.48) mean=-11.88 p50=-12.00 p05=-12.00 p95=-12.00
  [diag] sat-dist hist bins=60 sat<0.05=0.0% mean=0.983 p10=0.982 p90=0.984
Iter 0001460: train nll 1.386, valid error 075.600%, best valid error 073.100%, avg grad norm   0.193, avg grad norm (post clip)   0.170, rho_Whh  0.95, Omega  0.00, alpha  0.000, steps in the past 0.000, valid nll 1.387
  [diag] log10|dL/dh_t| hist bins=60 range=(-12.00,-2.48) mean=-11.88 p50=-12.00 p05=-12.00 p95=-12.00
  [diag] sat-dist hist bins=60 sat<0.05=0.0% mean=0.982 p10=0.981 p90=0.984
Iter 0001480: train nll 1.387, valid error 075.600%, best valid error 073.100%, avg grad norm   0.175, avg grad norm (post clip)   0.175, rho_Whh  0.95, Omega  0.00, alpha  0.000, steps in the past 0.000, valid nll 1.387
  [diag] log10|dL/dh_t| hist bins=60 range=(-12.00,-2.48) mean=-11.88 p50=-12.00 p05=-12.00 p95=-12.00
  [diag] sat-dist hist bins=60 sat<0.05=0.0% mean=0.982 p10=0.981 p90=0.984
Iter 0001500: train nll 1.385, valid error 075.600%, best valid error 073.100%, avg grad norm   0.200, avg grad norm (post clip)   0.180, rho_Whh  0.95, Omega  0.00, alpha  0.000, steps in the past 0.000, valid nll 1.387
  [diag] log10|dL/dh_t| hist bins=60 range=(-12.00,-2.48) mean=-11.88 p50=-12.00 p05=-12.00 p95=-12.00
  [diag] sat-dist hist bins=60 sat<0.05=0.0% mean=0.982 p10=0.981 p90=0.984
Iter 0001520: train nll 1.387, valid error 075.600%, best valid error 073.100%, avg grad norm   0.202, avg grad norm (post clip)   0.182, rho_Whh  0.95, Omega  0.00, alpha  0.000, steps in the past 0.000, valid nll 1.387
  [diag] log10|dL/dh_t| hist bins=60 range=(-12.00,-2.48) mean=-11.88 p50=-12.00 p05=-12.00 p95=-12.00
  [diag] sat-dist hist bins=60 sat<0.05=0.0% mean=0.983 p10=0.982 p90=0.984
Iter 0001540: train nll 1.386, valid error 075.600%, best valid error 073.100%, avg grad norm   0.183, avg grad norm (post clip)   0.162, rho_Whh  0.95, Omega  0.00, alpha  0.000, steps in the past 0.000, valid nll 1.387
  [diag] log10|dL/dh_t| hist bins=60 range=(-12.00,-2.48) mean=-11.88 p50=-12.00 p05=-12.00 p95=-12.00
  [diag] sat-dist hist bins=60 sat<0.05=0.0% mean=0.984 p10=0.983 p90=0.985
Iter 0001560: train nll 1.386, valid error 075.600%, best valid error 073.100%, avg grad norm   0.182, avg grad norm (post clip)   0.164, rho_Whh  0.95, Omega  0.00, alpha  0.000, steps in the past 0.000, valid nll 1.387
  [diag] log10|dL/dh_t| hist bins=60 range=(-12.00,-2.48) mean=-11.88 p50=-12.00 p05=-12.00 p95=-12.00
  [diag] sat-dist hist bins=60 sat<0.05=0.0% mean=0.986 p10=0.985 p90=0.986
Iter 0001580: train nll 1.387, valid error 075.600%, best valid error 073.100%, avg grad norm   0.196, avg grad norm (post clip)   0.182, rho_Whh  0.95, Omega  0.00, alpha  0.000, steps in the past 0.000, valid nll 1.387
  [diag] log10|dL/dh_t| hist bins=60 range=(-12.00,-2.48) mean=-11.88 p50=-12.00 p05=-12.00 p95=-12.00
  [diag] sat-dist hist bins=60 sat<0.05=0.0% mean=0.986 p10=0.985 p90=0.986
Iter 0001600: train nll 1.386, valid error 075.600%, best valid error 073.100%, avg grad norm   0.200, avg grad norm (post clip)   0.173, rho_Whh  0.95, Omega  0.00, alpha  0.000, steps in the past 0.000, valid nll 1.387
  [diag] log10|dL/dh_t| hist bins=60 range=(-12.00,-2.48) mean=-11.88 p50=-12.00 p05=-12.00 p95=-12.00
  [diag] sat-dist hist bins=60 sat<0.05=0.0% mean=0.985 p10=0.983 p90=0.986
Iter 0001620: train nll 1.388, valid error 075.600%, best valid error 073.100%, avg grad norm   0.199, avg grad norm (post clip)   0.178, rho_Whh  0.95, Omega  0.00, alpha  0.000, steps in the past 0.000, valid nll 1.386
  [diag] log10|dL/dh_t| hist bins=60 range=(-12.00,-2.48) mean=-11.88 p50=-12.00 p05=-12.00 p95=-12.00
  [diag] sat-dist hist bins=60 sat<0.05=0.0% mean=0.985 p10=0.984 p90=0.986
Iter 0001640: train nll 1.387, valid error 075.600%, best valid error 073.100%, avg grad norm   0.221, avg grad norm (post clip)   0.182, rho_Whh  0.95, Omega  0.00, alpha  0.000, steps in the past 0.000, valid nll 1.386
  [diag] log10|dL/dh_t| hist bins=60 range=(-12.00,-2.48) mean=-11.88 p50=-12.00 p05=-12.00 p95=-12.00
  [diag] sat-dist hist bins=60 sat<0.05=0.0% mean=0.985 p10=0.985 p90=0.986
Iter 0001660: train nll 1.386, valid error 075.600%, best valid error 073.100%, avg grad norm   0.182, avg grad norm (post clip)   0.168, rho_Whh  0.95, Omega  0.00, alpha  0.000, steps in the past 0.000, valid nll 1.386
  [diag] log10|dL/dh_t| hist bins=60 range=(-12.00,-2.48) mean=-11.88 p50=-12.00 p05=-12.00 p95=-12.00
  [diag] sat-dist hist bins=60 sat<0.05=0.0% mean=0.984 p10=0.983 p90=0.985
Iter 0001680: train nll 1.385, valid error 075.600%, best valid error 073.100%, avg grad norm   0.167, avg grad norm (post clip)   0.159, rho_Whh  0.95, Omega  0.00, alpha  0.000, steps in the past 0.000, valid nll 1.386
  [diag] log10|dL/dh_t| hist bins=60 range=(-12.00,-2.48) mean=-11.88 p50=-12.00 p05=-12.00 p95=-12.00
  [diag] sat-dist hist bins=60 sat<0.05=0.0% mean=0.984 p10=0.983 p90=0.985
Iter 0001700: train nll 1.387, valid error 075.600%, best valid error 073.100%, avg grad norm   0.200, avg grad norm (post clip)   0.174, rho_Whh  0.95, Omega  0.00, alpha  0.000, steps in the past 0.000, valid nll 1.387
  [diag] log10|dL/dh_t| hist bins=60 range=(-12.00,-2.48) mean=-11.88 p50=-12.00 p05=-12.00 p95=-12.00
  [diag] sat-dist hist bins=60 sat<0.05=0.0% mean=0.984 p10=0.983 p90=0.985
Iter 0001720: train nll 1.386, valid error 075.600%, best valid error 073.100%, avg grad norm   0.181, avg grad norm (post clip)   0.170, rho_Whh  0.95, Omega  0.00, alpha  0.000, steps in the past 0.000, valid nll 1.387
  [diag] log10|dL/dh_t| hist bins=60 range=(-12.00,-2.48) mean=-11.88 p50=-12.00 p05=-12.00 p95=-12.00
  [diag] sat-dist hist bins=60 sat<0.05=0.0% mean=0.984 p10=0.983 p90=0.985
Iter 0001740: train nll 1.387, valid error 075.600%, best valid error 073.100%, avg grad norm   0.164, avg grad norm (post clip)   0.168, rho_Whh  0.95, Omega  0.00, alpha  0.000, steps in the past 0.000, valid nll 1.387
  [diag] log10|dL/dh_t| hist bins=60 range=(-12.00,-2.48) mean=-11.88 p50=-12.00 p05=-12.00 p95=-12.00
  [diag] sat-dist hist bins=60 sat<0.05=0.0% mean=0.984 p10=0.983 p90=0.985
Iter 0001760: train nll 1.387, valid error 075.600%, best valid error 073.100%, avg grad norm   0.197, avg grad norm (post clip)   0.174, rho_Whh  0.95, Omega  0.00, alpha  0.000, steps in the past 0.000, valid nll 1.387
  [diag] log10|dL/dh_t| hist bins=60 range=(-12.00,-2.48) mean=-11.88 p50=-12.00 p05=-12.00 p95=-12.00
  [diag] sat-dist hist bins=60 sat<0.05=0.0% mean=0.981 p10=0.980 p90=0.983
Iter 0001780: train nll 1.385, valid error 075.600%, best valid error 073.100%, avg grad norm   0.194, avg grad norm (post clip)   0.178, rho_Whh  0.95, Omega  0.00, alpha  0.000, steps in the past 0.000, valid nll 1.387
  [diag] log10|dL/dh_t| hist bins=60 range=(-12.00,-2.48) mean=-11.88 p50=-12.00 p05=-12.00 p95=-12.00
  [diag] sat-dist hist bins=60 sat<0.05=0.0% mean=0.984 p10=0.983 p90=0.985
Iter 0001800: train nll 1.387, valid error 075.600%, best valid error 073.100%, avg grad norm   0.198, avg grad norm (post clip)   0.171, rho_Whh  0.95, Omega  0.00, alpha  0.000, steps in the past 0.000, valid nll 1.386
  [diag] log10|dL/dh_t| hist bins=60 range=(-12.00,-2.48) mean=-11.88 p50=-12.00 p05=-12.00 p95=-12.00
  [diag] sat-dist hist bins=60 sat<0.05=0.0% mean=0.985 p10=0.984 p90=0.985
Iter 0001820: train nll 1.385, valid error 075.600%, best valid error 073.100%, avg grad norm   0.213, avg grad norm (post clip)   0.175, rho_Whh  0.95, Omega  0.00, alpha  0.000, steps in the past 0.000, valid nll 1.386
  [diag] log10|dL/dh_t| hist bins=60 range=(-12.00,-2.48) mean=-11.88 p50=-12.00 p05=-12.00 p95=-12.00
  [diag] sat-dist hist bins=60 sat<0.05=0.0% mean=0.985 p10=0.984 p90=0.986
Iter 0001840: train nll 1.386, valid error 075.600%, best valid error 073.100%, avg grad norm   0.190, avg grad norm (post clip)   0.179, rho_Whh  0.95, Omega  0.00, alpha  0.000, steps in the past 0.000, valid nll 1.386
  [diag] log10|dL/dh_t| hist bins=60 range=(-12.00,-2.48) mean=-11.88 p50=-12.00 p05=-12.00 p95=-12.00
  [diag] sat-dist hist bins=60 sat<0.05=0.0% mean=0.985 p10=0.985 p90=0.986
Iter 0001860: train nll 1.384, valid error 075.600%, best valid error 073.100%, avg grad norm   0.220, avg grad norm (post clip)   0.189, rho_Whh  0.95, Omega  0.00, alpha  0.000, steps in the past 0.000, valid nll 1.386
  [diag] log10|dL/dh_t| hist bins=60 range=(-12.00,-2.48) mean=-11.88 p50=-12.00 p05=-12.00 p95=-12.00
  [diag] sat-dist hist bins=60 sat<0.05=0.0% mean=0.985 p10=0.984 p90=0.986
Iter 0001880: train nll 1.388, valid error 075.600%, best valid error 073.100%, avg grad norm   0.199, avg grad norm (post clip)   0.182, rho_Whh  0.95, Omega  0.00, alpha  0.000, steps in the past 0.000, valid nll 1.386
  [diag] log10|dL/dh_t| hist bins=60 range=(-12.00,-2.48) mean=-11.88 p50=-12.00 p05=-12.00 p95=-12.00
  [diag] sat-dist hist bins=60 sat<0.05=0.0% mean=0.985 p10=0.984 p90=0.986
Iter 0001900: train nll 1.386, valid error 075.600%, best valid error 073.100%, avg grad norm   0.208, avg grad norm (post clip)   0.181, rho_Whh  0.95, Omega  0.00, alpha  0.000, steps in the past 0.000, valid nll 1.386
  [diag] log10|dL/dh_t| hist bins=60 range=(-12.00,-2.48) mean=-11.88 p50=-12.00 p05=-12.00 p95=-12.00
  [diag] sat-dist hist bins=60 sat<0.05=0.0% mean=0.980 p10=0.978 p90=0.984
Iter 0001920: train nll 1.387, valid error 072.550%, best valid error 073.100%, avg grad norm   0.262, avg grad norm (post clip)   0.199, rho_Whh  0.95, Omega  0.00, alpha  0.000, steps in the past 0.000, valid nll 1.386
  [diag] log10|dL/dh_t| hist bins=60 range=(-12.00,-2.48) mean=-11.88 p50=-12.00 p05=-12.00 p95=-12.00
  [diag] sat-dist hist bins=60 sat<0.05=0.0% mean=0.979 p10=0.976 p90=0.983
Iter 0001940: train nll 1.386, valid error 073.150%, best valid error 072.550%, avg grad norm   0.188, avg grad norm (post clip)   0.161, rho_Whh  0.95, Omega  0.00, alpha  0.000, steps in the past 0.000, valid nll 1.386
  [diag] log10|dL/dh_t| hist bins=60 range=(-12.00,-2.48) mean=-11.88 p50=-12.00 p05=-12.00 p95=-12.00
  [diag] sat-dist hist bins=60 sat<0.05=0.0% mean=0.975 p10=0.972 p90=0.982
Iter 0001960: train nll 1.387, valid error 073.500%, best valid error 072.550%, avg grad norm   0.202, avg grad norm (post clip)   0.178, rho_Whh  0.95, Omega  0.00, alpha  0.000, steps in the past 0.000, valid nll 1.386
  [diag] log10|dL/dh_t| hist bins=60 range=(-12.00,-2.47) mean=-11.88 p50=-12.00 p05=-12.00 p95=-12.00
  [diag] sat-dist hist bins=60 sat<0.05=0.0% mean=0.968 p10=0.965 p90=0.978
Iter 0001980: train nll 1.385, valid error 073.500%, best valid error 072.550%, avg grad norm   0.196, avg grad norm (post clip)   0.172, rho_Whh  0.95, Omega  0.00, alpha  0.000, steps in the past 0.000, valid nll 1.386
  [diag] log10|dL/dh_t| hist bins=60 range=(-12.00,-2.47) mean=-11.88 p50=-12.00 p05=-12.00 p95=-12.00
  [diag] sat-dist hist bins=60 sat<0.05=0.0% mean=0.966 p10=0.962 p90=0.976
Iter 0002000: train nll 1.385, valid error 073.500%, best valid error 072.550%, avg grad norm   0.218, avg grad norm (post clip)   0.176, rho_Whh  0.95, Omega  0.00, alpha  0.000, steps in the past 0.000, valid nll 1.386
  [diag] log10|dL/dh_t| hist bins=60 range=(-12.00,-2.47) mean=-11.88 p50=-12.00 p05=-12.00 p95=-12.00
  [diag] sat-dist hist bins=60 sat<0.05=0.0% mean=0.957 p10=0.952 p90=0.972
Iter 0002020: train nll 1.385, valid error 073.500%, best valid error 072.550%, avg grad norm   0.201, avg grad norm (post clip)   0.181, rho_Whh  0.95, Omega  0.00, alpha  0.000, steps in the past 0.000, valid nll 1.386
  [diag] log10|dL/dh_t| hist bins=60 range=(-12.00,-2.47) mean=-11.88 p50=-12.00 p05=-12.00 p95=-12.00
  [diag] sat-dist hist bins=60 sat<0.05=0.0% mean=0.966 p10=0.962 p90=0.977
Iter 0002040: train nll 1.387, valid error 073.500%, best valid error 072.550%, avg grad norm   0.208, avg grad norm (post clip)   0.173, rho_Whh  0.95, Omega  0.00, alpha  0.000, steps in the past 0.000, valid nll 1.386
  [diag] log10|dL/dh_t| hist bins=60 range=(-12.00,-2.47) mean=-11.88 p50=-12.00 p05=-12.00 p95=-12.00
  [diag] sat-dist hist bins=60 sat<0.05=0.0% mean=0.969 p10=0.966 p90=0.979
Iter 0002060: train nll 1.388, valid error 073.500%, best valid error 072.550%, avg grad norm   0.216, avg grad norm (post clip)   0.177, rho_Whh  0.95, Omega  0.00, alpha  0.000, steps in the past 0.000, valid nll 1.386
  [diag] log10|dL/dh_t| hist bins=60 range=(-12.00,-2.47) mean=-11.88 p50=-12.00 p05=-12.00 p95=-12.00
  [diag] sat-dist hist bins=60 sat<0.05=0.0% mean=0.971 p10=0.968 p90=0.980
Iter 0002080: train nll 1.386, valid error 073.500%, best valid error 072.550%, avg grad norm   0.178, avg grad norm (post clip)   0.166, rho_Whh  0.95, Omega  0.00, alpha  0.000, steps in the past 0.000, valid nll 1.386
  [diag] log10|dL/dh_t| hist bins=60 range=(-12.00,-2.47) mean=-11.88 p50=-12.00 p05=-12.00 p95=-12.00
  [diag] sat-dist hist bins=60 sat<0.05=0.0% mean=0.971 p10=0.967 p90=0.980
Iter 0002100: train nll 1.386, valid error 073.500%, best valid error 072.550%, avg grad norm   0.210, avg grad norm (post clip)   0.187, rho_Whh  0.95, Omega  0.00, alpha  0.000, steps in the past 0.000, valid nll 1.386
  [diag] log10|dL/dh_t| hist bins=60 range=(-12.00,-2.47) mean=-11.88 p50=-12.00 p05=-12.00 p95=-12.00
  [diag] sat-dist hist bins=60 sat<0.05=0.0% mean=0.977 p10=0.975 p90=0.983
Iter 0002120: train nll 1.387, valid error 073.350%, best valid error 072.550%, avg grad norm   0.234, avg grad norm (post clip)   0.195, rho_Whh  0.95, Omega  0.00, alpha  0.000, steps in the past 0.000, valid nll 1.386
  [diag] log10|dL/dh_t| hist bins=60 range=(-12.00,-2.47) mean=-11.88 p50=-12.00 p05=-12.00 p95=-12.00
  [diag] sat-dist hist bins=60 sat<0.05=0.0% mean=0.977 p10=0.974 p90=0.983
Iter 0002140: train nll 1.385, valid error 072.300%, best valid error 072.550%, avg grad norm   0.214, avg grad norm (post clip)   0.185, rho_Whh  0.95, Omega  0.00, alpha  0.000, steps in the past 0.000, valid nll 1.386
  [diag] log10|dL/dh_t| hist bins=60 range=(-12.00,-2.47) mean=-11.88 p50=-12.00 p05=-12.00 p95=-12.00
  [diag] sat-dist hist bins=60 sat<0.05=0.0% mean=0.985 p10=0.984 p90=0.986
Iter 0002160: train nll 1.387, valid error 075.600%, best valid error 072.300%, avg grad norm   0.222, avg grad norm (post clip)   0.186, rho_Whh  0.95, Omega  0.00, alpha  0.000, steps in the past 0.000, valid nll 1.386
  [diag] log10|dL/dh_t| hist bins=60 range=(-12.00,-2.47) mean=-11.88 p50=-12.00 p05=-12.00 p95=-12.00
  [diag] sat-dist hist bins=60 sat<0.05=0.0% mean=0.985 p10=0.984 p90=0.986
Iter 0002180: train nll 1.387, valid error 075.600%, best valid error 072.300%, avg grad norm   0.198, avg grad norm (post clip)   0.182, rho_Whh  0.95, Omega  0.00, alpha  0.000, steps in the past 0.000, valid nll 1.386
  [diag] log10|dL/dh_t| hist bins=60 range=(-12.00,-2.47) mean=-11.88 p50=-12.00 p05=-12.00 p95=-12.00
  [diag] sat-dist hist bins=60 sat<0.05=0.0% mean=0.985 p10=0.984 p90=0.986
Iter 0002200: train nll 1.386, valid error 075.600%, best valid error 072.300%, avg grad norm   0.179, avg grad norm (post clip)   0.171, rho_Whh  0.95, Omega  0.00, alpha  0.000, steps in the past 0.000, valid nll 1.386
  [diag] log10|dL/dh_t| hist bins=60 range=(-12.00,-2.47) mean=-11.88 p50=-12.00 p05=-12.00 p95=-12.00
  [diag] sat-dist hist bins=60 sat<0.05=0.0% mean=0.983 p10=0.982 p90=0.985
Iter 0002220: train nll 1.386, valid error 075.600%, best valid error 072.300%, avg grad norm   0.196, avg grad norm (post clip)   0.172, rho_Whh  0.95, Omega  0.00, alpha  0.000, steps in the past 0.000, valid nll 1.386
  [diag] log10|dL/dh_t| hist bins=60 range=(-12.00,-2.47) mean=-11.88 p50=-12.00 p05=-12.00 p95=-12.00
  [diag] sat-dist hist bins=60 sat<0.05=0.0% mean=0.984 p10=0.982 p90=0.986
Iter 0002240: train nll 1.386, valid error 075.600%, best valid error 072.300%, avg grad norm   0.193, avg grad norm (post clip)   0.171, rho_Whh  0.95, Omega  0.00, alpha  0.000, steps in the past 0.000, valid nll 1.386
  [diag] log10|dL/dh_t| hist bins=60 range=(-12.00,-2.47) mean=-11.88 p50=-12.00 p05=-12.00 p95=-12.00
  [diag] sat-dist hist bins=60 sat<0.05=0.0% mean=0.984 p10=0.983 p90=0.986
Iter 0002260: train nll 1.387, valid error 075.600%, best valid error 072.300%, avg grad norm   0.217, avg grad norm (post clip)   0.182, rho_Whh  0.95, Omega  0.00, alpha  0.000, steps in the past 0.000, valid nll 1.386
  [diag] log10|dL/dh_t| hist bins=60 range=(-12.00,-2.47) mean=-11.88 p50=-12.00 p05=-12.00 p95=-12.00
  [diag] sat-dist hist bins=60 sat<0.05=0.0% mean=0.967 p10=0.962 p90=0.980
Iter 0002280: train nll 1.386, valid error 073.750%, best valid error 072.300%, avg grad norm   0.195, avg grad norm (post clip)   0.171, rho_Whh  0.95, Omega  0.00, alpha  0.000, steps in the past 0.000, valid nll 1.386
  [diag] log10|dL/dh_t| hist bins=60 range=(-12.00,-2.46) mean=-11.88 p50=-12.00 p05=-12.00 p95=-12.00
  [diag] sat-dist hist bins=60 sat<0.05=0.0% mean=0.961 p10=0.954 p90=0.977
Iter 0002300: train nll 1.386, valid error 075.150%, best valid error 072.300%, avg grad norm   0.262, avg grad norm (post clip)   0.195, rho_Whh  0.95, Omega  0.00, alpha  0.000, steps in the past 0.000, valid nll 1.386
  [diag] log10|dL/dh_t| hist bins=60 range=(-12.00,-2.46) mean=-11.88 p50=-12.00 p05=-12.00 p95=-12.00
  [diag] sat-dist hist bins=60 sat<0.05=0.0% mean=0.951 p10=0.943 p90=0.973
Iter 0002320: train nll 1.385, valid error 073.500%, best valid error 072.300%, avg grad norm   0.272, avg grad norm (post clip)   0.197, rho_Whh  0.95, Omega  0.00, alpha  0.000, steps in the past 0.000, valid nll 1.386
  [diag] log10|dL/dh_t| hist bins=60 range=(-12.00,-2.46) mean=-11.88 p50=-12.00 p05=-12.00 p95=-12.00
  [diag] sat-dist hist bins=60 sat<0.05=0.0% mean=0.943 p10=0.933 p90=0.970
Iter 0002340: train nll 1.385, valid error 074.650%, best valid error 072.300%, avg grad norm   0.253, avg grad norm (post clip)   0.193, rho_Whh  0.95, Omega  0.00, alpha  0.000, steps in the past 0.000, valid nll 1.386
  [diag] log10|dL/dh_t| hist bins=60 range=(-12.00,-2.46) mean=-11.88 p50=-12.00 p05=-12.00 p95=-12.00
  [diag] sat-dist hist bins=60 sat<0.05=0.0% mean=0.970 p10=0.965 p90=0.982
Iter 0002360: train nll 1.387, valid error 073.350%, best valid error 072.300%, avg grad norm   0.270, avg grad norm (post clip)   0.201, rho_Whh  0.95, Omega  0.00, alpha  0.000, steps in the past 0.000, valid nll 1.386
  [diag] log10|dL/dh_t| hist bins=60 range=(-12.00,-2.46) mean=-11.88 p50=-12.00 p05=-12.00 p95=-12.00
  [diag] sat-dist hist bins=60 sat<0.05=0.0% mean=0.985 p10=0.984 p90=0.986
Iter 0002380: train nll 1.387, valid error 072.100%, best valid error 072.300%, avg grad norm   0.230, avg grad norm (post clip)   0.180, rho_Whh  0.95, Omega  0.00, alpha  0.000, steps in the past 0.000, valid nll 1.386
  [diag] log10|dL/dh_t| hist bins=60 range=(-12.00,-2.46) mean=-11.88 p50=-12.00 p05=-12.00 p95=-12.00
  [diag] sat-dist hist bins=60 sat<0.05=0.0% mean=0.978 p10=0.975 p90=0.984
Iter 0002400: train nll 1.386, valid error 074.500%, best valid error 072.100%, avg grad norm   0.284, avg grad norm (post clip)   0.199, rho_Whh  0.95, Omega  0.00, alpha  0.000, steps in the past 0.000, valid nll 1.386
  [diag] log10|dL/dh_t| hist bins=60 range=(-12.00,-2.46) mean=-11.88 p50=-12.00 p05=-12.00 p95=-12.00
  [diag] sat-dist hist bins=60 sat<0.05=0.0% mean=0.962 p10=0.953 p90=0.979
Iter 0002420: train nll 1.385, valid error 075.600%, best valid error 072.100%, avg grad norm   0.234, avg grad norm (post clip)   0.183, rho_Whh  0.96, Omega  0.00, alpha  0.000, steps in the past 0.000, valid nll 1.386
  [diag] log10|dL/dh_t| hist bins=60 range=(-12.00,-2.46) mean=-11.88 p50=-12.00 p05=-12.00 p95=-12.00
  [diag] sat-dist hist bins=60 sat<0.05=0.0% mean=0.979 p10=0.976 p90=0.985
Iter 0002440: train nll 1.385, valid error 075.600%, best valid error 072.100%, avg grad norm   0.337, avg grad norm (post clip)   0.204, rho_Whh  0.96, Omega  0.00, alpha  0.000, steps in the past 0.000, valid nll 1.385
  [diag] log10|dL/dh_t| hist bins=60 range=(-12.00,-2.45) mean=-11.88 p50=-12.00 p05=-12.00 p95=-12.00
  [diag] sat-dist hist bins=60 sat<0.05=0.0% mean=0.979 p10=0.975 p90=0.986
Iter 0002460: train nll 1.384, valid error 070.700%, best valid error 072.100%, avg grad norm   0.354, avg grad norm (post clip)   0.204, rho_Whh  0.97, Omega  0.00, alpha  0.000, steps in the past 0.000, valid nll 1.385
  [diag] log10|dL/dh_t| hist bins=60 range=(-12.00,-2.45) mean=-11.88 p50=-12.00 p05=-12.00 p95=-12.00
  [diag] sat-dist hist bins=60 sat<0.05=0.0% mean=0.944 p10=0.922 p90=0.979
Iter 0002480: train nll 1.384, valid error 073.450%, best valid error 070.700%, avg grad norm   0.398, avg grad norm (post clip)   0.205, rho_Whh  0.98, Omega  0.00, alpha  0.000, steps in the past 0.000, valid nll 1.384
  [diag] log10|dL/dh_t| hist bins=60 range=(-12.00,-2.45) mean=-11.88 p50=-12.00 p05=-12.00 p95=-12.00
  [diag] sat-dist hist bins=60 sat<0.05=0.0% mean=0.956 p10=0.935 p90=0.982
Iter 0002500: train nll 1.387, valid error 075.550%, best valid error 070.700%, avg grad norm   0.564, avg grad norm (post clip)   0.210, rho_Whh  0.99, Omega  0.00, alpha  0.000, steps in the past 0.000, valid nll 1.385
  [diag] log10|dL/dh_t| hist bins=60 range=(-12.00,-2.45) mean=-11.88 p50=-12.00 p05=-12.00 p95=-12.00
  [diag] sat-dist hist bins=60 sat<0.05=0.0% mean=0.978 p10=0.971 p90=0.986
Iter 0002520: train nll 1.384, valid error 062.100%, best valid error 070.700%, avg grad norm   0.627, avg grad norm (post clip)   0.208, rho_Whh  1.01, Omega  0.00, alpha  0.000, steps in the past 0.000, valid nll 1.382
  [diag] log10|dL/dh_t| hist bins=60 range=(-12.00,-2.44) mean=-11.88 p50=-12.00 p05=-12.00 p95=-12.00
  [diag] sat-dist hist bins=60 sat<0.05=0.0% mean=0.953 p10=0.911 p90=0.986
Iter 0002540: train nll 1.381, valid error 055.600%, best valid error 062.100%, avg grad norm   0.926, avg grad norm (post clip)   0.210, rho_Whh  1.03, Omega  0.00, alpha  0.000, steps in the past 0.000, valid nll 1.379
  [diag] log10|dL/dh_t| hist bins=60 range=(-12.00,-2.44) mean=-11.88 p50=-12.00 p05=-12.00 p95=-12.00
  [diag] sat-dist hist bins=60 sat<0.05=0.0% mean=0.947 p10=0.897 p90=0.985
Iter 0002560: train nll 1.378, valid error 073.100%, best valid error 055.600%, avg grad norm   1.597, avg grad norm (post clip)   0.211, rho_Whh  1.04, Omega  0.00, alpha  0.000, steps in the past 0.000, valid nll 1.376
  [diag] log10|dL/dh_t| hist bins=60 range=(-12.00,-2.44) mean=-11.88 p50=-12.00 p05=-12.00 p95=-12.00
  [diag] sat-dist hist bins=60 sat<0.05=0.0% mean=0.917 p10=0.837 p90=0.984
Iter 0002580: train nll 1.376, valid error 073.700%, best valid error 055.600%, avg grad norm   2.029, avg grad norm (post clip)   0.211, rho_Whh  1.05, Omega  0.00, alpha  0.000, steps in the past 0.000, valid nll 1.375
  [diag] log10|dL/dh_t| hist bins=60 range=(-12.00,-2.43) mean=-11.88 p50=-12.00 p05=-12.00 p95=-12.00
  [diag] sat-dist hist bins=60 sat<0.05=0.0% mean=0.901 p10=0.807 p90=0.986
Iter 0002600: train nll 1.366, valid error 059.500%, best valid error 055.600%, avg grad norm   3.217, avg grad norm (post clip)   0.211, rho_Whh  1.07, Omega  0.00, alpha  0.000, steps in the past 0.000, valid nll 1.370
  [diag] log10|dL/dh_t| hist bins=60 range=(-12.00,-2.43) mean=-11.88 p50=-12.00 p05=-12.00 p95=-12.00
  [diag] sat-dist hist bins=60 sat<0.05=0.0% mean=0.895 p10=0.787 p90=0.986
Iter 0002620: train nll 1.346, valid error 050.000%, best valid error 055.600%, avg grad norm   5.818, avg grad norm (post clip)   0.211, rho_Whh  1.08, Omega  0.00, alpha  0.000, steps in the past 0.000, valid nll 1.352
  [diag] log10|dL/dh_t| hist bins=60 range=(-12.00,-2.43) mean=-11.88 p50=-12.00 p05=-12.00 p95=-12.00
  [diag] sat-dist hist bins=60 sat<0.05=0.0% mean=0.888 p10=0.781 p90=0.985
Iter 0002640: train nll 1.349, valid error 053.950%, best valid error 050.000%, avg grad norm   5.336, avg grad norm (post clip)   0.211, rho_Whh  1.09, Omega  0.00, alpha  0.000, steps in the past 0.000, valid nll 1.340
  [diag] log10|dL/dh_t| hist bins=60 range=(-12.00,-2.43) mean=-11.88 p50=-12.00 p05=-12.00 p95=-12.00
  [diag] sat-dist hist bins=60 sat<0.05=0.0% mean=0.879 p10=0.761 p90=0.987
Iter 0002660: train nll 1.334, valid error 050.550%, best valid error 050.000%, avg grad norm   8.261, avg grad norm (post clip)   0.211, rho_Whh  1.11, Omega  0.00, alpha  0.000, steps in the past 0.000, valid nll 1.317
  [diag] log10|dL/dh_t| hist bins=60 range=(-12.00,-2.43) mean=-11.88 p50=-12.00 p05=-12.00 p95=-12.00
  [diag] sat-dist hist bins=60 sat<0.05=0.0% mean=0.851 p10=0.724 p90=0.987
Iter 0002680: train nll 1.323, valid error 050.450%, best valid error 050.000%, avg grad norm  11.773, avg grad norm (post clip)   0.211, rho_Whh  1.12, Omega  0.00, alpha  0.000, steps in the past 0.000, valid nll 1.293
  [diag] log10|dL/dh_t| hist bins=60 range=(-12.00,-2.42) mean=-11.88 p50=-12.00 p05=-12.00 p95=-12.00
  [diag] sat-dist hist bins=60 sat<0.05=0.0% mean=0.822 p10=0.693 p90=0.987
Iter 0002700: train nll 1.276, valid error 050.450%, best valid error 050.000%, avg grad norm   3.874, avg grad norm (post clip)   0.211, rho_Whh  1.14, Omega  0.00, alpha  0.000, steps in the past 0.000, valid nll 1.258
  [diag] log10|dL/dh_t| hist bins=60 range=(-12.00,-2.41) mean=-11.88 p50=-12.00 p05=-12.00 p95=-12.00
  [diag] sat-dist hist bins=60 sat<0.05=0.0% mean=0.796 p10=0.667 p90=0.987
Iter 0002720: train nll 1.266, valid error 050.450%, best valid error 050.000%, avg grad norm   1.948, avg grad norm (post clip)   0.211, rho_Whh  1.17, Omega  0.00, alpha  0.000, steps in the past 0.000, valid nll 1.219
  [diag] log10|dL/dh_t| hist bins=60 range=(-12.00,-2.39) mean=-11.88 p50=-12.00 p05=-12.00 p95=-12.00
  [diag] sat-dist hist bins=60 sat<0.05=0.0% mean=0.776 p10=0.643 p90=0.987
Iter 0002740: train nll 1.206, valid error 050.450%, best valid error 050.000%, avg grad norm   1.709, avg grad norm (post clip)   0.211, rho_Whh  1.19, Omega  0.00, alpha  0.000, steps in the past 0.000, valid nll 1.177
  [diag] log10|dL/dh_t| hist bins=60 range=(-12.00,-2.36) mean=-11.88 p50=-12.00 p05=-12.00 p95=-12.00
  [diag] sat-dist hist bins=60 sat<0.05=0.0% mean=0.756 p10=0.621 p90=0.987
Iter 0002760: train nll 1.160, valid error 050.500%, best valid error 050.000%, avg grad norm   1.464, avg grad norm (post clip)   0.211, rho_Whh  1.21, Omega  0.00, alpha  0.000, steps in the past 0.000, valid nll 1.131
  [diag] log10|dL/dh_t| hist bins=60 range=(-12.00,-2.29) mean=-11.88 p50=-12.00 p05=-12.00 p95=-12.00
  [diag] sat-dist hist bins=60 sat<0.05=0.0% mean=0.739 p10=0.602 p90=0.986
Iter 0002780: train nll 1.113, valid error 052.000%, best valid error 050.000%, avg grad norm   1.359, avg grad norm (post clip)   0.211, rho_Whh  1.23, Omega  0.00, alpha  0.000, steps in the past 0.000, valid nll 1.105
  [diag] log10|dL/dh_t| hist bins=60 range=(-12.00,-2.26) mean=-11.88 p50=-12.00 p05=-12.00 p95=-12.00
  [diag] sat-dist hist bins=60 sat<0.05=0.0% mean=0.722 p10=0.584 p90=0.986
Iter 0002800: train nll 1.067, valid error 052.000%, best valid error 050.000%, avg grad norm   1.377, avg grad norm (post clip)   0.211, rho_Whh  1.24, Omega  0.00, alpha  0.000, steps in the past 0.000, valid nll 1.066
  [diag] log10|dL/dh_t| hist bins=60 range=(-12.00,-2.18) mean=-11.88 p50=-12.00 p05=-12.00 p95=-12.00
  [diag] sat-dist hist bins=60 sat<0.05=0.0% mean=0.705 p10=0.568 p90=0.986
Iter 0002820: train nll 1.070, valid error 053.400%, best valid error 050.000%, avg grad norm 138.800, avg grad norm (post clip)   0.211, rho_Whh  1.26, Omega  0.00, alpha  0.000, steps in the past 0.000, valid nll 1.066
  [diag] log10|dL/dh_t| hist bins=60 range=(-12.00,-2.22) mean=-11.88 p50=-12.00 p05=-12.00 p95=-12.00
  [diag] sat-dist hist bins=60 sat<0.05=0.0% mean=0.697 p10=0.552 p90=0.986
Iter 0002840: train nll 1.022, valid error 051.000%, best valid error 050.000%, avg grad norm   1.189, avg grad norm (post clip)   0.211, rho_Whh  1.28, Omega  0.00, alpha  0.000, steps in the past 0.000, valid nll 0.988
  [diag] log10|dL/dh_t| hist bins=60 range=(-12.00,-2.31) mean=-11.88 p50=-12.00 p05=-12.00 p95=-12.00
  [diag] sat-dist hist bins=60 sat<0.05=0.0% mean=0.684 p10=0.538 p90=0.987
Iter 0002860: train nll 1.019, valid error 050.500%, best valid error 050.000%, avg grad norm   1.244, avg grad norm (post clip)   0.211, rho_Whh  1.29, Omega  0.00, alpha  0.000, steps in the past 0.000, valid nll 0.949
  [diag] log10|dL/dh_t| hist bins=60 range=(-12.00,-2.36) mean=-11.88 p50=-12.00 p05=-12.00 p95=-12.00
  [diag] sat-dist hist bins=60 sat<0.05=0.0% mean=0.674 p10=0.523 p90=0.987
Iter 0002880: train nll 0.944, valid error 050.500%, best valid error 050.000%, avg grad norm   1.127, avg grad norm (post clip)   0.211, rho_Whh  1.31, Omega  0.00, alpha  0.000, steps in the past 0.000, valid nll 0.919
  [diag] log10|dL/dh_t| hist bins=60 range=(-12.00,-2.08) mean=-11.88 p50=-12.00 p05=-12.00 p95=-12.00
  [diag] sat-dist hist bins=60 sat<0.05=0.0% mean=0.653 p10=0.514 p90=0.986
Iter 0002900: train nll 0.990, valid error 053.550%, best valid error 050.000%, avg grad norm   1.114, avg grad norm (post clip)   0.211, rho_Whh  1.32, Omega  0.00, alpha  0.000, steps in the past 0.000, valid nll 0.984
  [diag] log10|dL/dh_t| hist bins=60 range=(-12.00,-2.21) mean=-11.88 p50=-12.00 p05=-12.00 p95=-12.00
  [diag] sat-dist hist bins=60 sat<0.05=0.0% mean=0.653 p10=0.502 p90=0.987
Iter 0002920: train nll 0.931, valid error 050.850%, best valid error 050.000%, avg grad norm   1.037, avg grad norm (post clip)   0.211, rho_Whh  1.33, Omega  0.00, alpha  0.000, steps in the past 0.000, valid nll 0.892
  [diag] log10|dL/dh_t| hist bins=60 range=(-12.00,-1.98) mean=-11.87 p50=-12.00 p05=-12.00 p95=-12.00
  [diag] sat-dist hist bins=60 sat<0.05=0.0% mean=0.627 p10=0.493 p90=0.985
Iter 0002940: train nll 0.946, valid error 055.300%, best valid error 050.000%, avg grad norm   1.020, avg grad norm (post clip)   0.211, rho_Whh  1.34, Omega  0.00, alpha  0.000, steps in the past 0.000, valid nll 1.029
  [diag] log10|dL/dh_t| hist bins=60 range=(-12.00,-1.99) mean=-11.87 p50=-12.00 p05=-12.00 p95=-12.00
  [diag] sat-dist hist bins=60 sat<0.05=0.0% mean=0.627 p10=0.485 p90=0.986
Iter 0002960: train nll 0.990, valid error 050.950%, best valid error 050.000%, avg grad norm   0.908, avg grad norm (post clip)   0.211, rho_Whh  1.35, Omega  0.00, alpha  0.000, steps in the past 0.000, valid nll 0.934
  [diag] log10|dL/dh_t| hist bins=60 range=(-12.00,-2.01) mean=-11.88 p50=-12.00 p05=-12.00 p95=-12.00
  [diag] sat-dist hist bins=60 sat<0.05=0.0% mean=0.621 p10=0.478 p90=0.986
Iter 0002980: train nll 0.920, valid error 051.550%, best valid error 050.000%, avg grad norm   0.961, avg grad norm (post clip)   0.211, rho_Whh  1.36, Omega  0.00, alpha  0.000, steps in the past 0.000, valid nll 0.941
Done. solved=0 steps=2999 best_valid_error=50.0000%
=== DONE  EC_p1_smart_a0_cut02_lr001 ===
=== START EC_p2_smart_a0_cut05_lr001 ===
Starting to train (PyTorch).
  [diag] log10|dL/dh_t| hist bins=60 range=(-12.00,-2.48) mean=-11.88 p50=-12.00 p05=-12.00 p95=-12.00
  [diag] sat-dist hist bins=60 sat<0.05=0.0% mean=0.983 p10=0.982 p90=0.984
Iter 0000020: train nll 1.456, valid error 074.000%, best valid error 100.000%, avg grad norm   0.195, avg grad norm (post clip)   0.195, rho_Whh  0.95, Omega  0.00, alpha  0.000, steps in the past 0.000, valid nll 1.386
  [diag] log10|dL/dh_t| hist bins=60 range=(-12.00,-2.48) mean=-11.88 p50=-12.00 p05=-12.00 p95=-12.00
  [diag] sat-dist hist bins=60 sat<0.05=0.0% mean=0.984 p10=0.983 p90=0.985
Iter 0000040: train nll 1.386, valid error 073.500%, best valid error 074.000%, avg grad norm   0.181, avg grad norm (post clip)   0.191, rho_Whh  0.95, Omega  0.00, alpha  0.000, steps in the past 0.000, valid nll 1.386
  [diag] log10|dL/dh_t| hist bins=60 range=(-12.00,-2.48) mean=-11.88 p50=-12.00 p05=-12.00 p95=-12.00
  [diag] sat-dist hist bins=60 sat<0.05=0.0% mean=0.983 p10=0.982 p90=0.984
Iter 0000060: train nll 1.386, valid error 073.500%, best valid error 073.500%, avg grad norm   0.158, avg grad norm (post clip)   0.168, rho_Whh  0.95, Omega  0.00, alpha  0.000, steps in the past 0.000, valid nll 1.386
  [diag] log10|dL/dh_t| hist bins=60 range=(-12.00,-2.48) mean=-11.88 p50=-12.00 p05=-12.00 p95=-12.00
  [diag] sat-dist hist bins=60 sat<0.05=0.0% mean=0.982 p10=0.980 p90=0.983
Iter 0000080: train nll 1.386, valid error 073.500%, best valid error 073.500%, avg grad norm   0.194, avg grad norm (post clip)   0.203, rho_Whh  0.95, Omega  0.00, alpha  0.000, steps in the past 0.000, valid nll 1.386
  [diag] log10|dL/dh_t| hist bins=60 range=(-12.00,-2.49) mean=-11.88 p50=-12.00 p05=-12.00 p95=-12.00
  [diag] sat-dist hist bins=60 sat<0.05=0.0% mean=0.981 p10=0.980 p90=0.983
Iter 0000100: train nll 1.387, valid error 073.500%, best valid error 073.500%, avg grad norm   0.168, avg grad norm (post clip)   0.178, rho_Whh  0.95, Omega  0.00, alpha  0.000, steps in the past 0.000, valid nll 1.386
  [diag] log10|dL/dh_t| hist bins=60 range=(-12.00,-2.49) mean=-11.88 p50=-12.00 p05=-12.00 p95=-12.00
  [diag] sat-dist hist bins=60 sat<0.05=0.0% mean=0.982 p10=0.981 p90=0.983
Iter 0000120: train nll 1.387, valid error 073.500%, best valid error 073.500%, avg grad norm   0.181, avg grad norm (post clip)   0.190, rho_Whh  0.95, Omega  0.00, alpha  0.000, steps in the past 0.000, valid nll 1.386
  [diag] log10|dL/dh_t| hist bins=60 range=(-12.00,-2.49) mean=-11.88 p50=-12.00 p05=-12.00 p95=-12.00
  [diag] sat-dist hist bins=60 sat<0.05=0.0% mean=0.982 p10=0.981 p90=0.984
Iter 0000140: train nll 1.387, valid error 073.650%, best valid error 073.500%, avg grad norm   0.192, avg grad norm (post clip)   0.201, rho_Whh  0.95, Omega  0.00, alpha  0.000, steps in the past 0.000, valid nll 1.386
  [diag] log10|dL/dh_t| hist bins=60 range=(-12.00,-2.49) mean=-11.88 p50=-12.00 p05=-12.00 p95=-12.00
  [diag] sat-dist hist bins=60 sat<0.05=0.0% mean=0.982 p10=0.981 p90=0.984
Iter 0000160: train nll 1.386, valid error 073.500%, best valid error 073.500%, avg grad norm   0.183, avg grad norm (post clip)   0.193, rho_Whh  0.95, Omega  0.00, alpha  0.000, steps in the past 0.000, valid nll 1.386
  [diag] log10|dL/dh_t| hist bins=60 range=(-12.00,-2.49) mean=-11.88 p50=-12.00 p05=-12.00 p95=-12.00
  [diag] sat-dist hist bins=60 sat<0.05=0.0% mean=0.981 p10=0.980 p90=0.983
Iter 0000180: train nll 1.386, valid error 073.500%, best valid error 073.500%, avg grad norm   0.208, avg grad norm (post clip)   0.218, rho_Whh  0.95, Omega  0.00, alpha  0.000, steps in the past 0.000, valid nll 1.386
  [diag] log10|dL/dh_t| hist bins=60 range=(-12.00,-2.49) mean=-11.88 p50=-12.00 p05=-12.00 p95=-12.00
  [diag] sat-dist hist bins=60 sat<0.05=0.0% mean=0.979 p10=0.977 p90=0.981
Iter 0000200: train nll 1.385, valid error 073.500%, best valid error 073.500%, avg grad norm   0.170, avg grad norm (post clip)   0.181, rho_Whh  0.95, Omega  0.00, alpha  0.000, steps in the past 0.000, valid nll 1.386
  [diag] log10|dL/dh_t| hist bins=60 range=(-12.00,-2.48) mean=-11.88 p50=-12.00 p05=-12.00 p95=-12.00
  [diag] sat-dist hist bins=60 sat<0.05=0.0% mean=0.978 p10=0.977 p90=0.981
Iter 0000220: train nll 1.387, valid error 073.500%, best valid error 073.500%, avg grad norm   0.196, avg grad norm (post clip)   0.205, rho_Whh  0.95, Omega  0.00, alpha  0.000, steps in the past 0.000, valid nll 1.386
  [diag] log10|dL/dh_t| hist bins=60 range=(-12.00,-2.48) mean=-11.88 p50=-12.00 p05=-12.00 p95=-12.00
  [diag] sat-dist hist bins=60 sat<0.05=0.0% mean=0.978 p10=0.977 p90=0.981
Iter 0000240: train nll 1.387, valid error 073.500%, best valid error 073.500%, avg grad norm   0.183, avg grad norm (post clip)   0.193, rho_Whh  0.95, Omega  0.00, alpha  0.000, steps in the past 0.000, valid nll 1.386
  [diag] log10|dL/dh_t| hist bins=60 range=(-12.00,-2.48) mean=-11.88 p50=-12.00 p05=-12.00 p95=-12.00
  [diag] sat-dist hist bins=60 sat<0.05=0.0% mean=0.979 p10=0.977 p90=0.981
Iter 0000260: train nll 1.387, valid error 073.500%, best valid error 073.500%, avg grad norm   0.184, avg grad norm (post clip)   0.194, rho_Whh  0.95, Omega  0.00, alpha  0.000, steps in the past 0.000, valid nll 1.386
  [diag] log10|dL/dh_t| hist bins=60 range=(-12.00,-2.48) mean=-11.88 p50=-12.00 p05=-12.00 p95=-12.00
  [diag] sat-dist hist bins=60 sat<0.05=0.0% mean=0.981 p10=0.980 p90=0.983
Iter 0000280: train nll 1.387, valid error 073.550%, best valid error 073.500%, avg grad norm   0.165, avg grad norm (post clip)   0.175, rho_Whh  0.95, Omega  0.00, alpha  0.000, steps in the past 0.000, valid nll 1.386
  [diag] log10|dL/dh_t| hist bins=60 range=(-12.00,-2.49) mean=-11.88 p50=-12.00 p05=-12.00 p95=-12.00
  [diag] sat-dist hist bins=60 sat<0.05=0.0% mean=0.982 p10=0.981 p90=0.984
Iter 0000300: train nll 1.387, valid error 073.500%, best valid error 073.500%, avg grad norm   0.210, avg grad norm (post clip)   0.218, rho_Whh  0.95, Omega  0.00, alpha  0.000, steps in the past 0.000, valid nll 1.386
  [diag] log10|dL/dh_t| hist bins=60 range=(-12.00,-2.49) mean=-11.88 p50=-12.00 p05=-12.00 p95=-12.00
  [diag] sat-dist hist bins=60 sat<0.05=0.0% mean=0.981 p10=0.979 p90=0.983
Iter 0000320: train nll 1.386, valid error 073.500%, best valid error 073.500%, avg grad norm   0.178, avg grad norm (post clip)   0.189, rho_Whh  0.95, Omega  0.00, alpha  0.000, steps in the past 0.000, valid nll 1.386
  [diag] log10|dL/dh_t| hist bins=60 range=(-12.00,-2.49) mean=-11.88 p50=-12.00 p05=-12.00 p95=-12.00
  [diag] sat-dist hist bins=60 sat<0.05=0.0% mean=0.981 p10=0.980 p90=0.983
Iter 0000340: train nll 1.387, valid error 073.500%, best valid error 073.500%, avg grad norm   0.175, avg grad norm (post clip)   0.185, rho_Whh  0.95, Omega  0.00, alpha  0.000, steps in the past 0.000, valid nll 1.386
  [diag] log10|dL/dh_t| hist bins=60 range=(-12.00,-2.49) mean=-11.88 p50=-12.00 p05=-12.00 p95=-12.00
  [diag] sat-dist hist bins=60 sat<0.05=0.0% mean=0.982 p10=0.980 p90=0.983
Iter 0000360: train nll 1.386, valid error 073.500%, best valid error 073.500%, avg grad norm   0.182, avg grad norm (post clip)   0.191, rho_Whh  0.95, Omega  0.00, alpha  0.000, steps in the past 0.000, valid nll 1.386
  [diag] log10|dL/dh_t| hist bins=60 range=(-12.00,-2.49) mean=-11.88 p50=-12.00 p05=-12.00 p95=-12.00
  [diag] sat-dist hist bins=60 sat<0.05=0.0% mean=0.983 p10=0.982 p90=0.984
Iter 0000380: train nll 1.387, valid error 073.500%, best valid error 073.500%, avg grad norm   0.175, avg grad norm (post clip)   0.184, rho_Whh  0.95, Omega  0.00, alpha  0.000, steps in the past 0.000, valid nll 1.386
  [diag] log10|dL/dh_t| hist bins=60 range=(-12.00,-2.49) mean=-11.88 p50=-12.00 p05=-12.00 p95=-12.00
  [diag] sat-dist hist bins=60 sat<0.05=0.0% mean=0.984 p10=0.983 p90=0.985
Iter 0000400: train nll 1.386, valid error 074.900%, best valid error 073.500%, avg grad norm   0.185, avg grad norm (post clip)   0.194, rho_Whh  0.95, Omega  0.00, alpha  0.000, steps in the past 0.000, valid nll 1.386
  [diag] log10|dL/dh_t| hist bins=60 range=(-12.00,-2.48) mean=-11.88 p50=-12.00 p05=-12.00 p95=-12.00
  [diag] sat-dist hist bins=60 sat<0.05=0.0% mean=0.985 p10=0.984 p90=0.986
Iter 0000420: train nll 1.387, valid error 075.600%, best valid error 073.500%, avg grad norm   0.190, avg grad norm (post clip)   0.200, rho_Whh  0.95, Omega  0.00, alpha  0.000, steps in the past 0.000, valid nll 1.386
  [diag] log10|dL/dh_t| hist bins=60 range=(-12.00,-2.49) mean=-11.88 p50=-12.00 p05=-12.00 p95=-12.00
  [diag] sat-dist hist bins=60 sat<0.05=0.0% mean=0.985 p10=0.984 p90=0.986
Iter 0000440: train nll 1.386, valid error 075.600%, best valid error 073.500%, avg grad norm   0.179, avg grad norm (post clip)   0.189, rho_Whh  0.95, Omega  0.00, alpha  0.000, steps in the past 0.000, valid nll 1.386
  [diag] log10|dL/dh_t| hist bins=60 range=(-12.00,-2.49) mean=-11.88 p50=-12.00 p05=-12.00 p95=-12.00
  [diag] sat-dist hist bins=60 sat<0.05=0.0% mean=0.985 p10=0.984 p90=0.986
Iter 0000460: train nll 1.386, valid error 075.600%, best valid error 073.500%, avg grad norm   0.172, avg grad norm (post clip)   0.181, rho_Whh  0.95, Omega  0.00, alpha  0.000, steps in the past 0.000, valid nll 1.386
  [diag] log10|dL/dh_t| hist bins=60 range=(-12.00,-2.49) mean=-11.88 p50=-12.00 p05=-12.00 p95=-12.00
  [diag] sat-dist hist bins=60 sat<0.05=0.0% mean=0.985 p10=0.984 p90=0.986
Iter 0000480: train nll 1.387, valid error 075.600%, best valid error 073.500%, avg grad norm   0.178, avg grad norm (post clip)   0.187, rho_Whh  0.95, Omega  0.00, alpha  0.000, steps in the past 0.000, valid nll 1.386
  [diag] log10|dL/dh_t| hist bins=60 range=(-12.00,-2.49) mean=-11.88 p50=-12.00 p05=-12.00 p95=-12.00
  [diag] sat-dist hist bins=60 sat<0.05=0.0% mean=0.986 p10=0.985 p90=0.986
Iter 0000500: train nll 1.386, valid error 076.700%, best valid error 073.500%, avg grad norm   0.181, avg grad norm (post clip)   0.191, rho_Whh  0.95, Omega  0.00, alpha  0.000, steps in the past 0.000, valid nll 1.386
  [diag] log10|dL/dh_t| hist bins=60 range=(-12.00,-2.49) mean=-11.88 p50=-12.00 p05=-12.00 p95=-12.00
  [diag] sat-dist hist bins=60 sat<0.05=0.0% mean=0.985 p10=0.984 p90=0.986
Iter 0000520: train nll 1.387, valid error 074.900%, best valid error 073.500%, avg grad norm   0.196, avg grad norm (post clip)   0.206, rho_Whh  0.95, Omega  0.00, alpha  0.000, steps in the past 0.000, valid nll 1.386
  [diag] log10|dL/dh_t| hist bins=60 range=(-12.00,-2.49) mean=-11.88 p50=-12.00 p05=-12.00 p95=-12.00
  [diag] sat-dist hist bins=60 sat<0.05=0.0% mean=0.984 p10=0.984 p90=0.985
Iter 0000540: train nll 1.386, valid error 075.350%, best valid error 073.500%, avg grad norm   0.192, avg grad norm (post clip)   0.202, rho_Whh  0.95, Omega  0.00, alpha  0.000, steps in the past 0.000, valid nll 1.386
  [diag] log10|dL/dh_t| hist bins=60 range=(-12.00,-2.49) mean=-11.88 p50=-12.00 p05=-12.00 p95=-12.00
  [diag] sat-dist hist bins=60 sat<0.05=0.0% mean=0.984 p10=0.983 p90=0.985
Iter 0000560: train nll 1.387, valid error 076.050%, best valid error 073.500%, avg grad norm   0.201, avg grad norm (post clip)   0.212, rho_Whh  0.95, Omega  0.00, alpha  0.000, steps in the past 0.000, valid nll 1.386
  [diag] log10|dL/dh_t| hist bins=60 range=(-12.00,-2.49) mean=-11.88 p50=-12.00 p05=-12.00 p95=-12.00
  [diag] sat-dist hist bins=60 sat<0.05=0.0% mean=0.985 p10=0.984 p90=0.986
Iter 0000580: train nll 1.387, valid error 074.850%, best valid error 073.500%, avg grad norm   0.204, avg grad norm (post clip)   0.214, rho_Whh  0.95, Omega  0.00, alpha  0.000, steps in the past 0.000, valid nll 1.386
  [diag] log10|dL/dh_t| hist bins=60 range=(-12.00,-2.49) mean=-11.88 p50=-12.00 p05=-12.00 p95=-12.00
  [diag] sat-dist hist bins=60 sat<0.05=0.0% mean=0.984 p10=0.984 p90=0.985
Iter 0000600: train nll 1.386, valid error 073.500%, best valid error 073.500%, avg grad norm   0.171, avg grad norm (post clip)   0.181, rho_Whh  0.95, Omega  0.00, alpha  0.000, steps in the past 0.000, valid nll 1.386
  [diag] log10|dL/dh_t| hist bins=60 range=(-12.00,-2.49) mean=-11.88 p50=-12.00 p05=-12.00 p95=-12.00
  [diag] sat-dist hist bins=60 sat<0.05=0.0% mean=0.983 p10=0.982 p90=0.984
Iter 0000620: train nll 1.386, valid error 076.250%, best valid error 073.500%, avg grad norm   0.180, avg grad norm (post clip)   0.189, rho_Whh  0.95, Omega  0.00, alpha  0.000, steps in the past 0.000, valid nll 1.386
  [diag] log10|dL/dh_t| hist bins=60 range=(-12.00,-2.49) mean=-11.88 p50=-12.00 p05=-12.00 p95=-12.00
  [diag] sat-dist hist bins=60 sat<0.05=0.0% mean=0.983 p10=0.982 p90=0.985
Iter 0000640: train nll 1.386, valid error 074.950%, best valid error 073.500%, avg grad norm   0.180, avg grad norm (post clip)   0.189, rho_Whh  0.95, Omega  0.00, alpha  0.000, steps in the past 0.000, valid nll 1.386
  [diag] log10|dL/dh_t| hist bins=60 range=(-12.00,-2.49) mean=-11.88 p50=-12.00 p05=-12.00 p95=-12.00
  [diag] sat-dist hist bins=60 sat<0.05=0.0% mean=0.983 p10=0.982 p90=0.984
Iter 0000660: train nll 1.386, valid error 076.050%, best valid error 073.500%, avg grad norm   0.195, avg grad norm (post clip)   0.205, rho_Whh  0.95, Omega  0.00, alpha  0.000, steps in the past 0.000, valid nll 1.387
  [diag] log10|dL/dh_t| hist bins=60 range=(-12.00,-2.48) mean=-11.88 p50=-12.00 p05=-12.00 p95=-12.00
  [diag] sat-dist hist bins=60 sat<0.05=0.0% mean=0.983 p10=0.982 p90=0.984
Iter 0000680: train nll 1.386, valid error 076.050%, best valid error 073.500%, avg grad norm   0.176, avg grad norm (post clip)   0.186, rho_Whh  0.95, Omega  0.00, alpha  0.000, steps in the past 0.000, valid nll 1.387
  [diag] log10|dL/dh_t| hist bins=60 range=(-12.00,-2.49) mean=-11.88 p50=-12.00 p05=-12.00 p95=-12.00
  [diag] sat-dist hist bins=60 sat<0.05=0.0% mean=0.983 p10=0.982 p90=0.984
Iter 0000700: train nll 1.386, valid error 075.800%, best valid error 073.500%, avg grad norm   0.195, avg grad norm (post clip)   0.204, rho_Whh  0.95, Omega  0.00, alpha  0.000, steps in the past 0.000, valid nll 1.387
  [diag] log10|dL/dh_t| hist bins=60 range=(-12.00,-2.49) mean=-11.88 p50=-12.00 p05=-12.00 p95=-12.00
  [diag] sat-dist hist bins=60 sat<0.05=0.0% mean=0.981 p10=0.979 p90=0.983
Iter 0000720: train nll 1.386, valid error 076.050%, best valid error 073.500%, avg grad norm   0.180, avg grad norm (post clip)   0.191, rho_Whh  0.95, Omega  0.00, alpha  0.000, steps in the past 0.000, valid nll 1.387
  [diag] log10|dL/dh_t| hist bins=60 range=(-12.00,-2.48) mean=-11.88 p50=-12.00 p05=-12.00 p95=-12.00
  [diag] sat-dist hist bins=60 sat<0.05=0.0% mean=0.981 p10=0.980 p90=0.983
Iter 0000740: train nll 1.386, valid error 076.050%, best valid error 073.500%, avg grad norm   0.173, avg grad norm (post clip)   0.183, rho_Whh  0.95, Omega  0.00, alpha  0.000, steps in the past 0.000, valid nll 1.387
  [diag] log10|dL/dh_t| hist bins=60 range=(-12.00,-2.49) mean=-11.88 p50=-12.00 p05=-12.00 p95=-12.00
  [diag] sat-dist hist bins=60 sat<0.05=0.0% mean=0.983 p10=0.982 p90=0.984
Iter 0000760: train nll 1.387, valid error 076.200%, best valid error 073.500%, avg grad norm   0.180, avg grad norm (post clip)   0.190, rho_Whh  0.95, Omega  0.00, alpha  0.000, steps in the past 0.000, valid nll 1.387
  [diag] log10|dL/dh_t| hist bins=60 range=(-12.00,-2.49) mean=-11.88 p50=-12.00 p05=-12.00 p95=-12.00
  [diag] sat-dist hist bins=60 sat<0.05=0.0% mean=0.982 p10=0.981 p90=0.984
Iter 0000780: train nll 1.386, valid error 075.600%, best valid error 073.500%, avg grad norm   0.186, avg grad norm (post clip)   0.195, rho_Whh  0.95, Omega  0.00, alpha  0.000, steps in the past 0.000, valid nll 1.387
  [diag] log10|dL/dh_t| hist bins=60 range=(-12.00,-2.49) mean=-11.88 p50=-12.00 p05=-12.00 p95=-12.00
  [diag] sat-dist hist bins=60 sat<0.05=0.0% mean=0.983 p10=0.982 p90=0.984
Iter 0000800: train nll 1.386, valid error 075.600%, best valid error 073.500%, avg grad norm   0.207, avg grad norm (post clip)   0.217, rho_Whh  0.95, Omega  0.00, alpha  0.000, steps in the past 0.000, valid nll 1.387
  [diag] log10|dL/dh_t| hist bins=60 range=(-12.00,-2.49) mean=-11.88 p50=-12.00 p05=-12.00 p95=-12.00
  [diag] sat-dist hist bins=60 sat<0.05=0.0% mean=0.984 p10=0.983 p90=0.985
Iter 0000820: train nll 1.387, valid error 075.600%, best valid error 073.500%, avg grad norm   0.140, avg grad norm (post clip)   0.151, rho_Whh  0.95, Omega  0.00, alpha  0.000, steps in the past 0.000, valid nll 1.386
  [diag] log10|dL/dh_t| hist bins=60 range=(-12.00,-2.49) mean=-11.88 p50=-12.00 p05=-12.00 p95=-12.00
  [diag] sat-dist hist bins=60 sat<0.05=0.0% mean=0.984 p10=0.983 p90=0.985
Iter 0000840: train nll 1.386, valid error 075.600%, best valid error 073.500%, avg grad norm   0.216, avg grad norm (post clip)   0.224, rho_Whh  0.95, Omega  0.00, alpha  0.000, steps in the past 0.000, valid nll 1.387
  [diag] log10|dL/dh_t| hist bins=60 range=(-12.00,-2.49) mean=-11.88 p50=-12.00 p05=-12.00 p95=-12.00
  [diag] sat-dist hist bins=60 sat<0.05=0.0% mean=0.984 p10=0.983 p90=0.985
Iter 0000860: train nll 1.387, valid error 075.600%, best valid error 073.500%, avg grad norm   0.186, avg grad norm (post clip)   0.198, rho_Whh  0.95, Omega  0.00, alpha  0.000, steps in the past 0.000, valid nll 1.387
  [diag] log10|dL/dh_t| hist bins=60 range=(-12.00,-2.48) mean=-11.88 p50=-12.00 p05=-12.00 p95=-12.00
  [diag] sat-dist hist bins=60 sat<0.05=0.0% mean=0.985 p10=0.984 p90=0.986
Iter 0000880: train nll 1.386, valid error 075.600%, best valid error 073.500%, avg grad norm   0.176, avg grad norm (post clip)   0.186, rho_Whh  0.95, Omega  0.00, alpha  0.000, steps in the past 0.000, valid nll 1.387
  [diag] log10|dL/dh_t| hist bins=60 range=(-12.00,-2.48) mean=-11.88 p50=-12.00 p05=-12.00 p95=-12.00
  [diag] sat-dist hist bins=60 sat<0.05=0.0% mean=0.985 p10=0.985 p90=0.986
Iter 0000900: train nll 1.387, valid error 075.600%, best valid error 073.500%, avg grad norm   0.188, avg grad norm (post clip)   0.197, rho_Whh  0.95, Omega  0.00, alpha  0.000, steps in the past 0.000, valid nll 1.387
  [diag] log10|dL/dh_t| hist bins=60 range=(-12.00,-2.48) mean=-11.88 p50=-12.00 p05=-12.00 p95=-12.00
  [diag] sat-dist hist bins=60 sat<0.05=0.0% mean=0.985 p10=0.984 p90=0.986
Iter 0000920: train nll 1.387, valid error 075.600%, best valid error 073.500%, avg grad norm   0.192, avg grad norm (post clip)   0.201, rho_Whh  0.95, Omega  0.00, alpha  0.000, steps in the past 0.000, valid nll 1.386
  [diag] log10|dL/dh_t| hist bins=60 range=(-12.00,-2.48) mean=-11.88 p50=-12.00 p05=-12.00 p95=-12.00
  [diag] sat-dist hist bins=60 sat<0.05=0.0% mean=0.985 p10=0.984 p90=0.986
Iter 0000940: train nll 1.385, valid error 075.600%, best valid error 073.500%, avg grad norm   0.193, avg grad norm (post clip)   0.203, rho_Whh  0.95, Omega  0.00, alpha  0.000, steps in the past 0.000, valid nll 1.386
  [diag] log10|dL/dh_t| hist bins=60 range=(-12.00,-2.48) mean=-11.88 p50=-12.00 p05=-12.00 p95=-12.00
  [diag] sat-dist hist bins=60 sat<0.05=0.0% mean=0.985 p10=0.984 p90=0.986
Iter 0000960: train nll 1.386, valid error 075.600%, best valid error 073.500%, avg grad norm   0.162, avg grad norm (post clip)   0.172, rho_Whh  0.95, Omega  0.00, alpha  0.000, steps in the past 0.000, valid nll 1.386
  [diag] log10|dL/dh_t| hist bins=60 range=(-12.00,-2.48) mean=-11.88 p50=-12.00 p05=-12.00 p95=-12.00
  [diag] sat-dist hist bins=60 sat<0.05=0.0% mean=0.985 p10=0.984 p90=0.985
Iter 0000980: train nll 1.385, valid error 075.600%, best valid error 073.500%, avg grad norm   0.199, avg grad norm (post clip)   0.208, rho_Whh  0.95, Omega  0.00, alpha  0.000, steps in the past 0.000, valid nll 1.387
  [diag] log10|dL/dh_t| hist bins=60 range=(-12.00,-2.48) mean=-11.88 p50=-12.00 p05=-12.00 p95=-12.00
  [diag] sat-dist hist bins=60 sat<0.05=0.0% mean=0.985 p10=0.984 p90=0.986
Iter 0001000: train nll 1.386, valid error 075.600%, best valid error 073.500%, avg grad norm   0.159, avg grad norm (post clip)   0.169, rho_Whh  0.95, Omega  0.00, alpha  0.000, steps in the past 0.000, valid nll 1.387
  [diag] log10|dL/dh_t| hist bins=60 range=(-12.00,-2.48) mean=-11.88 p50=-12.00 p05=-12.00 p95=-12.00
  [diag] sat-dist hist bins=60 sat<0.05=0.0% mean=0.983 p10=0.982 p90=0.984
Iter 0001020: train nll 1.388, valid error 075.600%, best valid error 073.500%, avg grad norm   0.195, avg grad norm (post clip)   0.204, rho_Whh  0.95, Omega  0.00, alpha  0.000, steps in the past 0.000, valid nll 1.387
  [diag] log10|dL/dh_t| hist bins=60 range=(-12.00,-2.48) mean=-11.88 p50=-12.00 p05=-12.00 p95=-12.00
  [diag] sat-dist hist bins=60 sat<0.05=0.0% mean=0.983 p10=0.982 p90=0.984
Iter 0001040: train nll 1.385, valid error 075.600%, best valid error 073.500%, avg grad norm   0.160, avg grad norm (post clip)   0.171, rho_Whh  0.95, Omega  0.00, alpha  0.000, steps in the past 0.000, valid nll 1.387
  [diag] log10|dL/dh_t| hist bins=60 range=(-12.00,-2.48) mean=-11.88 p50=-12.00 p05=-12.00 p95=-12.00
  [diag] sat-dist hist bins=60 sat<0.05=0.0% mean=0.982 p10=0.981 p90=0.983
Iter 0001060: train nll 1.385, valid error 075.600%, best valid error 073.500%, avg grad norm   0.185, avg grad norm (post clip)   0.194, rho_Whh  0.95, Omega  0.00, alpha  0.000, steps in the past 0.000, valid nll 1.387
  [diag] log10|dL/dh_t| hist bins=60 range=(-12.00,-2.48) mean=-11.88 p50=-12.00 p05=-12.00 p95=-12.00
  [diag] sat-dist hist bins=60 sat<0.05=0.0% mean=0.981 p10=0.980 p90=0.983
Iter 0001080: train nll 1.385, valid error 075.600%, best valid error 073.500%, avg grad norm   0.195, avg grad norm (post clip)   0.204, rho_Whh  0.95, Omega  0.00, alpha  0.000, steps in the past 0.000, valid nll 1.387
  [diag] log10|dL/dh_t| hist bins=60 range=(-12.00,-2.48) mean=-11.88 p50=-12.00 p05=-12.00 p95=-12.00
  [diag] sat-dist hist bins=60 sat<0.05=0.0% mean=0.979 p10=0.978 p90=0.982
Iter 0001100: train nll 1.386, valid error 075.600%, best valid error 073.500%, avg grad norm   0.173, avg grad norm (post clip)   0.183, rho_Whh  0.95, Omega  0.00, alpha  0.000, steps in the past 0.000, valid nll 1.387
  [diag] log10|dL/dh_t| hist bins=60 range=(-12.00,-2.48) mean=-11.88 p50=-12.00 p05=-12.00 p95=-12.00
  [diag] sat-dist hist bins=60 sat<0.05=0.0% mean=0.980 p10=0.979 p90=0.982
Iter 0001120: train nll 1.387, valid error 075.600%, best valid error 073.500%, avg grad norm   0.176, avg grad norm (post clip)   0.186, rho_Whh  0.95, Omega  0.00, alpha  0.000, steps in the past 0.000, valid nll 1.387
  [diag] log10|dL/dh_t| hist bins=60 range=(-12.00,-2.48) mean=-11.88 p50=-12.00 p05=-12.00 p95=-12.00
  [diag] sat-dist hist bins=60 sat<0.05=0.0% mean=0.980 p10=0.979 p90=0.983
Iter 0001140: train nll 1.387, valid error 075.600%, best valid error 073.500%, avg grad norm   0.180, avg grad norm (post clip)   0.189, rho_Whh  0.95, Omega  0.00, alpha  0.000, steps in the past 0.000, valid nll 1.387
  [diag] log10|dL/dh_t| hist bins=60 range=(-12.00,-2.48) mean=-11.88 p50=-12.00 p05=-12.00 p95=-12.00
  [diag] sat-dist hist bins=60 sat<0.05=0.0% mean=0.976 p10=0.975 p90=0.980
Iter 0001160: train nll 1.383, valid error 075.600%, best valid error 073.500%, avg grad norm   0.195, avg grad norm (post clip)   0.205, rho_Whh  0.95, Omega  0.00, alpha  0.000, steps in the past 0.000, valid nll 1.387
  [diag] log10|dL/dh_t| hist bins=60 range=(-12.00,-2.48) mean=-11.88 p50=-12.00 p05=-12.00 p95=-12.00
  [diag] sat-dist hist bins=60 sat<0.05=0.0% mean=0.978 p10=0.976 p90=0.981
Iter 0001180: train nll 1.387, valid error 075.600%, best valid error 073.500%, avg grad norm   0.176, avg grad norm (post clip)   0.187, rho_Whh  0.95, Omega  0.00, alpha  0.000, steps in the past 0.000, valid nll 1.387
  [diag] log10|dL/dh_t| hist bins=60 range=(-12.00,-2.48) mean=-11.88 p50=-12.00 p05=-12.00 p95=-12.00
  [diag] sat-dist hist bins=60 sat<0.05=0.0% mean=0.980 p10=0.978 p90=0.982
Iter 0001200: train nll 1.387, valid error 075.600%, best valid error 073.500%, avg grad norm   0.186, avg grad norm (post clip)   0.196, rho_Whh  0.95, Omega  0.00, alpha  0.000, steps in the past 0.000, valid nll 1.387
  [diag] log10|dL/dh_t| hist bins=60 range=(-12.00,-2.48) mean=-11.88 p50=-12.00 p05=-12.00 p95=-12.00
  [diag] sat-dist hist bins=60 sat<0.05=0.0% mean=0.978 p10=0.977 p90=0.981
Iter 0001220: train nll 1.384, valid error 075.600%, best valid error 073.500%, avg grad norm   0.175, avg grad norm (post clip)   0.185, rho_Whh  0.95, Omega  0.00, alpha  0.000, steps in the past 0.000, valid nll 1.387
  [diag] log10|dL/dh_t| hist bins=60 range=(-12.00,-2.48) mean=-11.88 p50=-12.00 p05=-12.00 p95=-12.00
  [diag] sat-dist hist bins=60 sat<0.05=0.0% mean=0.981 p10=0.980 p90=0.983
Iter 0001240: train nll 1.389, valid error 075.600%, best valid error 073.500%, avg grad norm   0.157, avg grad norm (post clip)   0.167, rho_Whh  0.95, Omega  0.00, alpha  0.000, steps in the past 0.000, valid nll 1.387
  [diag] log10|dL/dh_t| hist bins=60 range=(-12.00,-2.48) mean=-11.88 p50=-12.00 p05=-12.00 p95=-12.00
  [diag] sat-dist hist bins=60 sat<0.05=0.0% mean=0.979 p10=0.977 p90=0.981
Iter 0001260: train nll 1.386, valid error 075.600%, best valid error 073.500%, avg grad norm   0.197, avg grad norm (post clip)   0.206, rho_Whh  0.95, Omega  0.00, alpha  0.000, steps in the past 0.000, valid nll 1.387
  [diag] log10|dL/dh_t| hist bins=60 range=(-12.00,-2.48) mean=-11.88 p50=-12.00 p05=-12.00 p95=-12.00
  [diag] sat-dist hist bins=60 sat<0.05=0.0% mean=0.983 p10=0.982 p90=0.985
Iter 0001280: train nll 1.388, valid error 075.600%, best valid error 073.500%, avg grad norm   0.195, avg grad norm (post clip)   0.205, rho_Whh  0.95, Omega  0.00, alpha  0.000, steps in the past 0.000, valid nll 1.387
  [diag] log10|dL/dh_t| hist bins=60 range=(-12.00,-2.48) mean=-11.88 p50=-12.00 p05=-12.00 p95=-12.00
  [diag] sat-dist hist bins=60 sat<0.05=0.0% mean=0.983 p10=0.982 p90=0.984
Iter 0001300: train nll 1.387, valid error 075.600%, best valid error 073.500%, avg grad norm   0.184, avg grad norm (post clip)   0.195, rho_Whh  0.95, Omega  0.00, alpha  0.000, steps in the past 0.000, valid nll 1.387
  [diag] log10|dL/dh_t| hist bins=60 range=(-12.00,-2.48) mean=-11.88 p50=-12.00 p05=-12.00 p95=-12.00
  [diag] sat-dist hist bins=60 sat<0.05=0.0% mean=0.983 p10=0.982 p90=0.984
Iter 0001320: train nll 1.386, valid error 075.600%, best valid error 073.500%, avg grad norm   0.200, avg grad norm (post clip)   0.210, rho_Whh  0.95, Omega  0.00, alpha  0.000, steps in the past 0.000, valid nll 1.387
  [diag] log10|dL/dh_t| hist bins=60 range=(-12.00,-2.48) mean=-11.88 p50=-12.00 p05=-12.00 p95=-12.00
  [diag] sat-dist hist bins=60 sat<0.05=0.0% mean=0.981 p10=0.980 p90=0.983
Iter 0001340: train nll 1.385, valid error 075.600%, best valid error 073.500%, avg grad norm   0.202, avg grad norm (post clip)   0.212, rho_Whh  0.95, Omega  0.00, alpha  0.000, steps in the past 0.000, valid nll 1.387
  [diag] log10|dL/dh_t| hist bins=60 range=(-12.00,-2.48) mean=-11.88 p50=-12.00 p05=-12.00 p95=-12.00
  [diag] sat-dist hist bins=60 sat<0.05=0.0% mean=0.980 p10=0.978 p90=0.982
Iter 0001360: train nll 1.385, valid error 075.600%, best valid error 073.500%, avg grad norm   0.215, avg grad norm (post clip)   0.225, rho_Whh  0.95, Omega  0.00, alpha  0.000, steps in the past 0.000, valid nll 1.387
  [diag] log10|dL/dh_t| hist bins=60 range=(-12.00,-2.48) mean=-11.88 p50=-12.00 p05=-12.00 p95=-12.00
  [diag] sat-dist hist bins=60 sat<0.05=0.0% mean=0.982 p10=0.981 p90=0.984
Iter 0001380: train nll 1.387, valid error 075.600%, best valid error 073.500%, avg grad norm   0.192, avg grad norm (post clip)   0.203, rho_Whh  0.95, Omega  0.00, alpha  0.000, steps in the past 0.000, valid nll 1.387
  [diag] log10|dL/dh_t| hist bins=60 range=(-12.00,-2.48) mean=-11.88 p50=-12.00 p05=-12.00 p95=-12.00
  [diag] sat-dist hist bins=60 sat<0.05=0.0% mean=0.983 p10=0.982 p90=0.985
Iter 0001400: train nll 1.387, valid error 075.600%, best valid error 073.500%, avg grad norm   0.194, avg grad norm (post clip)   0.204, rho_Whh  0.95, Omega  0.00, alpha  0.000, steps in the past 0.000, valid nll 1.387
  [diag] log10|dL/dh_t| hist bins=60 range=(-12.00,-2.48) mean=-11.88 p50=-12.00 p05=-12.00 p95=-12.00
  [diag] sat-dist hist bins=60 sat<0.05=0.0% mean=0.983 p10=0.982 p90=0.984
Iter 0001420: train nll 1.386, valid error 075.600%, best valid error 073.500%, avg grad norm   0.211, avg grad norm (post clip)   0.221, rho_Whh  0.95, Omega  0.00, alpha  0.000, steps in the past 0.000, valid nll 1.387
  [diag] log10|dL/dh_t| hist bins=60 range=(-12.00,-2.48) mean=-11.88 p50=-12.00 p05=-12.00 p95=-12.00
  [diag] sat-dist hist bins=60 sat<0.05=0.0% mean=0.984 p10=0.983 p90=0.985
Iter 0001440: train nll 1.387, valid error 075.600%, best valid error 073.500%, avg grad norm   0.182, avg grad norm (post clip)   0.193, rho_Whh  0.95, Omega  0.00, alpha  0.000, steps in the past 0.000, valid nll 1.387
  [diag] log10|dL/dh_t| hist bins=60 range=(-12.00,-2.48) mean=-11.88 p50=-12.00 p05=-12.00 p95=-12.00
  [diag] sat-dist hist bins=60 sat<0.05=0.0% mean=0.983 p10=0.982 p90=0.984
Iter 0001460: train nll 1.386, valid error 075.600%, best valid error 073.500%, avg grad norm   0.193, avg grad norm (post clip)   0.203, rho_Whh  0.95, Omega  0.00, alpha  0.000, steps in the past 0.000, valid nll 1.387
  [diag] log10|dL/dh_t| hist bins=60 range=(-12.00,-2.48) mean=-11.88 p50=-12.00 p05=-12.00 p95=-12.00
  [diag] sat-dist hist bins=60 sat<0.05=0.0% mean=0.983 p10=0.981 p90=0.984
Iter 0001480: train nll 1.387, valid error 075.600%, best valid error 073.500%, avg grad norm   0.176, avg grad norm (post clip)   0.186, rho_Whh  0.95, Omega  0.00, alpha  0.000, steps in the past 0.000, valid nll 1.387
  [diag] log10|dL/dh_t| hist bins=60 range=(-12.00,-2.48) mean=-11.88 p50=-12.00 p05=-12.00 p95=-12.00
  [diag] sat-dist hist bins=60 sat<0.05=0.0% mean=0.982 p10=0.980 p90=0.984
Iter 0001500: train nll 1.385, valid error 075.600%, best valid error 073.500%, avg grad norm   0.200, avg grad norm (post clip)   0.210, rho_Whh  0.95, Omega  0.00, alpha  0.000, steps in the past 0.000, valid nll 1.387
  [diag] log10|dL/dh_t| hist bins=60 range=(-12.00,-2.48) mean=-11.88 p50=-12.00 p05=-12.00 p95=-12.00
  [diag] sat-dist hist bins=60 sat<0.05=0.0% mean=0.983 p10=0.982 p90=0.985
Iter 0001520: train nll 1.387, valid error 075.600%, best valid error 073.500%, avg grad norm   0.203, avg grad norm (post clip)   0.213, rho_Whh  0.95, Omega  0.00, alpha  0.000, steps in the past 0.000, valid nll 1.387
  [diag] log10|dL/dh_t| hist bins=60 range=(-12.00,-2.48) mean=-11.88 p50=-12.00 p05=-12.00 p95=-12.00
  [diag] sat-dist hist bins=60 sat<0.05=0.0% mean=0.984 p10=0.983 p90=0.985
Iter 0001540: train nll 1.386, valid error 075.600%, best valid error 073.500%, avg grad norm   0.183, avg grad norm (post clip)   0.194, rho_Whh  0.95, Omega  0.00, alpha  0.000, steps in the past 0.000, valid nll 1.387
  [diag] log10|dL/dh_t| hist bins=60 range=(-12.00,-2.48) mean=-11.88 p50=-12.00 p05=-12.00 p95=-12.00
  [diag] sat-dist hist bins=60 sat<0.05=0.0% mean=0.985 p10=0.984 p90=0.986
Iter 0001560: train nll 1.386, valid error 075.600%, best valid error 073.500%, avg grad norm   0.182, avg grad norm (post clip)   0.191, rho_Whh  0.95, Omega  0.00, alpha  0.000, steps in the past 0.000, valid nll 1.387
  [diag] log10|dL/dh_t| hist bins=60 range=(-12.00,-2.48) mean=-11.88 p50=-12.00 p05=-12.00 p95=-12.00
  [diag] sat-dist hist bins=60 sat<0.05=0.0% mean=0.985 p10=0.984 p90=0.986
Iter 0001580: train nll 1.387, valid error 075.600%, best valid error 073.500%, avg grad norm   0.196, avg grad norm (post clip)   0.206, rho_Whh  0.95, Omega  0.00, alpha  0.000, steps in the past 0.000, valid nll 1.387
  [diag] log10|dL/dh_t| hist bins=60 range=(-12.00,-2.48) mean=-11.88 p50=-12.00 p05=-12.00 p95=-12.00
  [diag] sat-dist hist bins=60 sat<0.05=0.0% mean=0.984 p10=0.983 p90=0.986
Iter 0001600: train nll 1.386, valid error 075.600%, best valid error 073.500%, avg grad norm   0.201, avg grad norm (post clip)   0.211, rho_Whh  0.95, Omega  0.00, alpha  0.000, steps in the past 0.000, valid nll 1.387
  [diag] log10|dL/dh_t| hist bins=60 range=(-12.00,-2.48) mean=-11.88 p50=-12.00 p05=-12.00 p95=-12.00
  [diag] sat-dist hist bins=60 sat<0.05=0.0% mean=0.981 p10=0.979 p90=0.984
Iter 0001620: train nll 1.389, valid error 075.600%, best valid error 073.500%, avg grad norm   0.202, avg grad norm (post clip)   0.212, rho_Whh  0.95, Omega  0.00, alpha  0.000, steps in the past 0.000, valid nll 1.386
  [diag] log10|dL/dh_t| hist bins=60 range=(-12.00,-2.48) mean=-11.88 p50=-12.00 p05=-12.00 p95=-12.00
  [diag] sat-dist hist bins=60 sat<0.05=0.0% mean=0.980 p10=0.978 p90=0.984
Iter 0001640: train nll 1.388, valid error 075.600%, best valid error 073.500%, avg grad norm   0.225, avg grad norm (post clip)   0.235, rho_Whh  0.95, Omega  0.00, alpha  0.000, steps in the past 0.000, valid nll 1.386
  [diag] log10|dL/dh_t| hist bins=60 range=(-12.00,-2.48) mean=-11.88 p50=-12.00 p05=-12.00 p95=-12.00
  [diag] sat-dist hist bins=60 sat<0.05=0.0% mean=0.985 p10=0.984 p90=0.986
Iter 0001660: train nll 1.386, valid error 075.600%, best valid error 073.500%, avg grad norm   0.185, avg grad norm (post clip)   0.197, rho_Whh  0.95, Omega  0.00, alpha  0.000, steps in the past 0.000, valid nll 1.386
  [diag] log10|dL/dh_t| hist bins=60 range=(-12.00,-2.48) mean=-11.88 p50=-12.00 p05=-12.00 p95=-12.00
  [diag] sat-dist hist bins=60 sat<0.05=0.0% mean=0.985 p10=0.984 p90=0.986
Iter 0001680: train nll 1.385, valid error 075.600%, best valid error 073.500%, avg grad norm   0.169, avg grad norm (post clip)   0.179, rho_Whh  0.95, Omega  0.00, alpha  0.000, steps in the past 0.000, valid nll 1.386
  [diag] log10|dL/dh_t| hist bins=60 range=(-12.00,-2.48) mean=-11.88 p50=-12.00 p05=-12.00 p95=-12.00
  [diag] sat-dist hist bins=60 sat<0.05=0.0% mean=0.985 p10=0.984 p90=0.986
Iter 0001700: train nll 1.387, valid error 075.600%, best valid error 073.500%, avg grad norm   0.201, avg grad norm (post clip)   0.210, rho_Whh  0.95, Omega  0.00, alpha  0.000, steps in the past 0.000, valid nll 1.387
  [diag] log10|dL/dh_t| hist bins=60 range=(-12.00,-2.48) mean=-11.88 p50=-12.00 p05=-12.00 p95=-12.00
  [diag] sat-dist hist bins=60 sat<0.05=0.0% mean=0.985 p10=0.984 p90=0.986
Iter 0001720: train nll 1.386, valid error 075.600%, best valid error 073.500%, avg grad norm   0.182, avg grad norm (post clip)   0.192, rho_Whh  0.95, Omega  0.00, alpha  0.000, steps in the past 0.000, valid nll 1.387
  [diag] log10|dL/dh_t| hist bins=60 range=(-12.00,-2.48) mean=-11.88 p50=-12.00 p05=-12.00 p95=-12.00
  [diag] sat-dist hist bins=60 sat<0.05=0.0% mean=0.985 p10=0.984 p90=0.986
Iter 0001740: train nll 1.387, valid error 075.600%, best valid error 073.500%, avg grad norm   0.166, avg grad norm (post clip)   0.175, rho_Whh  0.95, Omega  0.00, alpha  0.000, steps in the past 0.000, valid nll 1.387
  [diag] log10|dL/dh_t| hist bins=60 range=(-12.00,-2.48) mean=-11.88 p50=-12.00 p05=-12.00 p95=-12.00
  [diag] sat-dist hist bins=60 sat<0.05=0.0% mean=0.985 p10=0.984 p90=0.986
Iter 0001760: train nll 1.387, valid error 075.600%, best valid error 073.500%, avg grad norm   0.198, avg grad norm (post clip)   0.207, rho_Whh  0.95, Omega  0.00, alpha  0.000, steps in the past 0.000, valid nll 1.387
  [diag] log10|dL/dh_t| hist bins=60 range=(-12.00,-2.48) mean=-11.88 p50=-12.00 p05=-12.00 p95=-12.00
  [diag] sat-dist hist bins=60 sat<0.05=0.0% mean=0.983 p10=0.982 p90=0.984
Iter 0001780: train nll 1.385, valid error 075.600%, best valid error 073.500%, avg grad norm   0.196, avg grad norm (post clip)   0.206, rho_Whh  0.95, Omega  0.00, alpha  0.000, steps in the past 0.000, valid nll 1.387
  [diag] log10|dL/dh_t| hist bins=60 range=(-12.00,-2.48) mean=-11.88 p50=-12.00 p05=-12.00 p95=-12.00
  [diag] sat-dist hist bins=60 sat<0.05=0.0% mean=0.985 p10=0.984 p90=0.986
Iter 0001800: train nll 1.387, valid error 075.600%, best valid error 073.500%, avg grad norm   0.199, avg grad norm (post clip)   0.209, rho_Whh  0.95, Omega  0.00, alpha  0.000, steps in the past 0.000, valid nll 1.386
  [diag] log10|dL/dh_t| hist bins=60 range=(-12.00,-2.48) mean=-11.88 p50=-12.00 p05=-12.00 p95=-12.00
  [diag] sat-dist hist bins=60 sat<0.05=0.0% mean=0.985 p10=0.984 p90=0.986
Iter 0001820: train nll 1.385, valid error 075.600%, best valid error 073.500%, avg grad norm   0.216, avg grad norm (post clip)   0.226, rho_Whh  0.95, Omega  0.00, alpha  0.000, steps in the past 0.000, valid nll 1.386
  [diag] log10|dL/dh_t| hist bins=60 range=(-12.00,-2.48) mean=-11.88 p50=-12.00 p05=-12.00 p95=-12.00
  [diag] sat-dist hist bins=60 sat<0.05=0.0% mean=0.985 p10=0.984 p90=0.986
Iter 0001840: train nll 1.386, valid error 075.600%, best valid error 073.500%, avg grad norm   0.192, avg grad norm (post clip)   0.203, rho_Whh  0.95, Omega  0.00, alpha  0.000, steps in the past 0.000, valid nll 1.386
  [diag] log10|dL/dh_t| hist bins=60 range=(-12.00,-2.48) mean=-11.88 p50=-12.00 p05=-12.00 p95=-12.00
  [diag] sat-dist hist bins=60 sat<0.05=0.0% mean=0.984 p10=0.983 p90=0.986
Iter 0001860: train nll 1.384, valid error 075.600%, best valid error 073.500%, avg grad norm   0.223, avg grad norm (post clip)   0.233, rho_Whh  0.95, Omega  0.00, alpha  0.000, steps in the past 0.000, valid nll 1.386
  [diag] log10|dL/dh_t| hist bins=60 range=(-12.00,-2.48) mean=-11.88 p50=-12.00 p05=-12.00 p95=-12.00
  [diag] sat-dist hist bins=60 sat<0.05=0.0% mean=0.979 p10=0.976 p90=0.984
Iter 0001880: train nll 1.388, valid error 075.600%, best valid error 073.500%, avg grad norm   0.204, avg grad norm (post clip)   0.216, rho_Whh  0.95, Omega  0.00, alpha  0.000, steps in the past 0.000, valid nll 1.386
  [diag] log10|dL/dh_t| hist bins=60 range=(-12.00,-2.47) mean=-11.88 p50=-12.00 p05=-12.00 p95=-12.00
  [diag] sat-dist hist bins=60 sat<0.05=0.0% mean=0.981 p10=0.980 p90=0.985
Iter 0001900: train nll 1.386, valid error 075.600%, best valid error 073.500%, avg grad norm   0.213, avg grad norm (post clip)   0.224, rho_Whh  0.95, Omega  0.00, alpha  0.000, steps in the past 0.000, valid nll 1.386
  [diag] log10|dL/dh_t| hist bins=60 range=(-12.00,-2.47) mean=-11.88 p50=-12.00 p05=-12.00 p95=-12.00
  [diag] sat-dist hist bins=60 sat<0.05=0.0% mean=0.961 p10=0.956 p90=0.974
Iter 0001920: train nll 1.386, valid error 073.500%, best valid error 073.500%, avg grad norm   0.275, avg grad norm (post clip)   0.283, rho_Whh  0.95, Omega  0.00, alpha  0.000, steps in the past 0.000, valid nll 1.386
  [diag] log10|dL/dh_t| hist bins=60 range=(-12.00,-2.47) mean=-11.88 p50=-12.00 p05=-12.00 p95=-12.00
  [diag] sat-dist hist bins=60 sat<0.05=0.0% mean=0.958 p10=0.952 p90=0.972
Iter 0001940: train nll 1.386, valid error 073.500%, best valid error 073.500%, avg grad norm   0.203, avg grad norm (post clip)   0.217, rho_Whh  0.95, Omega  0.00, alpha  0.000, steps in the past 0.000, valid nll 1.386
  [diag] log10|dL/dh_t| hist bins=60 range=(-12.00,-2.47) mean=-11.88 p50=-12.00 p05=-12.00 p95=-12.00
  [diag] sat-dist hist bins=60 sat<0.05=0.0% mean=0.954 p10=0.948 p90=0.970
Iter 0001960: train nll 1.386, valid error 073.500%, best valid error 073.500%, avg grad norm   0.224, avg grad norm (post clip)   0.235, rho_Whh  0.95, Omega  0.00, alpha  0.000, steps in the past 0.000, valid nll 1.386
  [diag] log10|dL/dh_t| hist bins=60 range=(-12.00,-2.46) mean=-11.88 p50=-12.00 p05=-12.00 p95=-12.00
  [diag] sat-dist hist bins=60 sat<0.05=0.0% mean=0.945 p10=0.937 p90=0.965
Iter 0001980: train nll 1.385, valid error 073.500%, best valid error 073.500%, avg grad norm   0.218, avg grad norm (post clip)   0.229, rho_Whh  0.95, Omega  0.00, alpha  0.000, steps in the past 0.000, valid nll 1.386
  [diag] log10|dL/dh_t| hist bins=60 range=(-12.00,-2.46) mean=-11.88 p50=-12.00 p05=-12.00 p95=-12.00
  [diag] sat-dist hist bins=60 sat<0.05=0.0% mean=0.943 p10=0.935 p90=0.965
Iter 0002000: train nll 1.385, valid error 073.500%, best valid error 073.500%, avg grad norm   0.250, avg grad norm (post clip)   0.258, rho_Whh  0.95, Omega  0.00, alpha  0.000, steps in the past 0.000, valid nll 1.386
  [diag] log10|dL/dh_t| hist bins=60 range=(-12.00,-2.46) mean=-11.88 p50=-12.00 p05=-12.00 p95=-12.00
  [diag] sat-dist hist bins=60 sat<0.05=0.0% mean=0.927 p10=0.916 p90=0.956
Iter 0002020: train nll 1.384, valid error 073.750%, best valid error 073.500%, avg grad norm   0.233, avg grad norm (post clip)   0.245, rho_Whh  0.95, Omega  0.00, alpha  0.000, steps in the past 0.000, valid nll 1.386
  [diag] log10|dL/dh_t| hist bins=60 range=(-12.00,-2.46) mean=-11.88 p50=-12.00 p05=-12.00 p95=-12.00
  [diag] sat-dist hist bins=60 sat<0.05=0.0% mean=0.952 p10=0.945 p90=0.970
Iter 0002040: train nll 1.388, valid error 073.500%, best valid error 073.500%, avg grad norm   0.251, avg grad norm (post clip)   0.261, rho_Whh  0.95, Omega  0.00, alpha  0.000, steps in the past 0.000, valid nll 1.386
  [diag] log10|dL/dh_t| hist bins=60 range=(-12.00,-2.47) mean=-11.88 p50=-12.00 p05=-12.00 p95=-12.00
  [diag] sat-dist hist bins=60 sat<0.05=0.0% mean=0.964 p10=0.959 p90=0.977
Iter 0002060: train nll 1.388, valid error 073.500%, best valid error 073.500%, avg grad norm   0.237, avg grad norm (post clip)   0.249, rho_Whh  0.95, Omega  0.00, alpha  0.000, steps in the past 0.000, valid nll 1.386
  [diag] log10|dL/dh_t| hist bins=60 range=(-12.00,-2.47) mean=-11.88 p50=-12.00 p05=-12.00 p95=-12.00
  [diag] sat-dist hist bins=60 sat<0.05=0.0% mean=0.969 p10=0.965 p90=0.980
Iter 0002080: train nll 1.386, valid error 073.500%, best valid error 073.500%, avg grad norm   0.194, avg grad norm (post clip)   0.206, rho_Whh  0.95, Omega  0.00, alpha  0.000, steps in the past 0.000, valid nll 1.386
  [diag] log10|dL/dh_t| hist bins=60 range=(-12.00,-2.47) mean=-11.88 p50=-12.00 p05=-12.00 p95=-12.00
  [diag] sat-dist hist bins=60 sat<0.05=0.0% mean=0.970 p10=0.965 p90=0.980
Iter 0002100: train nll 1.386, valid error 073.500%, best valid error 073.500%, avg grad norm   0.231, avg grad norm (post clip)   0.241, rho_Whh  0.95, Omega  0.00, alpha  0.000, steps in the past 0.000, valid nll 1.386
  [diag] log10|dL/dh_t| hist bins=60 range=(-12.00,-2.46) mean=-11.88 p50=-12.00 p05=-12.00 p95=-12.00
  [diag] sat-dist hist bins=60 sat<0.05=0.0% mean=0.984 p10=0.983 p90=0.986
Iter 0002120: train nll 1.387, valid error 073.400%, best valid error 073.500%, avg grad norm   0.257, avg grad norm (post clip)   0.269, rho_Whh  0.95, Omega  0.00, alpha  0.000, steps in the past 0.000, valid nll 1.386
  [diag] log10|dL/dh_t| hist bins=60 range=(-12.00,-2.46) mean=-11.88 p50=-12.00 p05=-12.00 p95=-12.00
  [diag] sat-dist hist bins=60 sat<0.05=0.0% mean=0.985 p10=0.984 p90=0.986
Iter 0002140: train nll 1.385, valid error 075.050%, best valid error 073.400%, avg grad norm   0.240, avg grad norm (post clip)   0.253, rho_Whh  0.95, Omega  0.00, alpha  0.000, steps in the past 0.000, valid nll 1.386
  [diag] log10|dL/dh_t| hist bins=60 range=(-12.00,-2.46) mean=-11.88 p50=-12.00 p05=-12.00 p95=-12.00
  [diag] sat-dist hist bins=60 sat<0.05=0.0% mean=0.966 p10=0.960 p90=0.978
Iter 0002160: train nll 1.386, valid error 075.600%, best valid error 073.400%, avg grad norm   0.251, avg grad norm (post clip)   0.264, rho_Whh  0.95, Omega  0.00, alpha  0.000, steps in the past 0.000, valid nll 1.386
  [diag] log10|dL/dh_t| hist bins=60 range=(-12.00,-2.46) mean=-11.88 p50=-12.00 p05=-12.00 p95=-12.00
  [diag] sat-dist hist bins=60 sat<0.05=0.0% mean=0.975 p10=0.971 p90=0.982
Iter 0002180: train nll 1.387, valid error 075.600%, best valid error 073.400%, avg grad norm   0.233, avg grad norm (post clip)   0.246, rho_Whh  0.95, Omega  0.00, alpha  0.000, steps in the past 0.000, valid nll 1.386
  [diag] log10|dL/dh_t| hist bins=60 range=(-12.00,-2.46) mean=-11.88 p50=-12.00 p05=-12.00 p95=-12.00
  [diag] sat-dist hist bins=60 sat<0.05=0.0% mean=0.976 p10=0.972 p90=0.983
Iter 0002200: train nll 1.386, valid error 075.600%, best valid error 073.400%, avg grad norm   0.211, avg grad norm (post clip)   0.224, rho_Whh  0.95, Omega  0.00, alpha  0.000, steps in the past 0.000, valid nll 1.386
  [diag] log10|dL/dh_t| hist bins=60 range=(-12.00,-2.46) mean=-11.88 p50=-12.00 p05=-12.00 p95=-12.00
  [diag] sat-dist hist bins=60 sat<0.05=0.0% mean=0.960 p10=0.950 p90=0.978
Iter 0002220: train nll 1.386, valid error 075.600%, best valid error 073.400%, avg grad norm   0.259, avg grad norm (post clip)   0.270, rho_Whh  0.95, Omega  0.00, alpha  0.000, steps in the past 0.000, valid nll 1.386
  [diag] log10|dL/dh_t| hist bins=60 range=(-12.00,-2.45) mean=-11.88 p50=-12.00 p05=-12.00 p95=-12.00
  [diag] sat-dist hist bins=60 sat<0.05=0.0% mean=0.979 p10=0.977 p90=0.985
Iter 0002240: train nll 1.385, valid error 073.350%, best valid error 073.400%, avg grad norm   0.270, avg grad norm (post clip)   0.279, rho_Whh  0.96, Omega  0.00, alpha  0.000, steps in the past 0.000, valid nll 1.385
  [diag] log10|dL/dh_t| hist bins=60 range=(-12.00,-2.45) mean=-11.88 p50=-12.00 p05=-12.00 p95=-12.00
  [diag] sat-dist hist bins=60 sat<0.05=0.0% mean=0.977 p10=0.972 p90=0.985
Iter 0002260: train nll 1.386, valid error 075.600%, best valid error 073.350%, avg grad norm   0.333, avg grad norm (post clip)   0.322, rho_Whh  0.97, Omega  0.00, alpha  0.000, steps in the past 0.000, valid nll 1.385
  [diag] log10|dL/dh_t| hist bins=60 range=(-12.00,-2.44) mean=-11.88 p50=-12.00 p05=-12.00 p95=-12.00
  [diag] sat-dist hist bins=60 sat<0.05=0.0% mean=0.912 p10=0.880 p90=0.970
Iter 0002280: train nll 1.384, valid error 074.850%, best valid error 073.350%, avg grad norm   0.299, avg grad norm (post clip)   0.311, rho_Whh  0.99, Omega  0.00, alpha  0.000, steps in the past 0.000, valid nll 1.385
  [diag] log10|dL/dh_t| hist bins=60 range=(-12.00,-2.44) mean=-11.88 p50=-12.00 p05=-12.00 p95=-12.00
  [diag] sat-dist hist bins=60 sat<0.05=0.0% mean=0.933 p10=0.898 p90=0.980
Iter 0002300: train nll 1.384, valid error 074.850%, best valid error 073.350%, avg grad norm   0.533, avg grad norm (post clip)   0.428, rho_Whh  1.00, Omega  0.00, alpha  0.000, steps in the past 0.000, valid nll 1.384
  [diag] log10|dL/dh_t| hist bins=60 range=(-12.00,-2.43) mean=-11.88 p50=-12.00 p05=-12.00 p95=-12.00
  [diag] sat-dist hist bins=60 sat<0.05=0.0% mean=0.953 p10=0.918 p90=0.985
Iter 0002320: train nll 1.383, valid error 065.350%, best valid error 073.350%, avg grad norm   0.761, avg grad norm (post clip)   0.445, rho_Whh  1.02, Omega  0.00, alpha  0.000, steps in the past 0.000, valid nll 1.380
  [diag] log10|dL/dh_t| hist bins=60 range=(-12.00,-2.43) mean=-11.88 p50=-12.00 p05=-12.00 p95=-12.00
  [diag] sat-dist hist bins=60 sat<0.05=0.0% mean=0.960 p10=0.923 p90=0.986
Iter 0002340: train nll 1.379, valid error 039.450%, best valid error 065.350%, avg grad norm   1.918, avg grad norm (post clip)   0.493, rho_Whh  1.04, Omega  0.00, alpha  0.000, steps in the past 0.000, valid nll 1.369
  [diag] log10|dL/dh_t| hist bins=60 range=(-12.00,-2.42) mean=-11.88 p50=-12.00 p05=-12.00 p95=-12.00
  [diag] sat-dist hist bins=60 sat<0.05=0.0% mean=0.920 p10=0.833 p90=0.986
Iter 0002360: train nll 1.375, valid error 051.800%, best valid error 039.450%, avg grad norm   2.118, avg grad norm (post clip)   0.525, rho_Whh  1.07, Omega  0.00, alpha  0.000, steps in the past 0.000, valid nll 1.352
  [diag] log10|dL/dh_t| hist bins=60 range=(-12.00,-2.42) mean=-11.88 p50=-12.00 p05=-12.00 p95=-12.00
  [diag] sat-dist hist bins=60 sat<0.05=0.0% mean=0.870 p10=0.769 p90=0.983
Iter 0002380: train nll 1.365, valid error 066.500%, best valid error 039.450%, avg grad norm   4.808, avg grad norm (post clip)   0.526, rho_Whh  1.08, Omega  0.00, alpha  0.000, steps in the past 0.000, valid nll 1.367
  [diag] log10|dL/dh_t| hist bins=60 range=(-12.00,-2.41) mean=-11.88 p50=-12.00 p05=-12.00 p95=-12.00
  [diag] sat-dist hist bins=60 sat<0.05=0.0% mean=0.850 p10=0.742 p90=0.984
Iter 0002400: train nll 1.348, valid error 059.950%, best valid error 039.450%, avg grad norm   6.762, avg grad norm (post clip)   0.513, rho_Whh  1.11, Omega  0.00, alpha  0.000, steps in the past 0.000, valid nll 1.343
  [diag] log10|dL/dh_t| hist bins=60 range=(-12.00,-2.41) mean=-11.88 p50=-12.00 p05=-12.00 p95=-12.00
  [diag] sat-dist hist bins=60 sat<0.05=0.0% mean=0.832 p10=0.700 p90=0.987
Iter 0002420: train nll 1.306, valid error 050.800%, best valid error 039.450%, avg grad norm  27.556, avg grad norm (post clip)   0.526, rho_Whh  1.14, Omega  0.00, alpha  0.000, steps in the past 0.000, valid nll 1.272
  [diag] log10|dL/dh_t| hist bins=60 range=(-12.00,-2.38) mean=-11.88 p50=-12.00 p05=-12.00 p95=-12.00
  [diag] sat-dist hist bins=60 sat<0.05=0.0% mean=0.782 p10=0.653 p90=0.987
Iter 0002440: train nll 1.237, valid error 050.450%, best valid error 039.450%, avg grad norm   3.443, avg grad norm (post clip)   0.523, rho_Whh  1.18, Omega  0.00, alpha  0.000, steps in the past 0.000, valid nll 1.193
  [diag] log10|dL/dh_t| hist bins=60 range=(-12.00,-2.37) mean=-11.88 p50=-12.00 p05=-12.00 p95=-12.00
  [diag] sat-dist hist bins=60 sat<0.05=0.0% mean=0.751 p10=0.622 p90=0.987
Iter 0002460: train nll 1.219, valid error 050.450%, best valid error 039.450%, avg grad norm   6.469, avg grad norm (post clip)   0.526, rho_Whh  1.20, Omega  0.00, alpha  0.000, steps in the past 0.000, valid nll 1.124
  [diag] log10|dL/dh_t| hist bins=60 range=(-12.00,-2.25) mean=-11.88 p50=-12.00 p05=-12.00 p95=-12.00
  [diag] sat-dist hist bins=60 sat<0.05=0.0% mean=0.719 p10=0.576 p90=0.987
Iter 0002480: train nll 1.109, valid error 051.450%, best valid error 039.450%, avg grad norm   2.080, avg grad norm (post clip)   0.526, rho_Whh  1.25, Omega  0.00, alpha  0.000, steps in the past 0.000, valid nll 1.051
  [diag] log10|dL/dh_t| hist bins=60 range=(-12.00,-2.30) mean=-11.88 p50=-12.00 p05=-12.00 p95=-12.00
  [diag] sat-dist hist bins=60 sat<0.05=0.0% mean=0.680 p10=0.543 p90=0.987
Iter 0002500: train nll 1.028, valid error 050.450%, best valid error 039.450%, avg grad norm   1.442, avg grad norm (post clip)   0.526, rho_Whh  1.28, Omega  0.00, alpha  0.000, steps in the past 0.000, valid nll 0.958
  [diag] log10|dL/dh_t| hist bins=60 range=(-12.00,-2.25) mean=-11.88 p50=-12.00 p05=-12.00 p95=-12.00
  [diag] sat-dist hist bins=60 sat<0.05=0.0% mean=0.656 p10=0.509 p90=0.987
Iter 0002520: train nll 0.941, valid error 050.550%, best valid error 039.450%, avg grad norm   1.006, avg grad norm (post clip)   0.517, rho_Whh  1.32, Omega  0.00, alpha  0.000, steps in the past 0.000, valid nll 0.890
  [diag] log10|dL/dh_t| hist bins=60 range=(-12.00,-2.18) mean=-11.88 p50=-12.00 p05=-12.00 p95=-12.00
  [diag] sat-dist hist bins=60 sat<0.05=0.0% mean=0.632 p10=0.479 p90=0.986
Iter 0002540: train nll 0.888, valid error 051.550%, best valid error 039.450%, avg grad norm   0.875, avg grad norm (post clip)   0.525, rho_Whh  1.36, Omega  0.00, alpha  0.000, steps in the past 0.000, valid nll 0.868
  [diag] log10|dL/dh_t| hist bins=60 range=(-12.00,-1.97) mean=-11.87 p50=-12.00 p05=-12.00 p95=-12.00
  [diag] sat-dist hist bins=60 sat<0.05=0.0% mean=0.596 p10=0.458 p90=0.985
Iter 0002560: train nll 0.842, valid error 052.150%, best valid error 039.450%, avg grad norm   0.938, avg grad norm (post clip)   0.526, rho_Whh  1.38, Omega  0.00, alpha  0.000, steps in the past 0.000, valid nll 0.962
  [diag] log10|dL/dh_t| hist bins=60 range=(-12.00,-2.16) mean=-11.88 p50=-12.00 p05=-12.00 p95=-12.00
  [diag] sat-dist hist bins=60 sat<0.05=0.0% mean=0.594 p10=0.443 p90=0.987
Iter 0002580: train nll 0.862, valid error 049.500%, best valid error 039.450%, avg grad norm   0.898, avg grad norm (post clip)   0.526, rho_Whh  1.40, Omega  0.00, alpha  0.000, steps in the past 0.000, valid nll 0.829
  [diag] log10|dL/dh_t| hist bins=60 range=(-12.00,-1.97) mean=-11.87 p50=-12.00 p05=-12.00 p95=-12.00
  [diag] sat-dist hist bins=60 sat<0.05=0.0% mean=0.582 p10=0.429 p90=0.986
Iter 0002600: train nll 0.829, valid error 050.350%, best valid error 039.450%, avg grad norm   0.673, avg grad norm (post clip)   0.496, rho_Whh  1.42, Omega  0.00, alpha  0.000, steps in the past 0.000, valid nll 0.854
  [diag] log10|dL/dh_t| hist bins=60 range=(-12.00,-1.92) mean=-11.87 p50=-12.00 p05=-12.00 p95=-12.00
  [diag] sat-dist hist bins=60 sat<0.05=0.0% mean=0.577 p10=0.425 p90=0.986
Iter 0002620: train nll 0.896, valid error 050.450%, best valid error 039.450%, avg grad norm   0.855, avg grad norm (post clip)   0.498, rho_Whh  1.42, Omega  0.00, alpha  0.000, steps in the past 0.000, valid nll 0.854
  [diag] log10|dL/dh_t| hist bins=60 range=(-12.00,-2.14) mean=-11.88 p50=-12.00 p05=-12.00 p95=-12.00
  [diag] sat-dist hist bins=60 sat<0.05=0.0% mean=0.574 p10=0.419 p90=0.986
Iter 0002640: train nll 0.902, valid error 049.850%, best valid error 039.450%, avg grad norm   0.850, avg grad norm (post clip)   0.499, rho_Whh  1.43, Omega  0.00, alpha  0.000, steps in the past 0.000, valid nll 0.826
  [diag] log10|dL/dh_t| hist bins=60 range=(-12.00,-2.00) mean=-11.88 p50=-12.00 p05=-12.00 p95=-12.00
  [diag] sat-dist hist bins=60 sat<0.05=0.0% mean=0.567 p10=0.413 p90=0.986
Iter 0002660: train nll 0.860, valid error 052.550%, best valid error 039.450%, avg grad norm   0.734, avg grad norm (post clip)   0.503, rho_Whh  1.44, Omega  0.00, alpha  0.000, steps in the past 0.000, valid nll 0.857
  [diag] log10|dL/dh_t| hist bins=60 range=(-12.00,-1.93) mean=-11.87 p50=-12.00 p05=-12.00 p95=-12.00
  [diag] sat-dist hist bins=60 sat<0.05=0.0% mean=0.558 p10=0.408 p90=0.986
Iter 0002680: train nll 0.857, valid error 051.200%, best valid error 039.450%, avg grad norm   0.877, avg grad norm (post clip)   0.508, rho_Whh  1.44, Omega  0.00, alpha  0.000, steps in the past 0.000, valid nll 0.860
  [diag] log10|dL/dh_t| hist bins=60 range=(-12.00,-1.93) mean=-11.87 p50=-12.00 p05=-12.00 p95=-12.00
  [diag] sat-dist hist bins=60 sat<0.05=0.0% mean=0.557 p10=0.406 p90=0.986
Iter 0002700: train nll 0.886, valid error 050.600%, best valid error 039.450%, avg grad norm   0.867, avg grad norm (post clip)   0.515, rho_Whh  1.45, Omega  0.00, alpha  0.000, steps in the past 0.000, valid nll 0.861
  [diag] log10|dL/dh_t| hist bins=60 range=(-12.00,-1.83) mean=-11.87 p50=-12.00 p05=-12.00 p95=-12.00
  [diag] sat-dist hist bins=60 sat<0.05=0.0% mean=0.551 p10=0.402 p90=0.986
Iter 0002720: train nll 0.863, valid error 050.950%, best valid error 039.450%, avg grad norm   0.792, avg grad norm (post clip)   0.493, rho_Whh  1.45, Omega  0.00, alpha  0.000, steps in the past 0.000, valid nll 0.884
  [diag] log10|dL/dh_t| hist bins=60 range=(-12.00,-1.79) mean=-11.87 p50=-12.00 p05=-12.00 p95=-12.00
  [diag] sat-dist hist bins=60 sat<0.05=0.0% mean=0.530 p10=0.403 p90=0.982
Iter 0002740: train nll 0.963, valid error 058.800%, best valid error 039.450%, avg grad norm   0.840, avg grad norm (post clip)   0.494, rho_Whh  1.45, Omega  0.00, alpha  0.000, steps in the past 0.000, valid nll 1.325
  [diag] log10|dL/dh_t| hist bins=60 range=(-12.00,-1.93) mean=-11.87 p50=-12.00 p05=-12.00 p95=-12.00
  [diag] sat-dist hist bins=60 sat<0.05=0.0% mean=0.559 p10=0.401 p90=0.986
Iter 0002760: train nll 0.916, valid error 050.150%, best valid error 039.450%, avg grad norm   0.807, avg grad norm (post clip)   0.508, rho_Whh  1.45, Omega  0.00, alpha  0.000, steps in the past 0.000, valid nll 0.844
  [diag] log10|dL/dh_t| hist bins=60 range=(-12.00,-1.87) mean=-11.87 p50=-12.00 p05=-12.00 p95=-12.00
  [diag] sat-dist hist bins=60 sat<0.05=0.0% mean=0.549 p10=0.399 p90=0.986
Iter 0002780: train nll 0.847, valid error 052.000%, best valid error 039.450%, avg grad norm   0.829, avg grad norm (post clip)   0.510, rho_Whh  1.46, Omega  0.00, alpha  0.000, steps in the past 0.000, valid nll 0.900
  [diag] log10|dL/dh_t| hist bins=60 range=(-12.00,-1.86) mean=-11.87 p50=-12.00 p05=-12.00 p95=-12.00
  [diag] sat-dist hist bins=60 sat<0.05=0.0% mean=0.548 p10=0.393 p90=0.986
Iter 0002800: train nll 0.810, valid error 051.400%, best valid error 039.450%, avg grad norm   0.748, avg grad norm (post clip)   0.485, rho_Whh  1.46, Omega  0.00, alpha  0.000, steps in the past 0.000, valid nll 0.861
  [diag] log10|dL/dh_t| hist bins=60 range=(-12.00,-1.81) mean=-11.87 p50=-12.00 p05=-12.00 p95=-12.00
  [diag] sat-dist hist bins=60 sat<0.05=0.0% mean=0.539 p10=0.391 p90=0.985
Iter 0002820: train nll 0.879, valid error 053.350%, best valid error 039.450%, avg grad norm   0.813, avg grad norm (post clip)   0.466, rho_Whh  1.47, Omega  0.00, alpha  0.000, steps in the past 0.000, valid nll 0.998
  [diag] log10|dL/dh_t| hist bins=60 range=(-12.00,-1.97) mean=-11.87 p50=-12.00 p05=-12.00 p95=-12.00
  [diag] sat-dist hist bins=60 sat<0.05=0.0% mean=0.539 p10=0.390 p90=0.986
Iter 0002840: train nll 0.911, valid error 051.850%, best valid error 039.450%, avg grad norm   0.810, avg grad norm (post clip)   0.498, rho_Whh  1.47, Omega  0.00, alpha  0.000, steps in the past 0.000, valid nll 0.890
  [diag] log10|dL/dh_t| hist bins=60 range=(-12.00,-1.96) mean=-11.87 p50=-12.00 p05=-12.00 p95=-12.00
  [diag] sat-dist hist bins=60 sat<0.05=0.0% mean=0.538 p10=0.389 p90=0.986
Iter 0002860: train nll 0.868, valid error 050.850%, best valid error 039.450%, avg grad norm   0.746, avg grad norm (post clip)   0.482, rho_Whh  1.47, Omega  0.00, alpha  0.000, steps in the past 0.000, valid nll 0.887
  [diag] log10|dL/dh_t| hist bins=60 range=(-12.00,-1.85) mean=-11.87 p50=-12.00 p05=-12.00 p95=-12.00
  [diag] sat-dist hist bins=60 sat<0.05=0.0% mean=0.537 p10=0.384 p90=0.986
Iter 0002880: train nll 0.782, valid error 051.750%, best valid error 039.450%, avg grad norm   0.771, avg grad norm (post clip)   0.477, rho_Whh  1.48, Omega  0.00, alpha  0.000, steps in the past 0.000, valid nll 0.893
  [diag] log10|dL/dh_t| hist bins=60 range=(-12.00,-1.84) mean=-11.87 p50=-12.00 p05=-12.00 p95=-12.00
  [diag] sat-dist hist bins=60 sat<0.05=0.0% mean=0.534 p10=0.383 p90=0.986
Iter 0002900: train nll 0.870, valid error 051.950%, best valid error 039.450%, avg grad norm   0.861, avg grad norm (post clip)   0.485, rho_Whh  1.48, Omega  0.00, alpha  0.000, steps in the past 0.000, valid nll 0.900
  [diag] log10|dL/dh_t| hist bins=60 range=(-12.00,-1.89) mean=-11.87 p50=-12.00 p05=-12.00 p95=-12.00
  [diag] sat-dist hist bins=60 sat<0.05=0.0% mean=0.543 p10=0.382 p90=0.986
Iter 0002920: train nll 0.921, valid error 051.900%, best valid error 039.450%, avg grad norm   0.808, avg grad norm (post clip)   0.471, rho_Whh  1.48, Omega  0.00, alpha  0.000, steps in the past 0.000, valid nll 0.908
  [diag] log10|dL/dh_t| hist bins=60 range=(-12.00,-1.89) mean=-11.87 p50=-12.00 p05=-12.00 p95=-12.00
  [diag] sat-dist hist bins=60 sat<0.05=0.0% mean=0.534 p10=0.382 p90=0.985
Iter 0002940: train nll 0.895, valid error 052.600%, best valid error 039.450%, avg grad norm   0.730, avg grad norm (post clip)   0.458, rho_Whh  1.48, Omega  0.00, alpha  0.000, steps in the past 0.000, valid nll 0.951
  [diag] log10|dL/dh_t| hist bins=60 range=(-12.00,-1.96) mean=-11.87 p50=-12.00 p05=-12.00 p95=-12.00
  [diag] sat-dist hist bins=60 sat<0.05=0.0% mean=0.538 p10=0.386 p90=0.986
Iter 0002960: train nll 0.948, valid error 054.050%, best valid error 039.450%, avg grad norm   0.780, avg grad norm (post clip)   0.480, rho_Whh  1.48, Omega  0.00, alpha  0.000, steps in the past 0.000, valid nll 0.916
  [diag] log10|dL/dh_t| hist bins=60 range=(-12.00,-1.96) mean=-11.87 p50=-12.00 p05=-12.00 p95=-12.00
  [diag] sat-dist hist bins=60 sat<0.05=0.0% mean=0.537 p10=0.384 p90=0.986
Iter 0002980: train nll 0.829, valid error 053.300%, best valid error 039.450%, avg grad norm   0.859, avg grad norm (post clip)   0.514, rho_Whh  1.48, Omega  0.00, alpha  0.000, steps in the past 0.000, valid nll 0.910
Done. solved=0 steps=2999 best_valid_error=39.4500%
=== DONE  EC_p2_smart_a0_cut05_lr001 ===
=== START EC_p3_basic_a0_cut02_lr001 ===
Starting to train (PyTorch).
  [diag] log10|dL/dh_t| hist bins=60 range=(-12.00,-1.48) mean=-11.87 p50=-12.00 p05=-12.00 p95=-12.00
  [diag] sat-dist hist bins=60 sat<0.05=0.0% mean=0.900 p10=0.895 p90=0.904
Iter 0000020: train nll 1.466, valid error 075.050%, best valid error 100.000%, avg grad norm   0.493, avg grad norm (post clip)   0.210, rho_Whh  0.76, Omega  0.00, alpha  0.000, steps in the past 0.000, valid nll 1.393
  [diag] log10|dL/dh_t| hist bins=60 range=(-12.00,-1.48) mean=-11.87 p50=-12.00 p05=-12.00 p95=-12.00
  [diag] sat-dist hist bins=60 sat<0.05=0.0% mean=0.900 p10=0.895 p90=0.904
Iter 0000040: train nll 1.394, valid error 075.400%, best valid error 075.050%, avg grad norm   0.437, avg grad norm (post clip)   0.211, rho_Whh  0.76, Omega  0.00, alpha  0.000, steps in the past 0.000, valid nll 1.393
  [diag] log10|dL/dh_t| hist bins=60 range=(-12.00,-1.48) mean=-11.87 p50=-12.00 p05=-12.00 p95=-12.00
  [diag] sat-dist hist bins=60 sat<0.05=0.0% mean=0.900 p10=0.895 p90=0.904
Iter 0000060: train nll 1.392, valid error 075.400%, best valid error 075.050%, avg grad norm   0.511, avg grad norm (post clip)   0.211, rho_Whh  0.76, Omega  0.00, alpha  0.000, steps in the past 0.000, valid nll 1.393
  [diag] log10|dL/dh_t| hist bins=60 range=(-12.00,-1.48) mean=-11.87 p50=-12.00 p05=-12.00 p95=-12.00
  [diag] sat-dist hist bins=60 sat<0.05=0.0% mean=0.900 p10=0.896 p90=0.905
Iter 0000080: train nll 1.398, valid error 075.400%, best valid error 075.050%, avg grad norm   0.438, avg grad norm (post clip)   0.211, rho_Whh  0.76, Omega  0.00, alpha  0.000, steps in the past 0.000, valid nll 1.393
  [diag] log10|dL/dh_t| hist bins=60 range=(-12.00,-1.48) mean=-11.87 p50=-12.00 p05=-12.00 p95=-12.00
  [diag] sat-dist hist bins=60 sat<0.05=0.0% mean=0.900 p10=0.896 p90=0.905
Iter 0000100: train nll 1.382, valid error 075.300%, best valid error 075.050%, avg grad norm   0.431, avg grad norm (post clip)   0.211, rho_Whh  0.76, Omega  0.00, alpha  0.000, steps in the past 0.000, valid nll 1.393
  [diag] log10|dL/dh_t| hist bins=60 range=(-12.00,-1.48) mean=-11.87 p50=-12.00 p05=-12.00 p95=-12.00
  [diag] sat-dist hist bins=60 sat<0.05=0.0% mean=0.900 p10=0.896 p90=0.905
Iter 0000120: train nll 1.385, valid error 075.200%, best valid error 075.050%, avg grad norm   0.489, avg grad norm (post clip)   0.211, rho_Whh  0.76, Omega  0.00, alpha  0.000, steps in the past 0.000, valid nll 1.393
  [diag] log10|dL/dh_t| hist bins=60 range=(-12.00,-1.48) mean=-11.87 p50=-12.00 p05=-12.00 p95=-12.00
  [diag] sat-dist hist bins=60 sat<0.05=0.0% mean=0.900 p10=0.896 p90=0.905
Iter 0000140: train nll 1.387, valid error 075.150%, best valid error 075.050%, avg grad norm   0.477, avg grad norm (post clip)   0.211, rho_Whh  0.76, Omega  0.00, alpha  0.000, steps in the past 0.000, valid nll 1.393
  [diag] log10|dL/dh_t| hist bins=60 range=(-12.00,-1.48) mean=-11.87 p50=-12.00 p05=-12.00 p95=-12.00
  [diag] sat-dist hist bins=60 sat<0.05=0.0% mean=0.900 p10=0.896 p90=0.905
Iter 0000160: train nll 1.394, valid error 075.300%, best valid error 075.050%, avg grad norm   0.454, avg grad norm (post clip)   0.211, rho_Whh  0.76, Omega  0.00, alpha  0.000, steps in the past 0.000, valid nll 1.393
  [diag] log10|dL/dh_t| hist bins=60 range=(-12.00,-1.48) mean=-11.87 p50=-12.00 p05=-12.00 p95=-12.00
  [diag] sat-dist hist bins=60 sat<0.05=0.0% mean=0.901 p10=0.896 p90=0.905
Iter 0000180: train nll 1.394, valid error 075.400%, best valid error 075.050%, avg grad norm   0.466, avg grad norm (post clip)   0.211, rho_Whh  0.76, Omega  0.00, alpha  0.000, steps in the past 0.000, valid nll 1.392
  [diag] log10|dL/dh_t| hist bins=60 range=(-12.00,-1.48) mean=-11.87 p50=-12.00 p05=-12.00 p95=-12.00
  [diag] sat-dist hist bins=60 sat<0.05=0.0% mean=0.901 p10=0.896 p90=0.905
Iter 0000200: train nll 1.388, valid error 075.100%, best valid error 075.050%, avg grad norm   0.436, avg grad norm (post clip)   0.211, rho_Whh  0.76, Omega  0.00, alpha  0.000, steps in the past 0.000, valid nll 1.392
  [diag] log10|dL/dh_t| hist bins=60 range=(-12.00,-1.48) mean=-11.87 p50=-12.00 p05=-12.00 p95=-12.00
  [diag] sat-dist hist bins=60 sat<0.05=0.0% mean=0.901 p10=0.896 p90=0.905
Iter 0000220: train nll 1.390, valid error 075.300%, best valid error 075.050%, avg grad norm   0.497, avg grad norm (post clip)   0.211, rho_Whh  0.76, Omega  0.00, alpha  0.000, steps in the past 0.000, valid nll 1.392
  [diag] log10|dL/dh_t| hist bins=60 range=(-12.00,-1.48) mean=-11.87 p50=-12.00 p05=-12.00 p95=-12.00
  [diag] sat-dist hist bins=60 sat<0.05=0.0% mean=0.901 p10=0.896 p90=0.905
Iter 0000240: train nll 1.386, valid error 075.250%, best valid error 075.050%, avg grad norm   0.415, avg grad norm (post clip)   0.211, rho_Whh  0.76, Omega  0.00, alpha  0.000, steps in the past 0.000, valid nll 1.392
  [diag] log10|dL/dh_t| hist bins=60 range=(-12.00,-1.48) mean=-11.87 p50=-12.00 p05=-12.00 p95=-12.00
  [diag] sat-dist hist bins=60 sat<0.05=0.0% mean=0.900 p10=0.896 p90=0.905
Iter 0000260: train nll 1.390, valid error 074.950%, best valid error 075.050%, avg grad norm   0.486, avg grad norm (post clip)   0.211, rho_Whh  0.76, Omega  0.00, alpha  0.000, steps in the past 0.000, valid nll 1.392
  [diag] log10|dL/dh_t| hist bins=60 range=(-12.00,-1.48) mean=-11.87 p50=-12.00 p05=-12.00 p95=-12.00
  [diag] sat-dist hist bins=60 sat<0.05=0.0% mean=0.901 p10=0.896 p90=0.905
Iter 0000280: train nll 1.390, valid error 075.400%, best valid error 074.950%, avg grad norm   0.433, avg grad norm (post clip)   0.211, rho_Whh  0.76, Omega  0.00, alpha  0.000, steps in the past 0.000, valid nll 1.392
  [diag] log10|dL/dh_t| hist bins=60 range=(-12.00,-1.48) mean=-11.87 p50=-12.00 p05=-12.00 p95=-12.00
  [diag] sat-dist hist bins=60 sat<0.05=0.0% mean=0.901 p10=0.896 p90=0.905
Iter 0000300: train nll 1.393, valid error 075.550%, best valid error 074.950%, avg grad norm   0.442, avg grad norm (post clip)   0.211, rho_Whh  0.76, Omega  0.00, alpha  0.000, steps in the past 0.000, valid nll 1.392
  [diag] log10|dL/dh_t| hist bins=60 range=(-12.00,-1.48) mean=-11.87 p50=-12.00 p05=-12.00 p95=-12.00
  [diag] sat-dist hist bins=60 sat<0.05=0.0% mean=0.901 p10=0.896 p90=0.905
Iter 0000320: train nll 1.390, valid error 075.850%, best valid error 074.950%, avg grad norm   0.424, avg grad norm (post clip)   0.211, rho_Whh  0.76, Omega  0.00, alpha  0.000, steps in the past 0.000, valid nll 1.392
  [diag] log10|dL/dh_t| hist bins=60 range=(-12.00,-1.48) mean=-11.87 p50=-12.00 p05=-12.00 p95=-12.00
  [diag] sat-dist hist bins=60 sat<0.05=0.0% mean=0.901 p10=0.896 p90=0.905
Iter 0000340: train nll 1.395, valid error 075.300%, best valid error 074.950%, avg grad norm   0.452, avg grad norm (post clip)   0.211, rho_Whh  0.76, Omega  0.00, alpha  0.000, steps in the past 0.000, valid nll 1.392
  [diag] log10|dL/dh_t| hist bins=60 range=(-12.00,-1.48) mean=-11.87 p50=-12.00 p05=-12.00 p95=-12.00
  [diag] sat-dist hist bins=60 sat<0.05=0.0% mean=0.901 p10=0.897 p90=0.906
Iter 0000360: train nll 1.397, valid error 075.550%, best valid error 074.950%, avg grad norm   0.436, avg grad norm (post clip)   0.211, rho_Whh  0.76, Omega  0.00, alpha  0.000, steps in the past 0.000, valid nll 1.392
  [diag] log10|dL/dh_t| hist bins=60 range=(-12.00,-1.48) mean=-11.87 p50=-12.00 p05=-12.00 p95=-12.00
  [diag] sat-dist hist bins=60 sat<0.05=0.0% mean=0.901 p10=0.897 p90=0.906
Iter 0000380: train nll 1.390, valid error 075.450%, best valid error 074.950%, avg grad norm   0.437, avg grad norm (post clip)   0.211, rho_Whh  0.76, Omega  0.00, alpha  0.000, steps in the past 0.000, valid nll 1.391
  [diag] log10|dL/dh_t| hist bins=60 range=(-12.00,-1.48) mean=-11.87 p50=-12.00 p05=-12.00 p95=-12.00
  [diag] sat-dist hist bins=60 sat<0.05=0.0% mean=0.902 p10=0.897 p90=0.906
Iter 0000400: train nll 1.385, valid error 075.300%, best valid error 074.950%, avg grad norm   0.450, avg grad norm (post clip)   0.211, rho_Whh  0.76, Omega  0.00, alpha  0.000, steps in the past 0.000, valid nll 1.391
  [diag] log10|dL/dh_t| hist bins=60 range=(-12.00,-1.48) mean=-11.87 p50=-12.00 p05=-12.00 p95=-12.00
  [diag] sat-dist hist bins=60 sat<0.05=0.0% mean=0.902 p10=0.897 p90=0.906
Iter 0000420: train nll 1.385, valid error 075.400%, best valid error 074.950%, avg grad norm   0.447, avg grad norm (post clip)   0.211, rho_Whh  0.76, Omega  0.00, alpha  0.000, steps in the past 0.000, valid nll 1.391
  [diag] log10|dL/dh_t| hist bins=60 range=(-12.00,-1.48) mean=-11.87 p50=-12.00 p05=-12.00 p95=-12.00
  [diag] sat-dist hist bins=60 sat<0.05=0.0% mean=0.902 p10=0.897 p90=0.906
Iter 0000440: train nll 1.397, valid error 075.500%, best valid error 074.950%, avg grad norm   0.419, avg grad norm (post clip)   0.211, rho_Whh  0.76, Omega  0.00, alpha  0.000, steps in the past 0.000, valid nll 1.391
  [diag] log10|dL/dh_t| hist bins=60 range=(-12.00,-1.48) mean=-11.87 p50=-12.00 p05=-12.00 p95=-12.00
  [diag] sat-dist hist bins=60 sat<0.05=0.0% mean=0.902 p10=0.897 p90=0.906
Iter 0000460: train nll 1.388, valid error 075.400%, best valid error 074.950%, avg grad norm   0.463, avg grad norm (post clip)   0.211, rho_Whh  0.76, Omega  0.00, alpha  0.000, steps in the past 0.000, valid nll 1.392
  [diag] log10|dL/dh_t| hist bins=60 range=(-12.00,-1.48) mean=-11.87 p50=-12.00 p05=-12.00 p95=-12.00
  [diag] sat-dist hist bins=60 sat<0.05=0.0% mean=0.902 p10=0.897 p90=0.906
Iter 0000480: train nll 1.392, valid error 075.400%, best valid error 074.950%, avg grad norm   0.425, avg grad norm (post clip)   0.211, rho_Whh  0.76, Omega  0.00, alpha  0.000, steps in the past 0.000, valid nll 1.391
  [diag] log10|dL/dh_t| hist bins=60 range=(-12.00,-1.48) mean=-11.87 p50=-12.00 p05=-12.00 p95=-12.00
  [diag] sat-dist hist bins=60 sat<0.05=0.0% mean=0.902 p10=0.897 p90=0.906
Iter 0000500: train nll 1.387, valid error 075.200%, best valid error 074.950%, avg grad norm   0.436, avg grad norm (post clip)   0.211, rho_Whh  0.76, Omega  0.00, alpha  0.000, steps in the past 0.000, valid nll 1.391
  [diag] log10|dL/dh_t| hist bins=60 range=(-12.00,-1.48) mean=-11.87 p50=-12.00 p05=-12.00 p95=-12.00
  [diag] sat-dist hist bins=60 sat<0.05=0.0% mean=0.902 p10=0.897 p90=0.906
Iter 0000520: train nll 1.387, valid error 075.300%, best valid error 074.950%, avg grad norm   0.439, avg grad norm (post clip)   0.211, rho_Whh  0.76, Omega  0.00, alpha  0.000, steps in the past 0.000, valid nll 1.391
  [diag] log10|dL/dh_t| hist bins=60 range=(-12.00,-1.48) mean=-11.87 p50=-12.00 p05=-12.00 p95=-12.00
  [diag] sat-dist hist bins=60 sat<0.05=0.0% mean=0.902 p10=0.897 p90=0.906
Iter 0000540: train nll 1.389, valid error 075.150%, best valid error 074.950%, avg grad norm   0.452, avg grad norm (post clip)   0.211, rho_Whh  0.76, Omega  0.00, alpha  0.000, steps in the past 0.000, valid nll 1.391
  [diag] log10|dL/dh_t| hist bins=60 range=(-12.00,-1.48) mean=-11.87 p50=-12.00 p05=-12.00 p95=-12.00
  [diag] sat-dist hist bins=60 sat<0.05=0.0% mean=0.902 p10=0.897 p90=0.906
Iter 0000560: train nll 1.390, valid error 075.200%, best valid error 074.950%, avg grad norm   0.498, avg grad norm (post clip)   0.211, rho_Whh  0.76, Omega  0.00, alpha  0.000, steps in the past 0.000, valid nll 1.391
  [diag] log10|dL/dh_t| hist bins=60 range=(-12.00,-1.48) mean=-11.87 p50=-12.00 p05=-12.00 p95=-12.00
  [diag] sat-dist hist bins=60 sat<0.05=0.0% mean=0.902 p10=0.897 p90=0.906
Iter 0000580: train nll 1.390, valid error 075.250%, best valid error 074.950%, avg grad norm   0.444, avg grad norm (post clip)   0.211, rho_Whh  0.76, Omega  0.00, alpha  0.000, steps in the past 0.000, valid nll 1.391
  [diag] log10|dL/dh_t| hist bins=60 range=(-12.00,-1.48) mean=-11.87 p50=-12.00 p05=-12.00 p95=-12.00
  [diag] sat-dist hist bins=60 sat<0.05=0.0% mean=0.902 p10=0.898 p90=0.906
Iter 0000600: train nll 1.386, valid error 075.250%, best valid error 074.950%, avg grad norm   0.407, avg grad norm (post clip)   0.211, rho_Whh  0.76, Omega  0.00, alpha  0.000, steps in the past 0.000, valid nll 1.391
  [diag] log10|dL/dh_t| hist bins=60 range=(-12.00,-1.49) mean=-11.87 p50=-12.00 p05=-12.00 p95=-12.00
  [diag] sat-dist hist bins=60 sat<0.05=0.0% mean=0.902 p10=0.897 p90=0.906
Iter 0000620: train nll 1.377, valid error 075.150%, best valid error 074.950%, avg grad norm   0.458, avg grad norm (post clip)   0.211, rho_Whh  0.76, Omega  0.00, alpha  0.000, steps in the past 0.000, valid nll 1.391
  [diag] log10|dL/dh_t| hist bins=60 range=(-12.00,-1.49) mean=-11.87 p50=-12.00 p05=-12.00 p95=-12.00
  [diag] sat-dist hist bins=60 sat<0.05=0.0% mean=0.902 p10=0.898 p90=0.906
Iter 0000640: train nll 1.393, valid error 075.600%, best valid error 074.950%, avg grad norm   0.430, avg grad norm (post clip)   0.211, rho_Whh  0.76, Omega  0.00, alpha  0.000, steps in the past 0.000, valid nll 1.391
  [diag] log10|dL/dh_t| hist bins=60 range=(-12.00,-1.49) mean=-11.87 p50=-12.00 p05=-12.00 p95=-12.00
  [diag] sat-dist hist bins=60 sat<0.05=0.0% mean=0.902 p10=0.898 p90=0.906
Iter 0000660: train nll 1.385, valid error 075.350%, best valid error 074.950%, avg grad norm   0.453, avg grad norm (post clip)   0.211, rho_Whh  0.76, Omega  0.00, alpha  0.000, steps in the past 0.000, valid nll 1.391
  [diag] log10|dL/dh_t| hist bins=60 range=(-12.00,-1.49) mean=-11.87 p50=-12.00 p05=-12.00 p95=-12.00
  [diag] sat-dist hist bins=60 sat<0.05=0.0% mean=0.902 p10=0.898 p90=0.907
Iter 0000680: train nll 1.390, valid error 075.250%, best valid error 074.950%, avg grad norm   0.438, avg grad norm (post clip)   0.211, rho_Whh  0.76, Omega  0.00, alpha  0.000, steps in the past 0.000, valid nll 1.391
  [diag] log10|dL/dh_t| hist bins=60 range=(-12.00,-1.49) mean=-11.87 p50=-12.00 p05=-12.00 p95=-12.00
  [diag] sat-dist hist bins=60 sat<0.05=0.0% mean=0.902 p10=0.898 p90=0.907
Iter 0000700: train nll 1.392, valid error 075.650%, best valid error 074.950%, avg grad norm   0.437, avg grad norm (post clip)   0.211, rho_Whh  0.76, Omega  0.00, alpha  0.000, steps in the past 0.000, valid nll 1.391
  [diag] log10|dL/dh_t| hist bins=60 range=(-12.00,-1.49) mean=-11.87 p50=-12.00 p05=-12.00 p95=-12.00
  [diag] sat-dist hist bins=60 sat<0.05=0.0% mean=0.902 p10=0.898 p90=0.907
Iter 0000720: train nll 1.394, valid error 075.600%, best valid error 074.950%, avg grad norm   0.446, avg grad norm (post clip)   0.211, rho_Whh  0.76, Omega  0.00, alpha  0.000, steps in the past 0.000, valid nll 1.391
  [diag] log10|dL/dh_t| hist bins=60 range=(-12.00,-1.49) mean=-11.87 p50=-12.00 p05=-12.00 p95=-12.00
  [diag] sat-dist hist bins=60 sat<0.05=0.0% mean=0.903 p10=0.898 p90=0.907
Iter 0000740: train nll 1.386, valid error 075.150%, best valid error 074.950%, avg grad norm   0.452, avg grad norm (post clip)   0.211, rho_Whh  0.76, Omega  0.00, alpha  0.000, steps in the past 0.000, valid nll 1.391
  [diag] log10|dL/dh_t| hist bins=60 range=(-12.00,-1.49) mean=-11.87 p50=-12.00 p05=-12.00 p95=-12.00
  [diag] sat-dist hist bins=60 sat<0.05=0.0% mean=0.903 p10=0.898 p90=0.907
Iter 0000760: train nll 1.390, valid error 075.150%, best valid error 074.950%, avg grad norm   0.417, avg grad norm (post clip)   0.211, rho_Whh  0.76, Omega  0.00, alpha  0.000, steps in the past 0.000, valid nll 1.391
  [diag] log10|dL/dh_t| hist bins=60 range=(-12.00,-1.49) mean=-11.87 p50=-12.00 p05=-12.00 p95=-12.00
  [diag] sat-dist hist bins=60 sat<0.05=0.0% mean=0.903 p10=0.898 p90=0.907
Iter 0000780: train nll 1.385, valid error 075.000%, best valid error 074.950%, avg grad norm   0.428, avg grad norm (post clip)   0.211, rho_Whh  0.76, Omega  0.00, alpha  0.000, steps in the past 0.000, valid nll 1.391
  [diag] log10|dL/dh_t| hist bins=60 range=(-12.00,-1.49) mean=-11.87 p50=-12.00 p05=-12.00 p95=-12.00
  [diag] sat-dist hist bins=60 sat<0.05=0.0% mean=0.903 p10=0.898 p90=0.907
Iter 0000800: train nll 1.389, valid error 074.950%, best valid error 074.950%, avg grad norm   0.446, avg grad norm (post clip)   0.211, rho_Whh  0.76, Omega  0.00, alpha  0.000, steps in the past 0.000, valid nll 1.391
  [diag] log10|dL/dh_t| hist bins=60 range=(-12.00,-1.49) mean=-11.87 p50=-12.00 p05=-12.00 p95=-12.00
  [diag] sat-dist hist bins=60 sat<0.05=0.0% mean=0.903 p10=0.898 p90=0.907
Iter 0000820: train nll 1.391, valid error 074.750%, best valid error 074.950%, avg grad norm   0.414, avg grad norm (post clip)   0.211, rho_Whh  0.76, Omega  0.00, alpha  0.000, steps in the past 0.000, valid nll 1.391
  [diag] log10|dL/dh_t| hist bins=60 range=(-12.00,-1.49) mean=-11.87 p50=-12.00 p05=-12.00 p95=-12.00
  [diag] sat-dist hist bins=60 sat<0.05=0.0% mean=0.903 p10=0.898 p90=0.908
Iter 0000840: train nll 1.392, valid error 074.900%, best valid error 074.750%, avg grad norm   0.448, avg grad norm (post clip)   0.211, rho_Whh  0.76, Omega  0.00, alpha  0.000, steps in the past 0.000, valid nll 1.391
  [diag] log10|dL/dh_t| hist bins=60 range=(-12.00,-1.49) mean=-11.87 p50=-12.00 p05=-12.00 p95=-12.00
  [diag] sat-dist hist bins=60 sat<0.05=0.0% mean=0.903 p10=0.898 p90=0.908
Iter 0000860: train nll 1.387, valid error 074.950%, best valid error 074.750%, avg grad norm   0.446, avg grad norm (post clip)   0.211, rho_Whh  0.76, Omega  0.00, alpha  0.000, steps in the past 0.000, valid nll 1.391
  [diag] log10|dL/dh_t| hist bins=60 range=(-12.00,-1.49) mean=-11.87 p50=-12.00 p05=-12.00 p95=-12.00
  [diag] sat-dist hist bins=60 sat<0.05=0.0% mean=0.903 p10=0.898 p90=0.908
Iter 0000880: train nll 1.384, valid error 074.900%, best valid error 074.750%, avg grad norm   0.444, avg grad norm (post clip)   0.211, rho_Whh  0.76, Omega  0.00, alpha  0.000, steps in the past 0.000, valid nll 1.391
  [diag] log10|dL/dh_t| hist bins=60 range=(-12.00,-1.49) mean=-11.87 p50=-12.00 p05=-12.00 p95=-12.00
  [diag] sat-dist hist bins=60 sat<0.05=0.0% mean=0.903 p10=0.899 p90=0.907
Iter 0000900: train nll 1.392, valid error 075.300%, best valid error 074.750%, avg grad norm   0.454, avg grad norm (post clip)   0.211, rho_Whh  0.76, Omega  0.00, alpha  0.000, steps in the past 0.000, valid nll 1.390
  [diag] log10|dL/dh_t| hist bins=60 range=(-12.00,-1.49) mean=-11.87 p50=-12.00 p05=-12.00 p95=-12.00
  [diag] sat-dist hist bins=60 sat<0.05=0.0% mean=0.903 p10=0.898 p90=0.907
Iter 0000920: train nll 1.391, valid error 075.600%, best valid error 074.750%, avg grad norm   0.450, avg grad norm (post clip)   0.211, rho_Whh  0.76, Omega  0.00, alpha  0.000, steps in the past 0.000, valid nll 1.390
  [diag] log10|dL/dh_t| hist bins=60 range=(-12.00,-1.49) mean=-11.87 p50=-12.00 p05=-12.00 p95=-12.00
  [diag] sat-dist hist bins=60 sat<0.05=0.0% mean=0.903 p10=0.898 p90=0.908
Iter 0000940: train nll 1.393, valid error 075.050%, best valid error 074.750%, avg grad norm   0.446, avg grad norm (post clip)   0.211, rho_Whh  0.76, Omega  0.00, alpha  0.000, steps in the past 0.000, valid nll 1.390
  [diag] log10|dL/dh_t| hist bins=60 range=(-12.00,-1.49) mean=-11.87 p50=-12.00 p05=-12.00 p95=-12.00
  [diag] sat-dist hist bins=60 sat<0.05=0.0% mean=0.903 p10=0.899 p90=0.908
Iter 0000960: train nll 1.395, valid error 074.850%, best valid error 074.750%, avg grad norm   0.423, avg grad norm (post clip)   0.211, rho_Whh  0.76, Omega  0.00, alpha  0.000, steps in the past 0.000, valid nll 1.390
  [diag] log10|dL/dh_t| hist bins=60 range=(-12.00,-1.49) mean=-11.87 p50=-12.00 p05=-12.00 p95=-12.00
  [diag] sat-dist hist bins=60 sat<0.05=0.0% mean=0.903 p10=0.899 p90=0.908
Iter 0000980: train nll 1.392, valid error 074.900%, best valid error 074.750%, avg grad norm   0.450, avg grad norm (post clip)   0.211, rho_Whh  0.76, Omega  0.00, alpha  0.000, steps in the past 0.000, valid nll 1.390
  [diag] log10|dL/dh_t| hist bins=60 range=(-12.00,-1.49) mean=-11.87 p50=-12.00 p05=-12.00 p95=-12.00
  [diag] sat-dist hist bins=60 sat<0.05=0.0% mean=0.903 p10=0.899 p90=0.908
Iter 0001000: train nll 1.390, valid error 075.100%, best valid error 074.750%, avg grad norm   0.415, avg grad norm (post clip)   0.211, rho_Whh  0.76, Omega  0.00, alpha  0.000, steps in the past 0.000, valid nll 1.390
  [diag] log10|dL/dh_t| hist bins=60 range=(-12.00,-1.49) mean=-11.87 p50=-12.00 p05=-12.00 p95=-12.00
  [diag] sat-dist hist bins=60 sat<0.05=0.0% mean=0.904 p10=0.899 p90=0.908
Iter 0001020: train nll 1.390, valid error 074.950%, best valid error 074.750%, avg grad norm   0.430, avg grad norm (post clip)   0.211, rho_Whh  0.76, Omega  0.00, alpha  0.000, steps in the past 0.000, valid nll 1.390
  [diag] log10|dL/dh_t| hist bins=60 range=(-12.00,-1.49) mean=-11.87 p50=-12.00 p05=-12.00 p95=-12.00
  [diag] sat-dist hist bins=60 sat<0.05=0.0% mean=0.903 p10=0.899 p90=0.908
Iter 0001040: train nll 1.380, valid error 074.700%, best valid error 074.750%, avg grad norm   0.415, avg grad norm (post clip)   0.211, rho_Whh  0.76, Omega  0.00, alpha  0.000, steps in the past 0.000, valid nll 1.390
  [diag] log10|dL/dh_t| hist bins=60 range=(-12.00,-1.49) mean=-11.87 p50=-12.00 p05=-12.00 p95=-12.00
  [diag] sat-dist hist bins=60 sat<0.05=0.0% mean=0.903 p10=0.899 p90=0.908
Iter 0001060: train nll 1.386, valid error 074.800%, best valid error 074.700%, avg grad norm   0.443, avg grad norm (post clip)   0.211, rho_Whh  0.76, Omega  0.00, alpha  0.000, steps in the past 0.000, valid nll 1.390
  [diag] log10|dL/dh_t| hist bins=60 range=(-12.00,-1.49) mean=-11.87 p50=-12.00 p05=-12.00 p95=-12.00
  [diag] sat-dist hist bins=60 sat<0.05=0.0% mean=0.904 p10=0.899 p90=0.908
Iter 0001080: train nll 1.386, valid error 075.200%, best valid error 074.700%, avg grad norm   0.447, avg grad norm (post clip)   0.211, rho_Whh  0.76, Omega  0.00, alpha  0.000, steps in the past 0.000, valid nll 1.391
  [diag] log10|dL/dh_t| hist bins=60 range=(-12.00,-1.49) mean=-11.87 p50=-12.00 p05=-12.00 p95=-12.00
  [diag] sat-dist hist bins=60 sat<0.05=0.0% mean=0.904 p10=0.899 p90=0.908
Iter 0001100: train nll 1.385, valid error 075.100%, best valid error 074.700%, avg grad norm   0.382, avg grad norm (post clip)   0.211, rho_Whh  0.76, Omega  0.00, alpha  0.000, steps in the past 0.000, valid nll 1.391
  [diag] log10|dL/dh_t| hist bins=60 range=(-12.00,-1.49) mean=-11.87 p50=-12.00 p05=-12.00 p95=-12.00
  [diag] sat-dist hist bins=60 sat<0.05=0.0% mean=0.904 p10=0.899 p90=0.908
Iter 0001120: train nll 1.390, valid error 075.400%, best valid error 074.700%, avg grad norm   0.457, avg grad norm (post clip)   0.211, rho_Whh  0.76, Omega  0.00, alpha  0.000, steps in the past 0.000, valid nll 1.390
  [diag] log10|dL/dh_t| hist bins=60 range=(-12.00,-1.49) mean=-11.87 p50=-12.00 p05=-12.00 p95=-12.00
  [diag] sat-dist hist bins=60 sat<0.05=0.0% mean=0.904 p10=0.899 p90=0.909
Iter 0001140: train nll 1.391, valid error 075.750%, best valid error 074.700%, avg grad norm   0.425, avg grad norm (post clip)   0.211, rho_Whh  0.76, Omega  0.00, alpha  0.000, steps in the past 0.000, valid nll 1.390
  [diag] log10|dL/dh_t| hist bins=60 range=(-12.00,-1.49) mean=-11.87 p50=-12.00 p05=-12.00 p95=-12.00
  [diag] sat-dist hist bins=60 sat<0.05=0.0% mean=0.904 p10=0.899 p90=0.909
Iter 0001160: train nll 1.389, valid error 075.050%, best valid error 074.700%, avg grad norm   0.436, avg grad norm (post clip)   0.211, rho_Whh  0.76, Omega  0.00, alpha  0.000, steps in the past 0.000, valid nll 1.391
  [diag] log10|dL/dh_t| hist bins=60 range=(-12.00,-1.49) mean=-11.87 p50=-12.00 p05=-12.00 p95=-12.00
  [diag] sat-dist hist bins=60 sat<0.05=0.0% mean=0.904 p10=0.899 p90=0.909
Iter 0001180: train nll 1.390, valid error 075.450%, best valid error 074.700%, avg grad norm   0.429, avg grad norm (post clip)   0.211, rho_Whh  0.76, Omega  0.00, alpha  0.000, steps in the past 0.000, valid nll 1.391
  [diag] log10|dL/dh_t| hist bins=60 range=(-12.00,-1.49) mean=-11.87 p50=-12.00 p05=-12.00 p95=-12.00
  [diag] sat-dist hist bins=60 sat<0.05=0.0% mean=0.904 p10=0.899 p90=0.909
Iter 0001200: train nll 1.390, valid error 075.550%, best valid error 074.700%, avg grad norm   0.421, avg grad norm (post clip)   0.211, rho_Whh  0.76, Omega  0.00, alpha  0.000, steps in the past 0.000, valid nll 1.391
  [diag] log10|dL/dh_t| hist bins=60 range=(-12.00,-1.49) mean=-11.87 p50=-12.00 p05=-12.00 p95=-12.00
  [diag] sat-dist hist bins=60 sat<0.05=0.0% mean=0.904 p10=0.900 p90=0.909
Iter 0001220: train nll 1.387, valid error 075.300%, best valid error 074.700%, avg grad norm   0.378, avg grad norm (post clip)   0.211, rho_Whh  0.76, Omega  0.00, alpha  0.000, steps in the past 0.000, valid nll 1.391
  [diag] log10|dL/dh_t| hist bins=60 range=(-12.00,-1.49) mean=-11.87 p50=-12.00 p05=-12.00 p95=-12.00
  [diag] sat-dist hist bins=60 sat<0.05=0.0% mean=0.904 p10=0.899 p90=0.909
Iter 0001240: train nll 1.388, valid error 074.850%, best valid error 074.700%, avg grad norm   0.438, avg grad norm (post clip)   0.211, rho_Whh  0.76, Omega  0.00, alpha  0.000, steps in the past 0.000, valid nll 1.390
  [diag] log10|dL/dh_t| hist bins=60 range=(-12.00,-1.49) mean=-11.87 p50=-12.00 p05=-12.00 p95=-12.00
  [diag] sat-dist hist bins=60 sat<0.05=0.0% mean=0.904 p10=0.899 p90=0.909
Iter 0001260: train nll 1.389, valid error 074.800%, best valid error 074.700%, avg grad norm   0.430, avg grad norm (post clip)   0.211, rho_Whh  0.76, Omega  0.00, alpha  0.000, steps in the past 0.000, valid nll 1.390
  [diag] log10|dL/dh_t| hist bins=60 range=(-12.00,-1.49) mean=-11.87 p50=-12.00 p05=-12.00 p95=-12.00
  [diag] sat-dist hist bins=60 sat<0.05=0.0% mean=0.904 p10=0.899 p90=0.909
Iter 0001280: train nll 1.387, valid error 074.800%, best valid error 074.700%, avg grad norm   0.434, avg grad norm (post clip)   0.211, rho_Whh  0.76, Omega  0.00, alpha  0.000, steps in the past 0.000, valid nll 1.390
  [diag] log10|dL/dh_t| hist bins=60 range=(-12.00,-1.49) mean=-11.87 p50=-12.00 p05=-12.00 p95=-12.00
  [diag] sat-dist hist bins=60 sat<0.05=0.0% mean=0.904 p10=0.899 p90=0.909
Iter 0001300: train nll 1.390, valid error 075.150%, best valid error 074.700%, avg grad norm   0.417, avg grad norm (post clip)   0.211, rho_Whh  0.76, Omega  0.00, alpha  0.000, steps in the past 0.000, valid nll 1.390
  [diag] log10|dL/dh_t| hist bins=60 range=(-12.00,-1.49) mean=-11.87 p50=-12.00 p05=-12.00 p95=-12.00
  [diag] sat-dist hist bins=60 sat<0.05=0.0% mean=0.904 p10=0.899 p90=0.909
Iter 0001320: train nll 1.392, valid error 075.300%, best valid error 074.700%, avg grad norm   0.441, avg grad norm (post clip)   0.211, rho_Whh  0.76, Omega  0.00, alpha  0.000, steps in the past 0.000, valid nll 1.390
  [diag] log10|dL/dh_t| hist bins=60 range=(-12.00,-1.49) mean=-11.87 p50=-12.00 p05=-12.00 p95=-12.00
  [diag] sat-dist hist bins=60 sat<0.05=0.0% mean=0.904 p10=0.899 p90=0.909
Iter 0001340: train nll 1.385, valid error 075.600%, best valid error 074.700%, avg grad norm   0.471, avg grad norm (post clip)   0.211, rho_Whh  0.76, Omega  0.00, alpha  0.000, steps in the past 0.000, valid nll 1.390
  [diag] log10|dL/dh_t| hist bins=60 range=(-12.00,-1.49) mean=-11.87 p50=-12.00 p05=-12.00 p95=-12.00
  [diag] sat-dist hist bins=60 sat<0.05=0.0% mean=0.904 p10=0.899 p90=0.909
Iter 0001360: train nll 1.383, valid error 075.700%, best valid error 074.700%, avg grad norm   0.495, avg grad norm (post clip)   0.211, rho_Whh  0.76, Omega  0.00, alpha  0.000, steps in the past 0.000, valid nll 1.390
  [diag] log10|dL/dh_t| hist bins=60 range=(-12.00,-1.49) mean=-11.87 p50=-12.00 p05=-12.00 p95=-12.00
  [diag] sat-dist hist bins=60 sat<0.05=0.0% mean=0.904 p10=0.899 p90=0.909
Iter 0001380: train nll 1.386, valid error 075.500%, best valid error 074.700%, avg grad norm   0.415, avg grad norm (post clip)   0.211, rho_Whh  0.76, Omega  0.00, alpha  0.000, steps in the past 0.000, valid nll 1.390
  [diag] log10|dL/dh_t| hist bins=60 range=(-12.00,-1.49) mean=-11.87 p50=-12.00 p05=-12.00 p95=-12.00
  [diag] sat-dist hist bins=60 sat<0.05=0.0% mean=0.904 p10=0.899 p90=0.909
Iter 0001400: train nll 1.383, valid error 075.650%, best valid error 074.700%, avg grad norm   0.443, avg grad norm (post clip)   0.211, rho_Whh  0.76, Omega  0.00, alpha  0.000, steps in the past 0.000, valid nll 1.390
  [diag] log10|dL/dh_t| hist bins=60 range=(-12.00,-1.49) mean=-11.87 p50=-12.00 p05=-12.00 p95=-12.00
  [diag] sat-dist hist bins=60 sat<0.05=0.0% mean=0.904 p10=0.900 p90=0.909
Iter 0001420: train nll 1.392, valid error 075.850%, best valid error 074.700%, avg grad norm   0.467, avg grad norm (post clip)   0.211, rho_Whh  0.76, Omega  0.00, alpha  0.000, steps in the past 0.000, valid nll 1.390
  [diag] log10|dL/dh_t| hist bins=60 range=(-12.00,-1.49) mean=-11.87 p50=-12.00 p05=-12.00 p95=-12.00
  [diag] sat-dist hist bins=60 sat<0.05=0.0% mean=0.904 p10=0.899 p90=0.909
Iter 0001440: train nll 1.388, valid error 075.950%, best valid error 074.700%, avg grad norm   0.413, avg grad norm (post clip)   0.211, rho_Whh  0.76, Omega  0.00, alpha  0.000, steps in the past 0.000, valid nll 1.390
  [diag] log10|dL/dh_t| hist bins=60 range=(-12.00,-1.49) mean=-11.87 p50=-12.00 p05=-12.00 p95=-12.00
  [diag] sat-dist hist bins=60 sat<0.05=0.0% mean=0.904 p10=0.900 p90=0.909
Iter 0001460: train nll 1.387, valid error 075.700%, best valid error 074.700%, avg grad norm   0.442, avg grad norm (post clip)   0.211, rho_Whh  0.76, Omega  0.00, alpha  0.000, steps in the past 0.000, valid nll 1.390
  [diag] log10|dL/dh_t| hist bins=60 range=(-12.00,-1.49) mean=-11.87 p50=-12.00 p05=-12.00 p95=-12.00
  [diag] sat-dist hist bins=60 sat<0.05=0.0% mean=0.904 p10=0.899 p90=0.909
Iter 0001480: train nll 1.384, valid error 075.950%, best valid error 074.700%, avg grad norm   0.418, avg grad norm (post clip)   0.211, rho_Whh  0.76, Omega  0.00, alpha  0.000, steps in the past 0.000, valid nll 1.390
  [diag] log10|dL/dh_t| hist bins=60 range=(-12.00,-1.49) mean=-11.87 p50=-12.00 p05=-12.00 p95=-12.00
  [diag] sat-dist hist bins=60 sat<0.05=0.0% mean=0.904 p10=0.899 p90=0.909
Iter 0001500: train nll 1.384, valid error 075.750%, best valid error 074.700%, avg grad norm   0.439, avg grad norm (post clip)   0.211, rho_Whh  0.76, Omega  0.00, alpha  0.000, steps in the past 0.000, valid nll 1.390
  [diag] log10|dL/dh_t| hist bins=60 range=(-12.00,-1.49) mean=-11.87 p50=-12.00 p05=-12.00 p95=-12.00
  [diag] sat-dist hist bins=60 sat<0.05=0.0% mean=0.904 p10=0.900 p90=0.909
Iter 0001520: train nll 1.389, valid error 075.800%, best valid error 074.700%, avg grad norm   0.467, avg grad norm (post clip)   0.211, rho_Whh  0.76, Omega  0.00, alpha  0.000, steps in the past 0.000, valid nll 1.390
  [diag] log10|dL/dh_t| hist bins=60 range=(-12.00,-1.49) mean=-11.87 p50=-12.00 p05=-12.00 p95=-12.00
  [diag] sat-dist hist bins=60 sat<0.05=0.0% mean=0.904 p10=0.900 p90=0.909
Iter 0001540: train nll 1.388, valid error 075.950%, best valid error 074.700%, avg grad norm   0.440, avg grad norm (post clip)   0.211, rho_Whh  0.76, Omega  0.00, alpha  0.000, steps in the past 0.000, valid nll 1.390
  [diag] log10|dL/dh_t| hist bins=60 range=(-12.00,-1.49) mean=-11.87 p50=-12.00 p05=-12.00 p95=-12.00
  [diag] sat-dist hist bins=60 sat<0.05=0.0% mean=0.904 p10=0.900 p90=0.909
Iter 0001560: train nll 1.389, valid error 075.850%, best valid error 074.700%, avg grad norm   0.438, avg grad norm (post clip)   0.211, rho_Whh  0.75, Omega  0.00, alpha  0.000, steps in the past 0.000, valid nll 1.390
  [diag] log10|dL/dh_t| hist bins=60 range=(-12.00,-1.49) mean=-11.87 p50=-12.00 p05=-12.00 p95=-12.00
  [diag] sat-dist hist bins=60 sat<0.05=0.0% mean=0.904 p10=0.900 p90=0.909
Iter 0001580: train nll 1.389, valid error 075.400%, best valid error 074.700%, avg grad norm   0.463, avg grad norm (post clip)   0.211, rho_Whh  0.75, Omega  0.00, alpha  0.000, steps in the past 0.000, valid nll 1.390
  [diag] log10|dL/dh_t| hist bins=60 range=(-12.00,-1.49) mean=-11.87 p50=-12.00 p05=-12.00 p95=-12.00
  [diag] sat-dist hist bins=60 sat<0.05=0.0% mean=0.905 p10=0.900 p90=0.909
Iter 0001600: train nll 1.384, valid error 075.450%, best valid error 074.700%, avg grad norm   0.429, avg grad norm (post clip)   0.211, rho_Whh  0.76, Omega  0.00, alpha  0.000, steps in the past 0.000, valid nll 1.390
  [diag] log10|dL/dh_t| hist bins=60 range=(-12.00,-1.49) mean=-11.87 p50=-12.00 p05=-12.00 p95=-12.00
  [diag] sat-dist hist bins=60 sat<0.05=0.0% mean=0.904 p10=0.900 p90=0.909
Iter 0001620: train nll 1.388, valid error 075.400%, best valid error 074.700%, avg grad norm   0.474, avg grad norm (post clip)   0.211, rho_Whh  0.76, Omega  0.00, alpha  0.000, steps in the past 0.000, valid nll 1.389
  [diag] log10|dL/dh_t| hist bins=60 range=(-12.00,-1.49) mean=-11.87 p50=-12.00 p05=-12.00 p95=-12.00
  [diag] sat-dist hist bins=60 sat<0.05=0.0% mean=0.904 p10=0.900 p90=0.909
Iter 0001640: train nll 1.388, valid error 075.750%, best valid error 074.700%, avg grad norm   0.430, avg grad norm (post clip)   0.211, rho_Whh  0.76, Omega  0.00, alpha  0.000, steps in the past 0.000, valid nll 1.389
  [diag] log10|dL/dh_t| hist bins=60 range=(-12.00,-1.49) mean=-11.87 p50=-12.00 p05=-12.00 p95=-12.00
  [diag] sat-dist hist bins=60 sat<0.05=0.0% mean=0.904 p10=0.900 p90=0.909
Iter 0001660: train nll 1.386, valid error 075.250%, best valid error 074.700%, avg grad norm   0.414, avg grad norm (post clip)   0.211, rho_Whh  0.75, Omega  0.00, alpha  0.000, steps in the past 0.000, valid nll 1.389
  [diag] log10|dL/dh_t| hist bins=60 range=(-12.00,-1.49) mean=-11.87 p50=-12.00 p05=-12.00 p95=-12.00
  [diag] sat-dist hist bins=60 sat<0.05=0.0% mean=0.904 p10=0.900 p90=0.909
Iter 0001680: train nll 1.388, valid error 075.550%, best valid error 074.700%, avg grad norm   0.444, avg grad norm (post clip)   0.211, rho_Whh  0.76, Omega  0.00, alpha  0.000, steps in the past 0.000, valid nll 1.390
  [diag] log10|dL/dh_t| hist bins=60 range=(-12.00,-1.49) mean=-11.87 p50=-12.00 p05=-12.00 p95=-12.00
  [diag] sat-dist hist bins=60 sat<0.05=0.0% mean=0.904 p10=0.900 p90=0.909
Iter 0001700: train nll 1.388, valid error 075.600%, best valid error 074.700%, avg grad norm   0.435, avg grad norm (post clip)   0.211, rho_Whh  0.76, Omega  0.00, alpha  0.000, steps in the past 0.000, valid nll 1.390
  [diag] log10|dL/dh_t| hist bins=60 range=(-12.00,-1.49) mean=-11.87 p50=-12.00 p05=-12.00 p95=-12.00
  [diag] sat-dist hist bins=60 sat<0.05=0.0% mean=0.905 p10=0.900 p90=0.909
Iter 0001720: train nll 1.391, valid error 075.350%, best valid error 074.700%, avg grad norm   0.410, avg grad norm (post clip)   0.211, rho_Whh  0.76, Omega  0.00, alpha  0.000, steps in the past 0.000, valid nll 1.390
  [diag] log10|dL/dh_t| hist bins=60 range=(-12.00,-1.49) mean=-11.87 p50=-12.00 p05=-12.00 p95=-12.00
  [diag] sat-dist hist bins=60 sat<0.05=0.0% mean=0.905 p10=0.900 p90=0.909
Iter 0001740: train nll 1.389, valid error 075.700%, best valid error 074.700%, avg grad norm   0.399, avg grad norm (post clip)   0.211, rho_Whh  0.76, Omega  0.00, alpha  0.000, steps in the past 0.000, valid nll 1.390
  [diag] log10|dL/dh_t| hist bins=60 range=(-12.00,-1.49) mean=-11.87 p50=-12.00 p05=-12.00 p95=-12.00
  [diag] sat-dist hist bins=60 sat<0.05=0.0% mean=0.905 p10=0.900 p90=0.909
Iter 0001760: train nll 1.389, valid error 075.800%, best valid error 074.700%, avg grad norm   0.489, avg grad norm (post clip)   0.211, rho_Whh  0.76, Omega  0.00, alpha  0.000, steps in the past 0.000, valid nll 1.390
  [diag] log10|dL/dh_t| hist bins=60 range=(-12.00,-1.49) mean=-11.87 p50=-12.00 p05=-12.00 p95=-12.00
  [diag] sat-dist hist bins=60 sat<0.05=0.0% mean=0.904 p10=0.900 p90=0.909
Iter 0001780: train nll 1.386, valid error 075.900%, best valid error 074.700%, avg grad norm   0.440, avg grad norm (post clip)   0.211, rho_Whh  0.76, Omega  0.00, alpha  0.000, steps in the past 0.000, valid nll 1.389
  [diag] log10|dL/dh_t| hist bins=60 range=(-12.00,-1.49) mean=-11.87 p50=-12.00 p05=-12.00 p95=-12.00
  [diag] sat-dist hist bins=60 sat<0.05=0.0% mean=0.905 p10=0.900 p90=0.909
Iter 0001800: train nll 1.389, valid error 075.450%, best valid error 074.700%, avg grad norm   0.448, avg grad norm (post clip)   0.211, rho_Whh  0.76, Omega  0.00, alpha  0.000, steps in the past 0.000, valid nll 1.390
  [diag] log10|dL/dh_t| hist bins=60 range=(-12.00,-1.49) mean=-11.87 p50=-12.00 p05=-12.00 p95=-12.00
  [diag] sat-dist hist bins=60 sat<0.05=0.0% mean=0.905 p10=0.900 p90=0.909
Iter 0001820: train nll 1.382, valid error 075.050%, best valid error 074.700%, avg grad norm   0.453, avg grad norm (post clip)   0.211, rho_Whh  0.76, Omega  0.00, alpha  0.000, steps in the past 0.000, valid nll 1.389
  [diag] log10|dL/dh_t| hist bins=60 range=(-12.00,-1.49) mean=-11.87 p50=-12.00 p05=-12.00 p95=-12.00
  [diag] sat-dist hist bins=60 sat<0.05=0.0% mean=0.905 p10=0.900 p90=0.909
Iter 0001840: train nll 1.382, valid error 075.050%, best valid error 074.700%, avg grad norm   0.449, avg grad norm (post clip)   0.211, rho_Whh  0.75, Omega  0.00, alpha  0.000, steps in the past 0.000, valid nll 1.390
  [diag] log10|dL/dh_t| hist bins=60 range=(-12.00,-1.49) mean=-11.87 p50=-12.00 p05=-12.00 p95=-12.00
  [diag] sat-dist hist bins=60 sat<0.05=0.0% mean=0.904 p10=0.900 p90=0.909
Iter 0001860: train nll 1.389, valid error 075.150%, best valid error 074.700%, avg grad norm   0.474, avg grad norm (post clip)   0.211, rho_Whh  0.75, Omega  0.00, alpha  0.000, steps in the past 0.000, valid nll 1.389
  [diag] log10|dL/dh_t| hist bins=60 range=(-12.00,-1.49) mean=-11.87 p50=-12.00 p05=-12.00 p95=-12.00
  [diag] sat-dist hist bins=60 sat<0.05=0.0% mean=0.904 p10=0.900 p90=0.909
Iter 0001880: train nll 1.387, valid error 075.450%, best valid error 074.700%, avg grad norm   0.441, avg grad norm (post clip)   0.211, rho_Whh  0.75, Omega  0.00, alpha  0.000, steps in the past 0.000, valid nll 1.389
  [diag] log10|dL/dh_t| hist bins=60 range=(-12.00,-1.49) mean=-11.87 p50=-12.00 p05=-12.00 p95=-12.00
  [diag] sat-dist hist bins=60 sat<0.05=0.0% mean=0.904 p10=0.900 p90=0.909
Iter 0001900: train nll 1.383, valid error 075.250%, best valid error 074.700%, avg grad norm   0.497, avg grad norm (post clip)   0.211, rho_Whh  0.75, Omega  0.00, alpha  0.000, steps in the past 0.000, valid nll 1.389
  [diag] log10|dL/dh_t| hist bins=60 range=(-12.00,-1.49) mean=-11.87 p50=-12.00 p05=-12.00 p95=-12.00
  [diag] sat-dist hist bins=60 sat<0.05=0.0% mean=0.904 p10=0.900 p90=0.909
Iter 0001920: train nll 1.386, valid error 075.150%, best valid error 074.700%, avg grad norm   0.486, avg grad norm (post clip)   0.211, rho_Whh  0.75, Omega  0.00, alpha  0.000, steps in the past 0.000, valid nll 1.389
  [diag] log10|dL/dh_t| hist bins=60 range=(-12.00,-1.49) mean=-11.87 p50=-12.00 p05=-12.00 p95=-12.00
  [diag] sat-dist hist bins=60 sat<0.05=0.0% mean=0.904 p10=0.900 p90=0.909
Iter 0001940: train nll 1.386, valid error 075.200%, best valid error 074.700%, avg grad norm   0.438, avg grad norm (post clip)   0.211, rho_Whh  0.75, Omega  0.00, alpha  0.000, steps in the past 0.000, valid nll 1.389
  [diag] log10|dL/dh_t| hist bins=60 range=(-12.00,-1.49) mean=-11.87 p50=-12.00 p05=-12.00 p95=-12.00
  [diag] sat-dist hist bins=60 sat<0.05=0.0% mean=0.904 p10=0.900 p90=0.909
Iter 0001960: train nll 1.386, valid error 075.350%, best valid error 074.700%, avg grad norm   0.473, avg grad norm (post clip)   0.211, rho_Whh  0.76, Omega  0.00, alpha  0.000, steps in the past 0.000, valid nll 1.389
  [diag] log10|dL/dh_t| hist bins=60 range=(-12.00,-1.49) mean=-11.87 p50=-12.00 p05=-12.00 p95=-12.00
  [diag] sat-dist hist bins=60 sat<0.05=0.0% mean=0.904 p10=0.900 p90=0.909
Iter 0001980: train nll 1.388, valid error 075.000%, best valid error 074.700%, avg grad norm   0.419, avg grad norm (post clip)   0.211, rho_Whh  0.76, Omega  0.00, alpha  0.000, steps in the past 0.000, valid nll 1.388
  [diag] log10|dL/dh_t| hist bins=60 range=(-12.00,-1.49) mean=-11.87 p50=-12.00 p05=-12.00 p95=-12.00
  [diag] sat-dist hist bins=60 sat<0.05=0.0% mean=0.904 p10=0.900 p90=0.909
Iter 0002000: train nll 1.389, valid error 075.300%, best valid error 074.700%, avg grad norm   0.433, avg grad norm (post clip)   0.211, rho_Whh  0.75, Omega  0.00, alpha  0.000, steps in the past 0.000, valid nll 1.388
  [diag] log10|dL/dh_t| hist bins=60 range=(-12.00,-1.49) mean=-11.87 p50=-12.00 p05=-12.00 p95=-12.00
  [diag] sat-dist hist bins=60 sat<0.05=0.0% mean=0.904 p10=0.900 p90=0.909
Iter 0002020: train nll 1.386, valid error 075.650%, best valid error 074.700%, avg grad norm   0.402, avg grad norm (post clip)   0.211, rho_Whh  0.75, Omega  0.00, alpha  0.000, steps in the past 0.000, valid nll 1.388
  [diag] log10|dL/dh_t| hist bins=60 range=(-12.00,-1.49) mean=-11.87 p50=-12.00 p05=-12.00 p95=-12.00
  [diag] sat-dist hist bins=60 sat<0.05=0.0% mean=0.905 p10=0.900 p90=0.909
Iter 0002040: train nll 1.392, valid error 075.400%, best valid error 074.700%, avg grad norm   0.429, avg grad norm (post clip)   0.211, rho_Whh  0.75, Omega  0.00, alpha  0.000, steps in the past 0.000, valid nll 1.388
  [diag] log10|dL/dh_t| hist bins=60 range=(-12.00,-1.49) mean=-11.87 p50=-12.00 p05=-12.00 p95=-12.00
  [diag] sat-dist hist bins=60 sat<0.05=0.0% mean=0.905 p10=0.900 p90=0.909
Iter 0002060: train nll 1.388, valid error 075.800%, best valid error 074.700%, avg grad norm   0.442, avg grad norm (post clip)   0.211, rho_Whh  0.75, Omega  0.00, alpha  0.000, steps in the past 0.000, valid nll 1.388
  [diag] log10|dL/dh_t| hist bins=60 range=(-12.00,-1.49) mean=-11.87 p50=-12.00 p05=-12.00 p95=-12.00
  [diag] sat-dist hist bins=60 sat<0.05=0.0% mean=0.905 p10=0.900 p90=0.909
Iter 0002080: train nll 1.388, valid error 076.000%, best valid error 074.700%, avg grad norm   0.430, avg grad norm (post clip)   0.211, rho_Whh  0.75, Omega  0.00, alpha  0.000, steps in the past 0.000, valid nll 1.388
  [diag] log10|dL/dh_t| hist bins=60 range=(-12.00,-1.49) mean=-11.87 p50=-12.00 p05=-12.00 p95=-12.00
  [diag] sat-dist hist bins=60 sat<0.05=0.0% mean=0.905 p10=0.900 p90=0.909
Iter 0002100: train nll 1.388, valid error 075.100%, best valid error 074.700%, avg grad norm   0.429, avg grad norm (post clip)   0.211, rho_Whh  0.75, Omega  0.00, alpha  0.000, steps in the past 0.000, valid nll 1.388
  [diag] log10|dL/dh_t| hist bins=60 range=(-12.00,-1.49) mean=-11.87 p50=-12.00 p05=-12.00 p95=-12.00
  [diag] sat-dist hist bins=60 sat<0.05=0.0% mean=0.905 p10=0.900 p90=0.909
Iter 0002120: train nll 1.387, valid error 075.450%, best valid error 074.700%, avg grad norm   0.456, avg grad norm (post clip)   0.211, rho_Whh  0.75, Omega  0.00, alpha  0.000, steps in the past 0.000, valid nll 1.389
  [diag] log10|dL/dh_t| hist bins=60 range=(-12.00,-1.49) mean=-11.87 p50=-12.00 p05=-12.00 p95=-12.00
  [diag] sat-dist hist bins=60 sat<0.05=0.0% mean=0.905 p10=0.900 p90=0.909
Iter 0002140: train nll 1.386, valid error 075.350%, best valid error 074.700%, avg grad norm   0.441, avg grad norm (post clip)   0.211, rho_Whh  0.75, Omega  0.00, alpha  0.000, steps in the past 0.000, valid nll 1.389
  [diag] log10|dL/dh_t| hist bins=60 range=(-12.00,-1.49) mean=-11.87 p50=-12.00 p05=-12.00 p95=-12.00
  [diag] sat-dist hist bins=60 sat<0.05=0.0% mean=0.905 p10=0.900 p90=0.909
Iter 0002160: train nll 1.389, valid error 075.050%, best valid error 074.700%, avg grad norm   0.455, avg grad norm (post clip)   0.211, rho_Whh  0.75, Omega  0.00, alpha  0.000, steps in the past 0.000, valid nll 1.389
  [diag] log10|dL/dh_t| hist bins=60 range=(-12.00,-1.49) mean=-11.87 p50=-12.00 p05=-12.00 p95=-12.00
  [diag] sat-dist hist bins=60 sat<0.05=0.0% mean=0.905 p10=0.900 p90=0.910
Iter 0002180: train nll 1.391, valid error 075.350%, best valid error 074.700%, avg grad norm   0.414, avg grad norm (post clip)   0.211, rho_Whh  0.75, Omega  0.00, alpha  0.000, steps in the past 0.000, valid nll 1.389
  [diag] log10|dL/dh_t| hist bins=60 range=(-12.00,-1.49) mean=-11.87 p50=-12.00 p05=-12.00 p95=-12.00
  [diag] sat-dist hist bins=60 sat<0.05=0.0% mean=0.905 p10=0.900 p90=0.909
Iter 0002200: train nll 1.390, valid error 075.700%, best valid error 074.700%, avg grad norm   0.412, avg grad norm (post clip)   0.211, rho_Whh  0.75, Omega  0.00, alpha  0.000, steps in the past 0.000, valid nll 1.389
  [diag] log10|dL/dh_t| hist bins=60 range=(-12.00,-1.49) mean=-11.87 p50=-12.00 p05=-12.00 p95=-12.00
  [diag] sat-dist hist bins=60 sat<0.05=0.0% mean=0.905 p10=0.900 p90=0.909
Iter 0002220: train nll 1.384, valid error 075.600%, best valid error 074.700%, avg grad norm   0.427, avg grad norm (post clip)   0.211, rho_Whh  0.75, Omega  0.00, alpha  0.000, steps in the past 0.000, valid nll 1.389
  [diag] log10|dL/dh_t| hist bins=60 range=(-12.00,-1.49) mean=-11.87 p50=-12.00 p05=-12.00 p95=-12.00
  [diag] sat-dist hist bins=60 sat<0.05=0.0% mean=0.905 p10=0.900 p90=0.910
Iter 0002240: train nll 1.388, valid error 075.950%, best valid error 074.700%, avg grad norm   0.386, avg grad norm (post clip)   0.211, rho_Whh  0.75, Omega  0.00, alpha  0.000, steps in the past 0.000, valid nll 1.389
  [diag] log10|dL/dh_t| hist bins=60 range=(-12.00,-1.49) mean=-11.87 p50=-12.00 p05=-12.00 p95=-12.00
  [diag] sat-dist hist bins=60 sat<0.05=0.0% mean=0.905 p10=0.900 p90=0.910
Iter 0002260: train nll 1.385, valid error 075.600%, best valid error 074.700%, avg grad norm   0.449, avg grad norm (post clip)   0.211, rho_Whh  0.75, Omega  0.00, alpha  0.000, steps in the past 0.000, valid nll 1.389
  [diag] log10|dL/dh_t| hist bins=60 range=(-12.00,-1.49) mean=-11.87 p50=-12.00 p05=-12.00 p95=-12.00
  [diag] sat-dist hist bins=60 sat<0.05=0.0% mean=0.905 p10=0.900 p90=0.909
Iter 0002280: train nll 1.387, valid error 076.150%, best valid error 074.700%, avg grad norm   0.418, avg grad norm (post clip)   0.211, rho_Whh  0.75, Omega  0.00, alpha  0.000, steps in the past 0.000, valid nll 1.389
  [diag] log10|dL/dh_t| hist bins=60 range=(-12.00,-1.49) mean=-11.87 p50=-12.00 p05=-12.00 p95=-12.00
  [diag] sat-dist hist bins=60 sat<0.05=0.0% mean=0.905 p10=0.900 p90=0.909
Iter 0002300: train nll 1.383, valid error 075.750%, best valid error 074.700%, avg grad norm   0.448, avg grad norm (post clip)   0.211, rho_Whh  0.75, Omega  0.00, alpha  0.000, steps in the past 0.000, valid nll 1.389
  [diag] log10|dL/dh_t| hist bins=60 range=(-12.00,-1.49) mean=-11.87 p50=-12.00 p05=-12.00 p95=-12.00
  [diag] sat-dist hist bins=60 sat<0.05=0.0% mean=0.905 p10=0.900 p90=0.909
Iter 0002320: train nll 1.386, valid error 076.100%, best valid error 074.700%, avg grad norm   0.456, avg grad norm (post clip)   0.211, rho_Whh  0.75, Omega  0.00, alpha  0.000, steps in the past 0.000, valid nll 1.388
  [diag] log10|dL/dh_t| hist bins=60 range=(-12.00,-1.49) mean=-11.87 p50=-12.00 p05=-12.00 p95=-12.00
  [diag] sat-dist hist bins=60 sat<0.05=0.0% mean=0.905 p10=0.900 p90=0.909
Iter 0002340: train nll 1.389, valid error 076.300%, best valid error 074.700%, avg grad norm   0.453, avg grad norm (post clip)   0.211, rho_Whh  0.75, Omega  0.00, alpha  0.000, steps in the past 0.000, valid nll 1.388
  [diag] log10|dL/dh_t| hist bins=60 range=(-12.00,-1.49) mean=-11.87 p50=-12.00 p05=-12.00 p95=-12.00
  [diag] sat-dist hist bins=60 sat<0.05=0.0% mean=0.905 p10=0.900 p90=0.909
Iter 0002360: train nll 1.388, valid error 076.000%, best valid error 074.700%, avg grad norm   0.421, avg grad norm (post clip)   0.211, rho_Whh  0.75, Omega  0.00, alpha  0.000, steps in the past 0.000, valid nll 1.388
  [diag] log10|dL/dh_t| hist bins=60 range=(-12.00,-1.49) mean=-11.87 p50=-12.00 p05=-12.00 p95=-12.00
  [diag] sat-dist hist bins=60 sat<0.05=0.0% mean=0.905 p10=0.900 p90=0.909
Iter 0002380: train nll 1.391, valid error 075.800%, best valid error 074.700%, avg grad norm   0.416, avg grad norm (post clip)   0.211, rho_Whh  0.75, Omega  0.00, alpha  0.000, steps in the past 0.000, valid nll 1.389
  [diag] log10|dL/dh_t| hist bins=60 range=(-12.00,-1.49) mean=-11.87 p50=-12.00 p05=-12.00 p95=-12.00
  [diag] sat-dist hist bins=60 sat<0.05=0.0% mean=0.905 p10=0.900 p90=0.909
Iter 0002400: train nll 1.386, valid error 075.850%, best valid error 074.700%, avg grad norm   0.436, avg grad norm (post clip)   0.211, rho_Whh  0.75, Omega  0.00, alpha  0.000, steps in the past 0.000, valid nll 1.389
  [diag] log10|dL/dh_t| hist bins=60 range=(-12.00,-1.49) mean=-11.87 p50=-12.00 p05=-12.00 p95=-12.00
  [diag] sat-dist hist bins=60 sat<0.05=0.0% mean=0.905 p10=0.900 p90=0.910
Iter 0002420: train nll 1.391, valid error 075.350%, best valid error 074.700%, avg grad norm   0.446, avg grad norm (post clip)   0.211, rho_Whh  0.75, Omega  0.00, alpha  0.000, steps in the past 0.000, valid nll 1.389
  [diag] log10|dL/dh_t| hist bins=60 range=(-12.00,-1.49) mean=-11.87 p50=-12.00 p05=-12.00 p95=-12.00
  [diag] sat-dist hist bins=60 sat<0.05=0.0% mean=0.905 p10=0.900 p90=0.910
Iter 0002440: train nll 1.394, valid error 075.850%, best valid error 074.700%, avg grad norm   0.452, avg grad norm (post clip)   0.211, rho_Whh  0.75, Omega  0.00, alpha  0.000, steps in the past 0.000, valid nll 1.388
  [diag] log10|dL/dh_t| hist bins=60 range=(-12.00,-1.49) mean=-11.87 p50=-12.00 p05=-12.00 p95=-12.00
  [diag] sat-dist hist bins=60 sat<0.05=0.0% mean=0.905 p10=0.900 p90=0.909
Iter 0002460: train nll 1.390, valid error 075.350%, best valid error 074.700%, avg grad norm   0.443, avg grad norm (post clip)   0.211, rho_Whh  0.75, Omega  0.00, alpha  0.000, steps in the past 0.000, valid nll 1.388
  [diag] log10|dL/dh_t| hist bins=60 range=(-12.00,-1.49) mean=-11.87 p50=-12.00 p05=-12.00 p95=-12.00
  [diag] sat-dist hist bins=60 sat<0.05=0.0% mean=0.905 p10=0.900 p90=0.909
Iter 0002480: train nll 1.393, valid error 076.250%, best valid error 074.700%, avg grad norm   0.460, avg grad norm (post clip)   0.211, rho_Whh  0.75, Omega  0.00, alpha  0.000, steps in the past 0.000, valid nll 1.388
  [diag] log10|dL/dh_t| hist bins=60 range=(-12.00,-1.49) mean=-11.87 p50=-12.00 p05=-12.00 p95=-12.00
  [diag] sat-dist hist bins=60 sat<0.05=0.0% mean=0.905 p10=0.900 p90=0.909
Iter 0002500: train nll 1.389, valid error 075.550%, best valid error 074.700%, avg grad norm   0.435, avg grad norm (post clip)   0.211, rho_Whh  0.75, Omega  0.00, alpha  0.000, steps in the past 0.000, valid nll 1.388
  [diag] log10|dL/dh_t| hist bins=60 range=(-12.00,-1.49) mean=-11.87 p50=-12.00 p05=-12.00 p95=-12.00
  [diag] sat-dist hist bins=60 sat<0.05=0.0% mean=0.905 p10=0.900 p90=0.910
Iter 0002520: train nll 1.392, valid error 075.900%, best valid error 074.700%, avg grad norm   0.444, avg grad norm (post clip)   0.211, rho_Whh  0.75, Omega  0.00, alpha  0.000, steps in the past 0.000, valid nll 1.388
  [diag] log10|dL/dh_t| hist bins=60 range=(-12.00,-1.49) mean=-11.87 p50=-12.00 p05=-12.00 p95=-12.00
  [diag] sat-dist hist bins=60 sat<0.05=0.0% mean=0.906 p10=0.901 p90=0.910
Iter 0002540: train nll 1.388, valid error 075.900%, best valid error 074.700%, avg grad norm   0.379, avg grad norm (post clip)   0.211, rho_Whh  0.75, Omega  0.00, alpha  0.000, steps in the past 0.000, valid nll 1.388
  [diag] log10|dL/dh_t| hist bins=60 range=(-12.00,-1.49) mean=-11.87 p50=-12.00 p05=-12.00 p95=-12.00
  [diag] sat-dist hist bins=60 sat<0.05=0.0% mean=0.905 p10=0.900 p90=0.910
Iter 0002560: train nll 1.387, valid error 076.200%, best valid error 074.700%, avg grad norm   0.464, avg grad norm (post clip)   0.211, rho_Whh  0.75, Omega  0.00, alpha  0.000, steps in the past 0.000, valid nll 1.388
  [diag] log10|dL/dh_t| hist bins=60 range=(-12.00,-1.49) mean=-11.87 p50=-12.00 p05=-12.00 p95=-12.00
  [diag] sat-dist hist bins=60 sat<0.05=0.0% mean=0.905 p10=0.900 p90=0.910
Iter 0002580: train nll 1.389, valid error 075.750%, best valid error 074.700%, avg grad norm   0.442, avg grad norm (post clip)   0.211, rho_Whh  0.75, Omega  0.00, alpha  0.000, steps in the past 0.000, valid nll 1.388
  [diag] log10|dL/dh_t| hist bins=60 range=(-12.00,-1.49) mean=-11.87 p50=-12.00 p05=-12.00 p95=-12.00
  [diag] sat-dist hist bins=60 sat<0.05=0.0% mean=0.905 p10=0.900 p90=0.910
Iter 0002600: train nll 1.386, valid error 076.350%, best valid error 074.700%, avg grad norm   0.446, avg grad norm (post clip)   0.211, rho_Whh  0.75, Omega  0.00, alpha  0.000, steps in the past 0.000, valid nll 1.388
  [diag] log10|dL/dh_t| hist bins=60 range=(-12.00,-1.49) mean=-11.87 p50=-12.00 p05=-12.00 p95=-12.00
  [diag] sat-dist hist bins=60 sat<0.05=0.0% mean=0.905 p10=0.901 p90=0.910
Iter 0002620: train nll 1.388, valid error 076.750%, best valid error 074.700%, avg grad norm   0.433, avg grad norm (post clip)   0.211, rho_Whh  0.75, Omega  0.00, alpha  0.000, steps in the past 0.000, valid nll 1.388
  [diag] log10|dL/dh_t| hist bins=60 range=(-12.00,-1.49) mean=-11.87 p50=-12.00 p05=-12.00 p95=-12.00
  [diag] sat-dist hist bins=60 sat<0.05=0.0% mean=0.905 p10=0.900 p90=0.910
Iter 0002640: train nll 1.387, valid error 075.750%, best valid error 074.700%, avg grad norm   0.397, avg grad norm (post clip)   0.211, rho_Whh  0.75, Omega  0.00, alpha  0.000, steps in the past 0.000, valid nll 1.388
  [diag] log10|dL/dh_t| hist bins=60 range=(-12.00,-1.49) mean=-11.87 p50=-12.00 p05=-12.00 p95=-12.00
  [diag] sat-dist hist bins=60 sat<0.05=0.0% mean=0.905 p10=0.901 p90=0.910
Iter 0002660: train nll 1.390, valid error 075.200%, best valid error 074.700%, avg grad norm   0.417, avg grad norm (post clip)   0.211, rho_Whh  0.75, Omega  0.00, alpha  0.000, steps in the past 0.000, valid nll 1.388
  [diag] log10|dL/dh_t| hist bins=60 range=(-12.00,-1.49) mean=-11.87 p50=-12.00 p05=-12.00 p95=-12.00
  [diag] sat-dist hist bins=60 sat<0.05=0.0% mean=0.906 p10=0.901 p90=0.910
Iter 0002680: train nll 1.385, valid error 076.250%, best valid error 074.700%, avg grad norm   0.445, avg grad norm (post clip)   0.211, rho_Whh  0.75, Omega  0.00, alpha  0.000, steps in the past 0.000, valid nll 1.388
  [diag] log10|dL/dh_t| hist bins=60 range=(-12.00,-1.49) mean=-11.87 p50=-12.00 p05=-12.00 p95=-12.00
  [diag] sat-dist hist bins=60 sat<0.05=0.0% mean=0.906 p10=0.901 p90=0.910
Iter 0002700: train nll 1.387, valid error 075.800%, best valid error 074.700%, avg grad norm   0.401, avg grad norm (post clip)   0.211, rho_Whh  0.75, Omega  0.00, alpha  0.000, steps in the past 0.000, valid nll 1.388
  [diag] log10|dL/dh_t| hist bins=60 range=(-12.00,-1.49) mean=-11.87 p50=-12.00 p05=-12.00 p95=-12.00
  [diag] sat-dist hist bins=60 sat<0.05=0.0% mean=0.905 p10=0.901 p90=0.910
Iter 0002720: train nll 1.388, valid error 075.150%, best valid error 074.700%, avg grad norm   0.412, avg grad norm (post clip)   0.211, rho_Whh  0.75, Omega  0.00, alpha  0.000, steps in the past 0.000, valid nll 1.388
  [diag] log10|dL/dh_t| hist bins=60 range=(-12.00,-1.49) mean=-11.87 p50=-12.00 p05=-12.00 p95=-12.00
  [diag] sat-dist hist bins=60 sat<0.05=0.0% mean=0.905 p10=0.901 p90=0.910
Iter 0002740: train nll 1.385, valid error 075.450%, best valid error 074.700%, avg grad norm   0.400, avg grad norm (post clip)   0.211, rho_Whh  0.75, Omega  0.00, alpha  0.000, steps in the past 0.000, valid nll 1.388
  [diag] log10|dL/dh_t| hist bins=60 range=(-12.00,-1.49) mean=-11.87 p50=-12.00 p05=-12.00 p95=-12.00
  [diag] sat-dist hist bins=60 sat<0.05=0.0% mean=0.906 p10=0.901 p90=0.910
Iter 0002760: train nll 1.389, valid error 075.250%, best valid error 074.700%, avg grad norm   0.423, avg grad norm (post clip)   0.211, rho_Whh  0.75, Omega  0.00, alpha  0.000, steps in the past 0.000, valid nll 1.388
  [diag] log10|dL/dh_t| hist bins=60 range=(-12.00,-1.49) mean=-11.87 p50=-12.00 p05=-12.00 p95=-12.00
  [diag] sat-dist hist bins=60 sat<0.05=0.0% mean=0.906 p10=0.901 p90=0.910
Iter 0002780: train nll 1.388, valid error 075.750%, best valid error 074.700%, avg grad norm   0.477, avg grad norm (post clip)   0.211, rho_Whh  0.75, Omega  0.00, alpha  0.000, steps in the past 0.000, valid nll 1.388
  [diag] log10|dL/dh_t| hist bins=60 range=(-12.00,-1.49) mean=-11.87 p50=-12.00 p05=-12.00 p95=-12.00
  [diag] sat-dist hist bins=60 sat<0.05=0.0% mean=0.906 p10=0.901 p90=0.910
Iter 0002800: train nll 1.387, valid error 076.550%, best valid error 074.700%, avg grad norm   0.445, avg grad norm (post clip)   0.211, rho_Whh  0.75, Omega  0.00, alpha  0.000, steps in the past 0.000, valid nll 1.388
  [diag] log10|dL/dh_t| hist bins=60 range=(-12.00,-1.49) mean=-11.87 p50=-12.00 p05=-12.00 p95=-12.00
  [diag] sat-dist hist bins=60 sat<0.05=0.0% mean=0.905 p10=0.901 p90=0.910
Iter 0002820: train nll 1.389, valid error 075.550%, best valid error 074.700%, avg grad norm   0.467, avg grad norm (post clip)   0.211, rho_Whh  0.75, Omega  0.00, alpha  0.000, steps in the past 0.000, valid nll 1.388
  [diag] log10|dL/dh_t| hist bins=60 range=(-12.00,-1.49) mean=-11.87 p50=-12.00 p05=-12.00 p95=-12.00
  [diag] sat-dist hist bins=60 sat<0.05=0.0% mean=0.905 p10=0.901 p90=0.910
Iter 0002840: train nll 1.389, valid error 075.700%, best valid error 074.700%, avg grad norm   0.399, avg grad norm (post clip)   0.211, rho_Whh  0.75, Omega  0.00, alpha  0.000, steps in the past 0.000, valid nll 1.388
  [diag] log10|dL/dh_t| hist bins=60 range=(-12.00,-1.49) mean=-11.87 p50=-12.00 p05=-12.00 p95=-12.00
  [diag] sat-dist hist bins=60 sat<0.05=0.0% mean=0.905 p10=0.901 p90=0.910
Iter 0002860: train nll 1.385, valid error 075.750%, best valid error 074.700%, avg grad norm   0.427, avg grad norm (post clip)   0.211, rho_Whh  0.75, Omega  0.00, alpha  0.000, steps in the past 0.000, valid nll 1.388
  [diag] log10|dL/dh_t| hist bins=60 range=(-12.00,-1.49) mean=-11.87 p50=-12.00 p05=-12.00 p95=-12.00
  [diag] sat-dist hist bins=60 sat<0.05=0.0% mean=0.905 p10=0.901 p90=0.910
Iter 0002880: train nll 1.387, valid error 075.900%, best valid error 074.700%, avg grad norm   0.458, avg grad norm (post clip)   0.211, rho_Whh  0.75, Omega  0.00, alpha  0.000, steps in the past 0.000, valid nll 1.388
  [diag] log10|dL/dh_t| hist bins=60 range=(-12.00,-1.49) mean=-11.87 p50=-12.00 p05=-12.00 p95=-12.00
  [diag] sat-dist hist bins=60 sat<0.05=0.0% mean=0.905 p10=0.901 p90=0.910
Iter 0002900: train nll 1.389, valid error 075.650%, best valid error 074.700%, avg grad norm   0.427, avg grad norm (post clip)   0.211, rho_Whh  0.75, Omega  0.00, alpha  0.000, steps in the past 0.000, valid nll 1.388
  [diag] log10|dL/dh_t| hist bins=60 range=(-12.00,-1.49) mean=-11.87 p50=-12.00 p05=-12.00 p95=-12.00
  [diag] sat-dist hist bins=60 sat<0.05=0.0% mean=0.905 p10=0.900 p90=0.910
Iter 0002920: train nll 1.387, valid error 075.700%, best valid error 074.700%, avg grad norm   0.450, avg grad norm (post clip)   0.211, rho_Whh  0.75, Omega  0.00, alpha  0.000, steps in the past 0.000, valid nll 1.388
  [diag] log10|dL/dh_t| hist bins=60 range=(-12.00,-1.49) mean=-11.87 p50=-12.00 p05=-12.00 p95=-12.00
  [diag] sat-dist hist bins=60 sat<0.05=0.0% mean=0.905 p10=0.901 p90=0.910
Iter 0002940: train nll 1.392, valid error 075.050%, best valid error 074.700%, avg grad norm   0.397, avg grad norm (post clip)   0.211, rho_Whh  0.75, Omega  0.00, alpha  0.000, steps in the past 0.000, valid nll 1.388
  [diag] log10|dL/dh_t| hist bins=60 range=(-12.00,-1.49) mean=-11.87 p50=-12.00 p05=-12.00 p95=-12.00
  [diag] sat-dist hist bins=60 sat<0.05=0.0% mean=0.905 p10=0.901 p90=0.910
Iter 0002960: train nll 1.384, valid error 075.500%, best valid error 074.700%, avg grad norm   0.440, avg grad norm (post clip)   0.211, rho_Whh  0.75, Omega  0.00, alpha  0.000, steps in the past 0.000, valid nll 1.387
  [diag] log10|dL/dh_t| hist bins=60 range=(-12.00,-1.49) mean=-11.87 p50=-12.00 p05=-12.00 p95=-12.00
  [diag] sat-dist hist bins=60 sat<0.05=0.0% mean=0.906 p10=0.901 p90=0.910
Iter 0002980: train nll 1.385, valid error 076.350%, best valid error 074.700%, avg grad norm   0.448, avg grad norm (post clip)   0.211, rho_Whh  0.75, Omega  0.00, alpha  0.000, steps in the past 0.000, valid nll 1.387
Done. solved=0 steps=2999 best_valid_error=74.7000%
=== DONE  EC_p3_basic_a0_cut02_lr001 ===
=== START EC_p4_smart_a0_noclip_lr001 ===
Starting to train (PyTorch).
  [diag] log10|dL/dh_t| hist bins=60 range=(-12.00,-2.48) mean=-11.88 p50=-12.00 p05=-12.00 p95=-12.00
  [diag] sat-dist hist bins=60 sat<0.05=0.0% mean=0.983 p10=0.982 p90=0.984
Iter 0000020: train nll 1.456, valid error 074.000%, best valid error 100.000%, avg grad norm   0.195, avg grad norm (post clip)   0.000, rho_Whh  0.95, Omega  0.00, alpha  0.000, steps in the past 0.000, valid nll 1.386
  [diag] log10|dL/dh_t| hist bins=60 range=(-12.00,-2.48) mean=-11.88 p50=-12.00 p05=-12.00 p95=-12.00
  [diag] sat-dist hist bins=60 sat<0.05=0.0% mean=0.984 p10=0.983 p90=0.985
Iter 0000040: train nll 1.386, valid error 073.500%, best valid error 074.000%, avg grad norm   0.181, avg grad norm (post clip)   0.000, rho_Whh  0.95, Omega  0.00, alpha  0.000, steps in the past 0.000, valid nll 1.386
  [diag] log10|dL/dh_t| hist bins=60 range=(-12.00,-2.48) mean=-11.88 p50=-12.00 p05=-12.00 p95=-12.00
  [diag] sat-dist hist bins=60 sat<0.05=0.0% mean=0.983 p10=0.982 p90=0.984
Iter 0000060: train nll 1.386, valid error 073.500%, best valid error 073.500%, avg grad norm   0.158, avg grad norm (post clip)   0.000, rho_Whh  0.95, Omega  0.00, alpha  0.000, steps in the past 0.000, valid nll 1.386
  [diag] log10|dL/dh_t| hist bins=60 range=(-12.00,-2.48) mean=-11.88 p50=-12.00 p05=-12.00 p95=-12.00
  [diag] sat-dist hist bins=60 sat<0.05=0.0% mean=0.982 p10=0.980 p90=0.983
Iter 0000080: train nll 1.386, valid error 073.500%, best valid error 073.500%, avg grad norm   0.194, avg grad norm (post clip)   0.000, rho_Whh  0.95, Omega  0.00, alpha  0.000, steps in the past 0.000, valid nll 1.386
  [diag] log10|dL/dh_t| hist bins=60 range=(-12.00,-2.49) mean=-11.88 p50=-12.00 p05=-12.00 p95=-12.00
  [diag] sat-dist hist bins=60 sat<0.05=0.0% mean=0.981 p10=0.980 p90=0.983
Iter 0000100: train nll 1.387, valid error 073.500%, best valid error 073.500%, avg grad norm   0.168, avg grad norm (post clip)   0.000, rho_Whh  0.95, Omega  0.00, alpha  0.000, steps in the past 0.000, valid nll 1.386
  [diag] log10|dL/dh_t| hist bins=60 range=(-12.00,-2.49) mean=-11.88 p50=-12.00 p05=-12.00 p95=-12.00
  [diag] sat-dist hist bins=60 sat<0.05=0.0% mean=0.982 p10=0.981 p90=0.983
Iter 0000120: train nll 1.387, valid error 073.500%, best valid error 073.500%, avg grad norm   0.181, avg grad norm (post clip)   0.000, rho_Whh  0.95, Omega  0.00, alpha  0.000, steps in the past 0.000, valid nll 1.386
  [diag] log10|dL/dh_t| hist bins=60 range=(-12.00,-2.49) mean=-11.88 p50=-12.00 p05=-12.00 p95=-12.00
  [diag] sat-dist hist bins=60 sat<0.05=0.0% mean=0.982 p10=0.981 p90=0.984
Iter 0000140: train nll 1.387, valid error 073.650%, best valid error 073.500%, avg grad norm   0.192, avg grad norm (post clip)   0.000, rho_Whh  0.95, Omega  0.00, alpha  0.000, steps in the past 0.000, valid nll 1.386
  [diag] log10|dL/dh_t| hist bins=60 range=(-12.00,-2.49) mean=-11.88 p50=-12.00 p05=-12.00 p95=-12.00
  [diag] sat-dist hist bins=60 sat<0.05=0.0% mean=0.982 p10=0.981 p90=0.984
Iter 0000160: train nll 1.386, valid error 073.500%, best valid error 073.500%, avg grad norm   0.183, avg grad norm (post clip)   0.000, rho_Whh  0.95, Omega  0.00, alpha  0.000, steps in the past 0.000, valid nll 1.386
  [diag] log10|dL/dh_t| hist bins=60 range=(-12.00,-2.49) mean=-11.88 p50=-12.00 p05=-12.00 p95=-12.00
  [diag] sat-dist hist bins=60 sat<0.05=0.0% mean=0.981 p10=0.980 p90=0.983
Iter 0000180: train nll 1.386, valid error 073.500%, best valid error 073.500%, avg grad norm   0.208, avg grad norm (post clip)   0.000, rho_Whh  0.95, Omega  0.00, alpha  0.000, steps in the past 0.000, valid nll 1.386
  [diag] log10|dL/dh_t| hist bins=60 range=(-12.00,-2.49) mean=-11.88 p50=-12.00 p05=-12.00 p95=-12.00
  [diag] sat-dist hist bins=60 sat<0.05=0.0% mean=0.979 p10=0.977 p90=0.981
Iter 0000200: train nll 1.385, valid error 073.500%, best valid error 073.500%, avg grad norm   0.170, avg grad norm (post clip)   0.000, rho_Whh  0.95, Omega  0.00, alpha  0.000, steps in the past 0.000, valid nll 1.386
  [diag] log10|dL/dh_t| hist bins=60 range=(-12.00,-2.48) mean=-11.88 p50=-12.00 p05=-12.00 p95=-12.00
  [diag] sat-dist hist bins=60 sat<0.05=0.0% mean=0.978 p10=0.977 p90=0.981
Iter 0000220: train nll 1.387, valid error 073.500%, best valid error 073.500%, avg grad norm   0.196, avg grad norm (post clip)   0.000, rho_Whh  0.95, Omega  0.00, alpha  0.000, steps in the past 0.000, valid nll 1.386
  [diag] log10|dL/dh_t| hist bins=60 range=(-12.00,-2.48) mean=-11.88 p50=-12.00 p05=-12.00 p95=-12.00
  [diag] sat-dist hist bins=60 sat<0.05=0.0% mean=0.978 p10=0.977 p90=0.981
Iter 0000240: train nll 1.387, valid error 073.500%, best valid error 073.500%, avg grad norm   0.183, avg grad norm (post clip)   0.000, rho_Whh  0.95, Omega  0.00, alpha  0.000, steps in the past 0.000, valid nll 1.386
  [diag] log10|dL/dh_t| hist bins=60 range=(-12.00,-2.48) mean=-11.88 p50=-12.00 p05=-12.00 p95=-12.00
  [diag] sat-dist hist bins=60 sat<0.05=0.0% mean=0.979 p10=0.977 p90=0.981
Iter 0000260: train nll 1.387, valid error 073.500%, best valid error 073.500%, avg grad norm   0.184, avg grad norm (post clip)   0.000, rho_Whh  0.95, Omega  0.00, alpha  0.000, steps in the past 0.000, valid nll 1.386
  [diag] log10|dL/dh_t| hist bins=60 range=(-12.00,-2.48) mean=-11.88 p50=-12.00 p05=-12.00 p95=-12.00
  [diag] sat-dist hist bins=60 sat<0.05=0.0% mean=0.981 p10=0.980 p90=0.983
Iter 0000280: train nll 1.387, valid error 073.550%, best valid error 073.500%, avg grad norm   0.165, avg grad norm (post clip)   0.000, rho_Whh  0.95, Omega  0.00, alpha  0.000, steps in the past 0.000, valid nll 1.386
  [diag] log10|dL/dh_t| hist bins=60 range=(-12.00,-2.49) mean=-11.88 p50=-12.00 p05=-12.00 p95=-12.00
  [diag] sat-dist hist bins=60 sat<0.05=0.0% mean=0.982 p10=0.981 p90=0.984
Iter 0000300: train nll 1.387, valid error 073.500%, best valid error 073.500%, avg grad norm   0.210, avg grad norm (post clip)   0.000, rho_Whh  0.95, Omega  0.00, alpha  0.000, steps in the past 0.000, valid nll 1.386
  [diag] log10|dL/dh_t| hist bins=60 range=(-12.00,-2.49) mean=-11.88 p50=-12.00 p05=-12.00 p95=-12.00
  [diag] sat-dist hist bins=60 sat<0.05=0.0% mean=0.981 p10=0.979 p90=0.983
Iter 0000320: train nll 1.386, valid error 073.500%, best valid error 073.500%, avg grad norm   0.178, avg grad norm (post clip)   0.000, rho_Whh  0.95, Omega  0.00, alpha  0.000, steps in the past 0.000, valid nll 1.386
  [diag] log10|dL/dh_t| hist bins=60 range=(-12.00,-2.49) mean=-11.88 p50=-12.00 p05=-12.00 p95=-12.00
  [diag] sat-dist hist bins=60 sat<0.05=0.0% mean=0.981 p10=0.980 p90=0.983
Iter 0000340: train nll 1.387, valid error 073.500%, best valid error 073.500%, avg grad norm   0.175, avg grad norm (post clip)   0.000, rho_Whh  0.95, Omega  0.00, alpha  0.000, steps in the past 0.000, valid nll 1.386
  [diag] log10|dL/dh_t| hist bins=60 range=(-12.00,-2.49) mean=-11.88 p50=-12.00 p05=-12.00 p95=-12.00
  [diag] sat-dist hist bins=60 sat<0.05=0.0% mean=0.982 p10=0.980 p90=0.983
Iter 0000360: train nll 1.386, valid error 073.500%, best valid error 073.500%, avg grad norm   0.182, avg grad norm (post clip)   0.000, rho_Whh  0.95, Omega  0.00, alpha  0.000, steps in the past 0.000, valid nll 1.386
  [diag] log10|dL/dh_t| hist bins=60 range=(-12.00,-2.49) mean=-11.88 p50=-12.00 p05=-12.00 p95=-12.00
  [diag] sat-dist hist bins=60 sat<0.05=0.0% mean=0.983 p10=0.982 p90=0.984
Iter 0000380: train nll 1.387, valid error 073.500%, best valid error 073.500%, avg grad norm   0.175, avg grad norm (post clip)   0.000, rho_Whh  0.95, Omega  0.00, alpha  0.000, steps in the past 0.000, valid nll 1.386
  [diag] log10|dL/dh_t| hist bins=60 range=(-12.00,-2.49) mean=-11.88 p50=-12.00 p05=-12.00 p95=-12.00
  [diag] sat-dist hist bins=60 sat<0.05=0.0% mean=0.984 p10=0.983 p90=0.985
Iter 0000400: train nll 1.386, valid error 074.900%, best valid error 073.500%, avg grad norm   0.185, avg grad norm (post clip)   0.000, rho_Whh  0.95, Omega  0.00, alpha  0.000, steps in the past 0.000, valid nll 1.386
  [diag] log10|dL/dh_t| hist bins=60 range=(-12.00,-2.48) mean=-11.88 p50=-12.00 p05=-12.00 p95=-12.00
  [diag] sat-dist hist bins=60 sat<0.05=0.0% mean=0.985 p10=0.984 p90=0.986
Iter 0000420: train nll 1.387, valid error 075.600%, best valid error 073.500%, avg grad norm   0.190, avg grad norm (post clip)   0.000, rho_Whh  0.95, Omega  0.00, alpha  0.000, steps in the past 0.000, valid nll 1.386
  [diag] log10|dL/dh_t| hist bins=60 range=(-12.00,-2.49) mean=-11.88 p50=-12.00 p05=-12.00 p95=-12.00
  [diag] sat-dist hist bins=60 sat<0.05=0.0% mean=0.985 p10=0.984 p90=0.986
Iter 0000440: train nll 1.386, valid error 075.600%, best valid error 073.500%, avg grad norm   0.179, avg grad norm (post clip)   0.000, rho_Whh  0.95, Omega  0.00, alpha  0.000, steps in the past 0.000, valid nll 1.386
  [diag] log10|dL/dh_t| hist bins=60 range=(-12.00,-2.49) mean=-11.88 p50=-12.00 p05=-12.00 p95=-12.00
  [diag] sat-dist hist bins=60 sat<0.05=0.0% mean=0.985 p10=0.984 p90=0.986
Iter 0000460: train nll 1.386, valid error 075.600%, best valid error 073.500%, avg grad norm   0.172, avg grad norm (post clip)   0.000, rho_Whh  0.95, Omega  0.00, alpha  0.000, steps in the past 0.000, valid nll 1.386
  [diag] log10|dL/dh_t| hist bins=60 range=(-12.00,-2.49) mean=-11.88 p50=-12.00 p05=-12.00 p95=-12.00
  [diag] sat-dist hist bins=60 sat<0.05=0.0% mean=0.985 p10=0.984 p90=0.986
Iter 0000480: train nll 1.387, valid error 075.600%, best valid error 073.500%, avg grad norm   0.178, avg grad norm (post clip)   0.000, rho_Whh  0.95, Omega  0.00, alpha  0.000, steps in the past 0.000, valid nll 1.386
  [diag] log10|dL/dh_t| hist bins=60 range=(-12.00,-2.49) mean=-11.88 p50=-12.00 p05=-12.00 p95=-12.00
  [diag] sat-dist hist bins=60 sat<0.05=0.0% mean=0.986 p10=0.985 p90=0.986
Iter 0000500: train nll 1.386, valid error 076.700%, best valid error 073.500%, avg grad norm   0.181, avg grad norm (post clip)   0.000, rho_Whh  0.95, Omega  0.00, alpha  0.000, steps in the past 0.000, valid nll 1.386
  [diag] log10|dL/dh_t| hist bins=60 range=(-12.00,-2.49) mean=-11.88 p50=-12.00 p05=-12.00 p95=-12.00
  [diag] sat-dist hist bins=60 sat<0.05=0.0% mean=0.985 p10=0.984 p90=0.986
Iter 0000520: train nll 1.387, valid error 074.900%, best valid error 073.500%, avg grad norm   0.196, avg grad norm (post clip)   0.000, rho_Whh  0.95, Omega  0.00, alpha  0.000, steps in the past 0.000, valid nll 1.386
  [diag] log10|dL/dh_t| hist bins=60 range=(-12.00,-2.49) mean=-11.88 p50=-12.00 p05=-12.00 p95=-12.00
  [diag] sat-dist hist bins=60 sat<0.05=0.0% mean=0.984 p10=0.984 p90=0.985
Iter 0000540: train nll 1.386, valid error 075.350%, best valid error 073.500%, avg grad norm   0.192, avg grad norm (post clip)   0.000, rho_Whh  0.95, Omega  0.00, alpha  0.000, steps in the past 0.000, valid nll 1.386
  [diag] log10|dL/dh_t| hist bins=60 range=(-12.00,-2.49) mean=-11.88 p50=-12.00 p05=-12.00 p95=-12.00
  [diag] sat-dist hist bins=60 sat<0.05=0.0% mean=0.984 p10=0.983 p90=0.985
Iter 0000560: train nll 1.387, valid error 076.050%, best valid error 073.500%, avg grad norm   0.201, avg grad norm (post clip)   0.000, rho_Whh  0.95, Omega  0.00, alpha  0.000, steps in the past 0.000, valid nll 1.386
  [diag] log10|dL/dh_t| hist bins=60 range=(-12.00,-2.49) mean=-11.88 p50=-12.00 p05=-12.00 p95=-12.00
  [diag] sat-dist hist bins=60 sat<0.05=0.0% mean=0.985 p10=0.984 p90=0.986
Iter 0000580: train nll 1.387, valid error 074.850%, best valid error 073.500%, avg grad norm   0.204, avg grad norm (post clip)   0.000, rho_Whh  0.95, Omega  0.00, alpha  0.000, steps in the past 0.000, valid nll 1.386
  [diag] log10|dL/dh_t| hist bins=60 range=(-12.00,-2.49) mean=-11.88 p50=-12.00 p05=-12.00 p95=-12.00
  [diag] sat-dist hist bins=60 sat<0.05=0.0% mean=0.984 p10=0.984 p90=0.985
Iter 0000600: train nll 1.386, valid error 073.500%, best valid error 073.500%, avg grad norm   0.171, avg grad norm (post clip)   0.000, rho_Whh  0.95, Omega  0.00, alpha  0.000, steps in the past 0.000, valid nll 1.386
  [diag] log10|dL/dh_t| hist bins=60 range=(-12.00,-2.49) mean=-11.88 p50=-12.00 p05=-12.00 p95=-12.00
  [diag] sat-dist hist bins=60 sat<0.05=0.0% mean=0.983 p10=0.982 p90=0.984
Iter 0000620: train nll 1.386, valid error 076.250%, best valid error 073.500%, avg grad norm   0.180, avg grad norm (post clip)   0.000, rho_Whh  0.95, Omega  0.00, alpha  0.000, steps in the past 0.000, valid nll 1.386
  [diag] log10|dL/dh_t| hist bins=60 range=(-12.00,-2.49) mean=-11.88 p50=-12.00 p05=-12.00 p95=-12.00
  [diag] sat-dist hist bins=60 sat<0.05=0.0% mean=0.983 p10=0.982 p90=0.985
Iter 0000640: train nll 1.386, valid error 074.950%, best valid error 073.500%, avg grad norm   0.180, avg grad norm (post clip)   0.000, rho_Whh  0.95, Omega  0.00, alpha  0.000, steps in the past 0.000, valid nll 1.386
  [diag] log10|dL/dh_t| hist bins=60 range=(-12.00,-2.49) mean=-11.88 p50=-12.00 p05=-12.00 p95=-12.00
  [diag] sat-dist hist bins=60 sat<0.05=0.0% mean=0.983 p10=0.982 p90=0.984
Iter 0000660: train nll 1.386, valid error 076.050%, best valid error 073.500%, avg grad norm   0.195, avg grad norm (post clip)   0.000, rho_Whh  0.95, Omega  0.00, alpha  0.000, steps in the past 0.000, valid nll 1.387
  [diag] log10|dL/dh_t| hist bins=60 range=(-12.00,-2.48) mean=-11.88 p50=-12.00 p05=-12.00 p95=-12.00
  [diag] sat-dist hist bins=60 sat<0.05=0.0% mean=0.983 p10=0.982 p90=0.984
Iter 0000680: train nll 1.386, valid error 076.050%, best valid error 073.500%, avg grad norm   0.176, avg grad norm (post clip)   0.000, rho_Whh  0.95, Omega  0.00, alpha  0.000, steps in the past 0.000, valid nll 1.387
  [diag] log10|dL/dh_t| hist bins=60 range=(-12.00,-2.49) mean=-11.88 p50=-12.00 p05=-12.00 p95=-12.00
  [diag] sat-dist hist bins=60 sat<0.05=0.0% mean=0.983 p10=0.982 p90=0.984
Iter 0000700: train nll 1.386, valid error 075.800%, best valid error 073.500%, avg grad norm   0.195, avg grad norm (post clip)   0.000, rho_Whh  0.95, Omega  0.00, alpha  0.000, steps in the past 0.000, valid nll 1.387
  [diag] log10|dL/dh_t| hist bins=60 range=(-12.00,-2.49) mean=-11.88 p50=-12.00 p05=-12.00 p95=-12.00
  [diag] sat-dist hist bins=60 sat<0.05=0.0% mean=0.981 p10=0.979 p90=0.983
Iter 0000720: train nll 1.386, valid error 076.050%, best valid error 073.500%, avg grad norm   0.180, avg grad norm (post clip)   0.000, rho_Whh  0.95, Omega  0.00, alpha  0.000, steps in the past 0.000, valid nll 1.387
  [diag] log10|dL/dh_t| hist bins=60 range=(-12.00,-2.48) mean=-11.88 p50=-12.00 p05=-12.00 p95=-12.00
  [diag] sat-dist hist bins=60 sat<0.05=0.0% mean=0.981 p10=0.980 p90=0.983
Iter 0000740: train nll 1.386, valid error 076.050%, best valid error 073.500%, avg grad norm   0.173, avg grad norm (post clip)   0.000, rho_Whh  0.95, Omega  0.00, alpha  0.000, steps in the past 0.000, valid nll 1.387
  [diag] log10|dL/dh_t| hist bins=60 range=(-12.00,-2.49) mean=-11.88 p50=-12.00 p05=-12.00 p95=-12.00
  [diag] sat-dist hist bins=60 sat<0.05=0.0% mean=0.983 p10=0.982 p90=0.984
Iter 0000760: train nll 1.387, valid error 076.200%, best valid error 073.500%, avg grad norm   0.180, avg grad norm (post clip)   0.000, rho_Whh  0.95, Omega  0.00, alpha  0.000, steps in the past 0.000, valid nll 1.387
  [diag] log10|dL/dh_t| hist bins=60 range=(-12.00,-2.49) mean=-11.88 p50=-12.00 p05=-12.00 p95=-12.00
  [diag] sat-dist hist bins=60 sat<0.05=0.0% mean=0.982 p10=0.981 p90=0.984
Iter 0000780: train nll 1.386, valid error 075.600%, best valid error 073.500%, avg grad norm   0.186, avg grad norm (post clip)   0.000, rho_Whh  0.95, Omega  0.00, alpha  0.000, steps in the past 0.000, valid nll 1.387
  [diag] log10|dL/dh_t| hist bins=60 range=(-12.00,-2.49) mean=-11.88 p50=-12.00 p05=-12.00 p95=-12.00
  [diag] sat-dist hist bins=60 sat<0.05=0.0% mean=0.983 p10=0.982 p90=0.984
Iter 0000800: train nll 1.386, valid error 075.600%, best valid error 073.500%, avg grad norm   0.207, avg grad norm (post clip)   0.000, rho_Whh  0.95, Omega  0.00, alpha  0.000, steps in the past 0.000, valid nll 1.387
  [diag] log10|dL/dh_t| hist bins=60 range=(-12.00,-2.49) mean=-11.88 p50=-12.00 p05=-12.00 p95=-12.00
  [diag] sat-dist hist bins=60 sat<0.05=0.0% mean=0.984 p10=0.983 p90=0.985
Iter 0000820: train nll 1.387, valid error 075.600%, best valid error 073.500%, avg grad norm   0.140, avg grad norm (post clip)   0.000, rho_Whh  0.95, Omega  0.00, alpha  0.000, steps in the past 0.000, valid nll 1.386
  [diag] log10|dL/dh_t| hist bins=60 range=(-12.00,-2.49) mean=-11.88 p50=-12.00 p05=-12.00 p95=-12.00
  [diag] sat-dist hist bins=60 sat<0.05=0.0% mean=0.984 p10=0.983 p90=0.985
Iter 0000840: train nll 1.386, valid error 075.600%, best valid error 073.500%, avg grad norm   0.216, avg grad norm (post clip)   0.000, rho_Whh  0.95, Omega  0.00, alpha  0.000, steps in the past 0.000, valid nll 1.387
  [diag] log10|dL/dh_t| hist bins=60 range=(-12.00,-2.49) mean=-11.88 p50=-12.00 p05=-12.00 p95=-12.00
  [diag] sat-dist hist bins=60 sat<0.05=0.0% mean=0.984 p10=0.983 p90=0.985
Iter 0000860: train nll 1.387, valid error 075.600%, best valid error 073.500%, avg grad norm   0.186, avg grad norm (post clip)   0.000, rho_Whh  0.95, Omega  0.00, alpha  0.000, steps in the past 0.000, valid nll 1.387
  [diag] log10|dL/dh_t| hist bins=60 range=(-12.00,-2.48) mean=-11.88 p50=-12.00 p05=-12.00 p95=-12.00
  [diag] sat-dist hist bins=60 sat<0.05=0.0% mean=0.985 p10=0.984 p90=0.986
Iter 0000880: train nll 1.386, valid error 075.600%, best valid error 073.500%, avg grad norm   0.176, avg grad norm (post clip)   0.000, rho_Whh  0.95, Omega  0.00, alpha  0.000, steps in the past 0.000, valid nll 1.387
  [diag] log10|dL/dh_t| hist bins=60 range=(-12.00,-2.48) mean=-11.88 p50=-12.00 p05=-12.00 p95=-12.00
  [diag] sat-dist hist bins=60 sat<0.05=0.0% mean=0.985 p10=0.985 p90=0.986
Iter 0000900: train nll 1.387, valid error 075.600%, best valid error 073.500%, avg grad norm   0.188, avg grad norm (post clip)   0.000, rho_Whh  0.95, Omega  0.00, alpha  0.000, steps in the past 0.000, valid nll 1.387
  [diag] log10|dL/dh_t| hist bins=60 range=(-12.00,-2.48) mean=-11.88 p50=-12.00 p05=-12.00 p95=-12.00
  [diag] sat-dist hist bins=60 sat<0.05=0.0% mean=0.985 p10=0.984 p90=0.986
Iter 0000920: train nll 1.387, valid error 075.600%, best valid error 073.500%, avg grad norm   0.192, avg grad norm (post clip)   0.000, rho_Whh  0.95, Omega  0.00, alpha  0.000, steps in the past 0.000, valid nll 1.386
  [diag] log10|dL/dh_t| hist bins=60 range=(-12.00,-2.48) mean=-11.88 p50=-12.00 p05=-12.00 p95=-12.00
  [diag] sat-dist hist bins=60 sat<0.05=0.0% mean=0.985 p10=0.984 p90=0.986
Iter 0000940: train nll 1.385, valid error 075.600%, best valid error 073.500%, avg grad norm   0.193, avg grad norm (post clip)   0.000, rho_Whh  0.95, Omega  0.00, alpha  0.000, steps in the past 0.000, valid nll 1.386
  [diag] log10|dL/dh_t| hist bins=60 range=(-12.00,-2.48) mean=-11.88 p50=-12.00 p05=-12.00 p95=-12.00
  [diag] sat-dist hist bins=60 sat<0.05=0.0% mean=0.985 p10=0.984 p90=0.986
Iter 0000960: train nll 1.386, valid error 075.600%, best valid error 073.500%, avg grad norm   0.162, avg grad norm (post clip)   0.000, rho_Whh  0.95, Omega  0.00, alpha  0.000, steps in the past 0.000, valid nll 1.386
  [diag] log10|dL/dh_t| hist bins=60 range=(-12.00,-2.48) mean=-11.88 p50=-12.00 p05=-12.00 p95=-12.00
  [diag] sat-dist hist bins=60 sat<0.05=0.0% mean=0.985 p10=0.984 p90=0.985
Iter 0000980: train nll 1.385, valid error 075.600%, best valid error 073.500%, avg grad norm   0.199, avg grad norm (post clip)   0.000, rho_Whh  0.95, Omega  0.00, alpha  0.000, steps in the past 0.000, valid nll 1.387
  [diag] log10|dL/dh_t| hist bins=60 range=(-12.00,-2.48) mean=-11.88 p50=-12.00 p05=-12.00 p95=-12.00
  [diag] sat-dist hist bins=60 sat<0.05=0.0% mean=0.985 p10=0.984 p90=0.986
Iter 0001000: train nll 1.386, valid error 075.600%, best valid error 073.500%, avg grad norm   0.159, avg grad norm (post clip)   0.000, rho_Whh  0.95, Omega  0.00, alpha  0.000, steps in the past 0.000, valid nll 1.387
  [diag] log10|dL/dh_t| hist bins=60 range=(-12.00,-2.48) mean=-11.88 p50=-12.00 p05=-12.00 p95=-12.00
  [diag] sat-dist hist bins=60 sat<0.05=0.0% mean=0.983 p10=0.982 p90=0.984
Iter 0001020: train nll 1.388, valid error 075.600%, best valid error 073.500%, avg grad norm   0.195, avg grad norm (post clip)   0.000, rho_Whh  0.95, Omega  0.00, alpha  0.000, steps in the past 0.000, valid nll 1.387
  [diag] log10|dL/dh_t| hist bins=60 range=(-12.00,-2.48) mean=-11.88 p50=-12.00 p05=-12.00 p95=-12.00
  [diag] sat-dist hist bins=60 sat<0.05=0.0% mean=0.983 p10=0.982 p90=0.984
Iter 0001040: train nll 1.385, valid error 075.600%, best valid error 073.500%, avg grad norm   0.160, avg grad norm (post clip)   0.000, rho_Whh  0.95, Omega  0.00, alpha  0.000, steps in the past 0.000, valid nll 1.387
  [diag] log10|dL/dh_t| hist bins=60 range=(-12.00,-2.48) mean=-11.88 p50=-12.00 p05=-12.00 p95=-12.00
  [diag] sat-dist hist bins=60 sat<0.05=0.0% mean=0.982 p10=0.981 p90=0.983
Iter 0001060: train nll 1.385, valid error 075.600%, best valid error 073.500%, avg grad norm   0.185, avg grad norm (post clip)   0.000, rho_Whh  0.95, Omega  0.00, alpha  0.000, steps in the past 0.000, valid nll 1.387
  [diag] log10|dL/dh_t| hist bins=60 range=(-12.00,-2.48) mean=-11.88 p50=-12.00 p05=-12.00 p95=-12.00
  [diag] sat-dist hist bins=60 sat<0.05=0.0% mean=0.981 p10=0.980 p90=0.983
Iter 0001080: train nll 1.385, valid error 075.600%, best valid error 073.500%, avg grad norm   0.195, avg grad norm (post clip)   0.000, rho_Whh  0.95, Omega  0.00, alpha  0.000, steps in the past 0.000, valid nll 1.387
  [diag] log10|dL/dh_t| hist bins=60 range=(-12.00,-2.48) mean=-11.88 p50=-12.00 p05=-12.00 p95=-12.00
  [diag] sat-dist hist bins=60 sat<0.05=0.0% mean=0.979 p10=0.978 p90=0.982
Iter 0001100: train nll 1.386, valid error 075.600%, best valid error 073.500%, avg grad norm   0.173, avg grad norm (post clip)   0.000, rho_Whh  0.95, Omega  0.00, alpha  0.000, steps in the past 0.000, valid nll 1.387
  [diag] log10|dL/dh_t| hist bins=60 range=(-12.00,-2.48) mean=-11.88 p50=-12.00 p05=-12.00 p95=-12.00
  [diag] sat-dist hist bins=60 sat<0.05=0.0% mean=0.980 p10=0.979 p90=0.982
Iter 0001120: train nll 1.387, valid error 075.600%, best valid error 073.500%, avg grad norm   0.176, avg grad norm (post clip)   0.000, rho_Whh  0.95, Omega  0.00, alpha  0.000, steps in the past 0.000, valid nll 1.387
  [diag] log10|dL/dh_t| hist bins=60 range=(-12.00,-2.48) mean=-11.88 p50=-12.00 p05=-12.00 p95=-12.00
  [diag] sat-dist hist bins=60 sat<0.05=0.0% mean=0.980 p10=0.979 p90=0.983
Iter 0001140: train nll 1.387, valid error 075.600%, best valid error 073.500%, avg grad norm   0.180, avg grad norm (post clip)   0.000, rho_Whh  0.95, Omega  0.00, alpha  0.000, steps in the past 0.000, valid nll 1.387
  [diag] log10|dL/dh_t| hist bins=60 range=(-12.00,-2.48) mean=-11.88 p50=-12.00 p05=-12.00 p95=-12.00
  [diag] sat-dist hist bins=60 sat<0.05=0.0% mean=0.976 p10=0.975 p90=0.980
Iter 0001160: train nll 1.383, valid error 075.600%, best valid error 073.500%, avg grad norm   0.195, avg grad norm (post clip)   0.000, rho_Whh  0.95, Omega  0.00, alpha  0.000, steps in the past 0.000, valid nll 1.387
  [diag] log10|dL/dh_t| hist bins=60 range=(-12.00,-2.48) mean=-11.88 p50=-12.00 p05=-12.00 p95=-12.00
  [diag] sat-dist hist bins=60 sat<0.05=0.0% mean=0.978 p10=0.976 p90=0.981
Iter 0001180: train nll 1.387, valid error 075.600%, best valid error 073.500%, avg grad norm   0.176, avg grad norm (post clip)   0.000, rho_Whh  0.95, Omega  0.00, alpha  0.000, steps in the past 0.000, valid nll 1.387
  [diag] log10|dL/dh_t| hist bins=60 range=(-12.00,-2.48) mean=-11.88 p50=-12.00 p05=-12.00 p95=-12.00
  [diag] sat-dist hist bins=60 sat<0.05=0.0% mean=0.980 p10=0.978 p90=0.982
Iter 0001200: train nll 1.387, valid error 075.600%, best valid error 073.500%, avg grad norm   0.186, avg grad norm (post clip)   0.000, rho_Whh  0.95, Omega  0.00, alpha  0.000, steps in the past 0.000, valid nll 1.387
  [diag] log10|dL/dh_t| hist bins=60 range=(-12.00,-2.48) mean=-11.88 p50=-12.00 p05=-12.00 p95=-12.00
  [diag] sat-dist hist bins=60 sat<0.05=0.0% mean=0.978 p10=0.977 p90=0.981
Iter 0001220: train nll 1.384, valid error 075.600%, best valid error 073.500%, avg grad norm   0.175, avg grad norm (post clip)   0.000, rho_Whh  0.95, Omega  0.00, alpha  0.000, steps in the past 0.000, valid nll 1.387
  [diag] log10|dL/dh_t| hist bins=60 range=(-12.00,-2.48) mean=-11.88 p50=-12.00 p05=-12.00 p95=-12.00
  [diag] sat-dist hist bins=60 sat<0.05=0.0% mean=0.981 p10=0.980 p90=0.983
Iter 0001240: train nll 1.389, valid error 075.600%, best valid error 073.500%, avg grad norm   0.157, avg grad norm (post clip)   0.000, rho_Whh  0.95, Omega  0.00, alpha  0.000, steps in the past 0.000, valid nll 1.387
  [diag] log10|dL/dh_t| hist bins=60 range=(-12.00,-2.48) mean=-11.88 p50=-12.00 p05=-12.00 p95=-12.00
  [diag] sat-dist hist bins=60 sat<0.05=0.0% mean=0.979 p10=0.977 p90=0.981
Iter 0001260: train nll 1.386, valid error 075.600%, best valid error 073.500%, avg grad norm   0.197, avg grad norm (post clip)   0.000, rho_Whh  0.95, Omega  0.00, alpha  0.000, steps in the past 0.000, valid nll 1.387
  [diag] log10|dL/dh_t| hist bins=60 range=(-12.00,-2.48) mean=-11.88 p50=-12.00 p05=-12.00 p95=-12.00
  [diag] sat-dist hist bins=60 sat<0.05=0.0% mean=0.983 p10=0.982 p90=0.985
Iter 0001280: train nll 1.388, valid error 075.600%, best valid error 073.500%, avg grad norm   0.195, avg grad norm (post clip)   0.000, rho_Whh  0.95, Omega  0.00, alpha  0.000, steps in the past 0.000, valid nll 1.387
  [diag] log10|dL/dh_t| hist bins=60 range=(-12.00,-2.48) mean=-11.88 p50=-12.00 p05=-12.00 p95=-12.00
  [diag] sat-dist hist bins=60 sat<0.05=0.0% mean=0.983 p10=0.982 p90=0.984
Iter 0001300: train nll 1.387, valid error 075.600%, best valid error 073.500%, avg grad norm   0.184, avg grad norm (post clip)   0.000, rho_Whh  0.95, Omega  0.00, alpha  0.000, steps in the past 0.000, valid nll 1.387
  [diag] log10|dL/dh_t| hist bins=60 range=(-12.00,-2.48) mean=-11.88 p50=-12.00 p05=-12.00 p95=-12.00
  [diag] sat-dist hist bins=60 sat<0.05=0.0% mean=0.983 p10=0.982 p90=0.984
Iter 0001320: train nll 1.386, valid error 075.600%, best valid error 073.500%, avg grad norm   0.200, avg grad norm (post clip)   0.000, rho_Whh  0.95, Omega  0.00, alpha  0.000, steps in the past 0.000, valid nll 1.387
  [diag] log10|dL/dh_t| hist bins=60 range=(-12.00,-2.48) mean=-11.88 p50=-12.00 p05=-12.00 p95=-12.00
  [diag] sat-dist hist bins=60 sat<0.05=0.0% mean=0.981 p10=0.980 p90=0.983
Iter 0001340: train nll 1.385, valid error 075.600%, best valid error 073.500%, avg grad norm   0.202, avg grad norm (post clip)   0.000, rho_Whh  0.95, Omega  0.00, alpha  0.000, steps in the past 0.000, valid nll 1.387
  [diag] log10|dL/dh_t| hist bins=60 range=(-12.00,-2.48) mean=-11.88 p50=-12.00 p05=-12.00 p95=-12.00
  [diag] sat-dist hist bins=60 sat<0.05=0.0% mean=0.980 p10=0.978 p90=0.982
Iter 0001360: train nll 1.385, valid error 075.600%, best valid error 073.500%, avg grad norm   0.215, avg grad norm (post clip)   0.000, rho_Whh  0.95, Omega  0.00, alpha  0.000, steps in the past 0.000, valid nll 1.387
  [diag] log10|dL/dh_t| hist bins=60 range=(-12.00,-2.48) mean=-11.88 p50=-12.00 p05=-12.00 p95=-12.00
  [diag] sat-dist hist bins=60 sat<0.05=0.0% mean=0.982 p10=0.981 p90=0.984
Iter 0001380: train nll 1.387, valid error 075.600%, best valid error 073.500%, avg grad norm   0.192, avg grad norm (post clip)   0.000, rho_Whh  0.95, Omega  0.00, alpha  0.000, steps in the past 0.000, valid nll 1.387
  [diag] log10|dL/dh_t| hist bins=60 range=(-12.00,-2.48) mean=-11.88 p50=-12.00 p05=-12.00 p95=-12.00
  [diag] sat-dist hist bins=60 sat<0.05=0.0% mean=0.983 p10=0.982 p90=0.985
Iter 0001400: train nll 1.387, valid error 075.600%, best valid error 073.500%, avg grad norm   0.194, avg grad norm (post clip)   0.000, rho_Whh  0.95, Omega  0.00, alpha  0.000, steps in the past 0.000, valid nll 1.387
  [diag] log10|dL/dh_t| hist bins=60 range=(-12.00,-2.48) mean=-11.88 p50=-12.00 p05=-12.00 p95=-12.00
  [diag] sat-dist hist bins=60 sat<0.05=0.0% mean=0.983 p10=0.982 p90=0.984
Iter 0001420: train nll 1.386, valid error 075.600%, best valid error 073.500%, avg grad norm   0.211, avg grad norm (post clip)   0.000, rho_Whh  0.95, Omega  0.00, alpha  0.000, steps in the past 0.000, valid nll 1.387
  [diag] log10|dL/dh_t| hist bins=60 range=(-12.00,-2.48) mean=-11.88 p50=-12.00 p05=-12.00 p95=-12.00
  [diag] sat-dist hist bins=60 sat<0.05=0.0% mean=0.984 p10=0.983 p90=0.985
Iter 0001440: train nll 1.387, valid error 075.600%, best valid error 073.500%, avg grad norm   0.182, avg grad norm (post clip)   0.000, rho_Whh  0.95, Omega  0.00, alpha  0.000, steps in the past 0.000, valid nll 1.387
  [diag] log10|dL/dh_t| hist bins=60 range=(-12.00,-2.48) mean=-11.88 p50=-12.00 p05=-12.00 p95=-12.00
  [diag] sat-dist hist bins=60 sat<0.05=0.0% mean=0.983 p10=0.982 p90=0.984
Iter 0001460: train nll 1.386, valid error 075.600%, best valid error 073.500%, avg grad norm   0.193, avg grad norm (post clip)   0.000, rho_Whh  0.95, Omega  0.00, alpha  0.000, steps in the past 0.000, valid nll 1.387
  [diag] log10|dL/dh_t| hist bins=60 range=(-12.00,-2.48) mean=-11.88 p50=-12.00 p05=-12.00 p95=-12.00
  [diag] sat-dist hist bins=60 sat<0.05=0.0% mean=0.983 p10=0.981 p90=0.984
Iter 0001480: train nll 1.387, valid error 075.600%, best valid error 073.500%, avg grad norm   0.176, avg grad norm (post clip)   0.000, rho_Whh  0.95, Omega  0.00, alpha  0.000, steps in the past 0.000, valid nll 1.387
  [diag] log10|dL/dh_t| hist bins=60 range=(-12.00,-2.48) mean=-11.88 p50=-12.00 p05=-12.00 p95=-12.00
  [diag] sat-dist hist bins=60 sat<0.05=0.0% mean=0.982 p10=0.980 p90=0.984
Iter 0001500: train nll 1.385, valid error 075.600%, best valid error 073.500%, avg grad norm   0.200, avg grad norm (post clip)   0.000, rho_Whh  0.95, Omega  0.00, alpha  0.000, steps in the past 0.000, valid nll 1.387
  [diag] log10|dL/dh_t| hist bins=60 range=(-12.00,-2.48) mean=-11.88 p50=-12.00 p05=-12.00 p95=-12.00
  [diag] sat-dist hist bins=60 sat<0.05=0.0% mean=0.983 p10=0.982 p90=0.985
Iter 0001520: train nll 1.387, valid error 075.600%, best valid error 073.500%, avg grad norm   0.203, avg grad norm (post clip)   0.000, rho_Whh  0.95, Omega  0.00, alpha  0.000, steps in the past 0.000, valid nll 1.387
  [diag] log10|dL/dh_t| hist bins=60 range=(-12.00,-2.48) mean=-11.88 p50=-12.00 p05=-12.00 p95=-12.00
  [diag] sat-dist hist bins=60 sat<0.05=0.0% mean=0.984 p10=0.983 p90=0.985
Iter 0001540: train nll 1.386, valid error 075.600%, best valid error 073.500%, avg grad norm   0.183, avg grad norm (post clip)   0.000, rho_Whh  0.95, Omega  0.00, alpha  0.000, steps in the past 0.000, valid nll 1.387
  [diag] log10|dL/dh_t| hist bins=60 range=(-12.00,-2.48) mean=-11.88 p50=-12.00 p05=-12.00 p95=-12.00
  [diag] sat-dist hist bins=60 sat<0.05=0.0% mean=0.985 p10=0.984 p90=0.986
Iter 0001560: train nll 1.386, valid error 075.600%, best valid error 073.500%, avg grad norm   0.182, avg grad norm (post clip)   0.000, rho_Whh  0.95, Omega  0.00, alpha  0.000, steps in the past 0.000, valid nll 1.387
  [diag] log10|dL/dh_t| hist bins=60 range=(-12.00,-2.48) mean=-11.88 p50=-12.00 p05=-12.00 p95=-12.00
  [diag] sat-dist hist bins=60 sat<0.05=0.0% mean=0.985 p10=0.984 p90=0.986
Iter 0001580: train nll 1.387, valid error 075.600%, best valid error 073.500%, avg grad norm   0.196, avg grad norm (post clip)   0.000, rho_Whh  0.95, Omega  0.00, alpha  0.000, steps in the past 0.000, valid nll 1.387
  [diag] log10|dL/dh_t| hist bins=60 range=(-12.00,-2.48) mean=-11.88 p50=-12.00 p05=-12.00 p95=-12.00
  [diag] sat-dist hist bins=60 sat<0.05=0.0% mean=0.984 p10=0.983 p90=0.986
Iter 0001600: train nll 1.386, valid error 075.600%, best valid error 073.500%, avg grad norm   0.201, avg grad norm (post clip)   0.000, rho_Whh  0.95, Omega  0.00, alpha  0.000, steps in the past 0.000, valid nll 1.387
  [diag] log10|dL/dh_t| hist bins=60 range=(-12.00,-2.48) mean=-11.88 p50=-12.00 p05=-12.00 p95=-12.00
  [diag] sat-dist hist bins=60 sat<0.05=0.0% mean=0.981 p10=0.979 p90=0.984
Iter 0001620: train nll 1.389, valid error 075.600%, best valid error 073.500%, avg grad norm   0.202, avg grad norm (post clip)   0.000, rho_Whh  0.95, Omega  0.00, alpha  0.000, steps in the past 0.000, valid nll 1.386
  [diag] log10|dL/dh_t| hist bins=60 range=(-12.00,-2.48) mean=-11.88 p50=-12.00 p05=-12.00 p95=-12.00
  [diag] sat-dist hist bins=60 sat<0.05=0.0% mean=0.980 p10=0.978 p90=0.984
Iter 0001640: train nll 1.388, valid error 075.600%, best valid error 073.500%, avg grad norm   0.225, avg grad norm (post clip)   0.000, rho_Whh  0.95, Omega  0.00, alpha  0.000, steps in the past 0.000, valid nll 1.386
  [diag] log10|dL/dh_t| hist bins=60 range=(-12.00,-2.48) mean=-11.88 p50=-12.00 p05=-12.00 p95=-12.00
  [diag] sat-dist hist bins=60 sat<0.05=0.0% mean=0.985 p10=0.984 p90=0.986
Iter 0001660: train nll 1.386, valid error 075.600%, best valid error 073.500%, avg grad norm   0.185, avg grad norm (post clip)   0.000, rho_Whh  0.95, Omega  0.00, alpha  0.000, steps in the past 0.000, valid nll 1.386
  [diag] log10|dL/dh_t| hist bins=60 range=(-12.00,-2.48) mean=-11.88 p50=-12.00 p05=-12.00 p95=-12.00
  [diag] sat-dist hist bins=60 sat<0.05=0.0% mean=0.985 p10=0.984 p90=0.986
Iter 0001680: train nll 1.385, valid error 075.600%, best valid error 073.500%, avg grad norm   0.169, avg grad norm (post clip)   0.000, rho_Whh  0.95, Omega  0.00, alpha  0.000, steps in the past 0.000, valid nll 1.386
  [diag] log10|dL/dh_t| hist bins=60 range=(-12.00,-2.48) mean=-11.88 p50=-12.00 p05=-12.00 p95=-12.00
  [diag] sat-dist hist bins=60 sat<0.05=0.0% mean=0.985 p10=0.984 p90=0.986
Iter 0001700: train nll 1.387, valid error 075.600%, best valid error 073.500%, avg grad norm   0.201, avg grad norm (post clip)   0.000, rho_Whh  0.95, Omega  0.00, alpha  0.000, steps in the past 0.000, valid nll 1.387
  [diag] log10|dL/dh_t| hist bins=60 range=(-12.00,-2.48) mean=-11.88 p50=-12.00 p05=-12.00 p95=-12.00
  [diag] sat-dist hist bins=60 sat<0.05=0.0% mean=0.985 p10=0.984 p90=0.986
Iter 0001720: train nll 1.386, valid error 075.600%, best valid error 073.500%, avg grad norm   0.182, avg grad norm (post clip)   0.000, rho_Whh  0.95, Omega  0.00, alpha  0.000, steps in the past 0.000, valid nll 1.387
  [diag] log10|dL/dh_t| hist bins=60 range=(-12.00,-2.48) mean=-11.88 p50=-12.00 p05=-12.00 p95=-12.00
  [diag] sat-dist hist bins=60 sat<0.05=0.0% mean=0.985 p10=0.984 p90=0.986
Iter 0001740: train nll 1.387, valid error 075.600%, best valid error 073.500%, avg grad norm   0.166, avg grad norm (post clip)   0.000, rho_Whh  0.95, Omega  0.00, alpha  0.000, steps in the past 0.000, valid nll 1.387
  [diag] log10|dL/dh_t| hist bins=60 range=(-12.00,-2.48) mean=-11.88 p50=-12.00 p05=-12.00 p95=-12.00
  [diag] sat-dist hist bins=60 sat<0.05=0.0% mean=0.985 p10=0.984 p90=0.986
Iter 0001760: train nll 1.387, valid error 075.600%, best valid error 073.500%, avg grad norm   0.198, avg grad norm (post clip)   0.000, rho_Whh  0.95, Omega  0.00, alpha  0.000, steps in the past 0.000, valid nll 1.387
  [diag] log10|dL/dh_t| hist bins=60 range=(-12.00,-2.48) mean=-11.88 p50=-12.00 p05=-12.00 p95=-12.00
  [diag] sat-dist hist bins=60 sat<0.05=0.0% mean=0.983 p10=0.982 p90=0.984
Iter 0001780: train nll 1.385, valid error 075.600%, best valid error 073.500%, avg grad norm   0.196, avg grad norm (post clip)   0.000, rho_Whh  0.95, Omega  0.00, alpha  0.000, steps in the past 0.000, valid nll 1.387
  [diag] log10|dL/dh_t| hist bins=60 range=(-12.00,-2.48) mean=-11.88 p50=-12.00 p05=-12.00 p95=-12.00
  [diag] sat-dist hist bins=60 sat<0.05=0.0% mean=0.985 p10=0.984 p90=0.986
Iter 0001800: train nll 1.387, valid error 075.600%, best valid error 073.500%, avg grad norm   0.199, avg grad norm (post clip)   0.000, rho_Whh  0.95, Omega  0.00, alpha  0.000, steps in the past 0.000, valid nll 1.386
  [diag] log10|dL/dh_t| hist bins=60 range=(-12.00,-2.48) mean=-11.88 p50=-12.00 p05=-12.00 p95=-12.00
  [diag] sat-dist hist bins=60 sat<0.05=0.0% mean=0.985 p10=0.984 p90=0.986
Iter 0001820: train nll 1.385, valid error 075.600%, best valid error 073.500%, avg grad norm   0.216, avg grad norm (post clip)   0.000, rho_Whh  0.95, Omega  0.00, alpha  0.000, steps in the past 0.000, valid nll 1.386
  [diag] log10|dL/dh_t| hist bins=60 range=(-12.00,-2.48) mean=-11.88 p50=-12.00 p05=-12.00 p95=-12.00
  [diag] sat-dist hist bins=60 sat<0.05=0.0% mean=0.985 p10=0.984 p90=0.986
Iter 0001840: train nll 1.386, valid error 075.600%, best valid error 073.500%, avg grad norm   0.192, avg grad norm (post clip)   0.000, rho_Whh  0.95, Omega  0.00, alpha  0.000, steps in the past 0.000, valid nll 1.386
  [diag] log10|dL/dh_t| hist bins=60 range=(-12.00,-2.48) mean=-11.88 p50=-12.00 p05=-12.00 p95=-12.00
  [diag] sat-dist hist bins=60 sat<0.05=0.0% mean=0.984 p10=0.983 p90=0.986
Iter 0001860: train nll 1.384, valid error 075.600%, best valid error 073.500%, avg grad norm   0.223, avg grad norm (post clip)   0.000, rho_Whh  0.95, Omega  0.00, alpha  0.000, steps in the past 0.000, valid nll 1.386
  [diag] log10|dL/dh_t| hist bins=60 range=(-12.00,-2.48) mean=-11.88 p50=-12.00 p05=-12.00 p95=-12.00
  [diag] sat-dist hist bins=60 sat<0.05=0.0% mean=0.979 p10=0.976 p90=0.984
Iter 0001880: train nll 1.388, valid error 075.600%, best valid error 073.500%, avg grad norm   0.204, avg grad norm (post clip)   0.000, rho_Whh  0.95, Omega  0.00, alpha  0.000, steps in the past 0.000, valid nll 1.386
  [diag] log10|dL/dh_t| hist bins=60 range=(-12.00,-2.47) mean=-11.88 p50=-12.00 p05=-12.00 p95=-12.00
  [diag] sat-dist hist bins=60 sat<0.05=0.0% mean=0.981 p10=0.980 p90=0.985
Iter 0001900: train nll 1.386, valid error 075.600%, best valid error 073.500%, avg grad norm   0.213, avg grad norm (post clip)   0.000, rho_Whh  0.95, Omega  0.00, alpha  0.000, steps in the past 0.000, valid nll 1.386
  [diag] log10|dL/dh_t| hist bins=60 range=(-12.00,-2.47) mean=-11.88 p50=-12.00 p05=-12.00 p95=-12.00
  [diag] sat-dist hist bins=60 sat<0.05=0.0% mean=0.961 p10=0.956 p90=0.974
Iter 0001920: train nll 1.386, valid error 073.500%, best valid error 073.500%, avg grad norm   0.275, avg grad norm (post clip)   0.000, rho_Whh  0.95, Omega  0.00, alpha  0.000, steps in the past 0.000, valid nll 1.386
  [diag] log10|dL/dh_t| hist bins=60 range=(-12.00,-2.47) mean=-11.88 p50=-12.00 p05=-12.00 p95=-12.00
  [diag] sat-dist hist bins=60 sat<0.05=0.0% mean=0.957 p10=0.952 p90=0.972
Iter 0001940: train nll 1.386, valid error 073.500%, best valid error 073.500%, avg grad norm   0.203, avg grad norm (post clip)   0.000, rho_Whh  0.95, Omega  0.00, alpha  0.000, steps in the past 0.000, valid nll 1.386
  [diag] log10|dL/dh_t| hist bins=60 range=(-12.00,-2.47) mean=-11.88 p50=-12.00 p05=-12.00 p95=-12.00
  [diag] sat-dist hist bins=60 sat<0.05=0.0% mean=0.954 p10=0.947 p90=0.970
Iter 0001960: train nll 1.386, valid error 073.500%, best valid error 073.500%, avg grad norm   0.224, avg grad norm (post clip)   0.000, rho_Whh  0.95, Omega  0.00, alpha  0.000, steps in the past 0.000, valid nll 1.386
  [diag] log10|dL/dh_t| hist bins=60 range=(-12.00,-2.46) mean=-11.88 p50=-12.00 p05=-12.00 p95=-12.00
  [diag] sat-dist hist bins=60 sat<0.05=0.0% mean=0.944 p10=0.936 p90=0.965
Iter 0001980: train nll 1.384, valid error 073.500%, best valid error 073.500%, avg grad norm   0.218, avg grad norm (post clip)   0.000, rho_Whh  0.95, Omega  0.00, alpha  0.000, steps in the past 0.000, valid nll 1.386
  [diag] log10|dL/dh_t| hist bins=60 range=(-12.00,-2.46) mean=-11.88 p50=-12.00 p05=-12.00 p95=-12.00
  [diag] sat-dist hist bins=60 sat<0.05=0.0% mean=0.942 p10=0.934 p90=0.964
Iter 0002000: train nll 1.385, valid error 073.500%, best valid error 073.500%, avg grad norm   0.250, avg grad norm (post clip)   0.000, rho_Whh  0.95, Omega  0.00, alpha  0.000, steps in the past 0.000, valid nll 1.386
  [diag] log10|dL/dh_t| hist bins=60 range=(-12.00,-2.46) mean=-11.88 p50=-12.00 p05=-12.00 p95=-12.00
  [diag] sat-dist hist bins=60 sat<0.05=0.0% mean=0.927 p10=0.915 p90=0.956
Iter 0002020: train nll 1.384, valid error 073.850%, best valid error 073.500%, avg grad norm   0.233, avg grad norm (post clip)   0.000, rho_Whh  0.95, Omega  0.00, alpha  0.000, steps in the past 0.000, valid nll 1.386
  [diag] log10|dL/dh_t| hist bins=60 range=(-12.00,-2.46) mean=-11.88 p50=-12.00 p05=-12.00 p95=-12.00
  [diag] sat-dist hist bins=60 sat<0.05=0.0% mean=0.952 p10=0.945 p90=0.970
Iter 0002040: train nll 1.388, valid error 073.500%, best valid error 073.500%, avg grad norm   0.252, avg grad norm (post clip)   0.000, rho_Whh  0.95, Omega  0.00, alpha  0.000, steps in the past 0.000, valid nll 1.386
  [diag] log10|dL/dh_t| hist bins=60 range=(-12.00,-2.47) mean=-11.88 p50=-12.00 p05=-12.00 p95=-12.00
  [diag] sat-dist hist bins=60 sat<0.05=0.0% mean=0.964 p10=0.959 p90=0.977
Iter 0002060: train nll 1.388, valid error 073.500%, best valid error 073.500%, avg grad norm   0.237, avg grad norm (post clip)   0.000, rho_Whh  0.95, Omega  0.00, alpha  0.000, steps in the past 0.000, valid nll 1.386
  [diag] log10|dL/dh_t| hist bins=60 range=(-12.00,-2.47) mean=-11.88 p50=-12.00 p05=-12.00 p95=-12.00
  [diag] sat-dist hist bins=60 sat<0.05=0.0% mean=0.969 p10=0.965 p90=0.980
Iter 0002080: train nll 1.386, valid error 073.500%, best valid error 073.500%, avg grad norm   0.194, avg grad norm (post clip)   0.000, rho_Whh  0.95, Omega  0.00, alpha  0.000, steps in the past 0.000, valid nll 1.386
  [diag] log10|dL/dh_t| hist bins=60 range=(-12.00,-2.47) mean=-11.88 p50=-12.00 p05=-12.00 p95=-12.00
  [diag] sat-dist hist bins=60 sat<0.05=0.0% mean=0.970 p10=0.965 p90=0.981
Iter 0002100: train nll 1.386, valid error 073.500%, best valid error 073.500%, avg grad norm   0.231, avg grad norm (post clip)   0.000, rho_Whh  0.95, Omega  0.00, alpha  0.000, steps in the past 0.000, valid nll 1.386
  [diag] log10|dL/dh_t| hist bins=60 range=(-12.00,-2.46) mean=-11.88 p50=-12.00 p05=-12.00 p95=-12.00
  [diag] sat-dist hist bins=60 sat<0.05=0.0% mean=0.985 p10=0.983 p90=0.986
Iter 0002120: train nll 1.387, valid error 073.350%, best valid error 073.500%, avg grad norm   0.257, avg grad norm (post clip)   0.000, rho_Whh  0.95, Omega  0.00, alpha  0.000, steps in the past 0.000, valid nll 1.386
  [diag] log10|dL/dh_t| hist bins=60 range=(-12.00,-2.46) mean=-11.88 p50=-12.00 p05=-12.00 p95=-12.00
  [diag] sat-dist hist bins=60 sat<0.05=0.0% mean=0.985 p10=0.984 p90=0.986
Iter 0002140: train nll 1.385, valid error 074.950%, best valid error 073.350%, avg grad norm   0.240, avg grad norm (post clip)   0.000, rho_Whh  0.95, Omega  0.00, alpha  0.000, steps in the past 0.000, valid nll 1.386
  [diag] log10|dL/dh_t| hist bins=60 range=(-12.00,-2.46) mean=-11.88 p50=-12.00 p05=-12.00 p95=-12.00
  [diag] sat-dist hist bins=60 sat<0.05=0.0% mean=0.966 p10=0.960 p90=0.978
Iter 0002160: train nll 1.386, valid error 075.600%, best valid error 073.350%, avg grad norm   0.251, avg grad norm (post clip)   0.000, rho_Whh  0.95, Omega  0.00, alpha  0.000, steps in the past 0.000, valid nll 1.386
  [diag] log10|dL/dh_t| hist bins=60 range=(-12.00,-2.46) mean=-11.88 p50=-12.00 p05=-12.00 p95=-12.00
  [diag] sat-dist hist bins=60 sat<0.05=0.0% mean=0.974 p10=0.971 p90=0.982
Iter 0002180: train nll 1.387, valid error 075.600%, best valid error 073.350%, avg grad norm   0.233, avg grad norm (post clip)   0.000, rho_Whh  0.95, Omega  0.00, alpha  0.000, steps in the past 0.000, valid nll 1.386
  [diag] log10|dL/dh_t| hist bins=60 range=(-12.00,-2.46) mean=-11.88 p50=-12.00 p05=-12.00 p95=-12.00
  [diag] sat-dist hist bins=60 sat<0.05=0.0% mean=0.976 p10=0.972 p90=0.983
Iter 0002200: train nll 1.386, valid error 075.600%, best valid error 073.350%, avg grad norm   0.211, avg grad norm (post clip)   0.000, rho_Whh  0.95, Omega  0.00, alpha  0.000, steps in the past 0.000, valid nll 1.386
  [diag] log10|dL/dh_t| hist bins=60 range=(-12.00,-2.46) mean=-11.88 p50=-12.00 p05=-12.00 p95=-12.00
  [diag] sat-dist hist bins=60 sat<0.05=0.0% mean=0.959 p10=0.950 p90=0.978
Iter 0002220: train nll 1.386, valid error 075.600%, best valid error 073.350%, avg grad norm   0.259, avg grad norm (post clip)   0.000, rho_Whh  0.95, Omega  0.00, alpha  0.000, steps in the past 0.000, valid nll 1.386
  [diag] log10|dL/dh_t| hist bins=60 range=(-12.00,-2.45) mean=-11.88 p50=-12.00 p05=-12.00 p95=-12.00
  [diag] sat-dist hist bins=60 sat<0.05=0.0% mean=0.978 p10=0.975 p90=0.985
Iter 0002240: train nll 1.385, valid error 071.050%, best valid error 073.350%, avg grad norm   0.270, avg grad norm (post clip)   0.000, rho_Whh  0.96, Omega  0.00, alpha  0.000, steps in the past 0.000, valid nll 1.385
  [diag] log10|dL/dh_t| hist bins=60 range=(-12.00,-2.45) mean=-11.88 p50=-12.00 p05=-12.00 p95=-12.00
  [diag] sat-dist hist bins=60 sat<0.05=0.0% mean=0.980 p10=0.977 p90=0.985
Iter 0002260: train nll 1.386, valid error 075.600%, best valid error 071.050%, avg grad norm   0.331, avg grad norm (post clip)   0.000, rho_Whh  0.97, Omega  0.00, alpha  0.000, steps in the past 0.000, valid nll 1.385
  [diag] log10|dL/dh_t| hist bins=60 range=(-12.00,-2.44) mean=-11.88 p50=-12.00 p05=-12.00 p95=-12.00
  [diag] sat-dist hist bins=60 sat<0.05=0.0% mean=0.912 p10=0.881 p90=0.970
Iter 0002280: train nll 1.384, valid error 074.850%, best valid error 071.050%, avg grad norm   0.293, avg grad norm (post clip)   0.000, rho_Whh  0.99, Omega  0.00, alpha  0.000, steps in the past 0.000, valid nll 1.385
  [diag] log10|dL/dh_t| hist bins=60 range=(-12.00,-2.44) mean=-11.88 p50=-12.00 p05=-12.00 p95=-12.00
  [diag] sat-dist hist bins=60 sat<0.05=0.0% mean=0.901 p10=0.865 p90=0.969
Iter 0002300: train nll 1.384, valid error 074.850%, best valid error 071.050%, avg grad norm   0.488, avg grad norm (post clip)   0.000, rho_Whh  1.00, Omega  0.00, alpha  0.000, steps in the past 0.000, valid nll 1.385
  [diag] log10|dL/dh_t| hist bins=60 range=(-12.00,-2.43) mean=-11.88 p50=-12.00 p05=-12.00 p95=-12.00
  [diag] sat-dist hist bins=60 sat<0.05=0.0% mean=0.880 p10=0.840 p90=0.964
Iter 0002320: train nll 1.383, valid error 074.700%, best valid error 071.050%, avg grad norm   0.486, avg grad norm (post clip)   0.000, rho_Whh  1.01, Omega  0.00, alpha  0.000, steps in the past 0.000, valid nll 1.385
  [diag] log10|dL/dh_t| hist bins=60 range=(-12.00,-2.43) mean=-11.88 p50=-12.00 p05=-12.00 p95=-12.00
  [diag] sat-dist hist bins=60 sat<0.05=0.0% mean=0.883 p10=0.848 p90=0.961
Iter 0002340: train nll 1.386, valid error 074.850%, best valid error 071.050%, avg grad norm   0.723, avg grad norm (post clip)   0.000, rho_Whh  1.01, Omega  0.00, alpha  0.000, steps in the past 0.000, valid nll 1.386
  [diag] log10|dL/dh_t| hist bins=60 range=(-12.00,-2.43) mean=-11.88 p50=-12.00 p05=-12.00 p95=-12.00
  [diag] sat-dist hist bins=60 sat<0.05=0.0% mean=0.902 p10=0.857 p90=0.973
Iter 0002360: train nll 1.384, valid error 075.600%, best valid error 071.050%, avg grad norm   0.604, avg grad norm (post clip)   0.000, rho_Whh  1.02, Omega  0.00, alpha  0.000, steps in the past 0.000, valid nll 1.386
  [diag] log10|dL/dh_t| hist bins=60 range=(-12.00,-2.43) mean=-11.88 p50=-12.00 p05=-12.00 p95=-12.00
  [diag] sat-dist hist bins=60 sat<0.05=0.0% mean=0.778 p10=0.749 p90=0.871
Iter 0002380: train nll 1.382, valid error 075.600%, best valid error 071.050%, avg grad norm   0.880, avg grad norm (post clip)   0.000, rho_Whh  1.04, Omega  0.00, alpha  0.000, steps in the past 0.000, valid nll 1.393
  [diag] log10|dL/dh_t| hist bins=60 range=(-12.00,-2.43) mean=-11.88 p50=-12.00 p05=-12.00 p95=-12.00
  [diag] sat-dist hist bins=60 sat<0.05=0.0% mean=0.789 p10=0.761 p90=0.880
Iter 0002400: train nll 1.387, valid error 075.600%, best valid error 071.050%, avg grad norm   0.492, avg grad norm (post clip)   0.000, rho_Whh  1.03, Omega  0.00, alpha  0.000, steps in the past 0.000, valid nll 1.391
  [diag] log10|dL/dh_t| hist bins=60 range=(-12.00,-2.43) mean=-11.88 p50=-12.00 p05=-12.00 p95=-12.00
  [diag] sat-dist hist bins=60 sat<0.05=0.0% mean=0.794 p10=0.766 p90=0.884
Iter 0002420: train nll 1.384, valid error 075.600%, best valid error 071.050%, avg grad norm   0.389, avg grad norm (post clip)   0.000, rho_Whh  1.03, Omega  0.00, alpha  0.000, steps in the past 0.000, valid nll 1.391
  [diag] log10|dL/dh_t| hist bins=60 range=(-12.00,-2.45) mean=-11.88 p50=-12.00 p05=-12.00 p95=-12.00
  [diag] sat-dist hist bins=60 sat<0.05=0.0% mean=0.818 p10=0.792 p90=0.900
Iter 0002440: train nll 1.391, valid error 075.600%, best valid error 071.050%, avg grad norm   0.451, avg grad norm (post clip)   0.000, rho_Whh  1.01, Omega  0.00, alpha  0.000, steps in the past 0.000, valid nll 1.388
  [diag] log10|dL/dh_t| hist bins=60 range=(-12.00,-2.47) mean=-11.88 p50=-12.00 p05=-12.00 p95=-12.00
  [diag] sat-dist hist bins=60 sat<0.05=0.0% mean=0.836 p10=0.811 p90=0.911
Iter 0002460: train nll 1.388, valid error 075.600%, best valid error 071.050%, avg grad norm   0.408, avg grad norm (post clip)   0.000, rho_Whh  1.00, Omega  0.00, alpha  0.000, steps in the past 0.000, valid nll 1.387
  [diag] log10|dL/dh_t| hist bins=60 range=(-12.00,-2.48) mean=-11.88 p50=-12.00 p05=-12.00 p95=-12.00
  [diag] sat-dist hist bins=60 sat<0.05=0.0% mean=0.863 p10=0.839 p90=0.929
Iter 0002480: train nll 1.389, valid error 073.500%, best valid error 071.050%, avg grad norm   0.374, avg grad norm (post clip)   0.000, rho_Whh  0.99, Omega  0.00, alpha  0.000, steps in the past 0.000, valid nll 1.386
  [diag] log10|dL/dh_t| hist bins=60 range=(-12.00,-2.47) mean=-11.88 p50=-12.00 p05=-12.00 p95=-12.00
  [diag] sat-dist hist bins=60 sat<0.05=0.0% mean=0.856 p10=0.831 p90=0.927
Iter 0002500: train nll 1.387, valid error 073.900%, best valid error 071.050%, avg grad norm   0.362, avg grad norm (post clip)   0.000, rho_Whh  0.99, Omega  0.00, alpha  0.000, steps in the past 0.000, valid nll 1.386
  [diag] log10|dL/dh_t| hist bins=60 range=(-12.00,-2.47) mean=-11.88 p50=-12.00 p05=-12.00 p95=-12.00
  [diag] sat-dist hist bins=60 sat<0.05=0.0% mean=0.862 p10=0.838 p90=0.931
Iter 0002520: train nll 1.386, valid error 073.500%, best valid error 071.050%, avg grad norm   0.324, avg grad norm (post clip)   0.000, rho_Whh  0.99, Omega  0.00, alpha  0.000, steps in the past 0.000, valid nll 1.386
  [diag] log10|dL/dh_t| hist bins=60 range=(-12.00,-2.46) mean=-11.88 p50=-12.00 p05=-12.00 p95=-12.00
  [diag] sat-dist hist bins=60 sat<0.05=0.0% mean=0.869 p10=0.844 p90=0.937
Iter 0002540: train nll 1.386, valid error 076.050%, best valid error 071.050%, avg grad norm   0.309, avg grad norm (post clip)   0.000, rho_Whh  0.99, Omega  0.00, alpha  0.000, steps in the past 0.000, valid nll 1.387
  [diag] log10|dL/dh_t| hist bins=60 range=(-12.00,-2.47) mean=-11.88 p50=-12.00 p05=-12.00 p95=-12.00
  [diag] sat-dist hist bins=60 sat<0.05=0.0% mean=0.911 p10=0.890 p90=0.961
Iter 0002560: train nll 1.386, valid error 073.500%, best valid error 071.050%, avg grad norm   0.314, avg grad norm (post clip)   0.000, rho_Whh  0.98, Omega  0.00, alpha  0.000, steps in the past 0.000, valid nll 1.385
  [diag] log10|dL/dh_t| hist bins=60 range=(-12.00,-2.47) mean=-11.88 p50=-12.00 p05=-12.00 p95=-12.00
  [diag] sat-dist hist bins=60 sat<0.05=0.0% mean=0.937 p10=0.916 p90=0.975
Iter 0002580: train nll 1.385, valid error 073.500%, best valid error 071.050%, avg grad norm   0.293, avg grad norm (post clip)   0.000, rho_Whh  0.98, Omega  0.00, alpha  0.000, steps in the past 0.000, valid nll 1.385
  [diag] log10|dL/dh_t| hist bins=60 range=(-12.00,-2.46) mean=-11.88 p50=-12.00 p05=-12.00 p95=-12.00
  [diag] sat-dist hist bins=60 sat<0.05=0.0% mean=0.955 p10=0.930 p90=0.984
Iter 0002600: train nll 1.383, valid error 074.850%, best valid error 071.050%, avg grad norm   0.375, avg grad norm (post clip)   0.000, rho_Whh  1.00, Omega  0.00, alpha  0.000, steps in the past 0.000, valid nll 1.383
  [diag] log10|dL/dh_t| hist bins=60 range=(-12.00,-2.44) mean=-11.88 p50=-12.00 p05=-12.00 p95=-12.00
  [diag] sat-dist hist bins=60 sat<0.05=0.0% mean=0.832 p10=0.782 p90=0.956
Iter 0002620: train nll 1.379, valid error 074.850%, best valid error 071.050%, avg grad norm   0.811, avg grad norm (post clip)   0.000, rho_Whh  1.05, Omega  0.00, alpha  0.000, steps in the past 0.000, valid nll 1.387
  [diag] log10|dL/dh_t| hist bins=60 range=(-12.00,-2.45) mean=-11.88 p50=-12.00 p05=-12.00 p95=-12.00
  [diag] sat-dist hist bins=60 sat<0.05=0.0% mean=0.843 p10=0.787 p90=0.965
Iter 0002640: train nll 1.381, valid error 075.600%, best valid error 071.050%, avg grad norm   0.497, avg grad norm (post clip)   0.000, rho_Whh  1.06, Omega  0.00, alpha  0.000, steps in the past 0.000, valid nll 1.386
  [diag] log10|dL/dh_t| hist bins=60 range=(-12.00,-2.45) mean=-11.88 p50=-12.00 p05=-12.00 p95=-12.00
  [diag] sat-dist hist bins=60 sat<0.05=0.0% mean=0.822 p10=0.782 p90=0.938
Iter 0002660: train nll 1.390, valid error 074.850%, best valid error 071.050%, avg grad norm   0.659, avg grad norm (post clip)   0.000, rho_Whh  1.04, Omega  0.00, alpha  0.000, steps in the past 0.000, valid nll 1.387
  [diag] log10|dL/dh_t| hist bins=60 range=(-12.00,-2.45) mean=-11.88 p50=-12.00 p05=-12.00 p95=-12.00
  [diag] sat-dist hist bins=60 sat<0.05=0.0% mean=0.849 p10=0.804 p90=0.958
Iter 0002680: train nll 1.388, valid error 074.850%, best valid error 071.050%, avg grad norm   0.425, avg grad norm (post clip)   0.000, rho_Whh  1.04, Omega  0.00, alpha  0.000, steps in the past 0.000, valid nll 1.386
  [diag] log10|dL/dh_t| hist bins=60 range=(-12.00,-2.45) mean=-11.88 p50=-12.00 p05=-12.00 p95=-12.00
  [diag] sat-dist hist bins=60 sat<0.05=0.0% mean=0.842 p10=0.796 p90=0.956
Iter 0002700: train nll 1.384, valid error 074.850%, best valid error 071.050%, avg grad norm   0.703, avg grad norm (post clip)   0.000, rho_Whh  1.04, Omega  0.00, alpha  0.000, steps in the past 0.000, valid nll 1.387
  [diag] log10|dL/dh_t| hist bins=60 range=(-12.00,-2.43) mean=-11.88 p50=-12.00 p05=-12.00 p95=-12.00
  [diag] sat-dist hist bins=60 sat<0.05=0.0% mean=0.793 p10=0.758 p90=0.909
Iter 0002720: train nll 1.378, valid error 074.850%, best valid error 071.050%, avg grad norm   0.695, avg grad norm (post clip)   0.000, rho_Whh  1.05, Omega  0.00, alpha  0.000, steps in the past 0.000, valid nll 1.390
  [diag] log10|dL/dh_t| hist bins=60 range=(-12.00,-2.44) mean=-11.88 p50=-12.00 p05=-12.00 p95=-12.00
  [diag] sat-dist hist bins=60 sat<0.05=0.0% mean=0.814 p10=0.776 p90=0.929
Iter 0002740: train nll 1.385, valid error 074.850%, best valid error 071.050%, avg grad norm   0.438, avg grad norm (post clip)   0.000, rho_Whh  1.04, Omega  0.00, alpha  0.000, steps in the past 0.000, valid nll 1.389
  [diag] log10|dL/dh_t| hist bins=60 range=(-12.00,-2.44) mean=-11.88 p50=-12.00 p05=-12.00 p95=-12.00
  [diag] sat-dist hist bins=60 sat<0.05=0.0% mean=0.876 p10=0.829 p90=0.967
Iter 0002760: train nll 1.388, valid error 074.850%, best valid error 071.050%, avg grad norm   0.753, avg grad norm (post clip)   0.000, rho_Whh  1.03, Omega  0.00, alpha  0.000, steps in the past 0.000, valid nll 1.385
  [diag] log10|dL/dh_t| hist bins=60 range=(-12.00,-2.42) mean=-11.88 p50=-12.00 p05=-12.00 p95=-12.00
  [diag] sat-dist hist bins=60 sat<0.05=0.0% mean=0.729 p10=0.698 p90=0.827
Iter 0002780: train nll 1.377, valid error 075.600%, best valid error 071.050%, avg grad norm   1.231, avg grad norm (post clip)   0.000, rho_Whh  1.08, Omega  0.00, alpha  0.000, steps in the past 0.000, valid nll 1.391
  [diag] log10|dL/dh_t| hist bins=60 range=(-12.00,-2.43) mean=-11.88 p50=-12.00 p05=-12.00 p95=-12.00
  [diag] sat-dist hist bins=60 sat<0.05=0.0% mean=0.733 p10=0.703 p90=0.831
Iter 0002800: train nll 1.386, valid error 075.600%, best valid error 071.050%, avg grad norm   0.552, avg grad norm (post clip)   0.000, rho_Whh  1.08, Omega  0.00, alpha  0.000, steps in the past 0.000, valid nll 1.391
  [diag] log10|dL/dh_t| hist bins=60 range=(-12.00,-2.44) mean=-11.88 p50=-12.00 p05=-12.00 p95=-12.00
  [diag] sat-dist hist bins=60 sat<0.05=0.0% mean=0.741 p10=0.711 p90=0.838
Iter 0002820: train nll 1.387, valid error 075.600%, best valid error 071.050%, avg grad norm   0.520, avg grad norm (post clip)   0.000, rho_Whh  1.07, Omega  0.00, alpha  0.000, steps in the past 0.000, valid nll 1.390
  [diag] log10|dL/dh_t| hist bins=60 range=(-12.00,-2.45) mean=-11.88 p50=-12.00 p05=-12.00 p95=-12.00
  [diag] sat-dist hist bins=60 sat<0.05=0.0% mean=0.750 p10=0.721 p90=0.847
Iter 0002840: train nll 1.389, valid error 075.600%, best valid error 071.050%, avg grad norm   0.493, avg grad norm (post clip)   0.000, rho_Whh  1.07, Omega  0.00, alpha  0.000, steps in the past 0.000, valid nll 1.388
  [diag] log10|dL/dh_t| hist bins=60 range=(-12.00,-2.46) mean=-11.88 p50=-12.00 p05=-12.00 p95=-12.00
  [diag] sat-dist hist bins=60 sat<0.05=0.0% mean=0.755 p10=0.725 p90=0.851
Iter 0002860: train nll 1.386, valid error 073.500%, best valid error 071.050%, avg grad norm   0.471, avg grad norm (post clip)   0.000, rho_Whh  1.06, Omega  0.00, alpha  0.000, steps in the past 0.000, valid nll 1.386
  [diag] log10|dL/dh_t| hist bins=60 range=(-12.00,-2.46) mean=-11.88 p50=-12.00 p05=-12.00 p95=-12.00
  [diag] sat-dist hist bins=60 sat<0.05=0.0% mean=0.760 p10=0.730 p90=0.855
Iter 0002880: train nll 1.388, valid error 073.500%, best valid error 071.050%, avg grad norm   0.448, avg grad norm (post clip)   0.000, rho_Whh  1.06, Omega  0.00, alpha  0.000, steps in the past 0.000, valid nll 1.386
  [diag] log10|dL/dh_t| hist bins=60 range=(-12.00,-2.47) mean=-11.88 p50=-12.00 p05=-12.00 p95=-12.00
  [diag] sat-dist hist bins=60 sat<0.05=0.0% mean=0.765 p10=0.735 p90=0.860
Iter 0002900: train nll 1.387, valid error 073.500%, best valid error 071.050%, avg grad norm   0.506, avg grad norm (post clip)   0.000, rho_Whh  1.05, Omega  0.00, alpha  0.000, steps in the past 0.000, valid nll 1.386
  [diag] log10|dL/dh_t| hist bins=60 range=(-12.00,-2.47) mean=-11.88 p50=-12.00 p05=-12.00 p95=-12.00
  [diag] sat-dist hist bins=60 sat<0.05=0.0% mean=0.767 p10=0.738 p90=0.861
Iter 0002920: train nll 1.387, valid error 073.500%, best valid error 071.050%, avg grad norm   0.462, avg grad norm (post clip)   0.000, rho_Whh  1.05, Omega  0.00, alpha  0.000, steps in the past 0.000, valid nll 1.387
  [diag] log10|dL/dh_t| hist bins=60 range=(-12.00,-2.47) mean=-11.88 p50=-12.00 p05=-12.00 p95=-12.00
  [diag] sat-dist hist bins=60 sat<0.05=0.0% mean=0.769 p10=0.741 p90=0.863
Iter 0002940: train nll 1.387, valid error 073.500%, best valid error 071.050%, avg grad norm   0.410, avg grad norm (post clip)   0.000, rho_Whh  1.05, Omega  0.00, alpha  0.000, steps in the past 0.000, valid nll 1.387
  [diag] log10|dL/dh_t| hist bins=60 range=(-12.00,-2.47) mean=-11.88 p50=-12.00 p05=-12.00 p95=-12.00
  [diag] sat-dist hist bins=60 sat<0.05=0.0% mean=0.775 p10=0.746 p90=0.868
Iter 0002960: train nll 1.388, valid error 073.500%, best valid error 071.050%, avg grad norm   0.459, avg grad norm (post clip)   0.000, rho_Whh  1.05, Omega  0.00, alpha  0.000, steps in the past 0.000, valid nll 1.386
  [diag] log10|dL/dh_t| hist bins=60 range=(-12.00,-2.46) mean=-11.88 p50=-12.00 p05=-12.00 p95=-12.00
  [diag] sat-dist hist bins=60 sat<0.05=0.0% mean=0.777 p10=0.748 p90=0.870
Iter 0002980: train nll 1.386, valid error 073.500%, best valid error 071.050%, avg grad norm   0.475, avg grad norm (post clip)   0.000, rho_Whh  1.05, Omega  0.00, alpha  0.000, steps in the past 0.000, valid nll 1.386
Done. solved=0 steps=2999 best_valid_error=71.0500%
=== DONE  EC_p4_smart_a0_noclip_lr001 ===
=== START EC_p5_smart_a0_cut02_lr0005 ===
Starting to train (PyTorch).
  [diag] log10|dL/dh_t| hist bins=60 range=(-12.00,-2.48) mean=-11.88 p50=-12.00 p05=-12.00 p95=-12.00
  [diag] sat-dist hist bins=60 sat<0.05=0.0% mean=0.983 p10=0.982 p90=0.984
Iter 0000020: train nll 1.456, valid error 075.350%, best valid error 100.000%, avg grad norm   0.195, avg grad norm (post clip)   0.179, rho_Whh  0.95, Omega  0.00, alpha  0.000, steps in the past 0.000, valid nll 1.386
  [diag] log10|dL/dh_t| hist bins=60 range=(-12.00,-2.48) mean=-11.88 p50=-12.00 p05=-12.00 p95=-12.00
  [diag] sat-dist hist bins=60 sat<0.05=0.0% mean=0.983 p10=0.982 p90=0.984
Iter 0000040: train nll 1.386, valid error 073.300%, best valid error 075.350%, avg grad norm   0.181, avg grad norm (post clip)   0.164, rho_Whh  0.95, Omega  0.00, alpha  0.000, steps in the past 0.000, valid nll 1.386
  [diag] log10|dL/dh_t| hist bins=60 range=(-12.00,-2.48) mean=-11.88 p50=-12.00 p05=-12.00 p95=-12.00
  [diag] sat-dist hist bins=60 sat<0.05=0.0% mean=0.983 p10=0.982 p90=0.984
Iter 0000060: train nll 1.386, valid error 073.500%, best valid error 073.300%, avg grad norm   0.159, avg grad norm (post clip)   0.159, rho_Whh  0.95, Omega  0.00, alpha  0.000, steps in the past 0.000, valid nll 1.386
  [diag] log10|dL/dh_t| hist bins=60 range=(-12.00,-2.48) mean=-11.88 p50=-12.00 p05=-12.00 p95=-12.00
  [diag] sat-dist hist bins=60 sat<0.05=0.0% mean=0.982 p10=0.981 p90=0.984
Iter 0000080: train nll 1.386, valid error 073.500%, best valid error 073.300%, avg grad norm   0.194, avg grad norm (post clip)   0.177, rho_Whh  0.95, Omega  0.00, alpha  0.000, steps in the past 0.000, valid nll 1.386
  [diag] log10|dL/dh_t| hist bins=60 range=(-12.00,-2.48) mean=-11.88 p50=-12.00 p05=-12.00 p95=-12.00
  [diag] sat-dist hist bins=60 sat<0.05=0.0% mean=0.982 p10=0.981 p90=0.984
Iter 0000100: train nll 1.387, valid error 073.750%, best valid error 073.300%, avg grad norm   0.168, avg grad norm (post clip)   0.166, rho_Whh  0.95, Omega  0.00, alpha  0.000, steps in the past 0.000, valid nll 1.386
  [diag] log10|dL/dh_t| hist bins=60 range=(-12.00,-2.49) mean=-11.88 p50=-12.00 p05=-12.00 p95=-12.00
  [diag] sat-dist hist bins=60 sat<0.05=0.0% mean=0.982 p10=0.981 p90=0.984
Iter 0000120: train nll 1.387, valid error 074.200%, best valid error 073.300%, avg grad norm   0.180, avg grad norm (post clip)   0.170, rho_Whh  0.95, Omega  0.00, alpha  0.000, steps in the past 0.000, valid nll 1.386
  [diag] log10|dL/dh_t| hist bins=60 range=(-12.00,-2.49) mean=-11.88 p50=-12.00 p05=-12.00 p95=-12.00
  [diag] sat-dist hist bins=60 sat<0.05=0.0% mean=0.982 p10=0.981 p90=0.984
Iter 0000140: train nll 1.386, valid error 074.700%, best valid error 073.300%, avg grad norm   0.191, avg grad norm (post clip)   0.167, rho_Whh  0.95, Omega  0.00, alpha  0.000, steps in the past 0.000, valid nll 1.386
  [diag] log10|dL/dh_t| hist bins=60 range=(-12.00,-2.48) mean=-11.88 p50=-12.00 p05=-12.00 p95=-12.00
  [diag] sat-dist hist bins=60 sat<0.05=0.0% mean=0.982 p10=0.981 p90=0.984
Iter 0000160: train nll 1.386, valid error 073.400%, best valid error 073.300%, avg grad norm   0.182, avg grad norm (post clip)   0.159, rho_Whh  0.95, Omega  0.00, alpha  0.000, steps in the past 0.000, valid nll 1.386
  [diag] log10|dL/dh_t| hist bins=60 range=(-12.00,-2.49) mean=-11.88 p50=-12.00 p05=-12.00 p95=-12.00
  [diag] sat-dist hist bins=60 sat<0.05=0.0% mean=0.982 p10=0.981 p90=0.983
Iter 0000180: train nll 1.386, valid error 073.450%, best valid error 073.300%, avg grad norm   0.208, avg grad norm (post clip)   0.182, rho_Whh  0.95, Omega  0.00, alpha  0.000, steps in the past 0.000, valid nll 1.386
  [diag] log10|dL/dh_t| hist bins=60 range=(-12.00,-2.49) mean=-11.88 p50=-12.00 p05=-12.00 p95=-12.00
  [diag] sat-dist hist bins=60 sat<0.05=0.0% mean=0.981 p10=0.980 p90=0.983
Iter 0000200: train nll 1.386, valid error 073.500%, best valid error 073.300%, avg grad norm   0.171, avg grad norm (post clip)   0.163, rho_Whh  0.95, Omega  0.00, alpha  0.000, steps in the past 0.000, valid nll 1.386
  [diag] log10|dL/dh_t| hist bins=60 range=(-12.00,-2.48) mean=-11.88 p50=-12.00 p05=-12.00 p95=-12.00
  [diag] sat-dist hist bins=60 sat<0.05=0.0% mean=0.981 p10=0.979 p90=0.983
Iter 0000220: train nll 1.386, valid error 073.450%, best valid error 073.300%, avg grad norm   0.194, avg grad norm (post clip)   0.182, rho_Whh  0.95, Omega  0.00, alpha  0.000, steps in the past 0.000, valid nll 1.386
  [diag] log10|dL/dh_t| hist bins=60 range=(-12.00,-2.48) mean=-11.88 p50=-12.00 p05=-12.00 p95=-12.00
  [diag] sat-dist hist bins=60 sat<0.05=0.0% mean=0.981 p10=0.979 p90=0.983
Iter 0000240: train nll 1.386, valid error 074.300%, best valid error 073.300%, avg grad norm   0.181, avg grad norm (post clip)   0.173, rho_Whh  0.95, Omega  0.00, alpha  0.000, steps in the past 0.000, valid nll 1.386
  [diag] log10|dL/dh_t| hist bins=60 range=(-12.00,-2.48) mean=-11.88 p50=-12.00 p05=-12.00 p95=-12.00
  [diag] sat-dist hist bins=60 sat<0.05=0.0% mean=0.980 p10=0.979 p90=0.982
Iter 0000260: train nll 1.386, valid error 074.250%, best valid error 073.300%, avg grad norm   0.183, avg grad norm (post clip)   0.169, rho_Whh  0.95, Omega  0.00, alpha  0.000, steps in the past 0.000, valid nll 1.386
  [diag] log10|dL/dh_t| hist bins=60 range=(-12.00,-2.48) mean=-11.88 p50=-12.00 p05=-12.00 p95=-12.00
  [diag] sat-dist hist bins=60 sat<0.05=0.0% mean=0.981 p10=0.980 p90=0.983
Iter 0000280: train nll 1.387, valid error 074.600%, best valid error 073.300%, avg grad norm   0.164, avg grad norm (post clip)   0.149, rho_Whh  0.95, Omega  0.00, alpha  0.000, steps in the past 0.000, valid nll 1.386
  [diag] log10|dL/dh_t| hist bins=60 range=(-12.00,-2.48) mean=-11.88 p50=-12.00 p05=-12.00 p95=-12.00
  [diag] sat-dist hist bins=60 sat<0.05=0.0% mean=0.982 p10=0.981 p90=0.983
Iter 0000300: train nll 1.387, valid error 073.500%, best valid error 073.300%, avg grad norm   0.209, avg grad norm (post clip)   0.189, rho_Whh  0.95, Omega  0.00, alpha  0.000, steps in the past 0.000, valid nll 1.386
  [diag] log10|dL/dh_t| hist bins=60 range=(-12.00,-2.48) mean=-11.88 p50=-12.00 p05=-12.00 p95=-12.00
  [diag] sat-dist hist bins=60 sat<0.05=0.0% mean=0.981 p10=0.980 p90=0.983
Iter 0000320: train nll 1.386, valid error 073.800%, best valid error 073.300%, avg grad norm   0.178, avg grad norm (post clip)   0.173, rho_Whh  0.95, Omega  0.00, alpha  0.000, steps in the past 0.000, valid nll 1.386
  [diag] log10|dL/dh_t| hist bins=60 range=(-12.00,-2.49) mean=-11.88 p50=-12.00 p05=-12.00 p95=-12.00
  [diag] sat-dist hist bins=60 sat<0.05=0.0% mean=0.981 p10=0.980 p90=0.983
Iter 0000340: train nll 1.386, valid error 073.300%, best valid error 073.300%, avg grad norm   0.175, avg grad norm (post clip)   0.168, rho_Whh  0.95, Omega  0.00, alpha  0.000, steps in the past 0.000, valid nll 1.386
  [diag] log10|dL/dh_t| hist bins=60 range=(-12.00,-2.49) mean=-11.88 p50=-12.00 p05=-12.00 p95=-12.00
  [diag] sat-dist hist bins=60 sat<0.05=0.0% mean=0.981 p10=0.980 p90=0.983
Iter 0000360: train nll 1.386, valid error 073.500%, best valid error 073.300%, avg grad norm   0.183, avg grad norm (post clip)   0.173, rho_Whh  0.95, Omega  0.00, alpha  0.000, steps in the past 0.000, valid nll 1.386
  [diag] log10|dL/dh_t| hist bins=60 range=(-12.00,-2.48) mean=-11.88 p50=-12.00 p05=-12.00 p95=-12.00
  [diag] sat-dist hist bins=60 sat<0.05=0.0% mean=0.982 p10=0.981 p90=0.983
Iter 0000380: train nll 1.387, valid error 073.500%, best valid error 073.300%, avg grad norm   0.174, avg grad norm (post clip)   0.175, rho_Whh  0.95, Omega  0.00, alpha  0.000, steps in the past 0.000, valid nll 1.386
  [diag] log10|dL/dh_t| hist bins=60 range=(-12.00,-2.48) mean=-11.88 p50=-12.00 p05=-12.00 p95=-12.00
  [diag] sat-dist hist bins=60 sat<0.05=0.0% mean=0.983 p10=0.981 p90=0.984
Iter 0000400: train nll 1.386, valid error 073.450%, best valid error 073.300%, avg grad norm   0.186, avg grad norm (post clip)   0.175, rho_Whh  0.95, Omega  0.00, alpha  0.000, steps in the past 0.000, valid nll 1.386
  [diag] log10|dL/dh_t| hist bins=60 range=(-12.00,-2.48) mean=-11.88 p50=-12.00 p05=-12.00 p95=-12.00
  [diag] sat-dist hist bins=60 sat<0.05=0.0% mean=0.983 p10=0.982 p90=0.984
Iter 0000420: train nll 1.387, valid error 073.200%, best valid error 073.300%, avg grad norm   0.190, avg grad norm (post clip)   0.170, rho_Whh  0.95, Omega  0.00, alpha  0.000, steps in the past 0.000, valid nll 1.386
  [diag] log10|dL/dh_t| hist bins=60 range=(-12.00,-2.48) mean=-11.88 p50=-12.00 p05=-12.00 p95=-12.00
  [diag] sat-dist hist bins=60 sat<0.05=0.0% mean=0.983 p10=0.982 p90=0.984
Iter 0000440: train nll 1.387, valid error 073.250%, best valid error 073.200%, avg grad norm   0.179, avg grad norm (post clip)   0.171, rho_Whh  0.95, Omega  0.00, alpha  0.000, steps in the past 0.000, valid nll 1.386
  [diag] log10|dL/dh_t| hist bins=60 range=(-12.00,-2.48) mean=-11.88 p50=-12.00 p05=-12.00 p95=-12.00
  [diag] sat-dist hist bins=60 sat<0.05=0.0% mean=0.983 p10=0.982 p90=0.985
Iter 0000460: train nll 1.386, valid error 075.250%, best valid error 073.200%, avg grad norm   0.172, avg grad norm (post clip)   0.168, rho_Whh  0.95, Omega  0.00, alpha  0.000, steps in the past 0.000, valid nll 1.386
  [diag] log10|dL/dh_t| hist bins=60 range=(-12.00,-2.49) mean=-11.88 p50=-12.00 p05=-12.00 p95=-12.00
  [diag] sat-dist hist bins=60 sat<0.05=0.0% mean=0.983 p10=0.982 p90=0.984
Iter 0000480: train nll 1.387, valid error 075.850%, best valid error 073.200%, avg grad norm   0.178, avg grad norm (post clip)   0.166, rho_Whh  0.95, Omega  0.00, alpha  0.000, steps in the past 0.000, valid nll 1.386
  [diag] log10|dL/dh_t| hist bins=60 range=(-12.00,-2.49) mean=-11.88 p50=-12.00 p05=-12.00 p95=-12.00
  [diag] sat-dist hist bins=60 sat<0.05=0.0% mean=0.983 p10=0.982 p90=0.985
Iter 0000500: train nll 1.386, valid error 074.300%, best valid error 073.200%, avg grad norm   0.182, avg grad norm (post clip)   0.175, rho_Whh  0.95, Omega  0.00, alpha  0.000, steps in the past 0.000, valid nll 1.386
  [diag] log10|dL/dh_t| hist bins=60 range=(-12.00,-2.48) mean=-11.88 p50=-12.00 p05=-12.00 p95=-12.00
  [diag] sat-dist hist bins=60 sat<0.05=0.0% mean=0.983 p10=0.982 p90=0.984
Iter 0000520: train nll 1.386, valid error 074.950%, best valid error 073.200%, avg grad norm   0.196, avg grad norm (post clip)   0.187, rho_Whh  0.95, Omega  0.00, alpha  0.000, steps in the past 0.000, valid nll 1.386
  [diag] log10|dL/dh_t| hist bins=60 range=(-12.00,-2.48) mean=-11.88 p50=-12.00 p05=-12.00 p95=-12.00
  [diag] sat-dist hist bins=60 sat<0.05=0.0% mean=0.983 p10=0.982 p90=0.984
Iter 0000540: train nll 1.386, valid error 076.000%, best valid error 073.200%, avg grad norm   0.192, avg grad norm (post clip)   0.180, rho_Whh  0.95, Omega  0.00, alpha  0.000, steps in the past 0.000, valid nll 1.386
  [diag] log10|dL/dh_t| hist bins=60 range=(-12.00,-2.49) mean=-11.88 p50=-12.00 p05=-12.00 p95=-12.00
  [diag] sat-dist hist bins=60 sat<0.05=0.0% mean=0.982 p10=0.981 p90=0.984
Iter 0000560: train nll 1.386, valid error 076.100%, best valid error 073.200%, avg grad norm   0.201, avg grad norm (post clip)   0.180, rho_Whh  0.95, Omega  0.00, alpha  0.000, steps in the past 0.000, valid nll 1.386
  [diag] log10|dL/dh_t| hist bins=60 range=(-12.00,-2.49) mean=-11.88 p50=-12.00 p05=-12.00 p95=-12.00
  [diag] sat-dist hist bins=60 sat<0.05=0.0% mean=0.983 p10=0.982 p90=0.984
Iter 0000580: train nll 1.387, valid error 074.450%, best valid error 073.200%, avg grad norm   0.204, avg grad norm (post clip)   0.183, rho_Whh  0.95, Omega  0.00, alpha  0.000, steps in the past 0.000, valid nll 1.386
  [diag] log10|dL/dh_t| hist bins=60 range=(-12.00,-2.49) mean=-11.88 p50=-12.00 p05=-12.00 p95=-12.00
  [diag] sat-dist hist bins=60 sat<0.05=0.0% mean=0.982 p10=0.981 p90=0.984
Iter 0000600: train nll 1.386, valid error 073.900%, best valid error 073.200%, avg grad norm   0.171, avg grad norm (post clip)   0.168, rho_Whh  0.95, Omega  0.00, alpha  0.000, steps in the past 0.000, valid nll 1.386
  [diag] log10|dL/dh_t| hist bins=60 range=(-12.00,-2.49) mean=-11.88 p50=-12.00 p05=-12.00 p95=-12.00
  [diag] sat-dist hist bins=60 sat<0.05=0.0% mean=0.982 p10=0.981 p90=0.983
Iter 0000620: train nll 1.386, valid error 075.550%, best valid error 073.200%, avg grad norm   0.180, avg grad norm (post clip)   0.163, rho_Whh  0.95, Omega  0.00, alpha  0.000, steps in the past 0.000, valid nll 1.386
  [diag] log10|dL/dh_t| hist bins=60 range=(-12.00,-2.49) mean=-11.88 p50=-12.00 p05=-12.00 p95=-12.00
  [diag] sat-dist hist bins=60 sat<0.05=0.0% mean=0.982 p10=0.981 p90=0.984
Iter 0000640: train nll 1.386, valid error 074.900%, best valid error 073.200%, avg grad norm   0.180, avg grad norm (post clip)   0.165, rho_Whh  0.95, Omega  0.00, alpha  0.000, steps in the past 0.000, valid nll 1.386
  [diag] log10|dL/dh_t| hist bins=60 range=(-12.00,-2.48) mean=-11.88 p50=-12.00 p05=-12.00 p95=-12.00
  [diag] sat-dist hist bins=60 sat<0.05=0.0% mean=0.982 p10=0.981 p90=0.984
Iter 0000660: train nll 1.386, valid error 076.050%, best valid error 073.200%, avg grad norm   0.195, avg grad norm (post clip)   0.173, rho_Whh  0.95, Omega  0.00, alpha  0.000, steps in the past 0.000, valid nll 1.386
  [diag] log10|dL/dh_t| hist bins=60 range=(-12.00,-2.48) mean=-11.88 p50=-12.00 p05=-12.00 p95=-12.00
  [diag] sat-dist hist bins=60 sat<0.05=0.0% mean=0.982 p10=0.981 p90=0.983
Iter 0000680: train nll 1.386, valid error 076.050%, best valid error 073.200%, avg grad norm   0.175, avg grad norm (post clip)   0.168, rho_Whh  0.95, Omega  0.00, alpha  0.000, steps in the past 0.000, valid nll 1.386
  [diag] log10|dL/dh_t| hist bins=60 range=(-12.00,-2.48) mean=-11.88 p50=-12.00 p05=-12.00 p95=-12.00
  [diag] sat-dist hist bins=60 sat<0.05=0.0% mean=0.982 p10=0.981 p90=0.984
Iter 0000700: train nll 1.387, valid error 076.050%, best valid error 073.200%, avg grad norm   0.195, avg grad norm (post clip)   0.177, rho_Whh  0.95, Omega  0.00, alpha  0.000, steps in the past 0.000, valid nll 1.386
  [diag] log10|dL/dh_t| hist bins=60 range=(-12.00,-2.48) mean=-11.88 p50=-12.00 p05=-12.00 p95=-12.00
  [diag] sat-dist hist bins=60 sat<0.05=0.0% mean=0.981 p10=0.980 p90=0.983
Iter 0000720: train nll 1.386, valid error 076.050%, best valid error 073.200%, avg grad norm   0.180, avg grad norm (post clip)   0.171, rho_Whh  0.95, Omega  0.00, alpha  0.000, steps in the past 0.000, valid nll 1.386
  [diag] log10|dL/dh_t| hist bins=60 range=(-12.00,-2.48) mean=-11.88 p50=-12.00 p05=-12.00 p95=-12.00
  [diag] sat-dist hist bins=60 sat<0.05=0.0% mean=0.981 p10=0.980 p90=0.983
Iter 0000740: train nll 1.386, valid error 076.050%, best valid error 073.200%, avg grad norm   0.173, avg grad norm (post clip)   0.173, rho_Whh  0.95, Omega  0.00, alpha  0.000, steps in the past 0.000, valid nll 1.387
  [diag] log10|dL/dh_t| hist bins=60 range=(-12.00,-2.48) mean=-11.88 p50=-12.00 p05=-12.00 p95=-12.00
  [diag] sat-dist hist bins=60 sat<0.05=0.0% mean=0.982 p10=0.981 p90=0.983
Iter 0000760: train nll 1.387, valid error 076.050%, best valid error 073.200%, avg grad norm   0.180, avg grad norm (post clip)   0.168, rho_Whh  0.95, Omega  0.00, alpha  0.000, steps in the past 0.000, valid nll 1.386
  [diag] log10|dL/dh_t| hist bins=60 range=(-12.00,-2.48) mean=-11.88 p50=-12.00 p05=-12.00 p95=-12.00
  [diag] sat-dist hist bins=60 sat<0.05=0.0% mean=0.982 p10=0.981 p90=0.984
Iter 0000780: train nll 1.386, valid error 076.200%, best valid error 073.200%, avg grad norm   0.186, avg grad norm (post clip)   0.175, rho_Whh  0.95, Omega  0.00, alpha  0.000, steps in the past 0.000, valid nll 1.386
  [diag] log10|dL/dh_t| hist bins=60 range=(-12.00,-2.48) mean=-11.88 p50=-12.00 p05=-12.00 p95=-12.00
  [diag] sat-dist hist bins=60 sat<0.05=0.0% mean=0.982 p10=0.981 p90=0.984
Iter 0000800: train nll 1.386, valid error 075.300%, best valid error 073.200%, avg grad norm   0.207, avg grad norm (post clip)   0.182, rho_Whh  0.95, Omega  0.00, alpha  0.000, steps in the past 0.000, valid nll 1.386
  [diag] log10|dL/dh_t| hist bins=60 range=(-12.00,-2.49) mean=-11.88 p50=-12.00 p05=-12.00 p95=-12.00
  [diag] sat-dist hist bins=60 sat<0.05=0.0% mean=0.983 p10=0.982 p90=0.984
Iter 0000820: train nll 1.387, valid error 074.800%, best valid error 073.200%, avg grad norm   0.139, avg grad norm (post clip)   0.141, rho_Whh  0.95, Omega  0.00, alpha  0.000, steps in the past 0.000, valid nll 1.386
  [diag] log10|dL/dh_t| hist bins=60 range=(-12.00,-2.49) mean=-11.88 p50=-12.00 p05=-12.00 p95=-12.00
  [diag] sat-dist hist bins=60 sat<0.05=0.0% mean=0.983 p10=0.982 p90=0.984
Iter 0000840: train nll 1.386, valid error 075.600%, best valid error 073.200%, avg grad norm   0.216, avg grad norm (post clip)   0.182, rho_Whh  0.95, Omega  0.00, alpha  0.000, steps in the past 0.000, valid nll 1.386
  [diag] log10|dL/dh_t| hist bins=60 range=(-12.00,-2.48) mean=-11.88 p50=-12.00 p05=-12.00 p95=-12.00
  [diag] sat-dist hist bins=60 sat<0.05=0.0% mean=0.983 p10=0.982 p90=0.984
Iter 0000860: train nll 1.386, valid error 075.600%, best valid error 073.200%, avg grad norm   0.185, avg grad norm (post clip)   0.168, rho_Whh  0.95, Omega  0.00, alpha  0.000, steps in the past 0.000, valid nll 1.386
  [diag] log10|dL/dh_t| hist bins=60 range=(-12.00,-2.48) mean=-11.88 p50=-12.00 p05=-12.00 p95=-12.00
  [diag] sat-dist hist bins=60 sat<0.05=0.0% mean=0.983 p10=0.983 p90=0.985
Iter 0000880: train nll 1.386, valid error 075.600%, best valid error 073.200%, avg grad norm   0.177, avg grad norm (post clip)   0.171, rho_Whh  0.95, Omega  0.00, alpha  0.000, steps in the past 0.000, valid nll 1.386
  [diag] log10|dL/dh_t| hist bins=60 range=(-12.00,-2.48) mean=-11.88 p50=-12.00 p05=-12.00 p95=-12.00
  [diag] sat-dist hist bins=60 sat<0.05=0.0% mean=0.984 p10=0.983 p90=0.985
Iter 0000900: train nll 1.387, valid error 075.600%, best valid error 073.200%, avg grad norm   0.187, avg grad norm (post clip)   0.168, rho_Whh  0.95, Omega  0.00, alpha  0.000, steps in the past 0.000, valid nll 1.386
  [diag] log10|dL/dh_t| hist bins=60 range=(-12.00,-2.48) mean=-11.88 p50=-12.00 p05=-12.00 p95=-12.00
  [diag] sat-dist hist bins=60 sat<0.05=0.0% mean=0.983 p10=0.982 p90=0.984
Iter 0000920: train nll 1.386, valid error 075.600%, best valid error 073.200%, avg grad norm   0.191, avg grad norm (post clip)   0.181, rho_Whh  0.95, Omega  0.00, alpha  0.000, steps in the past 0.000, valid nll 1.386
  [diag] log10|dL/dh_t| hist bins=60 range=(-12.00,-2.48) mean=-11.88 p50=-12.00 p05=-12.00 p95=-12.00
  [diag] sat-dist hist bins=60 sat<0.05=0.0% mean=0.984 p10=0.983 p90=0.985
Iter 0000940: train nll 1.386, valid error 075.600%, best valid error 073.200%, avg grad norm   0.194, avg grad norm (post clip)   0.173, rho_Whh  0.95, Omega  0.00, alpha  0.000, steps in the past 0.000, valid nll 1.386
  [diag] log10|dL/dh_t| hist bins=60 range=(-12.00,-2.48) mean=-11.88 p50=-12.00 p05=-12.00 p95=-12.00
  [diag] sat-dist hist bins=60 sat<0.05=0.0% mean=0.984 p10=0.983 p90=0.985
Iter 0000960: train nll 1.386, valid error 075.600%, best valid error 073.200%, avg grad norm   0.162, avg grad norm (post clip)   0.154, rho_Whh  0.95, Omega  0.00, alpha  0.000, steps in the past 0.000, valid nll 1.386
  [diag] log10|dL/dh_t| hist bins=60 range=(-12.00,-2.48) mean=-11.88 p50=-12.00 p05=-12.00 p95=-12.00
  [diag] sat-dist hist bins=60 sat<0.05=0.0% mean=0.984 p10=0.983 p90=0.985
Iter 0000980: train nll 1.386, valid error 075.600%, best valid error 073.200%, avg grad norm   0.200, avg grad norm (post clip)   0.181, rho_Whh  0.95, Omega  0.00, alpha  0.000, steps in the past 0.000, valid nll 1.386
  [diag] log10|dL/dh_t| hist bins=60 range=(-12.00,-2.48) mean=-11.88 p50=-12.00 p05=-12.00 p95=-12.00
  [diag] sat-dist hist bins=60 sat<0.05=0.0% mean=0.984 p10=0.983 p90=0.985
Iter 0001000: train nll 1.386, valid error 075.600%, best valid error 073.200%, avg grad norm   0.158, avg grad norm (post clip)   0.158, rho_Whh  0.95, Omega  0.00, alpha  0.000, steps in the past 0.000, valid nll 1.386
  [diag] log10|dL/dh_t| hist bins=60 range=(-12.00,-2.48) mean=-11.88 p50=-12.00 p05=-12.00 p95=-12.00
  [diag] sat-dist hist bins=60 sat<0.05=0.0% mean=0.983 p10=0.982 p90=0.984
Iter 0001020: train nll 1.387, valid error 075.600%, best valid error 073.200%, avg grad norm   0.193, avg grad norm (post clip)   0.178, rho_Whh  0.95, Omega  0.00, alpha  0.000, steps in the past 0.000, valid nll 1.386
  [diag] log10|dL/dh_t| hist bins=60 range=(-12.00,-2.48) mean=-11.88 p50=-12.00 p05=-12.00 p95=-12.00
  [diag] sat-dist hist bins=60 sat<0.05=0.0% mean=0.983 p10=0.982 p90=0.984
Iter 0001040: train nll 1.386, valid error 075.600%, best valid error 073.200%, avg grad norm   0.160, avg grad norm (post clip)   0.158, rho_Whh  0.95, Omega  0.00, alpha  0.000, steps in the past 0.000, valid nll 1.386
  [diag] log10|dL/dh_t| hist bins=60 range=(-12.00,-2.48) mean=-11.88 p50=-12.00 p05=-12.00 p95=-12.00
  [diag] sat-dist hist bins=60 sat<0.05=0.0% mean=0.983 p10=0.982 p90=0.984
Iter 0001060: train nll 1.386, valid error 075.600%, best valid error 073.200%, avg grad norm   0.184, avg grad norm (post clip)   0.175, rho_Whh  0.95, Omega  0.00, alpha  0.000, steps in the past 0.000, valid nll 1.386
  [diag] log10|dL/dh_t| hist bins=60 range=(-12.00,-2.48) mean=-11.88 p50=-12.00 p05=-12.00 p95=-12.00
  [diag] sat-dist hist bins=60 sat<0.05=0.0% mean=0.983 p10=0.982 p90=0.984
Iter 0001080: train nll 1.386, valid error 075.600%, best valid error 073.200%, avg grad norm   0.194, avg grad norm (post clip)   0.176, rho_Whh  0.95, Omega  0.00, alpha  0.000, steps in the past 0.000, valid nll 1.387
  [diag] log10|dL/dh_t| hist bins=60 range=(-12.00,-2.48) mean=-11.88 p50=-12.00 p05=-12.00 p95=-12.00
  [diag] sat-dist hist bins=60 sat<0.05=0.0% mean=0.983 p10=0.981 p90=0.984
Iter 0001100: train nll 1.386, valid error 075.600%, best valid error 073.200%, avg grad norm   0.170, avg grad norm (post clip)   0.164, rho_Whh  0.95, Omega  0.00, alpha  0.000, steps in the past 0.000, valid nll 1.387
  [diag] log10|dL/dh_t| hist bins=60 range=(-12.00,-2.48) mean=-11.88 p50=-12.00 p05=-12.00 p95=-12.00
  [diag] sat-dist hist bins=60 sat<0.05=0.0% mean=0.983 p10=0.981 p90=0.984
Iter 0001120: train nll 1.387, valid error 075.600%, best valid error 073.200%, avg grad norm   0.173, avg grad norm (post clip)   0.164, rho_Whh  0.95, Omega  0.00, alpha  0.000, steps in the past 0.000, valid nll 1.387
  [diag] log10|dL/dh_t| hist bins=60 range=(-12.00,-2.48) mean=-11.88 p50=-12.00 p05=-12.00 p95=-12.00
  [diag] sat-dist hist bins=60 sat<0.05=0.0% mean=0.982 p10=0.981 p90=0.984
Iter 0001140: train nll 1.386, valid error 075.600%, best valid error 073.200%, avg grad norm   0.177, avg grad norm (post clip)   0.162, rho_Whh  0.95, Omega  0.00, alpha  0.000, steps in the past 0.000, valid nll 1.387
  [diag] log10|dL/dh_t| hist bins=60 range=(-12.00,-2.48) mean=-11.88 p50=-12.00 p05=-12.00 p95=-12.00
  [diag] sat-dist hist bins=60 sat<0.05=0.0% mean=0.982 p10=0.981 p90=0.984
Iter 0001160: train nll 1.384, valid error 075.600%, best valid error 073.200%, avg grad norm   0.193, avg grad norm (post clip)   0.162, rho_Whh  0.95, Omega  0.00, alpha  0.000, steps in the past 0.000, valid nll 1.387
  [diag] log10|dL/dh_t| hist bins=60 range=(-12.00,-2.48) mean=-11.88 p50=-12.00 p05=-12.00 p95=-12.00
  [diag] sat-dist hist bins=60 sat<0.05=0.0% mean=0.982 p10=0.981 p90=0.984
Iter 0001180: train nll 1.386, valid error 075.600%, best valid error 073.200%, avg grad norm   0.172, avg grad norm (post clip)   0.157, rho_Whh  0.95, Omega  0.00, alpha  0.000, steps in the past 0.000, valid nll 1.387
  [diag] log10|dL/dh_t| hist bins=60 range=(-12.00,-2.48) mean=-11.88 p50=-12.00 p05=-12.00 p95=-12.00
  [diag] sat-dist hist bins=60 sat<0.05=0.0% mean=0.983 p10=0.982 p90=0.984
Iter 0001200: train nll 1.387, valid error 075.600%, best valid error 073.200%, avg grad norm   0.181, avg grad norm (post clip)   0.170, rho_Whh  0.95, Omega  0.00, alpha  0.000, steps in the past 0.000, valid nll 1.387
  [diag] log10|dL/dh_t| hist bins=60 range=(-12.00,-2.48) mean=-11.88 p50=-12.00 p05=-12.00 p95=-12.00
  [diag] sat-dist hist bins=60 sat<0.05=0.0% mean=0.983 p10=0.982 p90=0.984
Iter 0001220: train nll 1.385, valid error 075.600%, best valid error 073.200%, avg grad norm   0.171, avg grad norm (post clip)   0.160, rho_Whh  0.95, Omega  0.00, alpha  0.000, steps in the past 0.000, valid nll 1.387
  [diag] log10|dL/dh_t| hist bins=60 range=(-12.00,-2.48) mean=-11.88 p50=-12.00 p05=-12.00 p95=-12.00
  [diag] sat-dist hist bins=60 sat<0.05=0.0% mean=0.983 p10=0.982 p90=0.984
Iter 0001240: train nll 1.388, valid error 075.600%, best valid error 073.200%, avg grad norm   0.153, avg grad norm (post clip)   0.156, rho_Whh  0.95, Omega  0.00, alpha  0.000, steps in the past 0.000, valid nll 1.387
  [diag] log10|dL/dh_t| hist bins=60 range=(-12.00,-2.48) mean=-11.88 p50=-12.00 p05=-12.00 p95=-12.00
  [diag] sat-dist hist bins=60 sat<0.05=0.0% mean=0.982 p10=0.981 p90=0.984
Iter 0001260: train nll 1.386, valid error 075.600%, best valid error 073.200%, avg grad norm   0.194, avg grad norm (post clip)   0.173, rho_Whh  0.95, Omega  0.00, alpha  0.000, steps in the past 0.000, valid nll 1.387
  [diag] log10|dL/dh_t| hist bins=60 range=(-12.00,-2.48) mean=-11.88 p50=-12.00 p05=-12.00 p95=-12.00
  [diag] sat-dist hist bins=60 sat<0.05=0.0% mean=0.983 p10=0.982 p90=0.984
Iter 0001280: train nll 1.387, valid error 075.600%, best valid error 073.200%, avg grad norm   0.191, avg grad norm (post clip)   0.179, rho_Whh  0.95, Omega  0.00, alpha  0.000, steps in the past 0.000, valid nll 1.387
  [diag] log10|dL/dh_t| hist bins=60 range=(-12.00,-2.48) mean=-11.88 p50=-12.00 p05=-12.00 p95=-12.00
  [diag] sat-dist hist bins=60 sat<0.05=0.0% mean=0.983 p10=0.982 p90=0.984
Iter 0001300: train nll 1.386, valid error 075.600%, best valid error 073.200%, avg grad norm   0.183, avg grad norm (post clip)   0.176, rho_Whh  0.95, Omega  0.00, alpha  0.000, steps in the past 0.000, valid nll 1.387
  [diag] log10|dL/dh_t| hist bins=60 range=(-12.00,-2.48) mean=-11.88 p50=-12.00 p05=-12.00 p95=-12.00
  [diag] sat-dist hist bins=60 sat<0.05=0.0% mean=0.983 p10=0.982 p90=0.984
Iter 0001320: train nll 1.386, valid error 075.600%, best valid error 073.200%, avg grad norm   0.197, avg grad norm (post clip)   0.175, rho_Whh  0.95, Omega  0.00, alpha  0.000, steps in the past 0.000, valid nll 1.387
  [diag] log10|dL/dh_t| hist bins=60 range=(-12.00,-2.48) mean=-11.88 p50=-12.00 p05=-12.00 p95=-12.00
  [diag] sat-dist hist bins=60 sat<0.05=0.0% mean=0.982 p10=0.981 p90=0.984
Iter 0001340: train nll 1.386, valid error 075.600%, best valid error 073.200%, avg grad norm   0.200, avg grad norm (post clip)   0.171, rho_Whh  0.95, Omega  0.00, alpha  0.000, steps in the past 0.000, valid nll 1.387
  [diag] log10|dL/dh_t| hist bins=60 range=(-12.00,-2.48) mean=-11.88 p50=-12.00 p05=-12.00 p95=-12.00
  [diag] sat-dist hist bins=60 sat<0.05=0.0% mean=0.982 p10=0.981 p90=0.984
Iter 0001360: train nll 1.385, valid error 075.600%, best valid error 073.200%, avg grad norm   0.211, avg grad norm (post clip)   0.191, rho_Whh  0.95, Omega  0.00, alpha  0.000, steps in the past 0.000, valid nll 1.387
  [diag] log10|dL/dh_t| hist bins=60 range=(-12.00,-2.48) mean=-11.88 p50=-12.00 p05=-12.00 p95=-12.00
  [diag] sat-dist hist bins=60 sat<0.05=0.0% mean=0.982 p10=0.981 p90=0.984
Iter 0001380: train nll 1.387, valid error 075.600%, best valid error 073.200%, avg grad norm   0.188, avg grad norm (post clip)   0.171, rho_Whh  0.95, Omega  0.00, alpha  0.000, steps in the past 0.000, valid nll 1.387
  [diag] log10|dL/dh_t| hist bins=60 range=(-12.00,-2.48) mean=-11.88 p50=-12.00 p05=-12.00 p95=-12.00
  [diag] sat-dist hist bins=60 sat<0.05=0.0% mean=0.983 p10=0.982 p90=0.984
Iter 0001400: train nll 1.387, valid error 075.600%, best valid error 073.200%, avg grad norm   0.191, avg grad norm (post clip)   0.183, rho_Whh  0.95, Omega  0.00, alpha  0.000, steps in the past 0.000, valid nll 1.387
  [diag] log10|dL/dh_t| hist bins=60 range=(-12.00,-2.48) mean=-11.88 p50=-12.00 p05=-12.00 p95=-12.00
  [diag] sat-dist hist bins=60 sat<0.05=0.0% mean=0.983 p10=0.982 p90=0.984
Iter 0001420: train nll 1.386, valid error 075.600%, best valid error 073.200%, avg grad norm   0.207, avg grad norm (post clip)   0.170, rho_Whh  0.95, Omega  0.00, alpha  0.000, steps in the past 0.000, valid nll 1.387
  [diag] log10|dL/dh_t| hist bins=60 range=(-12.00,-2.48) mean=-11.88 p50=-12.00 p05=-12.00 p95=-12.00
  [diag] sat-dist hist bins=60 sat<0.05=0.0% mean=0.983 p10=0.982 p90=0.984
Iter 0001440: train nll 1.387, valid error 075.600%, best valid error 073.200%, avg grad norm   0.179, avg grad norm (post clip)   0.160, rho_Whh  0.95, Omega  0.00, alpha  0.000, steps in the past 0.000, valid nll 1.387
  [diag] log10|dL/dh_t| hist bins=60 range=(-12.00,-2.48) mean=-11.88 p50=-12.00 p05=-12.00 p95=-12.00
  [diag] sat-dist hist bins=60 sat<0.05=0.0% mean=0.983 p10=0.982 p90=0.984
Iter 0001460: train nll 1.386, valid error 075.600%, best valid error 073.200%, avg grad norm   0.191, avg grad norm (post clip)   0.169, rho_Whh  0.95, Omega  0.00, alpha  0.000, steps in the past 0.000, valid nll 1.387
  [diag] log10|dL/dh_t| hist bins=60 range=(-12.00,-2.48) mean=-11.88 p50=-12.00 p05=-12.00 p95=-12.00
  [diag] sat-dist hist bins=60 sat<0.05=0.0% mean=0.982 p10=0.981 p90=0.984
Iter 0001480: train nll 1.387, valid error 075.600%, best valid error 073.200%, avg grad norm   0.172, avg grad norm (post clip)   0.173, rho_Whh  0.95, Omega  0.00, alpha  0.000, steps in the past 0.000, valid nll 1.387
  [diag] log10|dL/dh_t| hist bins=60 range=(-12.00,-2.48) mean=-11.88 p50=-12.00 p05=-12.00 p95=-12.00
  [diag] sat-dist hist bins=60 sat<0.05=0.0% mean=0.982 p10=0.981 p90=0.984
Iter 0001500: train nll 1.385, valid error 075.600%, best valid error 073.200%, avg grad norm   0.198, avg grad norm (post clip)   0.179, rho_Whh  0.95, Omega  0.00, alpha  0.000, steps in the past 0.000, valid nll 1.387
  [diag] log10|dL/dh_t| hist bins=60 range=(-12.00,-2.48) mean=-11.88 p50=-12.00 p05=-12.00 p95=-12.00
  [diag] sat-dist hist bins=60 sat<0.05=0.0% mean=0.982 p10=0.981 p90=0.984
Iter 0001520: train nll 1.387, valid error 075.600%, best valid error 073.200%, avg grad norm   0.197, avg grad norm (post clip)   0.180, rho_Whh  0.95, Omega  0.00, alpha  0.000, steps in the past 0.000, valid nll 1.387
  [diag] log10|dL/dh_t| hist bins=60 range=(-12.00,-2.48) mean=-11.88 p50=-12.00 p05=-12.00 p95=-12.00
  [diag] sat-dist hist bins=60 sat<0.05=0.0% mean=0.983 p10=0.982 p90=0.984
Iter 0001540: train nll 1.386, valid error 075.600%, best valid error 073.200%, avg grad norm   0.180, avg grad norm (post clip)   0.159, rho_Whh  0.95, Omega  0.00, alpha  0.000, steps in the past 0.000, valid nll 1.387
  [diag] log10|dL/dh_t| hist bins=60 range=(-12.00,-2.48) mean=-11.88 p50=-12.00 p05=-12.00 p95=-12.00
  [diag] sat-dist hist bins=60 sat<0.05=0.0% mean=0.983 p10=0.982 p90=0.984
Iter 0001560: train nll 1.386, valid error 075.600%, best valid error 073.200%, avg grad norm   0.179, avg grad norm (post clip)   0.162, rho_Whh  0.95, Omega  0.00, alpha  0.000, steps in the past 0.000, valid nll 1.387
  [diag] log10|dL/dh_t| hist bins=60 range=(-12.00,-2.48) mean=-11.88 p50=-12.00 p05=-12.00 p95=-12.00
  [diag] sat-dist hist bins=60 sat<0.05=0.0% mean=0.984 p10=0.983 p90=0.985
Iter 0001580: train nll 1.387, valid error 075.600%, best valid error 073.200%, avg grad norm   0.194, avg grad norm (post clip)   0.181, rho_Whh  0.95, Omega  0.00, alpha  0.000, steps in the past 0.000, valid nll 1.387
  [diag] log10|dL/dh_t| hist bins=60 range=(-12.00,-2.48) mean=-11.88 p50=-12.00 p05=-12.00 p95=-12.00
  [diag] sat-dist hist bins=60 sat<0.05=0.0% mean=0.984 p10=0.983 p90=0.985
Iter 0001600: train nll 1.386, valid error 075.600%, best valid error 073.200%, avg grad norm   0.197, avg grad norm (post clip)   0.172, rho_Whh  0.95, Omega  0.00, alpha  0.000, steps in the past 0.000, valid nll 1.387
  [diag] log10|dL/dh_t| hist bins=60 range=(-12.00,-2.48) mean=-11.88 p50=-12.00 p05=-12.00 p95=-12.00
  [diag] sat-dist hist bins=60 sat<0.05=0.0% mean=0.985 p10=0.984 p90=0.985
Iter 0001620: train nll 1.388, valid error 075.600%, best valid error 073.200%, avg grad norm   0.195, avg grad norm (post clip)   0.178, rho_Whh  0.95, Omega  0.00, alpha  0.000, steps in the past 0.000, valid nll 1.386
  [diag] log10|dL/dh_t| hist bins=60 range=(-12.00,-2.48) mean=-11.88 p50=-12.00 p05=-12.00 p95=-12.00
  [diag] sat-dist hist bins=60 sat<0.05=0.0% mean=0.984 p10=0.983 p90=0.985
Iter 0001640: train nll 1.387, valid error 075.600%, best valid error 073.200%, avg grad norm   0.217, avg grad norm (post clip)   0.181, rho_Whh  0.95, Omega  0.00, alpha  0.000, steps in the past 0.000, valid nll 1.386
  [diag] log10|dL/dh_t| hist bins=60 range=(-12.00,-2.48) mean=-11.88 p50=-12.00 p05=-12.00 p95=-12.00
  [diag] sat-dist hist bins=60 sat<0.05=0.0% mean=0.983 p10=0.982 p90=0.984
Iter 0001660: train nll 1.386, valid error 075.600%, best valid error 073.200%, avg grad norm   0.179, avg grad norm (post clip)   0.165, rho_Whh  0.95, Omega  0.00, alpha  0.000, steps in the past 0.000, valid nll 1.386
  [diag] log10|dL/dh_t| hist bins=60 range=(-12.00,-2.48) mean=-11.88 p50=-12.00 p05=-12.00 p95=-12.00
  [diag] sat-dist hist bins=60 sat<0.05=0.0% mean=0.983 p10=0.981 p90=0.984
Iter 0001680: train nll 1.385, valid error 075.600%, best valid error 073.200%, avg grad norm   0.163, avg grad norm (post clip)   0.157, rho_Whh  0.95, Omega  0.00, alpha  0.000, steps in the past 0.000, valid nll 1.386
  [diag] log10|dL/dh_t| hist bins=60 range=(-12.00,-2.48) mean=-11.88 p50=-12.00 p05=-12.00 p95=-12.00
  [diag] sat-dist hist bins=60 sat<0.05=0.0% mean=0.983 p10=0.982 p90=0.984
Iter 0001700: train nll 1.387, valid error 075.600%, best valid error 073.200%, avg grad norm   0.194, avg grad norm (post clip)   0.171, rho_Whh  0.95, Omega  0.00, alpha  0.000, steps in the past 0.000, valid nll 1.387
  [diag] log10|dL/dh_t| hist bins=60 range=(-12.00,-2.48) mean=-11.88 p50=-12.00 p05=-12.00 p95=-12.00
  [diag] sat-dist hist bins=60 sat<0.05=0.0% mean=0.983 p10=0.982 p90=0.984
Iter 0001720: train nll 1.386, valid error 075.600%, best valid error 073.200%, avg grad norm   0.178, avg grad norm (post clip)   0.168, rho_Whh  0.95, Omega  0.00, alpha  0.000, steps in the past 0.000, valid nll 1.387
  [diag] log10|dL/dh_t| hist bins=60 range=(-12.00,-2.48) mean=-11.88 p50=-12.00 p05=-12.00 p95=-12.00
  [diag] sat-dist hist bins=60 sat<0.05=0.0% mean=0.983 p10=0.982 p90=0.984
Iter 0001740: train nll 1.386, valid error 075.600%, best valid error 073.200%, avg grad norm   0.159, avg grad norm (post clip)   0.164, rho_Whh  0.95, Omega  0.00, alpha  0.000, steps in the past 0.000, valid nll 1.387
  [diag] log10|dL/dh_t| hist bins=60 range=(-12.00,-2.48) mean=-11.88 p50=-12.00 p05=-12.00 p95=-12.00
  [diag] sat-dist hist bins=60 sat<0.05=0.0% mean=0.983 p10=0.982 p90=0.984
Iter 0001760: train nll 1.387, valid error 075.600%, best valid error 073.200%, avg grad norm   0.195, avg grad norm (post clip)   0.172, rho_Whh  0.95, Omega  0.00, alpha  0.000, steps in the past 0.000, valid nll 1.387
  [diag] log10|dL/dh_t| hist bins=60 range=(-12.00,-2.48) mean=-11.88 p50=-12.00 p05=-12.00 p95=-12.00
  [diag] sat-dist hist bins=60 sat<0.05=0.0% mean=0.982 p10=0.981 p90=0.984
Iter 0001780: train nll 1.385, valid error 075.600%, best valid error 073.200%, avg grad norm   0.190, avg grad norm (post clip)   0.175, rho_Whh  0.95, Omega  0.00, alpha  0.000, steps in the past 0.000, valid nll 1.387
  [diag] log10|dL/dh_t| hist bins=60 range=(-12.00,-2.48) mean=-11.88 p50=-12.00 p05=-12.00 p95=-12.00
  [diag] sat-dist hist bins=60 sat<0.05=0.0% mean=0.983 p10=0.982 p90=0.984
Iter 0001800: train nll 1.387, valid error 075.600%, best valid error 073.200%, avg grad norm   0.193, avg grad norm (post clip)   0.169, rho_Whh  0.95, Omega  0.00, alpha  0.000, steps in the past 0.000, valid nll 1.387
  [diag] log10|dL/dh_t| hist bins=60 range=(-12.00,-2.48) mean=-11.88 p50=-12.00 p05=-12.00 p95=-12.00
  [diag] sat-dist hist bins=60 sat<0.05=0.0% mean=0.983 p10=0.982 p90=0.984
Iter 0001820: train nll 1.385, valid error 075.600%, best valid error 073.200%, avg grad norm   0.208, avg grad norm (post clip)   0.173, rho_Whh  0.95, Omega  0.00, alpha  0.000, steps in the past 0.000, valid nll 1.386
  [diag] log10|dL/dh_t| hist bins=60 range=(-12.00,-2.48) mean=-11.88 p50=-12.00 p05=-12.00 p95=-12.00
  [diag] sat-dist hist bins=60 sat<0.05=0.0% mean=0.983 p10=0.982 p90=0.985
Iter 0001840: train nll 1.386, valid error 075.600%, best valid error 073.200%, avg grad norm   0.185, avg grad norm (post clip)   0.175, rho_Whh  0.95, Omega  0.00, alpha  0.000, steps in the past 0.000, valid nll 1.386
  [diag] log10|dL/dh_t| hist bins=60 range=(-12.00,-2.48) mean=-11.88 p50=-12.00 p05=-12.00 p95=-12.00
  [diag] sat-dist hist bins=60 sat<0.05=0.0% mean=0.984 p10=0.983 p90=0.985
Iter 0001860: train nll 1.385, valid error 075.600%, best valid error 073.200%, avg grad norm   0.215, avg grad norm (post clip)   0.188, rho_Whh  0.95, Omega  0.00, alpha  0.000, steps in the past 0.000, valid nll 1.386
  [diag] log10|dL/dh_t| hist bins=60 range=(-12.00,-2.48) mean=-11.88 p50=-12.00 p05=-12.00 p95=-12.00
  [diag] sat-dist hist bins=60 sat<0.05=0.0% mean=0.984 p10=0.983 p90=0.985
Iter 0001880: train nll 1.387, valid error 075.600%, best valid error 073.200%, avg grad norm   0.192, avg grad norm (post clip)   0.178, rho_Whh  0.95, Omega  0.00, alpha  0.000, steps in the past 0.000, valid nll 1.386
  [diag] log10|dL/dh_t| hist bins=60 range=(-12.00,-2.48) mean=-11.88 p50=-12.00 p05=-12.00 p95=-12.00
  [diag] sat-dist hist bins=60 sat<0.05=0.0% mean=0.984 p10=0.983 p90=0.985
Iter 0001900: train nll 1.386, valid error 075.600%, best valid error 073.200%, avg grad norm   0.203, avg grad norm (post clip)   0.179, rho_Whh  0.95, Omega  0.00, alpha  0.000, steps in the past 0.000, valid nll 1.386
  [diag] log10|dL/dh_t| hist bins=60 range=(-12.00,-2.48) mean=-11.88 p50=-12.00 p05=-12.00 p95=-12.00
  [diag] sat-dist hist bins=60 sat<0.05=0.0% mean=0.985 p10=0.984 p90=0.986
Iter 0001920: train nll 1.388, valid error 075.600%, best valid error 073.200%, avg grad norm   0.250, avg grad norm (post clip)   0.197, rho_Whh  0.95, Omega  0.00, alpha  0.000, steps in the past 0.000, valid nll 1.386
  [diag] log10|dL/dh_t| hist bins=60 range=(-12.00,-2.48) mean=-11.88 p50=-12.00 p05=-12.00 p95=-12.00
  [diag] sat-dist hist bins=60 sat<0.05=0.0% mean=0.985 p10=0.984 p90=0.986
Iter 0001940: train nll 1.386, valid error 075.600%, best valid error 073.200%, avg grad norm   0.179, avg grad norm (post clip)   0.157, rho_Whh  0.95, Omega  0.00, alpha  0.000, steps in the past 0.000, valid nll 1.386
  [diag] log10|dL/dh_t| hist bins=60 range=(-12.00,-2.48) mean=-11.88 p50=-12.00 p05=-12.00 p95=-12.00
  [diag] sat-dist hist bins=60 sat<0.05=0.0% mean=0.985 p10=0.984 p90=0.986
Iter 0001960: train nll 1.387, valid error 075.600%, best valid error 073.200%, avg grad norm   0.190, avg grad norm (post clip)   0.172, rho_Whh  0.95, Omega  0.00, alpha  0.000, steps in the past 0.000, valid nll 1.386
  [diag] log10|dL/dh_t| hist bins=60 range=(-12.00,-2.48) mean=-11.88 p50=-12.00 p05=-12.00 p95=-12.00
  [diag] sat-dist hist bins=60 sat<0.05=0.0% mean=0.985 p10=0.985 p90=0.986
Iter 0001980: train nll 1.386, valid error 075.600%, best valid error 073.200%, avg grad norm   0.184, avg grad norm (post clip)   0.167, rho_Whh  0.95, Omega  0.00, alpha  0.000, steps in the past 0.000, valid nll 1.386
  [diag] log10|dL/dh_t| hist bins=60 range=(-12.00,-2.48) mean=-11.88 p50=-12.00 p05=-12.00 p95=-12.00
  [diag] sat-dist hist bins=60 sat<0.05=0.0% mean=0.986 p10=0.985 p90=0.986
Iter 0002000: train nll 1.386, valid error 075.600%, best valid error 073.200%, avg grad norm   0.199, avg grad norm (post clip)   0.169, rho_Whh  0.95, Omega  0.00, alpha  0.000, steps in the past 0.000, valid nll 1.386
  [diag] log10|dL/dh_t| hist bins=60 range=(-12.00,-2.48) mean=-11.88 p50=-12.00 p05=-12.00 p95=-12.00
  [diag] sat-dist hist bins=60 sat<0.05=0.0% mean=0.986 p10=0.985 p90=0.986
Iter 0002020: train nll 1.386, valid error 074.950%, best valid error 073.200%, avg grad norm   0.178, avg grad norm (post clip)   0.172, rho_Whh  0.95, Omega  0.00, alpha  0.000, steps in the past 0.000, valid nll 1.386
  [diag] log10|dL/dh_t| hist bins=60 range=(-12.00,-2.48) mean=-11.88 p50=-12.00 p05=-12.00 p95=-12.00
  [diag] sat-dist hist bins=60 sat<0.05=0.0% mean=0.986 p10=0.985 p90=0.986
Iter 0002040: train nll 1.387, valid error 075.600%, best valid error 073.200%, avg grad norm   0.176, avg grad norm (post clip)   0.161, rho_Whh  0.95, Omega  0.00, alpha  0.000, steps in the past 0.000, valid nll 1.386
  [diag] log10|dL/dh_t| hist bins=60 range=(-12.00,-2.48) mean=-11.88 p50=-12.00 p05=-12.00 p95=-12.00
  [diag] sat-dist hist bins=60 sat<0.05=0.0% mean=0.986 p10=0.985 p90=0.986
Iter 0002060: train nll 1.387, valid error 075.600%, best valid error 073.200%, avg grad norm   0.194, avg grad norm (post clip)   0.169, rho_Whh  0.95, Omega  0.00, alpha  0.000, steps in the past 0.000, valid nll 1.386
  [diag] log10|dL/dh_t| hist bins=60 range=(-12.00,-2.48) mean=-11.88 p50=-12.00 p05=-12.00 p95=-12.00
  [diag] sat-dist hist bins=60 sat<0.05=0.0% mean=0.986 p10=0.985 p90=0.986
Iter 0002080: train nll 1.386, valid error 075.600%, best valid error 073.200%, avg grad norm   0.160, avg grad norm (post clip)   0.159, rho_Whh  0.95, Omega  0.00, alpha  0.000, steps in the past 0.000, valid nll 1.386
  [diag] log10|dL/dh_t| hist bins=60 range=(-12.00,-2.48) mean=-11.88 p50=-12.00 p05=-12.00 p95=-12.00
  [diag] sat-dist hist bins=60 sat<0.05=0.0% mean=0.986 p10=0.985 p90=0.986
Iter 0002100: train nll 1.386, valid error 075.350%, best valid error 073.200%, avg grad norm   0.187, avg grad norm (post clip)   0.178, rho_Whh  0.95, Omega  0.00, alpha  0.000, steps in the past 0.000, valid nll 1.386
  [diag] log10|dL/dh_t| hist bins=60 range=(-12.00,-2.48) mean=-11.88 p50=-12.00 p05=-12.00 p95=-12.00
  [diag] sat-dist hist bins=60 sat<0.05=0.0% mean=0.986 p10=0.985 p90=0.986
Iter 0002120: train nll 1.386, valid error 075.600%, best valid error 073.200%, avg grad norm   0.208, avg grad norm (post clip)   0.189, rho_Whh  0.95, Omega  0.00, alpha  0.000, steps in the past 0.000, valid nll 1.386
  [diag] log10|dL/dh_t| hist bins=60 range=(-12.00,-2.48) mean=-11.88 p50=-12.00 p05=-12.00 p95=-12.00
  [diag] sat-dist hist bins=60 sat<0.05=0.0% mean=0.986 p10=0.985 p90=0.986
Iter 0002140: train nll 1.386, valid error 075.600%, best valid error 073.200%, avg grad norm   0.191, avg grad norm (post clip)   0.179, rho_Whh  0.95, Omega  0.00, alpha  0.000, steps in the past 0.000, valid nll 1.386
  [diag] log10|dL/dh_t| hist bins=60 range=(-12.00,-2.48) mean=-11.88 p50=-12.00 p05=-12.00 p95=-12.00
  [diag] sat-dist hist bins=60 sat<0.05=0.0% mean=0.985 p10=0.984 p90=0.986
Iter 0002160: train nll 1.386, valid error 075.600%, best valid error 073.200%, avg grad norm   0.200, avg grad norm (post clip)   0.178, rho_Whh  0.95, Omega  0.00, alpha  0.000, steps in the past 0.000, valid nll 1.386
  [diag] log10|dL/dh_t| hist bins=60 range=(-12.00,-2.48) mean=-11.88 p50=-12.00 p05=-12.00 p95=-12.00
  [diag] sat-dist hist bins=60 sat<0.05=0.0% mean=0.985 p10=0.984 p90=0.986
Iter 0002180: train nll 1.387, valid error 075.600%, best valid error 073.200%, avg grad norm   0.184, avg grad norm (post clip)   0.177, rho_Whh  0.95, Omega  0.00, alpha  0.000, steps in the past 0.000, valid nll 1.386
  [diag] log10|dL/dh_t| hist bins=60 range=(-12.00,-2.48) mean=-11.88 p50=-12.00 p05=-12.00 p95=-12.00
  [diag] sat-dist hist bins=60 sat<0.05=0.0% mean=0.985 p10=0.984 p90=0.986
Iter 0002200: train nll 1.386, valid error 075.600%, best valid error 073.200%, avg grad norm   0.164, avg grad norm (post clip)   0.165, rho_Whh  0.95, Omega  0.00, alpha  0.000, steps in the past 0.000, valid nll 1.386
  [diag] log10|dL/dh_t| hist bins=60 range=(-12.00,-2.48) mean=-11.88 p50=-12.00 p05=-12.00 p95=-12.00
  [diag] sat-dist hist bins=60 sat<0.05=0.0% mean=0.985 p10=0.984 p90=0.986
Iter 0002220: train nll 1.386, valid error 075.600%, best valid error 073.200%, avg grad norm   0.171, avg grad norm (post clip)   0.159, rho_Whh  0.95, Omega  0.00, alpha  0.000, steps in the past 0.000, valid nll 1.386
  [diag] log10|dL/dh_t| hist bins=60 range=(-12.00,-2.48) mean=-11.88 p50=-12.00 p05=-12.00 p95=-12.00
  [diag] sat-dist hist bins=60 sat<0.05=0.0% mean=0.985 p10=0.985 p90=0.986
Iter 0002240: train nll 1.386, valid error 075.600%, best valid error 073.200%, avg grad norm   0.167, avg grad norm (post clip)   0.158, rho_Whh  0.95, Omega  0.00, alpha  0.000, steps in the past 0.000, valid nll 1.386
  [diag] log10|dL/dh_t| hist bins=60 range=(-12.00,-2.48) mean=-11.88 p50=-12.00 p05=-12.00 p95=-12.00
  [diag] sat-dist hist bins=60 sat<0.05=0.0% mean=0.985 p10=0.985 p90=0.986
Iter 0002260: train nll 1.387, valid error 075.600%, best valid error 073.200%, avg grad norm   0.190, avg grad norm (post clip)   0.171, rho_Whh  0.95, Omega  0.00, alpha  0.000, steps in the past 0.000, valid nll 1.386
  [diag] log10|dL/dh_t| hist bins=60 range=(-12.00,-2.48) mean=-11.88 p50=-12.00 p05=-12.00 p95=-12.00
  [diag] sat-dist hist bins=60 sat<0.05=0.0% mean=0.986 p10=0.985 p90=0.986
Iter 0002280: train nll 1.387, valid error 075.600%, best valid error 073.200%, avg grad norm   0.171, avg grad norm (post clip)   0.158, rho_Whh  0.95, Omega  0.00, alpha  0.000, steps in the past 0.000, valid nll 1.386
  [diag] log10|dL/dh_t| hist bins=60 range=(-12.00,-2.48) mean=-11.88 p50=-12.00 p05=-12.00 p95=-12.00
  [diag] sat-dist hist bins=60 sat<0.05=0.0% mean=0.986 p10=0.985 p90=0.986
Iter 0002300: train nll 1.387, valid error 074.900%, best valid error 073.200%, avg grad norm   0.207, avg grad norm (post clip)   0.181, rho_Whh  0.95, Omega  0.00, alpha  0.000, steps in the past 0.000, valid nll 1.386
  [diag] log10|dL/dh_t| hist bins=60 range=(-12.00,-2.48) mean=-11.88 p50=-12.00 p05=-12.00 p95=-12.00
  [diag] sat-dist hist bins=60 sat<0.05=0.0% mean=0.986 p10=0.985 p90=0.986
Iter 0002320: train nll 1.386, valid error 073.500%, best valid error 073.200%, avg grad norm   0.213, avg grad norm (post clip)   0.186, rho_Whh  0.95, Omega  0.00, alpha  0.000, steps in the past 0.000, valid nll 1.386
  [diag] log10|dL/dh_t| hist bins=60 range=(-12.00,-2.48) mean=-11.88 p50=-12.00 p05=-12.00 p95=-12.00
  [diag] sat-dist hist bins=60 sat<0.05=0.0% mean=0.985 p10=0.984 p90=0.986
Iter 0002340: train nll 1.386, valid error 072.900%, best valid error 073.200%, avg grad norm   0.192, avg grad norm (post clip)   0.180, rho_Whh  0.95, Omega  0.00, alpha  0.000, steps in the past 0.000, valid nll 1.386
  [diag] log10|dL/dh_t| hist bins=60 range=(-12.00,-2.48) mean=-11.88 p50=-12.00 p05=-12.00 p95=-12.00
  [diag] sat-dist hist bins=60 sat<0.05=0.0% mean=0.986 p10=0.985 p90=0.986
Iter 0002360: train nll 1.387, valid error 072.800%, best valid error 072.900%, avg grad norm   0.195, avg grad norm (post clip)   0.183, rho_Whh  0.95, Omega  0.00, alpha  0.000, steps in the past 0.000, valid nll 1.386
  [diag] log10|dL/dh_t| hist bins=60 range=(-12.00,-2.48) mean=-11.88 p50=-12.00 p05=-12.00 p95=-12.00
  [diag] sat-dist hist bins=60 sat<0.05=0.0% mean=0.986 p10=0.985 p90=0.986
Iter 0002380: train nll 1.387, valid error 073.950%, best valid error 072.800%, avg grad norm   0.164, avg grad norm (post clip)   0.157, rho_Whh  0.95, Omega  0.00, alpha  0.000, steps in the past 0.000, valid nll 1.386
  [diag] log10|dL/dh_t| hist bins=60 range=(-12.00,-2.48) mean=-11.88 p50=-12.00 p05=-12.00 p95=-12.00
  [diag] sat-dist hist bins=60 sat<0.05=0.0% mean=0.985 p10=0.985 p90=0.986
Iter 0002400: train nll 1.387, valid error 075.300%, best valid error 072.800%, avg grad norm   0.212, avg grad norm (post clip)   0.178, rho_Whh  0.95, Omega  0.00, alpha  0.000, steps in the past 0.000, valid nll 1.386
  [diag] log10|dL/dh_t| hist bins=60 range=(-12.00,-2.48) mean=-11.88 p50=-12.00 p05=-12.00 p95=-12.00
  [diag] sat-dist hist bins=60 sat<0.05=0.0% mean=0.985 p10=0.984 p90=0.986
Iter 0002420: train nll 1.386, valid error 075.600%, best valid error 072.800%, avg grad norm   0.172, avg grad norm (post clip)   0.162, rho_Whh  0.95, Omega  0.00, alpha  0.000, steps in the past 0.000, valid nll 1.386
  [diag] log10|dL/dh_t| hist bins=60 range=(-12.00,-2.48) mean=-11.88 p50=-12.00 p05=-12.00 p95=-12.00
  [diag] sat-dist hist bins=60 sat<0.05=0.0% mean=0.986 p10=0.985 p90=0.986
Iter 0002440: train nll 1.386, valid error 075.600%, best valid error 072.800%, avg grad norm   0.198, avg grad norm (post clip)   0.187, rho_Whh  0.95, Omega  0.00, alpha  0.000, steps in the past 0.000, valid nll 1.386
  [diag] log10|dL/dh_t| hist bins=60 range=(-12.00,-2.48) mean=-11.88 p50=-12.00 p05=-12.00 p95=-12.00
  [diag] sat-dist hist bins=60 sat<0.05=0.0% mean=0.986 p10=0.985 p90=0.986
Iter 0002460: train nll 1.386, valid error 074.000%, best valid error 072.800%, avg grad norm   0.197, avg grad norm (post clip)   0.180, rho_Whh  0.95, Omega  0.00, alpha  0.000, steps in the past 0.000, valid nll 1.386
  [diag] log10|dL/dh_t| hist bins=60 range=(-12.00,-2.48) mean=-11.88 p50=-12.00 p05=-12.00 p95=-12.00
  [diag] sat-dist hist bins=60 sat<0.05=0.0% mean=0.986 p10=0.984 p90=0.986
Iter 0002480: train nll 1.387, valid error 073.500%, best valid error 072.800%, avg grad norm   0.203, avg grad norm (post clip)   0.190, rho_Whh  0.95, Omega  0.00, alpha  0.000, steps in the past 0.000, valid nll 1.386
  [diag] log10|dL/dh_t| hist bins=60 range=(-12.00,-2.48) mean=-11.88 p50=-12.00 p05=-12.00 p95=-12.00
  [diag] sat-dist hist bins=60 sat<0.05=0.0% mean=0.985 p10=0.985 p90=0.986
Iter 0002500: train nll 1.387, valid error 073.400%, best valid error 072.800%, avg grad norm   0.209, avg grad norm (post clip)   0.177, rho_Whh  0.95, Omega  0.00, alpha  0.000, steps in the past 0.000, valid nll 1.386
  [diag] log10|dL/dh_t| hist bins=60 range=(-12.00,-2.48) mean=-11.88 p50=-12.00 p05=-12.00 p95=-12.00
  [diag] sat-dist hist bins=60 sat<0.05=0.0% mean=0.985 p10=0.985 p90=0.986
Iter 0002520: train nll 1.386, valid error 073.500%, best valid error 072.800%, avg grad norm   0.180, avg grad norm (post clip)   0.170, rho_Whh  0.95, Omega  0.00, alpha  0.000, steps in the past 0.000, valid nll 1.386
  [diag] log10|dL/dh_t| hist bins=60 range=(-12.00,-2.48) mean=-11.88 p50=-12.00 p05=-12.00 p95=-12.00
  [diag] sat-dist hist bins=60 sat<0.05=0.0% mean=0.985 p10=0.984 p90=0.986
Iter 0002540: train nll 1.387, valid error 073.150%, best valid error 072.800%, avg grad norm   0.173, avg grad norm (post clip)   0.160, rho_Whh  0.95, Omega  0.00, alpha  0.000, steps in the past 0.000, valid nll 1.386
  [diag] log10|dL/dh_t| hist bins=60 range=(-12.00,-2.48) mean=-11.88 p50=-12.00 p05=-12.00 p95=-12.00
  [diag] sat-dist hist bins=60 sat<0.05=0.0% mean=0.986 p10=0.985 p90=0.986
Iter 0002560: train nll 1.386, valid error 073.500%, best valid error 072.800%, avg grad norm   0.194, avg grad norm (post clip)   0.175, rho_Whh  0.95, Omega  0.00, alpha  0.000, steps in the past 0.000, valid nll 1.386
  [diag] log10|dL/dh_t| hist bins=60 range=(-12.00,-2.48) mean=-11.88 p50=-12.00 p05=-12.00 p95=-12.00
  [diag] sat-dist hist bins=60 sat<0.05=0.0% mean=0.986 p10=0.985 p90=0.986
Iter 0002580: train nll 1.386, valid error 073.500%, best valid error 072.800%, avg grad norm   0.200, avg grad norm (post clip)   0.179, rho_Whh  0.95, Omega  0.00, alpha  0.000, steps in the past 0.000, valid nll 1.386
  [diag] log10|dL/dh_t| hist bins=60 range=(-12.00,-2.48) mean=-11.88 p50=-12.00 p05=-12.00 p95=-12.00
  [diag] sat-dist hist bins=60 sat<0.05=0.0% mean=0.986 p10=0.985 p90=0.986
Iter 0002600: train nll 1.386, valid error 073.500%, best valid error 072.800%, avg grad norm   0.188, avg grad norm (post clip)   0.177, rho_Whh  0.95, Omega  0.00, alpha  0.000, steps in the past 0.000, valid nll 1.386
  [diag] log10|dL/dh_t| hist bins=60 range=(-12.00,-2.48) mean=-11.88 p50=-12.00 p05=-12.00 p95=-12.00
  [diag] sat-dist hist bins=60 sat<0.05=0.0% mean=0.985 p10=0.984 p90=0.986
Iter 0002620: train nll 1.385, valid error 073.500%, best valid error 072.800%, avg grad norm   0.204, avg grad norm (post clip)   0.170, rho_Whh  0.95, Omega  0.00, alpha  0.000, steps in the past 0.000, valid nll 1.386
  [diag] log10|dL/dh_t| hist bins=60 range=(-12.00,-2.48) mean=-11.88 p50=-12.00 p05=-12.00 p95=-12.00
  [diag] sat-dist hist bins=60 sat<0.05=0.0% mean=0.985 p10=0.984 p90=0.986
Iter 0002640: train nll 1.386, valid error 073.500%, best valid error 072.800%, avg grad norm   0.174, avg grad norm (post clip)   0.167, rho_Whh  0.95, Omega  0.00, alpha  0.000, steps in the past 0.000, valid nll 1.386
  [diag] log10|dL/dh_t| hist bins=60 range=(-12.00,-2.48) mean=-11.88 p50=-12.00 p05=-12.00 p95=-12.00
  [diag] sat-dist hist bins=60 sat<0.05=0.0% mean=0.985 p10=0.984 p90=0.986
Iter 0002660: train nll 1.386, valid error 073.500%, best valid error 072.800%, avg grad norm   0.168, avg grad norm (post clip)   0.168, rho_Whh  0.95, Omega  0.00, alpha  0.000, steps in the past 0.000, valid nll 1.386
  [diag] log10|dL/dh_t| hist bins=60 range=(-12.00,-2.48) mean=-11.88 p50=-12.00 p05=-12.00 p95=-12.00
  [diag] sat-dist hist bins=60 sat<0.05=0.0% mean=0.986 p10=0.985 p90=0.986
Iter 0002680: train nll 1.387, valid error 073.500%, best valid error 072.800%, avg grad norm   0.207, avg grad norm (post clip)   0.176, rho_Whh  0.95, Omega  0.00, alpha  0.000, steps in the past 0.000, valid nll 1.386
  [diag] log10|dL/dh_t| hist bins=60 range=(-12.00,-2.48) mean=-11.88 p50=-12.00 p05=-12.00 p95=-12.00
  [diag] sat-dist hist bins=60 sat<0.05=0.0% mean=0.985 p10=0.984 p90=0.986
Iter 0002700: train nll 1.387, valid error 073.500%, best valid error 072.800%, avg grad norm   0.176, avg grad norm (post clip)   0.172, rho_Whh  0.95, Omega  0.00, alpha  0.000, steps in the past 0.000, valid nll 1.386
  [diag] log10|dL/dh_t| hist bins=60 range=(-12.00,-2.48) mean=-11.88 p50=-12.00 p05=-12.00 p95=-12.00
  [diag] sat-dist hist bins=60 sat<0.05=0.0% mean=0.985 p10=0.984 p90=0.986
Iter 0002720: train nll 1.386, valid error 073.500%, best valid error 072.800%, avg grad norm   0.168, avg grad norm (post clip)   0.163, rho_Whh  0.95, Omega  0.00, alpha  0.000, steps in the past 0.000, valid nll 1.386
  [diag] log10|dL/dh_t| hist bins=60 range=(-12.00,-2.48) mean=-11.88 p50=-12.00 p05=-12.00 p95=-12.00
  [diag] sat-dist hist bins=60 sat<0.05=0.0% mean=0.985 p10=0.984 p90=0.986
Iter 0002740: train nll 1.386, valid error 074.350%, best valid error 072.800%, avg grad norm   0.188, avg grad norm (post clip)   0.173, rho_Whh  0.95, Omega  0.00, alpha  0.000, steps in the past 0.000, valid nll 1.386
  [diag] log10|dL/dh_t| hist bins=60 range=(-12.00,-2.48) mean=-11.88 p50=-12.00 p05=-12.00 p95=-12.00
  [diag] sat-dist hist bins=60 sat<0.05=0.0% mean=0.985 p10=0.984 p90=0.986
Iter 0002760: train nll 1.386, valid error 073.500%, best valid error 072.800%, avg grad norm   0.166, avg grad norm (post clip)   0.161, rho_Whh  0.95, Omega  0.00, alpha  0.000, steps in the past 0.000, valid nll 1.386
  [diag] log10|dL/dh_t| hist bins=60 range=(-12.00,-2.48) mean=-11.88 p50=-12.00 p05=-12.00 p95=-12.00
  [diag] sat-dist hist bins=60 sat<0.05=0.0% mean=0.985 p10=0.984 p90=0.986
Iter 0002780: train nll 1.386, valid error 073.500%, best valid error 072.800%, avg grad norm   0.201, avg grad norm (post clip)   0.186, rho_Whh  0.95, Omega  0.00, alpha  0.000, steps in the past 0.000, valid nll 1.386
  [diag] log10|dL/dh_t| hist bins=60 range=(-12.00,-2.48) mean=-11.88 p50=-12.00 p05=-12.00 p95=-12.00
  [diag] sat-dist hist bins=60 sat<0.05=0.0% mean=0.985 p10=0.984 p90=0.986
Iter 0002800: train nll 1.387, valid error 073.500%, best valid error 072.800%, avg grad norm   0.208, avg grad norm (post clip)   0.171, rho_Whh  0.95, Omega  0.00, alpha  0.000, steps in the past 0.000, valid nll 1.386
  [diag] log10|dL/dh_t| hist bins=60 range=(-12.00,-2.48) mean=-11.88 p50=-12.00 p05=-12.00 p95=-12.00
  [diag] sat-dist hist bins=60 sat<0.05=0.0% mean=0.986 p10=0.984 p90=0.986
Iter 0002820: train nll 1.386, valid error 073.500%, best valid error 072.800%, avg grad norm   0.197, avg grad norm (post clip)   0.162, rho_Whh  0.95, Omega  0.00, alpha  0.000, steps in the past 0.000, valid nll 1.386
  [diag] log10|dL/dh_t| hist bins=60 range=(-12.00,-2.48) mean=-11.88 p50=-12.00 p05=-12.00 p95=-12.00
  [diag] sat-dist hist bins=60 sat<0.05=0.0% mean=0.985 p10=0.984 p90=0.986
Iter 0002840: train nll 1.386, valid error 073.500%, best valid error 072.800%, avg grad norm   0.187, avg grad norm (post clip)   0.171, rho_Whh  0.95, Omega  0.00, alpha  0.000, steps in the past 0.000, valid nll 1.386
  [diag] log10|dL/dh_t| hist bins=60 range=(-12.00,-2.48) mean=-11.88 p50=-12.00 p05=-12.00 p95=-12.00
  [diag] sat-dist hist bins=60 sat<0.05=0.0% mean=0.985 p10=0.984 p90=0.986
Iter 0002860: train nll 1.386, valid error 073.500%, best valid error 072.800%, avg grad norm   0.189, avg grad norm (post clip)   0.174, rho_Whh  0.95, Omega  0.00, alpha  0.000, steps in the past 0.000, valid nll 1.386
  [diag] log10|dL/dh_t| hist bins=60 range=(-12.00,-2.48) mean=-11.88 p50=-12.00 p05=-12.00 p95=-12.00
  [diag] sat-dist hist bins=60 sat<0.05=0.0% mean=0.985 p10=0.984 p90=0.986
Iter 0002880: train nll 1.386, valid error 073.500%, best valid error 072.800%, avg grad norm   0.180, avg grad norm (post clip)   0.163, rho_Whh  0.95, Omega  0.00, alpha  0.000, steps in the past 0.000, valid nll 1.386
  [diag] log10|dL/dh_t| hist bins=60 range=(-12.00,-2.48) mean=-11.88 p50=-12.00 p05=-12.00 p95=-12.00
  [diag] sat-dist hist bins=60 sat<0.05=0.0% mean=0.985 p10=0.984 p90=0.986
Iter 0002900: train nll 1.386, valid error 073.500%, best valid error 072.800%, avg grad norm   0.206, avg grad norm (post clip)   0.179, rho_Whh  0.95, Omega  0.00, alpha  0.000, steps in the past 0.000, valid nll 1.386
  [diag] log10|dL/dh_t| hist bins=60 range=(-12.00,-2.48) mean=-11.88 p50=-12.00 p05=-12.00 p95=-12.00
  [diag] sat-dist hist bins=60 sat<0.05=0.0% mean=0.986 p10=0.985 p90=0.986
Iter 0002920: train nll 1.387, valid error 073.500%, best valid error 072.800%, avg grad norm   0.195, avg grad norm (post clip)   0.176, rho_Whh  0.95, Omega  0.00, alpha  0.000, steps in the past 0.000, valid nll 1.386
  [diag] log10|dL/dh_t| hist bins=60 range=(-12.00,-2.48) mean=-11.88 p50=-12.00 p05=-12.00 p95=-12.00
  [diag] sat-dist hist bins=60 sat<0.05=0.0% mean=0.986 p10=0.985 p90=0.986
Iter 0002940: train nll 1.386, valid error 073.500%, best valid error 072.800%, avg grad norm   0.171, avg grad norm (post clip)   0.158, rho_Whh  0.95, Omega  0.00, alpha  0.000, steps in the past 0.000, valid nll 1.386
  [diag] log10|dL/dh_t| hist bins=60 range=(-12.00,-2.48) mean=-11.88 p50=-12.00 p05=-12.00 p95=-12.00
  [diag] sat-dist hist bins=60 sat<0.05=0.0% mean=0.986 p10=0.985 p90=0.986
Iter 0002960: train nll 1.386, valid error 073.500%, best valid error 072.800%, avg grad norm   0.192, avg grad norm (post clip)   0.180, rho_Whh  0.95, Omega  0.00, alpha  0.000, steps in the past 0.000, valid nll 1.386
  [diag] log10|dL/dh_t| hist bins=60 range=(-12.00,-2.48) mean=-11.88 p50=-12.00 p05=-12.00 p95=-12.00
  [diag] sat-dist hist bins=60 sat<0.05=0.0% mean=0.985 p10=0.984 p90=0.986
Iter 0002980: train nll 1.386, valid error 073.500%, best valid error 072.800%, avg grad norm   0.204, avg grad norm (post clip)   0.184, rho_Whh  0.95, Omega  0.00, alpha  0.000, steps in the past 0.000, valid nll 1.386
Done. solved=0 steps=2999 best_valid_error=72.8000%
=== DONE  EC_p5_smart_a0_cut02_lr0005 ===
=== START EC_p6_smart_a0_cut02_lr002 ===
Starting to train (PyTorch).
  [diag] log10|dL/dh_t| hist bins=60 range=(-12.00,-2.48) mean=-11.88 p50=-12.00 p05=-12.00 p95=-12.00
  [diag] sat-dist hist bins=60 sat<0.05=0.0% mean=0.982 p10=0.981 p90=0.984
Iter 0000020: train nll 1.456, valid error 075.050%, best valid error 100.000%, avg grad norm   0.195, avg grad norm (post clip)   0.179, rho_Whh  0.95, Omega  0.00, alpha  0.000, steps in the past 0.000, valid nll 1.386
  [diag] log10|dL/dh_t| hist bins=60 range=(-12.00,-2.48) mean=-11.88 p50=-12.00 p05=-12.00 p95=-12.00
  [diag] sat-dist hist bins=60 sat<0.05=0.0% mean=0.984 p10=0.983 p90=0.985
Iter 0000040: train nll 1.386, valid error 073.500%, best valid error 075.050%, avg grad norm   0.181, avg grad norm (post clip)   0.164, rho_Whh  0.95, Omega  0.00, alpha  0.000, steps in the past 0.000, valid nll 1.386
  [diag] log10|dL/dh_t| hist bins=60 range=(-12.00,-2.49) mean=-11.88 p50=-12.00 p05=-12.00 p95=-12.00
  [diag] sat-dist hist bins=60 sat<0.05=0.0% mean=0.982 p10=0.981 p90=0.983
Iter 0000060: train nll 1.386, valid error 073.500%, best valid error 073.500%, avg grad norm   0.158, avg grad norm (post clip)   0.159, rho_Whh  0.95, Omega  0.00, alpha  0.000, steps in the past 0.000, valid nll 1.386
  [diag] log10|dL/dh_t| hist bins=60 range=(-12.00,-2.49) mean=-11.88 p50=-12.00 p05=-12.00 p95=-12.00
  [diag] sat-dist hist bins=60 sat<0.05=0.0% mean=0.980 p10=0.979 p90=0.982
Iter 0000080: train nll 1.386, valid error 073.500%, best valid error 073.500%, avg grad norm   0.195, avg grad norm (post clip)   0.178, rho_Whh  0.95, Omega  0.00, alpha  0.000, steps in the past 0.000, valid nll 1.386
  [diag] log10|dL/dh_t| hist bins=60 range=(-12.00,-2.49) mean=-11.88 p50=-12.00 p05=-12.00 p95=-12.00
  [diag] sat-dist hist bins=60 sat<0.05=0.0% mean=0.980 p10=0.979 p90=0.982
Iter 0000100: train nll 1.387, valid error 073.500%, best valid error 073.500%, avg grad norm   0.169, avg grad norm (post clip)   0.167, rho_Whh  0.95, Omega  0.00, alpha  0.000, steps in the past 0.000, valid nll 1.386
  [diag] log10|dL/dh_t| hist bins=60 range=(-12.00,-2.49) mean=-11.88 p50=-12.00 p05=-12.00 p95=-12.00
  [diag] sat-dist hist bins=60 sat<0.05=0.0% mean=0.982 p10=0.980 p90=0.983
Iter 0000120: train nll 1.387, valid error 076.050%, best valid error 073.500%, avg grad norm   0.181, avg grad norm (post clip)   0.170, rho_Whh  0.95, Omega  0.00, alpha  0.000, steps in the past 0.000, valid nll 1.386
  [diag] log10|dL/dh_t| hist bins=60 range=(-12.00,-2.49) mean=-11.88 p50=-12.00 p05=-12.00 p95=-12.00
  [diag] sat-dist hist bins=60 sat<0.05=0.0% mean=0.982 p10=0.981 p90=0.984
Iter 0000140: train nll 1.387, valid error 075.200%, best valid error 073.500%, avg grad norm   0.192, avg grad norm (post clip)   0.168, rho_Whh  0.95, Omega  0.00, alpha  0.000, steps in the past 0.000, valid nll 1.386
  [diag] log10|dL/dh_t| hist bins=60 range=(-12.00,-2.49) mean=-11.88 p50=-12.00 p05=-12.00 p95=-12.00
  [diag] sat-dist hist bins=60 sat<0.05=0.0% mean=0.982 p10=0.981 p90=0.983
Iter 0000160: train nll 1.386, valid error 073.500%, best valid error 073.500%, avg grad norm   0.183, avg grad norm (post clip)   0.159, rho_Whh  0.95, Omega  0.00, alpha  0.000, steps in the past 0.000, valid nll 1.386
  [diag] log10|dL/dh_t| hist bins=60 range=(-12.00,-2.49) mean=-11.88 p50=-12.00 p05=-12.00 p95=-12.00
  [diag] sat-dist hist bins=60 sat<0.05=0.0% mean=0.980 p10=0.979 p90=0.982
Iter 0000180: train nll 1.386, valid error 073.500%, best valid error 073.500%, avg grad norm   0.209, avg grad norm (post clip)   0.182, rho_Whh  0.95, Omega  0.00, alpha  0.000, steps in the past 0.000, valid nll 1.386
  [diag] log10|dL/dh_t| hist bins=60 range=(-12.00,-2.49) mean=-11.88 p50=-12.00 p05=-12.00 p95=-12.00
  [diag] sat-dist hist bins=60 sat<0.05=0.0% mean=0.976 p10=0.974 p90=0.979
Iter 0000200: train nll 1.384, valid error 073.500%, best valid error 073.500%, avg grad norm   0.170, avg grad norm (post clip)   0.163, rho_Whh  0.95, Omega  0.00, alpha  0.000, steps in the past 0.000, valid nll 1.386
  [diag] log10|dL/dh_t| hist bins=60 range=(-12.00,-2.48) mean=-11.88 p50=-12.00 p05=-12.00 p95=-12.00
  [diag] sat-dist hist bins=60 sat<0.05=0.0% mean=0.975 p10=0.974 p90=0.979
Iter 0000220: train nll 1.387, valid error 073.500%, best valid error 073.500%, avg grad norm   0.198, avg grad norm (post clip)   0.184, rho_Whh  0.95, Omega  0.00, alpha  0.000, steps in the past 0.000, valid nll 1.386
  [diag] log10|dL/dh_t| hist bins=60 range=(-12.00,-2.48) mean=-11.88 p50=-12.00 p05=-12.00 p95=-12.00
  [diag] sat-dist hist bins=60 sat<0.05=0.0% mean=0.975 p10=0.973 p90=0.979
Iter 0000240: train nll 1.387, valid error 076.050%, best valid error 073.500%, avg grad norm   0.184, avg grad norm (post clip)   0.175, rho_Whh  0.95, Omega  0.00, alpha  0.000, steps in the past 0.000, valid nll 1.387
  [diag] log10|dL/dh_t| hist bins=60 range=(-12.00,-2.48) mean=-11.88 p50=-12.00 p05=-12.00 p95=-12.00
  [diag] sat-dist hist bins=60 sat<0.05=0.0% mean=0.976 p10=0.974 p90=0.979
Iter 0000260: train nll 1.387, valid error 075.050%, best valid error 073.500%, avg grad norm   0.186, avg grad norm (post clip)   0.171, rho_Whh  0.95, Omega  0.00, alpha  0.000, steps in the past 0.000, valid nll 1.386
  [diag] log10|dL/dh_t| hist bins=60 range=(-12.00,-2.48) mean=-11.88 p50=-12.00 p05=-12.00 p95=-12.00
  [diag] sat-dist hist bins=60 sat<0.05=0.0% mean=0.980 p10=0.979 p90=0.982
Iter 0000280: train nll 1.388, valid error 076.050%, best valid error 073.500%, avg grad norm   0.167, avg grad norm (post clip)   0.150, rho_Whh  0.95, Omega  0.00, alpha  0.000, steps in the past 0.000, valid nll 1.386
  [diag] log10|dL/dh_t| hist bins=60 range=(-12.00,-2.48) mean=-11.88 p50=-12.00 p05=-12.00 p95=-12.00
  [diag] sat-dist hist bins=60 sat<0.05=0.0% mean=0.983 p10=0.982 p90=0.984
Iter 0000300: train nll 1.387, valid error 073.500%, best valid error 073.500%, avg grad norm   0.211, avg grad norm (post clip)   0.190, rho_Whh  0.95, Omega  0.00, alpha  0.000, steps in the past 0.000, valid nll 1.386
  [diag] log10|dL/dh_t| hist bins=60 range=(-12.00,-2.49) mean=-11.88 p50=-12.00 p05=-12.00 p95=-12.00
  [diag] sat-dist hist bins=60 sat<0.05=0.0% mean=0.980 p10=0.979 p90=0.982
Iter 0000320: train nll 1.386, valid error 073.900%, best valid error 073.500%, avg grad norm   0.178, avg grad norm (post clip)   0.173, rho_Whh  0.95, Omega  0.00, alpha  0.000, steps in the past 0.000, valid nll 1.386
  [diag] log10|dL/dh_t| hist bins=60 range=(-12.00,-2.49) mean=-11.88 p50=-12.00 p05=-12.00 p95=-12.00
  [diag] sat-dist hist bins=60 sat<0.05=0.0% mean=0.982 p10=0.981 p90=0.983
Iter 0000340: train nll 1.387, valid error 073.500%, best valid error 073.500%, avg grad norm   0.176, avg grad norm (post clip)   0.169, rho_Whh  0.95, Omega  0.00, alpha  0.000, steps in the past 0.000, valid nll 1.386
  [diag] log10|dL/dh_t| hist bins=60 range=(-12.00,-2.49) mean=-11.88 p50=-12.00 p05=-12.00 p95=-12.00
  [diag] sat-dist hist bins=60 sat<0.05=0.0% mean=0.982 p10=0.981 p90=0.983
Iter 0000360: train nll 1.386, valid error 073.500%, best valid error 073.500%, avg grad norm   0.182, avg grad norm (post clip)   0.173, rho_Whh  0.95, Omega  0.00, alpha  0.000, steps in the past 0.000, valid nll 1.386
  [diag] log10|dL/dh_t| hist bins=60 range=(-12.00,-2.49) mean=-11.88 p50=-12.00 p05=-12.00 p95=-12.00
  [diag] sat-dist hist bins=60 sat<0.05=0.0% mean=0.985 p10=0.984 p90=0.985
Iter 0000380: train nll 1.388, valid error 073.500%, best valid error 073.500%, avg grad norm   0.175, avg grad norm (post clip)   0.176, rho_Whh  0.95, Omega  0.00, alpha  0.000, steps in the past 0.000, valid nll 1.386
  [diag] log10|dL/dh_t| hist bins=60 range=(-12.00,-2.48) mean=-11.88 p50=-12.00 p05=-12.00 p95=-12.00
  [diag] sat-dist hist bins=60 sat<0.05=0.0% mean=0.985 p10=0.985 p90=0.986
Iter 0000400: train nll 1.386, valid error 075.600%, best valid error 073.500%, avg grad norm   0.185, avg grad norm (post clip)   0.175, rho_Whh  0.95, Omega  0.00, alpha  0.000, steps in the past 0.000, valid nll 1.386
  [diag] log10|dL/dh_t| hist bins=60 range=(-12.00,-2.48) mean=-11.88 p50=-12.00 p05=-12.00 p95=-12.00
  [diag] sat-dist hist bins=60 sat<0.05=0.0% mean=0.986 p10=0.985 p90=0.986
Iter 0000420: train nll 1.387, valid error 075.600%, best valid error 073.500%, avg grad norm   0.190, avg grad norm (post clip)   0.170, rho_Whh  0.95, Omega  0.00, alpha  0.000, steps in the past 0.000, valid nll 1.386
  [diag] log10|dL/dh_t| hist bins=60 range=(-12.00,-2.48) mean=-11.88 p50=-12.00 p05=-12.00 p95=-12.00
  [diag] sat-dist hist bins=60 sat<0.05=0.0% mean=0.985 p10=0.984 p90=0.986
Iter 0000440: train nll 1.387, valid error 075.600%, best valid error 073.500%, avg grad norm   0.180, avg grad norm (post clip)   0.172, rho_Whh  0.95, Omega  0.00, alpha  0.000, steps in the past 0.000, valid nll 1.386
  [diag] log10|dL/dh_t| hist bins=60 range=(-12.00,-2.48) mean=-11.88 p50=-12.00 p05=-12.00 p95=-12.00
  [diag] sat-dist hist bins=60 sat<0.05=0.0% mean=0.985 p10=0.984 p90=0.986
Iter 0000460: train nll 1.386, valid error 075.600%, best valid error 073.500%, avg grad norm   0.173, avg grad norm (post clip)   0.168, rho_Whh  0.95, Omega  0.00, alpha  0.000, steps in the past 0.000, valid nll 1.387
  [diag] log10|dL/dh_t| hist bins=60 range=(-12.00,-2.49) mean=-11.88 p50=-12.00 p05=-12.00 p95=-12.00
  [diag] sat-dist hist bins=60 sat<0.05=0.0% mean=0.986 p10=0.985 p90=0.986
Iter 0000480: train nll 1.387, valid error 074.750%, best valid error 073.500%, avg grad norm   0.179, avg grad norm (post clip)   0.167, rho_Whh  0.95, Omega  0.00, alpha  0.000, steps in the past 0.000, valid nll 1.387
  [diag] log10|dL/dh_t| hist bins=60 range=(-12.00,-2.49) mean=-11.88 p50=-12.00 p05=-12.00 p95=-12.00
  [diag] sat-dist hist bins=60 sat<0.05=0.0% mean=0.985 p10=0.984 p90=0.986
Iter 0000500: train nll 1.387, valid error 074.850%, best valid error 073.500%, avg grad norm   0.183, avg grad norm (post clip)   0.176, rho_Whh  0.95, Omega  0.00, alpha  0.000, steps in the past 0.000, valid nll 1.386
  [diag] log10|dL/dh_t| hist bins=60 range=(-12.00,-2.48) mean=-11.88 p50=-12.00 p05=-12.00 p95=-12.00
  [diag] sat-dist hist bins=60 sat<0.05=0.0% mean=0.986 p10=0.985 p90=0.987
Iter 0000520: train nll 1.387, valid error 074.850%, best valid error 073.500%, avg grad norm   0.197, avg grad norm (post clip)   0.187, rho_Whh  0.95, Omega  0.00, alpha  0.000, steps in the past 0.000, valid nll 1.386
  [diag] log10|dL/dh_t| hist bins=60 range=(-12.00,-2.49) mean=-11.88 p50=-12.00 p05=-12.00 p95=-12.00
  [diag] sat-dist hist bins=60 sat<0.05=0.0% mean=0.985 p10=0.985 p90=0.986
Iter 0000540: train nll 1.386, valid error 075.900%, best valid error 073.500%, avg grad norm   0.192, avg grad norm (post clip)   0.180, rho_Whh  0.95, Omega  0.00, alpha  0.000, steps in the past 0.000, valid nll 1.387
  [diag] log10|dL/dh_t| hist bins=60 range=(-12.00,-2.49) mean=-11.88 p50=-12.00 p05=-12.00 p95=-12.00
  [diag] sat-dist hist bins=60 sat<0.05=0.0% mean=0.984 p10=0.983 p90=0.985
Iter 0000560: train nll 1.387, valid error 076.050%, best valid error 073.500%, avg grad norm   0.203, avg grad norm (post clip)   0.181, rho_Whh  0.95, Omega  0.00, alpha  0.000, steps in the past 0.000, valid nll 1.387
  [diag] log10|dL/dh_t| hist bins=60 range=(-12.00,-2.49) mean=-11.88 p50=-12.00 p05=-12.00 p95=-12.00
  [diag] sat-dist hist bins=60 sat<0.05=0.0% mean=0.986 p10=0.985 p90=0.987
Iter 0000580: train nll 1.387, valid error 074.950%, best valid error 073.500%, avg grad norm   0.206, avg grad norm (post clip)   0.184, rho_Whh  0.95, Omega  0.00, alpha  0.000, steps in the past 0.000, valid nll 1.386
  [diag] log10|dL/dh_t| hist bins=60 range=(-12.00,-2.49) mean=-11.88 p50=-12.00 p05=-12.00 p95=-12.00
  [diag] sat-dist hist bins=60 sat<0.05=0.0% mean=0.985 p10=0.985 p90=0.986
Iter 0000600: train nll 1.386, valid error 073.650%, best valid error 073.500%, avg grad norm   0.171, avg grad norm (post clip)   0.168, rho_Whh  0.95, Omega  0.00, alpha  0.000, steps in the past 0.000, valid nll 1.386
  [diag] log10|dL/dh_t| hist bins=60 range=(-12.00,-2.49) mean=-11.88 p50=-12.00 p05=-12.00 p95=-12.00
  [diag] sat-dist hist bins=60 sat<0.05=0.0% mean=0.983 p10=0.982 p90=0.984
Iter 0000620: train nll 1.386, valid error 076.050%, best valid error 073.500%, avg grad norm   0.181, avg grad norm (post clip)   0.163, rho_Whh  0.95, Omega  0.00, alpha  0.000, steps in the past 0.000, valid nll 1.386
  [diag] log10|dL/dh_t| hist bins=60 range=(-12.00,-2.49) mean=-11.88 p50=-12.00 p05=-12.00 p95=-12.00
  [diag] sat-dist hist bins=60 sat<0.05=0.0% mean=0.984 p10=0.983 p90=0.985
Iter 0000640: train nll 1.387, valid error 076.050%, best valid error 073.500%, avg grad norm   0.182, avg grad norm (post clip)   0.165, rho_Whh  0.95, Omega  0.00, alpha  0.000, steps in the past 0.000, valid nll 1.386
  [diag] log10|dL/dh_t| hist bins=60 range=(-12.00,-2.48) mean=-11.88 p50=-12.00 p05=-12.00 p95=-12.00
  [diag] sat-dist hist bins=60 sat<0.05=0.0% mean=0.981 p10=0.980 p90=0.983
Iter 0000660: train nll 1.386, valid error 076.050%, best valid error 073.500%, avg grad norm   0.196, avg grad norm (post clip)   0.173, rho_Whh  0.95, Omega  0.00, alpha  0.000, steps in the past 0.000, valid nll 1.387
  [diag] log10|dL/dh_t| hist bins=60 range=(-12.00,-2.48) mean=-11.88 p50=-12.00 p05=-12.00 p95=-12.00
  [diag] sat-dist hist bins=60 sat<0.05=0.0% mean=0.983 p10=0.982 p90=0.984
Iter 0000680: train nll 1.387, valid error 076.050%, best valid error 073.500%, avg grad norm   0.177, avg grad norm (post clip)   0.169, rho_Whh  0.95, Omega  0.00, alpha  0.000, steps in the past 0.000, valid nll 1.387
  [diag] log10|dL/dh_t| hist bins=60 range=(-12.00,-2.48) mean=-11.88 p50=-12.00 p05=-12.00 p95=-12.00
  [diag] sat-dist hist bins=60 sat<0.05=0.0% mean=0.981 p10=0.979 p90=0.983
Iter 0000700: train nll 1.387, valid error 076.050%, best valid error 073.500%, avg grad norm   0.198, avg grad norm (post clip)   0.178, rho_Whh  0.95, Omega  0.00, alpha  0.000, steps in the past 0.000, valid nll 1.387
  [diag] log10|dL/dh_t| hist bins=60 range=(-12.00,-2.48) mean=-11.88 p50=-12.00 p05=-12.00 p95=-12.00
  [diag] sat-dist hist bins=60 sat<0.05=0.0% mean=0.975 p10=0.973 p90=0.979
Iter 0000720: train nll 1.386, valid error 076.050%, best valid error 073.500%, avg grad norm   0.183, avg grad norm (post clip)   0.171, rho_Whh  0.95, Omega  0.00, alpha  0.000, steps in the past 0.000, valid nll 1.387
  [diag] log10|dL/dh_t| hist bins=60 range=(-12.00,-2.48) mean=-11.88 p50=-12.00 p05=-12.00 p95=-12.00
  [diag] sat-dist hist bins=60 sat<0.05=0.0% mean=0.975 p10=0.973 p90=0.979
Iter 0000740: train nll 1.386, valid error 076.050%, best valid error 073.500%, avg grad norm   0.177, avg grad norm (post clip)   0.174, rho_Whh  0.95, Omega  0.00, alpha  0.000, steps in the past 0.000, valid nll 1.387
  [diag] log10|dL/dh_t| hist bins=60 range=(-12.00,-2.48) mean=-11.88 p50=-12.00 p05=-12.00 p95=-12.00
  [diag] sat-dist hist bins=60 sat<0.05=0.0% mean=0.981 p10=0.980 p90=0.983
Iter 0000760: train nll 1.387, valid error 076.050%, best valid error 073.500%, avg grad norm   0.185, avg grad norm (post clip)   0.171, rho_Whh  0.95, Omega  0.00, alpha  0.000, steps in the past 0.000, valid nll 1.387
  [diag] log10|dL/dh_t| hist bins=60 range=(-12.00,-2.48) mean=-11.88 p50=-12.00 p05=-12.00 p95=-12.00
  [diag] sat-dist hist bins=60 sat<0.05=0.0% mean=0.978 p10=0.976 p90=0.981
Iter 0000780: train nll 1.386, valid error 075.600%, best valid error 073.500%, avg grad norm   0.188, avg grad norm (post clip)   0.176, rho_Whh  0.95, Omega  0.00, alpha  0.000, steps in the past 0.000, valid nll 1.387
  [diag] log10|dL/dh_t| hist bins=60 range=(-12.00,-2.48) mean=-11.88 p50=-12.00 p05=-12.00 p95=-12.00
  [diag] sat-dist hist bins=60 sat<0.05=0.0% mean=0.980 p10=0.979 p90=0.982
Iter 0000800: train nll 1.387, valid error 075.600%, best valid error 073.500%, avg grad norm   0.213, avg grad norm (post clip)   0.184, rho_Whh  0.95, Omega  0.00, alpha  0.000, steps in the past 0.000, valid nll 1.387
  [diag] log10|dL/dh_t| hist bins=60 range=(-12.00,-2.48) mean=-11.88 p50=-12.00 p05=-12.00 p95=-12.00
  [diag] sat-dist hist bins=60 sat<0.05=0.0% mean=0.984 p10=0.984 p90=0.985
Iter 0000820: train nll 1.387, valid error 075.600%, best valid error 073.500%, avg grad norm   0.144, avg grad norm (post clip)   0.145, rho_Whh  0.95, Omega  0.00, alpha  0.000, steps in the past 0.000, valid nll 1.387
  [diag] log10|dL/dh_t| hist bins=60 range=(-12.00,-2.48) mean=-11.88 p50=-12.00 p05=-12.00 p95=-12.00
  [diag] sat-dist hist bins=60 sat<0.05=0.0% mean=0.983 p10=0.982 p90=0.985
Iter 0000840: train nll 1.385, valid error 075.600%, best valid error 073.500%, avg grad norm   0.221, avg grad norm (post clip)   0.183, rho_Whh  0.95, Omega  0.00, alpha  0.000, steps in the past 0.000, valid nll 1.387
  [diag] log10|dL/dh_t| hist bins=60 range=(-12.00,-2.48) mean=-11.88 p50=-12.00 p05=-12.00 p95=-12.00
  [diag] sat-dist hist bins=60 sat<0.05=0.0% mean=0.985 p10=0.984 p90=0.986
Iter 0000860: train nll 1.387, valid error 075.600%, best valid error 073.500%, avg grad norm   0.191, avg grad norm (post clip)   0.171, rho_Whh  0.95, Omega  0.00, alpha  0.000, steps in the past 0.000, valid nll 1.387
  [diag] log10|dL/dh_t| hist bins=60 range=(-12.00,-2.48) mean=-11.88 p50=-12.00 p05=-12.00 p95=-12.00
  [diag] sat-dist hist bins=60 sat<0.05=0.0% mean=0.986 p10=0.985 p90=0.986
Iter 0000880: train nll 1.386, valid error 075.600%, best valid error 073.500%, avg grad norm   0.179, avg grad norm (post clip)   0.170, rho_Whh  0.95, Omega  0.00, alpha  0.000, steps in the past 0.000, valid nll 1.387
  [diag] log10|dL/dh_t| hist bins=60 range=(-12.00,-2.48) mean=-11.88 p50=-12.00 p05=-12.00 p95=-12.00
  [diag] sat-dist hist bins=60 sat<0.05=0.0% mean=0.984 p10=0.982 p90=0.986
Iter 0000900: train nll 1.387, valid error 075.600%, best valid error 073.500%, avg grad norm   0.191, avg grad norm (post clip)   0.170, rho_Whh  0.95, Omega  0.00, alpha  0.000, steps in the past 0.000, valid nll 1.386
  [diag] log10|dL/dh_t| hist bins=60 range=(-12.00,-2.48) mean=-11.88 p50=-12.00 p05=-12.00 p95=-12.00
  [diag] sat-dist hist bins=60 sat<0.05=0.0% mean=0.985 p10=0.984 p90=0.986
Iter 0000920: train nll 1.387, valid error 075.600%, best valid error 073.500%, avg grad norm   0.197, avg grad norm (post clip)   0.184, rho_Whh  0.95, Omega  0.00, alpha  0.000, steps in the past 0.000, valid nll 1.386
  [diag] log10|dL/dh_t| hist bins=60 range=(-12.00,-2.48) mean=-11.88 p50=-12.00 p05=-12.00 p95=-12.00
  [diag] sat-dist hist bins=60 sat<0.05=0.0% mean=0.986 p10=0.985 p90=0.986
Iter 0000940: train nll 1.385, valid error 075.600%, best valid error 073.500%, avg grad norm   0.200, avg grad norm (post clip)   0.175, rho_Whh  0.95, Omega  0.00, alpha  0.000, steps in the past 0.000, valid nll 1.386
  [diag] log10|dL/dh_t| hist bins=60 range=(-12.00,-2.48) mean=-11.88 p50=-12.00 p05=-12.00 p95=-12.00
  [diag] sat-dist hist bins=60 sat<0.05=0.0% mean=0.985 p10=0.983 p90=0.986
Iter 0000960: train nll 1.386, valid error 075.600%, best valid error 073.500%, avg grad norm   0.166, avg grad norm (post clip)   0.157, rho_Whh  0.95, Omega  0.00, alpha  0.000, steps in the past 0.000, valid nll 1.386
  [diag] log10|dL/dh_t| hist bins=60 range=(-12.00,-2.48) mean=-11.88 p50=-12.00 p05=-12.00 p95=-12.00
  [diag] sat-dist hist bins=60 sat<0.05=0.0% mean=0.984 p10=0.983 p90=0.985
Iter 0000980: train nll 1.385, valid error 075.600%, best valid error 073.500%, avg grad norm   0.203, avg grad norm (post clip)   0.182, rho_Whh  0.95, Omega  0.00, alpha  0.000, steps in the past 0.000, valid nll 1.387
  [diag] log10|dL/dh_t| hist bins=60 range=(-12.00,-2.48) mean=-11.88 p50=-12.00 p05=-12.00 p95=-12.00
  [diag] sat-dist hist bins=60 sat<0.05=0.0% mean=0.985 p10=0.984 p90=0.986
Iter 0001000: train nll 1.386, valid error 075.600%, best valid error 073.500%, avg grad norm   0.164, avg grad norm (post clip)   0.161, rho_Whh  0.95, Omega  0.00, alpha  0.000, steps in the past 0.000, valid nll 1.387
  [diag] log10|dL/dh_t| hist bins=60 range=(-12.00,-2.48) mean=-11.88 p50=-12.00 p05=-12.00 p95=-12.00
  [diag] sat-dist hist bins=60 sat<0.05=0.0% mean=0.982 p10=0.980 p90=0.984
Iter 0001020: train nll 1.388, valid error 075.600%, best valid error 073.500%, avg grad norm   0.206, avg grad norm (post clip)   0.183, rho_Whh  0.95, Omega  0.00, alpha  0.000, steps in the past 0.000, valid nll 1.387
  [diag] log10|dL/dh_t| hist bins=60 range=(-12.00,-2.48) mean=-11.88 p50=-12.00 p05=-12.00 p95=-12.00
  [diag] sat-dist hist bins=60 sat<0.05=0.0% mean=0.978 p10=0.976 p90=0.982
Iter 0001040: train nll 1.385, valid error 075.600%, best valid error 073.500%, avg grad norm   0.170, avg grad norm (post clip)   0.166, rho_Whh  0.95, Omega  0.00, alpha  0.000, steps in the past 0.000, valid nll 1.387
  [diag] log10|dL/dh_t| hist bins=60 range=(-12.00,-2.47) mean=-11.88 p50=-12.00 p05=-12.00 p95=-12.00
  [diag] sat-dist hist bins=60 sat<0.05=0.0% mean=0.970 p10=0.967 p90=0.978
Iter 0001060: train nll 1.384, valid error 075.600%, best valid error 073.500%, avg grad norm   0.198, avg grad norm (post clip)   0.183, rho_Whh  0.95, Omega  0.00, alpha  0.000, steps in the past 0.000, valid nll 1.387
  [diag] log10|dL/dh_t| hist bins=60 range=(-12.00,-2.47) mean=-11.88 p50=-12.00 p05=-12.00 p95=-12.00
  [diag] sat-dist hist bins=60 sat<0.05=0.0% mean=0.962 p10=0.958 p90=0.973
Iter 0001080: train nll 1.385, valid error 075.600%, best valid error 073.500%, avg grad norm   0.207, avg grad norm (post clip)   0.181, rho_Whh  0.95, Omega  0.00, alpha  0.000, steps in the past 0.000, valid nll 1.387
  [diag] log10|dL/dh_t| hist bins=60 range=(-12.00,-2.47) mean=-11.88 p50=-12.00 p05=-12.00 p95=-12.00
  [diag] sat-dist hist bins=60 sat<0.05=0.0% mean=0.962 p10=0.958 p90=0.974
Iter 0001100: train nll 1.386, valid error 075.600%, best valid error 073.500%, avg grad norm   0.200, avg grad norm (post clip)   0.177, rho_Whh  0.95, Omega  0.00, alpha  0.000, steps in the past 0.000, valid nll 1.387
  [diag] log10|dL/dh_t| hist bins=60 range=(-12.00,-2.47) mean=-11.88 p50=-12.00 p05=-12.00 p95=-12.00
  [diag] sat-dist hist bins=60 sat<0.05=0.0% mean=0.973 p10=0.970 p90=0.980
Iter 0001120: train nll 1.388, valid error 075.600%, best valid error 073.500%, avg grad norm   0.195, avg grad norm (post clip)   0.174, rho_Whh  0.95, Omega  0.00, alpha  0.000, steps in the past 0.000, valid nll 1.387
  [diag] log10|dL/dh_t| hist bins=60 range=(-12.00,-2.47) mean=-11.88 p50=-12.00 p05=-12.00 p95=-12.00
  [diag] sat-dist hist bins=60 sat<0.05=0.0% mean=0.975 p10=0.972 p90=0.981
Iter 0001140: train nll 1.387, valid error 075.600%, best valid error 073.500%, avg grad norm   0.199, avg grad norm (post clip)   0.170, rho_Whh  0.95, Omega  0.00, alpha  0.000, steps in the past 0.000, valid nll 1.387
  [diag] log10|dL/dh_t| hist bins=60 range=(-12.00,-2.46) mean=-11.88 p50=-12.00 p05=-12.00 p95=-12.00
  [diag] sat-dist hist bins=60 sat<0.05=0.0% mean=0.947 p10=0.939 p90=0.967
Iter 0001160: train nll 1.382, valid error 075.600%, best valid error 073.500%, avg grad norm   0.232, avg grad norm (post clip)   0.171, rho_Whh  0.95, Omega  0.00, alpha  0.000, steps in the past 0.000, valid nll 1.388
  [diag] log10|dL/dh_t| hist bins=60 range=(-12.00,-2.46) mean=-11.88 p50=-12.00 p05=-12.00 p95=-12.00
  [diag] sat-dist hist bins=60 sat<0.05=0.0% mean=0.973 p10=0.970 p90=0.981
Iter 0001180: train nll 1.387, valid error 075.600%, best valid error 073.500%, avg grad norm   0.212, avg grad norm (post clip)   0.174, rho_Whh  0.95, Omega  0.00, alpha  0.000, steps in the past 0.000, valid nll 1.387
  [diag] log10|dL/dh_t| hist bins=60 range=(-12.00,-2.46) mean=-11.88 p50=-12.00 p05=-12.00 p95=-12.00
  [diag] sat-dist hist bins=60 sat<0.05=0.0% mean=0.984 p10=0.983 p90=0.986
Iter 0001200: train nll 1.387, valid error 075.600%, best valid error 073.500%, avg grad norm   0.221, avg grad norm (post clip)   0.186, rho_Whh  0.95, Omega  0.00, alpha  0.000, steps in the past 0.000, valid nll 1.387
  [diag] log10|dL/dh_t| hist bins=60 range=(-12.00,-2.46) mean=-11.88 p50=-12.00 p05=-12.00 p95=-12.00
  [diag] sat-dist hist bins=60 sat<0.05=0.0% mean=0.973 p10=0.969 p90=0.982
Iter 0001220: train nll 1.384, valid error 075.600%, best valid error 073.500%, avg grad norm   0.240, avg grad norm (post clip)   0.183, rho_Whh  0.95, Omega  0.00, alpha  0.000, steps in the past 0.000, valid nll 1.387
  [diag] log10|dL/dh_t| hist bins=60 range=(-12.00,-2.45) mean=-11.88 p50=-12.00 p05=-12.00 p95=-12.00
  [diag] sat-dist hist bins=60 sat<0.05=0.0% mean=0.949 p10=0.937 p90=0.975
Iter 0001240: train nll 1.388, valid error 070.900%, best valid error 073.500%, avg grad norm   0.196, avg grad norm (post clip)   0.181, rho_Whh  0.95, Omega  0.00, alpha  0.000, steps in the past 0.000, valid nll 1.386
  [diag] log10|dL/dh_t| hist bins=60 range=(-12.00,-2.45) mean=-11.88 p50=-12.00 p05=-12.00 p95=-12.00
  [diag] sat-dist hist bins=60 sat<0.05=0.0% mean=0.980 p10=0.978 p90=0.986
Iter 0001260: train nll 1.386, valid error 074.150%, best valid error 070.900%, avg grad norm   0.296, avg grad norm (post clip)   0.195, rho_Whh  0.96, Omega  0.00, alpha  0.000, steps in the past 0.000, valid nll 1.386
  [diag] log10|dL/dh_t| hist bins=60 range=(-12.00,-2.44) mean=-11.88 p50=-12.00 p05=-12.00 p95=-12.00
  [diag] sat-dist hist bins=60 sat<0.05=0.0% mean=0.971 p10=0.960 p90=0.985
Iter 0001280: train nll 1.385, valid error 058.950%, best valid error 070.900%, avg grad norm   0.374, avg grad norm (post clip)   0.205, rho_Whh  0.99, Omega  0.00, alpha  0.000, steps in the past 0.000, valid nll 1.385
  [diag] log10|dL/dh_t| hist bins=60 range=(-12.00,-2.44) mean=-11.88 p50=-12.00 p05=-12.00 p95=-12.00
  [diag] sat-dist hist bins=60 sat<0.05=0.0% mean=0.972 p10=0.957 p90=0.986
Iter 0001300: train nll 1.385, valid error 052.550%, best valid error 058.950%, avg grad norm   0.476, avg grad norm (post clip)   0.210, rho_Whh  1.01, Omega  0.00, alpha  0.000, steps in the past 0.000, valid nll 1.381
  [diag] log10|dL/dh_t| hist bins=60 range=(-12.00,-2.43) mean=-11.88 p50=-12.00 p05=-12.00 p95=-12.00
  [diag] sat-dist hist bins=60 sat<0.05=0.0% mean=0.957 p10=0.915 p90=0.986
Iter 0001320: train nll 1.380, valid error 049.850%, best valid error 052.550%, avg grad norm   2.282, avg grad norm (post clip)   0.211, rho_Whh  1.04, Omega  0.00, alpha  0.000, steps in the past 0.000, valid nll 1.371
  [diag] log10|dL/dh_t| hist bins=60 range=(-12.00,-2.43) mean=-11.88 p50=-12.00 p05=-12.00 p95=-12.00
  [diag] sat-dist hist bins=60 sat<0.05=0.0% mean=0.903 p10=0.811 p90=0.984
Iter 0001340: train nll 1.373, valid error 068.700%, best valid error 049.850%, avg grad norm   2.725, avg grad norm (post clip)   0.211, rho_Whh  1.06, Omega  0.00, alpha  0.000, steps in the past 0.000, valid nll 1.375
  [diag] log10|dL/dh_t| hist bins=60 range=(-12.00,-2.43) mean=-11.88 p50=-12.00 p05=-12.00 p95=-12.00
  [diag] sat-dist hist bins=60 sat<0.05=0.0% mean=0.844 p10=0.757 p90=0.980
Iter 0001360: train nll 1.365, valid error 074.550%, best valid error 049.850%, avg grad norm   3.613, avg grad norm (post clip)   0.211, rho_Whh  1.09, Omega  0.00, alpha  0.000, steps in the past 0.000, valid nll 1.387
  [diag] log10|dL/dh_t| hist bins=60 range=(-12.00,-2.41) mean=-11.88 p50=-12.00 p05=-12.00 p95=-12.00
  [diag] sat-dist hist bins=60 sat<0.05=0.0% mean=0.820 p10=0.733 p90=0.981
Iter 0001380: train nll 1.356, valid error 072.950%, best valid error 049.850%, avg grad norm   5.244, avg grad norm (post clip)   0.211, rho_Whh  1.11, Omega  0.00, alpha  0.000, steps in the past 0.000, valid nll 1.384
  [diag] log10|dL/dh_t| hist bins=60 range=(-12.00,-2.40) mean=-11.88 p50=-12.00 p05=-12.00 p95=-12.00
  [diag] sat-dist hist bins=60 sat<0.05=0.0% mean=0.822 p10=0.708 p90=0.985
Iter 0001400: train nll 1.335, valid error 057.700%, best valid error 049.850%, avg grad norm   6.176, avg grad norm (post clip)   0.211, rho_Whh  1.13, Omega  0.00, alpha  0.000, steps in the past 0.000, valid nll 1.320
  [diag] log10|dL/dh_t| hist bins=60 range=(-12.00,-2.39) mean=-11.88 p50=-12.00 p05=-12.00 p95=-12.00
  [diag] sat-dist hist bins=60 sat<0.05=0.0% mean=0.807 p10=0.675 p90=0.987
Iter 0001420: train nll 1.279, valid error 050.900%, best valid error 049.850%, avg grad norm   5.535, avg grad norm (post clip)   0.211, rho_Whh  1.16, Omega  0.00, alpha  0.000, steps in the past 0.000, valid nll 1.240
  [diag] log10|dL/dh_t| hist bins=60 range=(-12.00,-2.36) mean=-11.88 p50=-12.00 p05=-12.00 p95=-12.00
  [diag] sat-dist hist bins=60 sat<0.05=0.0% mean=0.767 p10=0.632 p90=0.986
Iter 0001440: train nll 1.210, valid error 050.800%, best valid error 049.850%, avg grad norm   2.067, avg grad norm (post clip)   0.211, rho_Whh  1.20, Omega  0.00, alpha  0.000, steps in the past 0.000, valid nll 1.158
  [diag] log10|dL/dh_t| hist bins=60 range=(-12.00,-2.32) mean=-11.88 p50=-12.00 p05=-12.00 p95=-12.00
  [diag] sat-dist hist bins=60 sat<0.05=0.0% mean=0.732 p10=0.592 p90=0.987
Iter 0001460: train nll 1.108, valid error 050.500%, best valid error 049.850%, avg grad norm   1.349, avg grad norm (post clip)   0.211, rho_Whh  1.23, Omega  0.00, alpha  0.000, steps in the past 0.000, valid nll 1.067
  [diag] log10|dL/dh_t| hist bins=60 range=(-12.00,-2.19) mean=-11.88 p50=-12.00 p05=-12.00 p95=-12.00
  [diag] sat-dist hist bins=60 sat<0.05=0.0% mean=0.701 p10=0.562 p90=0.987
Iter 0001480: train nll 1.080, valid error 050.950%, best valid error 049.850%, avg grad norm   1.592, avg grad norm (post clip)   0.211, rho_Whh  1.26, Omega  0.00, alpha  0.000, steps in the past 0.000, valid nll 1.018
  [diag] log10|dL/dh_t| hist bins=60 range=(-12.00,-2.20) mean=-11.88 p50=-12.00 p05=-12.00 p95=-12.00
  [diag] sat-dist hist bins=60 sat<0.05=0.0% mean=0.673 p10=0.533 p90=0.986
Iter 0001500: train nll 0.985, valid error 052.100%, best valid error 049.850%, avg grad norm   1.747, avg grad norm (post clip)   0.211, rho_Whh  1.30, Omega  0.00, alpha  0.000, steps in the past 0.000, valid nll 0.973
  [diag] log10|dL/dh_t| hist bins=60 range=(-12.00,-2.26) mean=-11.88 p50=-12.00 p05=-12.00 p95=-12.00
  [diag] sat-dist hist bins=60 sat<0.05=0.0% mean=0.664 p10=0.507 p90=0.987
Iter 0001520: train nll 0.943, valid error 050.700%, best valid error 049.850%, avg grad norm   1.012, avg grad norm (post clip)   0.211, rho_Whh  1.32, Omega  0.00, alpha  0.000, steps in the past 0.000, valid nll 0.895
  [diag] log10|dL/dh_t| hist bins=60 range=(-12.00,-2.07) mean=-11.88 p50=-12.00 p05=-12.00 p95=-12.00
  [diag] sat-dist hist bins=60 sat<0.05=0.0% mean=0.648 p10=0.489 p90=0.987
Iter 0001540: train nll 0.948, valid error 051.200%, best valid error 049.850%, avg grad norm   0.994, avg grad norm (post clip)   0.211, rho_Whh  1.34, Omega  0.00, alpha  0.000, steps in the past 0.000, valid nll 0.893
  [diag] log10|dL/dh_t| hist bins=60 range=(-12.00,-2.13) mean=-11.88 p50=-12.00 p05=-12.00 p95=-12.00
  [diag] sat-dist hist bins=60 sat<0.05=0.0% mean=0.619 p10=0.469 p90=0.986
Iter 0001560: train nll 0.855, valid error 052.250%, best valid error 049.850%, avg grad norm   0.862, avg grad norm (post clip)   0.211, rho_Whh  1.37, Omega  0.00, alpha  0.000, steps in the past 0.000, valid nll 0.878
  [diag] log10|dL/dh_t| hist bins=60 range=(-12.00,-1.94) mean=-11.87 p50=-12.00 p05=-12.00 p95=-12.00
  [diag] sat-dist hist bins=60 sat<0.05=0.0% mean=0.597 p10=0.456 p90=0.985
Iter 0001580: train nll 0.911, valid error 054.800%, best valid error 049.850%, avg grad norm   0.841, avg grad norm (post clip)   0.211, rho_Whh  1.39, Omega  0.00, alpha  0.000, steps in the past 0.000, valid nll 0.978
  [diag] log10|dL/dh_t| hist bins=60 range=(-12.00,-1.91) mean=-11.87 p50=-12.00 p05=-12.00 p95=-12.00
  [diag] sat-dist hist bins=60 sat<0.05=0.0% mean=0.587 p10=0.441 p90=0.986
Iter 0001600: train nll 0.883, valid error 052.800%, best valid error 049.850%, avg grad norm   0.820, avg grad norm (post clip)   0.211, rho_Whh  1.40, Omega  0.00, alpha  0.000, steps in the past 0.000, valid nll 0.913
  [diag] log10|dL/dh_t| hist bins=60 range=(-12.00,-1.94) mean=-11.87 p50=-12.00 p05=-12.00 p95=-12.00
  [diag] sat-dist hist bins=60 sat<0.05=0.0% mean=0.591 p10=0.433 p90=0.987
Iter 0001620: train nll 0.905, valid error 049.550%, best valid error 049.850%, avg grad norm   0.873, avg grad norm (post clip)   0.211, rho_Whh  1.41, Omega  0.00, alpha  0.000, steps in the past 0.000, valid nll 0.814
  [diag] log10|dL/dh_t| hist bins=60 range=(-12.00,-2.08) mean=-11.88 p50=-12.00 p05=-12.00 p95=-12.00
  [diag] sat-dist hist bins=60 sat<0.05=0.0% mean=0.587 p10=0.425 p90=0.987
Iter 0001640: train nll 0.813, valid error 049.400%, best valid error 049.550%, avg grad norm   0.879, avg grad norm (post clip)   0.211, rho_Whh  1.42, Omega  0.00, alpha  0.000, steps in the past 0.000, valid nll 0.806
  [diag] log10|dL/dh_t| hist bins=60 range=(-12.00,-2.07) mean=-11.88 p50=-12.00 p05=-12.00 p95=-12.00
  [diag] sat-dist hist bins=60 sat<0.05=0.0% mean=0.575 p10=0.418 p90=0.987
Iter 0001660: train nll 0.883, valid error 050.300%, best valid error 049.400%, avg grad norm   0.756, avg grad norm (post clip)   0.211, rho_Whh  1.43, Omega  0.00, alpha  0.000, steps in the past 0.000, valid nll 0.810
  [diag] log10|dL/dh_t| hist bins=60 range=(-12.00,-1.95) mean=-11.87 p50=-12.00 p05=-12.00 p95=-12.00
  [diag] sat-dist hist bins=60 sat<0.05=0.0% mean=0.569 p10=0.418 p90=0.986
Iter 0001680: train nll 1.003, valid error 051.800%, best valid error 049.400%, avg grad norm   0.925, avg grad norm (post clip)   0.211, rho_Whh  1.43, Omega  0.00, alpha  0.000, steps in the past 0.000, valid nll 0.899
  [diag] log10|dL/dh_t| hist bins=60 range=(-12.00,-1.95) mean=-11.87 p50=-12.00 p05=-12.00 p95=-12.00
  [diag] sat-dist hist bins=60 sat<0.05=0.0% mean=0.579 p10=0.416 p90=0.987
Iter 0001700: train nll 0.908, valid error 052.350%, best valid error 049.400%, avg grad norm   0.809, avg grad norm (post clip)   0.211, rho_Whh  1.43, Omega  0.00, alpha  0.000, steps in the past 0.000, valid nll 0.819
  [diag] log10|dL/dh_t| hist bins=60 range=(-12.00,-2.00) mean=-11.87 p50=-12.00 p05=-12.00 p95=-12.00
  [diag] sat-dist hist bins=60 sat<0.05=0.0% mean=0.566 p10=0.410 p90=0.986
Iter 0001720: train nll 0.837, valid error 052.500%, best valid error 049.400%, avg grad norm   0.657, avg grad norm (post clip)   0.211, rho_Whh  1.44, Omega  0.00, alpha  0.000, steps in the past 0.000, valid nll 0.811
  [diag] log10|dL/dh_t| hist bins=60 range=(-12.00,-1.93) mean=-11.87 p50=-12.00 p05=-12.00 p95=-12.00
  [diag] sat-dist hist bins=60 sat<0.05=0.0% mean=0.564 p10=0.402 p90=0.986
Iter 0001740: train nll 0.820, valid error 052.750%, best valid error 049.400%, avg grad norm   0.607, avg grad norm (post clip)   0.211, rho_Whh  1.45, Omega  0.00, alpha  0.000, steps in the past 0.000, valid nll 0.844
  [diag] log10|dL/dh_t| hist bins=60 range=(-12.00,-1.83) mean=-11.87 p50=-12.00 p05=-12.00 p95=-12.00
  [diag] sat-dist hist bins=60 sat<0.05=0.0% mean=0.555 p10=0.397 p90=0.986
Iter 0001760: train nll 0.840, valid error 052.850%, best valid error 049.400%, avg grad norm   0.774, avg grad norm (post clip)   0.211, rho_Whh  1.46, Omega  0.00, alpha  0.000, steps in the past 0.000, valid nll 0.853
  [diag] log10|dL/dh_t| hist bins=60 range=(-12.00,-1.78) mean=-11.87 p50=-12.00 p05=-12.00 p95=-12.00
  [diag] sat-dist hist bins=60 sat<0.05=0.0% mean=0.556 p10=0.395 p90=0.986
Iter 0001780: train nll 0.923, valid error 052.800%, best valid error 049.400%, avg grad norm   0.819, avg grad norm (post clip)   0.211, rho_Whh  1.46, Omega  0.00, alpha  0.000, steps in the past 0.000, valid nll 0.848
  [diag] log10|dL/dh_t| hist bins=60 range=(-12.00,-1.79) mean=-11.87 p50=-12.00 p05=-12.00 p95=-12.00
  [diag] sat-dist hist bins=60 sat<0.05=0.0% mean=0.556 p10=0.398 p90=0.986
Iter 0001800: train nll 0.949, valid error 051.900%, best valid error 049.400%, avg grad norm   0.902, avg grad norm (post clip)   0.211, rho_Whh  1.46, Omega  0.00, alpha  0.000, steps in the past 0.000, valid nll 0.848
  [diag] log10|dL/dh_t| hist bins=60 range=(-12.00,-1.92) mean=-11.87 p50=-12.00 p05=-12.00 p95=-12.00
  [diag] sat-dist hist bins=60 sat<0.05=0.0% mean=0.552 p10=0.394 p90=0.986
Iter 0001820: train nll 0.859, valid error 051.950%, best valid error 049.400%, avg grad norm   0.686, avg grad norm (post clip)   0.211, rho_Whh  1.47, Omega  0.00, alpha  0.000, steps in the past 0.000, valid nll 0.840
  [diag] log10|dL/dh_t| hist bins=60 range=(-12.00,-1.91) mean=-11.87 p50=-12.00 p05=-12.00 p95=-12.00
  [diag] sat-dist hist bins=60 sat<0.05=0.0% mean=0.549 p10=0.390 p90=0.986
Iter 0001840: train nll 0.782, valid error 052.600%, best valid error 049.400%, avg grad norm   0.650, avg grad norm (post clip)   0.211, rho_Whh  1.47, Omega  0.00, alpha  0.000, steps in the past 0.000, valid nll 0.877
  [diag] log10|dL/dh_t| hist bins=60 range=(-12.00,-1.86) mean=-11.87 p50=-12.00 p05=-12.00 p95=-12.00
  [diag] sat-dist hist bins=60 sat<0.05=0.0% mean=0.546 p10=0.390 p90=0.986
Iter 0001860: train nll 0.944, valid error 052.600%, best valid error 049.400%, avg grad norm   0.834, avg grad norm (post clip)   0.211, rho_Whh  1.47, Omega  0.00, alpha  0.000, steps in the past 0.000, valid nll 0.891
  [diag] log10|dL/dh_t| hist bins=60 range=(-12.00,-1.92) mean=-11.87 p50=-12.00 p05=-12.00 p95=-12.00
  [diag] sat-dist hist bins=60 sat<0.05=0.0% mean=0.552 p10=0.393 p90=0.986
Iter 0001880: train nll 0.943, valid error 050.650%, best valid error 049.400%, avg grad norm   0.863, avg grad norm (post clip)   0.211, rho_Whh  1.47, Omega  0.00, alpha  0.000, steps in the past 0.000, valid nll 0.855
  [diag] log10|dL/dh_t| hist bins=60 range=(-12.00,-1.86) mean=-11.87 p50=-12.00 p05=-12.00 p95=-12.00
  [diag] sat-dist hist bins=60 sat<0.05=0.0% mean=0.546 p10=0.387 p90=0.986
Iter 0001900: train nll 0.783, valid error 052.050%, best valid error 049.400%, avg grad norm   0.798, avg grad norm (post clip)   0.211, rho_Whh  1.47, Omega  0.00, alpha  0.000, steps in the past 0.000, valid nll 0.867
  [diag] log10|dL/dh_t| hist bins=60 range=(-12.00,-1.91) mean=-11.87 p50=-12.00 p05=-12.00 p95=-12.00
  [diag] sat-dist hist bins=60 sat<0.05=0.0% mean=0.542 p10=0.388 p90=0.986
Iter 0001920: train nll 0.940, valid error 051.550%, best valid error 049.400%, avg grad norm   1.158, avg grad norm (post clip)   0.211, rho_Whh  1.48, Omega  0.00, alpha  0.000, steps in the past 0.000, valid nll 0.920
  [diag] log10|dL/dh_t| hist bins=60 range=(-12.00,-1.76) mean=-11.87 p50=-12.00 p05=-12.00 p95=-12.00
  [diag] sat-dist hist bins=60 sat<0.05=0.0% mean=0.530 p10=0.383 p90=0.986
Iter 0001940: train nll 0.862, valid error 052.800%, best valid error 049.400%, avg grad norm   0.797, avg grad norm (post clip)   0.211, rho_Whh  1.48, Omega  0.00, alpha  0.000, steps in the past 0.000, valid nll 0.989
  [diag] log10|dL/dh_t| hist bins=60 range=(-12.00,-1.85) mean=-11.87 p50=-12.00 p05=-12.00 p95=-12.00
  [diag] sat-dist hist bins=60 sat<0.05=0.0% mean=0.547 p10=0.383 p90=0.986
Iter 0001960: train nll 0.872, valid error 051.550%, best valid error 049.400%, avg grad norm   0.852, avg grad norm (post clip)   0.210, rho_Whh  1.48, Omega  0.00, alpha  0.000, steps in the past 0.000, valid nll 0.896
  [diag] log10|dL/dh_t| hist bins=60 range=(-12.00,-1.90) mean=-11.87 p50=-12.00 p05=-12.00 p95=-12.00
  [diag] sat-dist hist bins=60 sat<0.05=0.0% mean=0.532 p10=0.383 p90=0.985
Iter 0001980: train nll 0.869, valid error 052.400%, best valid error 049.400%, avg grad norm   0.794, avg grad norm (post clip)   0.210, rho_Whh  1.48, Omega  0.00, alpha  0.000, steps in the past 0.000, valid nll 0.985
  [diag] log10|dL/dh_t| hist bins=60 range=(-12.00,-1.91) mean=-11.87 p50=-12.00 p05=-12.00 p95=-12.00
  [diag] sat-dist hist bins=60 sat<0.05=0.0% mean=0.545 p10=0.386 p90=0.986
Iter 0002000: train nll 0.957, valid error 050.900%, best valid error 049.400%, avg grad norm   0.862, avg grad norm (post clip)   0.211, rho_Whh  1.48, Omega  0.00, alpha  0.000, steps in the past 0.000, valid nll 0.876
  [diag] log10|dL/dh_t| hist bins=60 range=(-12.00,-1.81) mean=-11.87 p50=-12.00 p05=-12.00 p95=-12.00
  [diag] sat-dist hist bins=60 sat<0.05=0.0% mean=0.531 p10=0.387 p90=0.985
Iter 0002020: train nll 0.905, valid error 053.350%, best valid error 049.400%, avg grad norm   0.728, avg grad norm (post clip)   0.211, rho_Whh  1.48, Omega  0.00, alpha  0.000, steps in the past 0.000, valid nll 1.038
  [diag] log10|dL/dh_t| hist bins=60 range=(-12.00,-1.85) mean=-11.87 p50=-12.00 p05=-12.00 p95=-12.00
  [diag] sat-dist hist bins=60 sat<0.05=0.0% mean=0.542 p10=0.384 p90=0.986
Iter 0002040: train nll 0.876, valid error 051.400%, best valid error 049.400%, avg grad norm   0.898, avg grad norm (post clip)   0.211, rho_Whh  1.48, Omega  0.00, alpha  0.000, steps in the past 0.000, valid nll 0.880
  [diag] log10|dL/dh_t| hist bins=60 range=(-12.00,-1.85) mean=-11.87 p50=-12.00 p05=-12.00 p95=-12.00
  [diag] sat-dist hist bins=60 sat<0.05=0.0% mean=0.544 p10=0.385 p90=0.986
Iter 0002060: train nll 0.938, valid error 052.300%, best valid error 049.400%, avg grad norm   0.873, avg grad norm (post clip)   0.210, rho_Whh  1.48, Omega  0.00, alpha  0.000, steps in the past 0.000, valid nll 0.864
  [diag] log10|dL/dh_t| hist bins=60 range=(-12.00,-1.85) mean=-11.87 p50=-12.00 p05=-12.00 p95=-12.00
  [diag] sat-dist hist bins=60 sat<0.05=0.0% mean=0.546 p10=0.384 p90=0.986
Iter 0002080: train nll 0.862, valid error 050.750%, best valid error 049.400%, avg grad norm   0.679, avg grad norm (post clip)   0.210, rho_Whh  1.48, Omega  0.00, alpha  0.000, steps in the past 0.000, valid nll 0.853
  [diag] log10|dL/dh_t| hist bins=60 range=(-12.00,-2.03) mean=-11.88 p50=-12.00 p05=-12.00 p95=-12.00
  [diag] sat-dist hist bins=60 sat<0.05=0.0% mean=0.548 p10=0.385 p90=0.986
Iter 0002100: train nll 0.863, valid error 050.400%, best valid error 049.400%, avg grad norm   0.851, avg grad norm (post clip)   0.211, rho_Whh  1.48, Omega  0.00, alpha  0.000, steps in the past 0.000, valid nll 0.841
  [diag] log10|dL/dh_t| hist bins=60 range=(-12.00,-1.84) mean=-11.87 p50=-12.00 p05=-12.00 p95=-12.00
  [diag] sat-dist hist bins=60 sat<0.05=0.0% mean=0.537 p10=0.380 p90=0.986
Iter 0002120: train nll 0.804, valid error 052.350%, best valid error 049.400%, avg grad norm   0.762, avg grad norm (post clip)   0.210, rho_Whh  1.49, Omega  0.00, alpha  0.000, steps in the past 0.000, valid nll 0.875
  [diag] log10|dL/dh_t| hist bins=60 range=(-12.00,-1.96) mean=-11.87 p50=-12.00 p05=-12.00 p95=-12.00
  [diag] sat-dist hist bins=60 sat<0.05=0.0% mean=0.545 p10=0.387 p90=0.986
Iter 0002140: train nll 1.021, valid error 052.350%, best valid error 049.400%, avg grad norm   0.738, avg grad norm (post clip)   0.209, rho_Whh  1.48, Omega  0.00, alpha  0.000, steps in the past 0.000, valid nll 0.841
  [diag] log10|dL/dh_t| hist bins=60 range=(-12.00,-1.96) mean=-11.87 p50=-12.00 p05=-12.00 p95=-12.00
  [diag] sat-dist hist bins=60 sat<0.05=0.0% mean=0.545 p10=0.382 p90=0.986
Iter 0002160: train nll 0.795, valid error 052.650%, best valid error 049.400%, avg grad norm   0.814, avg grad norm (post clip)   0.210, rho_Whh  1.48, Omega  0.00, alpha  0.000, steps in the past 0.000, valid nll 0.844
  [diag] log10|dL/dh_t| hist bins=60 range=(-12.00,-1.89) mean=-11.87 p50=-12.00 p05=-12.00 p95=-12.00
  [diag] sat-dist hist bins=60 sat<0.05=0.0% mean=0.539 p10=0.379 p90=0.986
Iter 0002180: train nll 0.820, valid error 052.900%, best valid error 049.400%, avg grad norm   0.719, avg grad norm (post clip)   0.211, rho_Whh  1.49, Omega  0.00, alpha  0.000, steps in the past 0.000, valid nll 0.855
  [diag] log10|dL/dh_t| hist bins=60 range=(-12.00,-2.01) mean=-11.88 p50=-12.00 p05=-12.00 p95=-12.00
  [diag] sat-dist hist bins=60 sat<0.05=0.0% mean=0.537 p10=0.376 p90=0.986
Iter 0002200: train nll 0.823, valid error 052.700%, best valid error 049.400%, avg grad norm   0.637, avg grad norm (post clip)   0.209, rho_Whh  1.49, Omega  0.00, alpha  0.000, steps in the past 0.000, valid nll 0.840
  [diag] log10|dL/dh_t| hist bins=60 range=(-12.00,-1.79) mean=-11.87 p50=-12.00 p05=-12.00 p95=-12.00
  [diag] sat-dist hist bins=60 sat<0.05=0.0% mean=0.529 p10=0.376 p90=0.986
Iter 0002220: train nll 0.939, valid error 053.850%, best valid error 049.400%, avg grad norm   0.863, avg grad norm (post clip)   0.209, rho_Whh  1.49, Omega  0.00, alpha  0.000, steps in the past 0.000, valid nll 0.903
  [diag] log10|dL/dh_t| hist bins=60 range=(-12.00,-2.10) mean=-11.88 p50=-12.00 p05=-12.00 p95=-12.00
  [diag] sat-dist hist bins=60 sat<0.05=0.0% mean=0.537 p10=0.375 p90=0.986
Iter 0002240: train nll 0.795, valid error 052.300%, best valid error 049.400%, avg grad norm   0.732, avg grad norm (post clip)   0.210, rho_Whh  1.49, Omega  0.00, alpha  0.000, steps in the past 0.000, valid nll 0.851
  [diag] log10|dL/dh_t| hist bins=60 range=(-12.00,-2.01) mean=-11.88 p50=-12.00 p05=-12.00 p95=-12.00
  [diag] sat-dist hist bins=60 sat<0.05=0.0% mean=0.536 p10=0.372 p90=0.986
Iter 0002260: train nll 0.795, valid error 052.000%, best valid error 049.400%, avg grad norm   0.773, avg grad norm (post clip)   0.211, rho_Whh  1.50, Omega  0.00, alpha  0.000, steps in the past 0.000, valid nll 0.842
  [diag] log10|dL/dh_t| hist bins=60 range=(-12.00,-1.88) mean=-11.87 p50=-12.00 p05=-12.00 p95=-12.00
  [diag] sat-dist hist bins=60 sat<0.05=0.0% mean=0.530 p10=0.373 p90=0.986
Iter 0002280: train nll 0.927, valid error 050.600%, best valid error 049.400%, avg grad norm   0.802, avg grad norm (post clip)   0.207, rho_Whh  1.50, Omega  0.00, alpha  0.000, steps in the past 0.000, valid nll 0.866
  [diag] log10|dL/dh_t| hist bins=60 range=(-12.00,-1.88) mean=-11.87 p50=-12.00 p05=-12.00 p95=-12.00
  [diag] sat-dist hist bins=60 sat<0.05=0.0% mean=0.536 p10=0.374 p90=0.986
Iter 0002300: train nll 0.898, valid error 051.400%, best valid error 049.400%, avg grad norm   0.849, avg grad norm (post clip)   0.210, rho_Whh  1.49, Omega  0.00, alpha  0.000, steps in the past 0.000, valid nll 0.893
  [diag] log10|dL/dh_t| hist bins=60 range=(-12.00,-1.88) mean=-11.87 p50=-12.00 p05=-12.00 p95=-12.00
  [diag] sat-dist hist bins=60 sat<0.05=0.0% mean=0.529 p10=0.372 p90=0.986
Iter 0002320: train nll 0.816, valid error 051.200%, best valid error 049.400%, avg grad norm   0.760, avg grad norm (post clip)   0.211, rho_Whh  1.50, Omega  0.00, alpha  0.000, steps in the past 0.000, valid nll 0.904
  [diag] log10|dL/dh_t| hist bins=60 range=(-12.00,-1.88) mean=-11.87 p50=-12.00 p05=-12.00 p95=-12.00
  [diag] sat-dist hist bins=60 sat<0.05=0.0% mean=0.529 p10=0.373 p90=0.986
Iter 0002340: train nll 0.919, valid error 051.250%, best valid error 049.400%, avg grad norm   0.892, avg grad norm (post clip)   0.211, rho_Whh  1.50, Omega  0.00, alpha  0.000, steps in the past 0.000, valid nll 0.904
  [diag] log10|dL/dh_t| hist bins=60 range=(-12.00,-1.88) mean=-11.87 p50=-12.00 p05=-12.00 p95=-12.00
  [diag] sat-dist hist bins=60 sat<0.05=0.0% mean=0.536 p10=0.374 p90=0.986
Iter 0002360: train nll 0.886, valid error 051.200%, best valid error 049.400%, avg grad norm   0.846, avg grad norm (post clip)   0.211, rho_Whh  1.49, Omega  0.00, alpha  0.000, steps in the past 0.000, valid nll 0.893
  [diag] log10|dL/dh_t| hist bins=60 range=(-12.00,-1.83) mean=-11.87 p50=-12.00 p05=-12.00 p95=-12.00
  [diag] sat-dist hist bins=60 sat<0.05=0.0% mean=0.530 p10=0.373 p90=0.986
Iter 0002380: train nll 0.874, valid error 051.300%, best valid error 049.400%, avg grad norm   0.768, avg grad norm (post clip)   0.211, rho_Whh  1.50, Omega  0.00, alpha  0.000, steps in the past 0.000, valid nll 0.889
  [diag] log10|dL/dh_t| hist bins=60 range=(-12.00,-1.88) mean=-11.87 p50=-12.00 p05=-12.00 p95=-12.00
  [diag] sat-dist hist bins=60 sat<0.05=0.0% mean=0.535 p10=0.373 p90=0.986
Iter 0002400: train nll 0.847, valid error 053.600%, best valid error 049.400%, avg grad norm   0.850, avg grad norm (post clip)   0.211, rho_Whh  1.50, Omega  0.00, alpha  0.000, steps in the past 0.000, valid nll 0.891
  [diag] log10|dL/dh_t| hist bins=60 range=(-12.00,-1.88) mean=-11.87 p50=-12.00 p05=-12.00 p95=-12.00
  [diag] sat-dist hist bins=60 sat<0.05=0.0% mean=0.533 p10=0.374 p90=0.986
Iter 0002420: train nll 0.934, valid error 053.600%, best valid error 049.400%, avg grad norm   0.888, avg grad norm (post clip)   0.208, rho_Whh  1.49, Omega  0.00, alpha  0.000, steps in the past 0.000, valid nll 0.888
  [diag] log10|dL/dh_t| hist bins=60 range=(-12.00,-1.88) mean=-11.87 p50=-12.00 p05=-12.00 p95=-12.00
  [diag] sat-dist hist bins=60 sat<0.05=0.0% mean=0.529 p10=0.371 p90=0.986
Iter 0002440: train nll 0.846, valid error 052.800%, best valid error 049.400%, avg grad norm   0.807, avg grad norm (post clip)   0.210, rho_Whh  1.50, Omega  0.00, alpha  0.000, steps in the past 0.000, valid nll 0.903
  [diag] log10|dL/dh_t| hist bins=60 range=(-12.00,-1.83) mean=-11.87 p50=-12.00 p05=-12.00 p95=-12.00
  [diag] sat-dist hist bins=60 sat<0.05=0.0% mean=0.531 p10=0.375 p90=0.986
Iter 0002460: train nll 0.957, valid error 053.000%, best valid error 049.400%, avg grad norm   0.860, avg grad norm (post clip)   0.209, rho_Whh  1.49, Omega  0.00, alpha  0.000, steps in the past 0.000, valid nll 0.902
  [diag] log10|dL/dh_t| hist bins=60 range=(-12.00,-1.83) mean=-11.87 p50=-12.00 p05=-12.00 p95=-12.00
  [diag] sat-dist hist bins=60 sat<0.05=0.0% mean=0.528 p10=0.373 p90=0.986
Iter 0002480: train nll 0.845, valid error 051.950%, best valid error 049.400%, avg grad norm   0.862, avg grad norm (post clip)   0.210, rho_Whh  1.50, Omega  0.00, alpha  0.000, steps in the past 0.000, valid nll 0.932
  [diag] log10|dL/dh_t| hist bins=60 range=(-12.00,-1.83) mean=-11.87 p50=-12.00 p05=-12.00 p95=-12.00
  [diag] sat-dist hist bins=60 sat<0.05=0.0% mean=0.526 p10=0.374 p90=0.985
Iter 0002500: train nll 0.892, valid error 053.150%, best valid error 049.400%, avg grad norm   0.963, avg grad norm (post clip)   0.210, rho_Whh  1.49, Omega  0.00, alpha  0.000, steps in the past 0.000, valid nll 0.966
  [diag] log10|dL/dh_t| hist bins=60 range=(-12.00,-1.83) mean=-11.87 p50=-12.00 p05=-12.00 p95=-12.00
  [diag] sat-dist hist bins=60 sat<0.05=0.0% mean=0.527 p10=0.375 p90=0.986
Iter 0002520: train nll 0.908, valid error 052.700%, best valid error 049.400%, avg grad norm   0.763, avg grad norm (post clip)   0.210, rho_Whh  1.49, Omega  0.00, alpha  0.000, steps in the past 0.000, valid nll 0.945
  [diag] log10|dL/dh_t| hist bins=60 range=(-12.00,-1.83) mean=-11.87 p50=-12.00 p05=-12.00 p95=-12.00
  [diag] sat-dist hist bins=60 sat<0.05=0.0% mean=0.534 p10=0.375 p90=0.986
Iter 0002540: train nll 0.846, valid error 053.250%, best valid error 049.400%, avg grad norm   0.706, avg grad norm (post clip)   0.209, rho_Whh  1.49, Omega  0.00, alpha  0.000, steps in the past 0.000, valid nll 0.927
  [diag] log10|dL/dh_t| hist bins=60 range=(-12.00,-1.79) mean=-11.87 p50=-12.00 p05=-12.00 p95=-12.00
  [diag] sat-dist hist bins=60 sat<0.05=0.0% mean=0.532 p10=0.376 p90=0.985
Iter 0002560: train nll 0.924, valid error 051.600%, best valid error 049.400%, avg grad norm   0.940, avg grad norm (post clip)   0.210, rho_Whh  1.49, Omega  0.00, alpha  0.000, steps in the past 0.000, valid nll 0.944
  [diag] log10|dL/dh_t| hist bins=60 range=(-12.00,-1.83) mean=-11.87 p50=-12.00 p05=-12.00 p95=-12.00
  [diag] sat-dist hist bins=60 sat<0.05=0.0% mean=0.537 p10=0.376 p90=0.986
Iter 0002580: train nll 0.884, valid error 051.550%, best valid error 049.400%, avg grad norm   0.927, avg grad norm (post clip)   0.211, rho_Whh  1.49, Omega  0.00, alpha  0.000, steps in the past 0.000, valid nll 0.904
  [diag] log10|dL/dh_t| hist bins=60 range=(-12.00,-1.83) mean=-11.87 p50=-12.00 p05=-12.00 p95=-12.00
  [diag] sat-dist hist bins=60 sat<0.05=0.0% mean=0.537 p10=0.376 p90=0.986
Iter 0002600: train nll 0.863, valid error 052.100%, best valid error 049.400%, avg grad norm   0.687, avg grad norm (post clip)   0.209, rho_Whh  1.49, Omega  0.00, alpha  0.000, steps in the past 0.000, valid nll 0.942
  [diag] log10|dL/dh_t| hist bins=60 range=(-12.00,-1.79) mean=-11.87 p50=-12.00 p05=-12.00 p95=-12.00
  [diag] sat-dist hist bins=60 sat<0.05=0.0% mean=0.533 p10=0.377 p90=0.986
Iter 0002620: train nll 0.904, valid error 051.600%, best valid error 049.400%, avg grad norm   0.895, avg grad norm (post clip)   0.210, rho_Whh  1.49, Omega  0.00, alpha  0.000, steps in the past 0.000, valid nll 0.929
  [diag] log10|dL/dh_t| hist bins=60 range=(-12.00,-1.83) mean=-11.87 p50=-12.00 p05=-12.00 p95=-12.00
  [diag] sat-dist hist bins=60 sat<0.05=0.0% mean=0.535 p10=0.377 p90=0.986
Iter 0002640: train nll 0.891, valid error 051.900%, best valid error 049.400%, avg grad norm   0.798, avg grad norm (post clip)   0.210, rho_Whh  1.49, Omega  0.00, alpha  0.000, steps in the past 0.000, valid nll 0.919
  [diag] log10|dL/dh_t| hist bins=60 range=(-12.00,-1.84) mean=-11.87 p50=-12.00 p05=-12.00 p95=-12.00
  [diag] sat-dist hist bins=60 sat<0.05=0.0% mean=0.538 p10=0.378 p90=0.986
Iter 0002660: train nll 0.901, valid error 052.900%, best valid error 049.400%, avg grad norm   0.770, avg grad norm (post clip)   0.211, rho_Whh  1.49, Omega  0.00, alpha  0.000, steps in the past 0.000, valid nll 0.919
  [diag] log10|dL/dh_t| hist bins=60 range=(-12.00,-1.88) mean=-11.87 p50=-12.00 p05=-12.00 p95=-12.00
  [diag] sat-dist hist bins=60 sat<0.05=0.0% mean=0.537 p10=0.377 p90=0.986
Iter 0002680: train nll 0.906, valid error 052.650%, best valid error 049.400%, avg grad norm   0.911, avg grad norm (post clip)   0.211, rho_Whh  1.49, Omega  0.00, alpha  0.000, steps in the past 0.000, valid nll 0.925
  [diag] log10|dL/dh_t| hist bins=60 range=(-12.00,-1.84) mean=-11.87 p50=-12.00 p05=-12.00 p95=-12.00
  [diag] sat-dist hist bins=60 sat<0.05=0.0% mean=0.537 p10=0.381 p90=0.986
Iter 0002700: train nll 0.941, valid error 051.650%, best valid error 049.400%, avg grad norm   0.851, avg grad norm (post clip)   0.211, rho_Whh  1.49, Omega  0.00, alpha  0.000, steps in the past 0.000, valid nll 0.920
  [diag] log10|dL/dh_t| hist bins=60 range=(-12.00,-1.84) mean=-11.87 p50=-12.00 p05=-12.00 p95=-12.00
  [diag] sat-dist hist bins=60 sat<0.05=0.0% mean=0.543 p10=0.383 p90=0.986
Iter 0002720: train nll 0.921, valid error 051.500%, best valid error 049.400%, avg grad norm   0.774, avg grad norm (post clip)   0.208, rho_Whh  1.48, Omega  0.00, alpha  0.000, steps in the past 0.000, valid nll 0.904
  [diag] log10|dL/dh_t| hist bins=60 range=(-12.00,-1.85) mean=-11.87 p50=-12.00 p05=-12.00 p95=-12.00
  [diag] sat-dist hist bins=60 sat<0.05=0.0% mean=0.538 p10=0.387 p90=0.985
Iter 0002740: train nll 0.980, valid error 051.650%, best valid error 049.400%, avg grad norm   0.801, avg grad norm (post clip)   0.210, rho_Whh  1.48, Omega  0.00, alpha  0.000, steps in the past 0.000, valid nll 0.944
  [diag] log10|dL/dh_t| hist bins=60 range=(-12.00,-1.85) mean=-11.87 p50=-12.00 p05=-12.00 p95=-12.00
  [diag] sat-dist hist bins=60 sat<0.05=0.0% mean=0.544 p10=0.386 p90=0.985
Iter 0002760: train nll 0.939, valid error 052.450%, best valid error 049.400%, avg grad norm   0.799, avg grad norm (post clip)   0.211, rho_Whh  1.48, Omega  0.00, alpha  0.000, steps in the past 0.000, valid nll 0.925
  [diag] log10|dL/dh_t| hist bins=60 range=(-12.00,-1.85) mean=-11.87 p50=-12.00 p05=-12.00 p95=-12.00
  [diag] sat-dist hist bins=60 sat<0.05=0.0% mean=0.547 p10=0.390 p90=0.986
Iter 0002780: train nll 0.937, valid error 052.200%, best valid error 049.400%, avg grad norm   0.882, avg grad norm (post clip)   0.211, rho_Whh  1.47, Omega  0.00, alpha  0.000, steps in the past 0.000, valid nll 0.897
  [diag] log10|dL/dh_t| hist bins=60 range=(-12.00,-1.85) mean=-11.87 p50=-12.00 p05=-12.00 p95=-12.00
  [diag] sat-dist hist bins=60 sat<0.05=0.0% mean=0.542 p10=0.387 p90=0.985
Iter 0002800: train nll 0.848, valid error 051.350%, best valid error 049.400%, avg grad norm   0.770, avg grad norm (post clip)   0.211, rho_Whh  1.48, Omega  0.00, alpha  0.000, steps in the past 0.000, valid nll 0.911
  [diag] log10|dL/dh_t| hist bins=60 range=(-12.00,-1.85) mean=-11.87 p50=-12.00 p05=-12.00 p95=-12.00
  [diag] sat-dist hist bins=60 sat<0.05=0.0% mean=0.532 p10=0.385 p90=0.985
Iter 0002820: train nll 0.889, valid error 053.350%, best valid error 049.400%, avg grad norm   0.828, avg grad norm (post clip)   0.211, rho_Whh  1.48, Omega  0.00, alpha  0.000, steps in the past 0.000, valid nll 0.977
  [diag] log10|dL/dh_t| hist bins=60 range=(-12.00,-1.90) mean=-11.87 p50=-12.00 p05=-12.00 p95=-12.00
  [diag] sat-dist hist bins=60 sat<0.05=0.0% mean=0.546 p10=0.384 p90=0.985
Iter 0002840: train nll 0.936, valid error 051.700%, best valid error 049.400%, avg grad norm   0.833, avg grad norm (post clip)   0.211, rho_Whh  1.48, Omega  0.00, alpha  0.000, steps in the past 0.000, valid nll 0.921
  [diag] log10|dL/dh_t| hist bins=60 range=(-12.00,-1.85) mean=-11.87 p50=-12.00 p05=-12.00 p95=-12.00
  [diag] sat-dist hist bins=60 sat<0.05=0.0% mean=0.541 p10=0.386 p90=0.985
Iter 0002860: train nll 0.954, valid error 051.200%, best valid error 049.400%, avg grad norm   0.868, avg grad norm (post clip)   0.210, rho_Whh  1.48, Omega  0.00, alpha  0.000, steps in the past 0.000, valid nll 0.909
  [diag] log10|dL/dh_t| hist bins=60 range=(-12.00,-1.79) mean=-11.87 p50=-12.00 p05=-12.00 p95=-12.00
  [diag] sat-dist hist bins=60 sat<0.05=0.0% mean=0.540 p10=0.380 p90=0.985
Iter 0002880: train nll 0.789, valid error 052.750%, best valid error 049.400%, avg grad norm   0.781, avg grad norm (post clip)   0.210, rho_Whh  1.49, Omega  0.00, alpha  0.000, steps in the past 0.000, valid nll 0.932
  [diag] log10|dL/dh_t| hist bins=60 range=(-12.00,-1.84) mean=-11.87 p50=-12.00 p05=-12.00 p95=-12.00
  [diag] sat-dist hist bins=60 sat<0.05=0.0% mean=0.536 p10=0.380 p90=0.985
Iter 0002900: train nll 0.932, valid error 051.650%, best valid error 049.400%, avg grad norm   0.880, avg grad norm (post clip)   0.209, rho_Whh  1.49, Omega  0.00, alpha  0.000, steps in the past 0.000, valid nll 0.929
  [diag] log10|dL/dh_t| hist bins=60 range=(-12.00,-1.83) mean=-11.87 p50=-12.00 p05=-12.00 p95=-12.00
  [diag] sat-dist hist bins=60 sat<0.05=0.0% mean=0.539 p10=0.379 p90=0.985
Iter 0002920: train nll 0.907, valid error 052.950%, best valid error 049.400%, avg grad norm   0.814, avg grad norm (post clip)   0.209, rho_Whh  1.49, Omega  0.00, alpha  0.000, steps in the past 0.000, valid nll 0.938
  [diag] log10|dL/dh_t| hist bins=60 range=(-12.00,-1.79) mean=-11.87 p50=-12.00 p05=-12.00 p95=-12.00
  [diag] sat-dist hist bins=60 sat<0.05=0.0% mean=0.533 p10=0.378 p90=0.985
Iter 0002940: train nll 0.879, valid error 053.000%, best valid error 049.400%, avg grad norm   0.721, avg grad norm (post clip)   0.210, rho_Whh  1.49, Omega  0.00, alpha  0.000, steps in the past 0.000, valid nll 0.951
  [diag] log10|dL/dh_t| hist bins=60 range=(-12.00,-1.79) mean=-11.87 p50=-12.00 p05=-12.00 p95=-12.00
  [diag] sat-dist hist bins=60 sat<0.05=0.0% mean=0.528 p10=0.380 p90=0.985
Iter 0002960: train nll 0.993, valid error 054.400%, best valid error 049.400%, avg grad norm   0.863, avg grad norm (post clip)   0.211, rho_Whh  1.49, Omega  0.00, alpha  0.000, steps in the past 0.000, valid nll 0.995
  [diag] log10|dL/dh_t| hist bins=60 range=(-12.00,-1.79) mean=-11.87 p50=-12.00 p05=-12.00 p95=-12.00
  [diag] sat-dist hist bins=60 sat<0.05=0.0% mean=0.534 p10=0.380 p90=0.985
Iter 0002980: train nll 0.829, valid error 051.950%, best valid error 049.400%, avg grad norm   0.868, avg grad norm (post clip)   0.211, rho_Whh  1.49, Omega  0.00, alpha  0.000, steps in the past 0.000, valid nll 0.965
Done. solved=0 steps=2999 best_valid_error=49.4000%
=== DONE  EC_p6_smart_a0_cut02_lr002 ===
