=== START EC_fair_s0_n50_lr001_cut005_a2 ===
Starting to train (PyTorch).
  [diag] log10|dL/dh_t| hist bins=60 range=(-12.00,-2.48) mean=-11.95 p50=-12.00 p05=-12.00 p95=-12.00
  [diag] sat-dist hist bins=60 sat<0.05=0.0% mean=0.982 p10=0.982 p90=0.983
Iter 0000020: train nll 1.456, valid error 074.740%, best valid error 100.000%, avg grad norm   1.180, avg grad norm (post clip)   0.052, rho_Whh  0.95, Omega  0.09, alpha  2.000, steps in the past 0.011, valid nll 1.386
  [diag] log10|dL/dh_t| hist bins=60 range=(-12.00,-2.48) mean=-11.95 p50=-12.00 p05=-12.00 p95=-12.00
  [diag] sat-dist hist bins=60 sat<0.05=0.0% mean=0.982 p10=0.982 p90=0.983
Iter 0000040: train nll 1.386, valid error 074.420%, best valid error 074.740%, avg grad norm   1.046, avg grad norm (post clip)   0.053, rho_Whh  0.95, Omega  0.08, alpha  2.000, steps in the past 0.009, valid nll 1.386
  [diag] log10|dL/dh_t| hist bins=60 range=(-12.00,-2.48) mean=-11.95 p50=-12.00 p05=-12.00 p95=-12.00
  [diag] sat-dist hist bins=60 sat<0.05=0.0% mean=0.982 p10=0.982 p90=0.983
Iter 0000060: train nll 1.386, valid error 074.340%, best valid error 074.420%, avg grad norm   1.053, avg grad norm (post clip)   0.053, rho_Whh  0.95, Omega  0.07, alpha  2.000, steps in the past 0.008, valid nll 1.386
  [diag] log10|dL/dh_t| hist bins=60 range=(-12.00,-2.48) mean=-11.95 p50=-12.00 p05=-12.00 p95=-12.00
  [diag] sat-dist hist bins=60 sat<0.05=0.0% mean=0.982 p10=0.982 p90=0.983
Iter 0000080: train nll 1.386, valid error 074.240%, best valid error 074.340%, avg grad norm   1.046, avg grad norm (post clip)   0.053, rho_Whh  0.95, Omega  0.07, alpha  2.000, steps in the past 0.009, valid nll 1.386
  [diag] log10|dL/dh_t| hist bins=60 range=(-12.00,-2.48) mean=-11.95 p50=-12.00 p05=-12.00 p95=-12.00
  [diag] sat-dist hist bins=60 sat<0.05=0.0% mean=0.982 p10=0.982 p90=0.983
Iter 0000100: train nll 1.386, valid error 074.700%, best valid error 074.240%, avg grad norm   1.055, avg grad norm (post clip)   0.053, rho_Whh  0.95, Omega  0.07, alpha  2.000, steps in the past 0.008, valid nll 1.386
  [diag] log10|dL/dh_t| hist bins=60 range=(-12.00,-2.48) mean=-11.95 p50=-12.00 p05=-12.00 p95=-12.00
  [diag] sat-dist hist bins=60 sat<0.05=0.0% mean=0.982 p10=0.982 p90=0.983
Iter 0000120: train nll 1.386, valid error 074.260%, best valid error 074.240%, avg grad norm   0.993, avg grad norm (post clip)   0.053, rho_Whh  0.95, Omega  0.06, alpha  2.000, steps in the past 0.009, valid nll 1.386
  [diag] log10|dL/dh_t| hist bins=60 range=(-12.00,-2.48) mean=-11.95 p50=-12.00 p05=-12.00 p95=-12.00
  [diag] sat-dist hist bins=60 sat<0.05=0.0% mean=0.982 p10=0.981 p90=0.983
Iter 0000140: train nll 1.386, valid error 074.840%, best valid error 074.240%, avg grad norm   0.884, avg grad norm (post clip)   0.053, rho_Whh  0.95, Omega  0.05, alpha  2.000, steps in the past 0.009, valid nll 1.386
  [diag] log10|dL/dh_t| hist bins=60 range=(-12.00,-2.48) mean=-11.95 p50=-12.00 p05=-12.00 p95=-12.00
  [diag] sat-dist hist bins=60 sat<0.05=0.0% mean=0.982 p10=0.981 p90=0.982
Iter 0000160: train nll 1.386, valid error 074.940%, best valid error 074.240%, avg grad norm   0.906, avg grad norm (post clip)   0.053, rho_Whh  0.95, Omega  0.05, alpha  2.000, steps in the past 0.009, valid nll 1.386
  [diag] log10|dL/dh_t| hist bins=60 range=(-12.00,-2.48) mean=-11.95 p50=-12.00 p05=-12.00 p95=-12.00
  [diag] sat-dist hist bins=60 sat<0.05=0.0% mean=0.982 p10=0.981 p90=0.982
Iter 0000180: train nll 1.386, valid error 074.880%, best valid error 074.240%, avg grad norm   0.875, avg grad norm (post clip)   0.053, rho_Whh  0.95, Omega  0.05, alpha  2.000, steps in the past 0.010, valid nll 1.386
  [diag] log10|dL/dh_t| hist bins=60 range=(-12.00,-2.48) mean=-11.95 p50=-12.00 p05=-12.00 p95=-12.00
  [diag] sat-dist hist bins=60 sat<0.05=0.0% mean=0.982 p10=0.981 p90=0.982
Iter 0000200: train nll 1.386, valid error 075.220%, best valid error 074.240%, avg grad norm   0.867, avg grad norm (post clip)   0.053, rho_Whh  0.95, Omega  0.05, alpha  2.000, steps in the past 0.009, valid nll 1.386
  [diag] log10|dL/dh_t| hist bins=60 range=(-12.00,-2.48) mean=-11.95 p50=-12.00 p05=-12.00 p95=-12.00
  [diag] sat-dist hist bins=60 sat<0.05=0.0% mean=0.982 p10=0.981 p90=0.982
Iter 0000220: train nll 1.386, valid error 075.200%, best valid error 074.240%, avg grad norm   0.826, avg grad norm (post clip)   0.053, rho_Whh  0.95, Omega  0.04, alpha  2.000, steps in the past 0.010, valid nll 1.386
  [diag] log10|dL/dh_t| hist bins=60 range=(-12.00,-2.48) mean=-11.95 p50=-12.00 p05=-12.00 p95=-12.00
  [diag] sat-dist hist bins=60 sat<0.05=0.0% mean=0.982 p10=0.981 p90=0.982
Iter 0000240: train nll 1.386, valid error 075.180%, best valid error 074.240%, avg grad norm   0.801, avg grad norm (post clip)   0.053, rho_Whh  0.95, Omega  0.04, alpha  2.000, steps in the past 0.010, valid nll 1.386
  [diag] log10|dL/dh_t| hist bins=60 range=(-12.00,-2.48) mean=-11.95 p50=-12.00 p05=-12.00 p95=-12.00
  [diag] sat-dist hist bins=60 sat<0.05=0.0% mean=0.982 p10=0.981 p90=0.982
Iter 0000260: train nll 1.386, valid error 075.220%, best valid error 074.240%, avg grad norm   0.773, avg grad norm (post clip)   0.053, rho_Whh  0.95, Omega  0.03, alpha  2.000, steps in the past 0.011, valid nll 1.386
  [diag] log10|dL/dh_t| hist bins=60 range=(-12.00,-2.48) mean=-11.95 p50=-12.00 p05=-12.00 p95=-12.00
  [diag] sat-dist hist bins=60 sat<0.05=0.0% mean=0.982 p10=0.981 p90=0.982
Iter 0000280: train nll 1.386, valid error 074.980%, best valid error 074.240%, avg grad norm   0.780, avg grad norm (post clip)   0.053, rho_Whh  0.95, Omega  0.04, alpha  2.000, steps in the past 0.010, valid nll 1.386
  [diag] log10|dL/dh_t| hist bins=60 range=(-12.00,-2.48) mean=-11.95 p50=-12.00 p05=-12.00 p95=-12.00
  [diag] sat-dist hist bins=60 sat<0.05=0.0% mean=0.982 p10=0.981 p90=0.982
Iter 0000300: train nll 1.386, valid error 074.960%, best valid error 074.240%, avg grad norm   0.659, avg grad norm (post clip)   0.053, rho_Whh  0.95, Omega  0.03, alpha  2.000, steps in the past 0.009, valid nll 1.386
  [diag] log10|dL/dh_t| hist bins=60 range=(-12.00,-2.48) mean=-11.95 p50=-12.00 p05=-12.00 p95=-12.00
  [diag] sat-dist hist bins=60 sat<0.05=0.0% mean=0.982 p10=0.981 p90=0.982
Iter 0000320: train nll 1.387, valid error 074.960%, best valid error 074.240%, avg grad norm   0.705, avg grad norm (post clip)   0.053, rho_Whh  0.95, Omega  0.03, alpha  2.000, steps in the past 0.012, valid nll 1.386
  [diag] log10|dL/dh_t| hist bins=60 range=(-12.00,-2.48) mean=-11.95 p50=-12.00 p05=-12.00 p95=-12.00
  [diag] sat-dist hist bins=60 sat<0.05=0.0% mean=0.982 p10=0.981 p90=0.982
Iter 0000340: train nll 1.386, valid error 074.960%, best valid error 074.240%, avg grad norm   0.645, avg grad norm (post clip)   0.053, rho_Whh  0.95, Omega  0.02, alpha  2.000, steps in the past 0.009, valid nll 1.386
  [diag] log10|dL/dh_t| hist bins=60 range=(-12.00,-2.48) mean=-11.95 p50=-12.00 p05=-12.00 p95=-12.00
  [diag] sat-dist hist bins=60 sat<0.05=0.0% mean=0.982 p10=0.981 p90=0.982
Iter 0000360: train nll 1.386, valid error 074.940%, best valid error 074.240%, avg grad norm   0.609, avg grad norm (post clip)   0.053, rho_Whh  0.95, Omega  0.02, alpha  2.000, steps in the past 0.009, valid nll 1.386
  [diag] log10|dL/dh_t| hist bins=60 range=(-12.00,-2.48) mean=-11.95 p50=-12.00 p05=-12.00 p95=-12.00
  [diag] sat-dist hist bins=60 sat<0.05=0.0% mean=0.982 p10=0.981 p90=0.982
Iter 0000380: train nll 1.386, valid error 074.920%, best valid error 074.240%, avg grad norm   0.616, avg grad norm (post clip)   0.053, rho_Whh  0.95, Omega  0.02, alpha  2.000, steps in the past 0.009, valid nll 1.386
  [diag] log10|dL/dh_t| hist bins=60 range=(-12.00,-2.48) mean=-11.95 p50=-12.00 p05=-12.00 p95=-12.00
  [diag] sat-dist hist bins=60 sat<0.05=0.0% mean=0.982 p10=0.981 p90=0.982
Iter 0000400: train nll 1.386, valid error 074.960%, best valid error 074.240%, avg grad norm   0.533, avg grad norm (post clip)   0.053, rho_Whh  0.95, Omega  0.02, alpha  2.000, steps in the past 0.009, valid nll 1.386
  [diag] log10|dL/dh_t| hist bins=60 range=(-12.00,-2.48) mean=-11.95 p50=-12.00 p05=-12.00 p95=-12.00
  [diag] sat-dist hist bins=60 sat<0.05=0.0% mean=0.982 p10=0.981 p90=0.982
Iter 0000420: train nll 1.387, valid error 074.920%, best valid error 074.240%, avg grad norm   0.541, avg grad norm (post clip)   0.053, rho_Whh  0.95, Omega  0.02, alpha  2.000, steps in the past 0.009, valid nll 1.386
  [diag] log10|dL/dh_t| hist bins=60 range=(-12.00,-2.48) mean=-11.95 p50=-12.00 p05=-12.00 p95=-12.00
  [diag] sat-dist hist bins=60 sat<0.05=0.0% mean=0.981 p10=0.981 p90=0.982
Iter 0000440: train nll 1.386, valid error 074.980%, best valid error 074.240%, avg grad norm   0.484, avg grad norm (post clip)   0.053, rho_Whh  0.94, Omega  0.01, alpha  2.000, steps in the past 0.010, valid nll 1.386
  [diag] log10|dL/dh_t| hist bins=60 range=(-12.00,-2.48) mean=-11.95 p50=-12.00 p05=-12.00 p95=-12.00
  [diag] sat-dist hist bins=60 sat<0.05=0.0% mean=0.981 p10=0.981 p90=0.982
Iter 0000460: train nll 1.386, valid error 074.960%, best valid error 074.240%, avg grad norm   0.446, avg grad norm (post clip)   0.053, rho_Whh  0.94, Omega  0.01, alpha  2.000, steps in the past 0.011, valid nll 1.386
  [diag] log10|dL/dh_t| hist bins=60 range=(-12.00,-2.48) mean=-11.95 p50=-12.00 p05=-12.00 p95=-12.00
  [diag] sat-dist hist bins=60 sat<0.05=0.0% mean=0.981 p10=0.981 p90=0.982
Iter 0000480: train nll 1.387, valid error 074.960%, best valid error 074.240%, avg grad norm   0.457, avg grad norm (post clip)   0.053, rho_Whh  0.94, Omega  0.01, alpha  2.000, steps in the past 0.009, valid nll 1.386
  [diag] log10|dL/dh_t| hist bins=60 range=(-12.00,-2.48) mean=-11.95 p50=-12.00 p05=-12.00 p95=-12.00
  [diag] sat-dist hist bins=60 sat<0.05=0.0% mean=0.982 p10=0.981 p90=0.982
Iter 0000500: train nll 1.386, valid error 074.920%, best valid error 074.240%, avg grad norm   0.399, avg grad norm (post clip)   0.053, rho_Whh  0.94, Omega  0.01, alpha  2.000, steps in the past 0.009, valid nll 1.386
  [diag] log10|dL/dh_t| hist bins=60 range=(-12.00,-2.48) mean=-11.95 p50=-12.00 p05=-12.00 p95=-12.00
  [diag] sat-dist hist bins=60 sat<0.05=0.0% mean=0.982 p10=0.981 p90=0.982
Iter 0000520: train nll 1.387, valid error 074.920%, best valid error 074.240%, avg grad norm   0.394, avg grad norm (post clip)   0.053, rho_Whh  0.94, Omega  0.01, alpha  2.000, steps in the past 0.009, valid nll 1.386
  [diag] log10|dL/dh_t| hist bins=60 range=(-12.00,-2.48) mean=-11.95 p50=-12.00 p05=-12.00 p95=-12.00
  [diag] sat-dist hist bins=60 sat<0.05=0.0% mean=0.982 p10=0.981 p90=0.982
Iter 0000540: train nll 1.386, valid error 074.960%, best valid error 074.240%, avg grad norm   0.348, avg grad norm (post clip)   0.053, rho_Whh  0.94, Omega  0.01, alpha  2.000, steps in the past 0.010, valid nll 1.386
  [diag] log10|dL/dh_t| hist bins=60 range=(-12.00,-2.48) mean=-11.95 p50=-12.00 p05=-12.00 p95=-12.00
  [diag] sat-dist hist bins=60 sat<0.05=0.0% mean=0.982 p10=0.981 p90=0.982
Iter 0000560: train nll 1.386, valid error 074.940%, best valid error 074.240%, avg grad norm   0.351, avg grad norm (post clip)   0.053, rho_Whh  0.94, Omega  0.00, alpha  2.000, steps in the past 0.009, valid nll 1.386
  [diag] log10|dL/dh_t| hist bins=60 range=(-12.00,-2.48) mean=-11.95 p50=-12.00 p05=-12.00 p95=-12.00
  [diag] sat-dist hist bins=60 sat<0.05=0.0% mean=0.981 p10=0.980 p90=0.982
Iter 0000580: train nll 1.386, valid error 074.960%, best valid error 074.240%, avg grad norm   0.302, avg grad norm (post clip)   0.053, rho_Whh  0.94, Omega  0.00, alpha  2.000, steps in the past 0.008, valid nll 1.386
  [diag] log10|dL/dh_t| hist bins=60 range=(-12.00,-2.48) mean=-11.95 p50=-12.00 p05=-12.00 p95=-12.00
  [diag] sat-dist hist bins=60 sat<0.05=0.0% mean=0.982 p10=0.981 p90=0.982
Iter 0000600: train nll 1.387, valid error 074.940%, best valid error 074.240%, avg grad norm   0.270, avg grad norm (post clip)   0.053, rho_Whh  0.94, Omega  0.00, alpha  2.000, steps in the past 0.008, valid nll 1.386
  [diag] log10|dL/dh_t| hist bins=60 range=(-12.00,-2.48) mean=-11.95 p50=-12.00 p05=-12.00 p95=-12.00
  [diag] sat-dist hist bins=60 sat<0.05=0.0% mean=0.981 p10=0.981 p90=0.982
Iter 0000620: train nll 1.386, valid error 074.940%, best valid error 074.240%, avg grad norm   0.264, avg grad norm (post clip)   0.053, rho_Whh  0.94, Omega  0.00, alpha  2.000, steps in the past 0.009, valid nll 1.386
  [diag] log10|dL/dh_t| hist bins=60 range=(-12.00,-2.48) mean=-11.95 p50=-12.00 p05=-12.00 p95=-12.00
  [diag] sat-dist hist bins=60 sat<0.05=0.0% mean=0.981 p10=0.981 p90=0.982
Iter 0000640: train nll 1.386, valid error 074.960%, best valid error 074.240%, avg grad norm   0.249, avg grad norm (post clip)   0.053, rho_Whh  0.94, Omega  0.00, alpha  2.000, steps in the past 0.009, valid nll 1.386
  [diag] log10|dL/dh_t| hist bins=60 range=(-12.00,-2.48) mean=-11.95 p50=-12.00 p05=-12.00 p95=-12.00
  [diag] sat-dist hist bins=60 sat<0.05=0.0% mean=0.981 p10=0.980 p90=0.981
Iter 0000660: train nll 1.386, valid error 074.960%, best valid error 074.240%, avg grad norm   0.221, avg grad norm (post clip)   0.053, rho_Whh  0.94, Omega  0.00, alpha  2.000, steps in the past 0.010, valid nll 1.386
  [diag] log10|dL/dh_t| hist bins=60 range=(-12.00,-2.48) mean=-11.95 p50=-12.00 p05=-12.00 p95=-12.00
  [diag] sat-dist hist bins=60 sat<0.05=0.0% mean=0.981 p10=0.980 p90=0.981
Iter 0000680: train nll 1.386, valid error 074.960%, best valid error 074.240%, avg grad norm   0.201, avg grad norm (post clip)   0.053, rho_Whh  0.94, Omega  0.00, alpha  2.000, steps in the past 0.009, valid nll 1.386
  [diag] log10|dL/dh_t| hist bins=60 range=(-12.00,-2.48) mean=-11.95 p50=-12.00 p05=-12.00 p95=-12.00
  [diag] sat-dist hist bins=60 sat<0.05=0.0% mean=0.981 p10=0.980 p90=0.981
Iter 0000700: train nll 1.387, valid error 074.960%, best valid error 074.240%, avg grad norm   0.209, avg grad norm (post clip)   0.053, rho_Whh  0.94, Omega  0.00, alpha  2.000, steps in the past 0.009, valid nll 1.386
  [diag] log10|dL/dh_t| hist bins=60 range=(-12.00,-2.48) mean=-11.95 p50=-12.00 p05=-12.00 p95=-12.00
  [diag] sat-dist hist bins=60 sat<0.05=0.0% mean=0.981 p10=0.980 p90=0.982
Iter 0000720: train nll 1.387, valid error 074.960%, best valid error 074.240%, avg grad norm   0.258, avg grad norm (post clip)   0.053, rho_Whh  0.94, Omega  0.00, alpha  2.000, steps in the past 0.009, valid nll 1.386
  [diag] log10|dL/dh_t| hist bins=60 range=(-12.00,-2.48) mean=-11.95 p50=-12.00 p05=-12.00 p95=-12.00
  [diag] sat-dist hist bins=60 sat<0.05=0.0% mean=0.981 p10=0.980 p90=0.982
Iter 0000740: train nll 1.386, valid error 074.960%, best valid error 074.240%, avg grad norm   0.203, avg grad norm (post clip)   0.053, rho_Whh  0.94, Omega  0.00, alpha  2.000, steps in the past 0.009, valid nll 1.386
  [diag] log10|dL/dh_t| hist bins=60 range=(-12.00,-2.48) mean=-11.95 p50=-12.00 p05=-12.00 p95=-12.00
  [diag] sat-dist hist bins=60 sat<0.05=0.0% mean=0.981 p10=0.981 p90=0.982
Iter 0000760: train nll 1.386, valid error 074.960%, best valid error 074.240%, avg grad norm   0.184, avg grad norm (post clip)   0.053, rho_Whh  0.94, Omega  0.00, alpha  2.000, steps in the past 0.008, valid nll 1.386
  [diag] log10|dL/dh_t| hist bins=60 range=(-12.00,-2.48) mean=-11.95 p50=-12.00 p05=-12.00 p95=-12.00
  [diag] sat-dist hist bins=60 sat<0.05=0.0% mean=0.981 p10=0.981 p90=0.982
Iter 0000780: train nll 1.386, valid error 074.960%, best valid error 074.240%, avg grad norm   0.206, avg grad norm (post clip)   0.053, rho_Whh  0.94, Omega  0.00, alpha  2.000, steps in the past 0.010, valid nll 1.386
  [diag] log10|dL/dh_t| hist bins=60 range=(-12.00,-2.48) mean=-11.95 p50=-12.00 p05=-12.00 p95=-12.00
  [diag] sat-dist hist bins=60 sat<0.05=0.0% mean=0.982 p10=0.981 p90=0.982
Iter 0000800: train nll 1.386, valid error 074.940%, best valid error 074.240%, avg grad norm   0.205, avg grad norm (post clip)   0.053, rho_Whh  0.94, Omega  0.00, alpha  2.000, steps in the past 0.009, valid nll 1.386
  [diag] log10|dL/dh_t| hist bins=60 range=(-12.00,-2.48) mean=-11.95 p50=-12.00 p05=-12.00 p95=-12.00
  [diag] sat-dist hist bins=60 sat<0.05=0.0% mean=0.982 p10=0.981 p90=0.982
Iter 0000820: train nll 1.387, valid error 074.960%, best valid error 074.240%, avg grad norm   0.212, avg grad norm (post clip)   0.053, rho_Whh  0.94, Omega  0.00, alpha  2.000, steps in the past 0.009, valid nll 1.386
  [diag] log10|dL/dh_t| hist bins=60 range=(-12.00,-2.48) mean=-11.95 p50=-12.00 p05=-12.00 p95=-12.00
  [diag] sat-dist hist bins=60 sat<0.05=0.0% mean=0.982 p10=0.981 p90=0.982
Iter 0000840: train nll 1.386, valid error 074.920%, best valid error 074.240%, avg grad norm   0.149, avg grad norm (post clip)   0.053, rho_Whh  0.94, Omega  0.00, alpha  2.000, steps in the past 0.010, valid nll 1.386
  [diag] log10|dL/dh_t| hist bins=60 range=(-12.00,-2.48) mean=-11.95 p50=-12.00 p05=-12.00 p95=-12.00
  [diag] sat-dist hist bins=60 sat<0.05=0.0% mean=0.982 p10=0.982 p90=0.983
Iter 0000860: train nll 1.387, valid error 074.840%, best valid error 074.240%, avg grad norm   0.193, avg grad norm (post clip)   0.053, rho_Whh  0.94, Omega  0.00, alpha  2.000, steps in the past 0.009, valid nll 1.386
  [diag] log10|dL/dh_t| hist bins=60 range=(-12.00,-2.48) mean=-11.95 p50=-12.00 p05=-12.00 p95=-12.00
  [diag] sat-dist hist bins=60 sat<0.05=0.0% mean=0.982 p10=0.982 p90=0.983
Iter 0000880: train nll 1.386, valid error 074.760%, best valid error 074.240%, avg grad norm   0.160, avg grad norm (post clip)   0.052, rho_Whh  0.94, Omega  0.00, alpha  2.000, steps in the past 0.009, valid nll 1.386
  [diag] log10|dL/dh_t| hist bins=60 range=(-12.00,-2.48) mean=-11.95 p50=-12.00 p05=-12.00 p95=-12.00
  [diag] sat-dist hist bins=60 sat<0.05=0.0% mean=0.983 p10=0.982 p90=0.983
Iter 0000900: train nll 1.386, valid error 075.700%, best valid error 074.240%, avg grad norm   0.179, avg grad norm (post clip)   0.053, rho_Whh  0.94, Omega  0.00, alpha  2.000, steps in the past 0.009, valid nll 1.386
  [diag] log10|dL/dh_t| hist bins=60 range=(-12.00,-2.48) mean=-11.95 p50=-12.00 p05=-12.00 p95=-12.00
  [diag] sat-dist hist bins=60 sat<0.05=0.0% mean=0.982 p10=0.981 p90=0.982
Iter 0000920: train nll 1.386, valid error 074.900%, best valid error 074.240%, avg grad norm   0.172, avg grad norm (post clip)   0.053, rho_Whh  0.94, Omega  0.00, alpha  2.000, steps in the past 0.008, valid nll 1.386
  [diag] log10|dL/dh_t| hist bins=60 range=(-12.00,-2.48) mean=-11.95 p50=-12.00 p05=-12.00 p95=-12.00
  [diag] sat-dist hist bins=60 sat<0.05=0.0% mean=0.982 p10=0.981 p90=0.982
Iter 0000940: train nll 1.387, valid error 074.920%, best valid error 074.240%, avg grad norm   0.188, avg grad norm (post clip)   0.053, rho_Whh  0.94, Omega  0.00, alpha  2.000, steps in the past 0.008, valid nll 1.386
  [diag] log10|dL/dh_t| hist bins=60 range=(-12.00,-2.48) mean=-11.95 p50=-12.00 p05=-12.00 p95=-12.00
  [diag] sat-dist hist bins=60 sat<0.05=0.0% mean=0.982 p10=0.981 p90=0.982
Iter 0000960: train nll 1.386, valid error 075.360%, best valid error 074.240%, avg grad norm   0.177, avg grad norm (post clip)   0.053, rho_Whh  0.94, Omega  0.00, alpha  2.000, steps in the past 0.009, valid nll 1.386
  [diag] log10|dL/dh_t| hist bins=60 range=(-12.00,-2.48) mean=-11.95 p50=-12.00 p05=-12.00 p95=-12.00
  [diag] sat-dist hist bins=60 sat<0.05=0.0% mean=0.982 p10=0.981 p90=0.983
Iter 0000980: train nll 1.387, valid error 075.600%, best valid error 074.240%, avg grad norm   0.199, avg grad norm (post clip)   0.053, rho_Whh  0.94, Omega  0.00, alpha  2.000, steps in the past 0.010, valid nll 1.386
  [diag] log10|dL/dh_t| hist bins=60 range=(-12.00,-2.48) mean=-11.95 p50=-12.00 p05=-12.00 p95=-12.00
  [diag] sat-dist hist bins=60 sat<0.05=0.0% mean=0.982 p10=0.982 p90=0.983
Iter 0001000: train nll 1.386, valid error 075.420%, best valid error 074.240%, avg grad norm   0.172, avg grad norm (post clip)   0.053, rho_Whh  0.94, Omega  0.00, alpha  2.000, steps in the past 0.010, valid nll 1.386
  [diag] log10|dL/dh_t| hist bins=60 range=(-12.00,-2.48) mean=-11.95 p50=-12.00 p05=-12.00 p95=-12.00
  [diag] sat-dist hist bins=60 sat<0.05=0.0% mean=0.982 p10=0.981 p90=0.982
Iter 0001020: train nll 1.386, valid error 075.640%, best valid error 074.240%, avg grad norm   0.217, avg grad norm (post clip)   0.053, rho_Whh  0.94, Omega  0.00, alpha  2.000, steps in the past 0.009, valid nll 1.386
  [diag] log10|dL/dh_t| hist bins=60 range=(-12.00,-2.48) mean=-11.95 p50=-12.00 p05=-12.00 p95=-12.00
  [diag] sat-dist hist bins=60 sat<0.05=0.0% mean=0.982 p10=0.981 p90=0.982
Iter 0001040: train nll 1.386, valid error 075.660%, best valid error 074.240%, avg grad norm   0.179, avg grad norm (post clip)   0.053, rho_Whh  0.94, Omega  0.00, alpha  2.000, steps in the past 0.009, valid nll 1.386
  [diag] log10|dL/dh_t| hist bins=60 range=(-12.00,-2.48) mean=-11.95 p50=-12.00 p05=-12.00 p95=-12.00
  [diag] sat-dist hist bins=60 sat<0.05=0.0% mean=0.983 p10=0.982 p90=0.983
Iter 0001060: train nll 1.386, valid error 076.020%, best valid error 074.240%, avg grad norm   0.171, avg grad norm (post clip)   0.053, rho_Whh  0.94, Omega  0.00, alpha  2.000, steps in the past 0.010, valid nll 1.386
  [diag] log10|dL/dh_t| hist bins=60 range=(-12.00,-2.48) mean=-11.95 p50=-12.00 p05=-12.00 p95=-12.00
  [diag] sat-dist hist bins=60 sat<0.05=0.0% mean=0.983 p10=0.982 p90=0.984
Iter 0001080: train nll 1.387, valid error 076.040%, best valid error 074.240%, avg grad norm   0.199, avg grad norm (post clip)   0.053, rho_Whh  0.94, Omega  0.00, alpha  2.000, steps in the past 0.010, valid nll 1.386
  [diag] log10|dL/dh_t| hist bins=60 range=(-12.00,-2.48) mean=-11.95 p50=-12.00 p05=-12.00 p95=-12.00
  [diag] sat-dist hist bins=60 sat<0.05=0.0% mean=0.983 p10=0.982 p90=0.984
Iter 0001100: train nll 1.386, valid error 076.020%, best valid error 074.240%, avg grad norm   0.216, avg grad norm (post clip)   0.053, rho_Whh  0.94, Omega  0.00, alpha  2.000, steps in the past 0.010, valid nll 1.386
  [diag] log10|dL/dh_t| hist bins=60 range=(-12.00,-2.48) mean=-11.95 p50=-12.00 p05=-12.00 p95=-12.00
  [diag] sat-dist hist bins=60 sat<0.05=0.0% mean=0.983 p10=0.982 p90=0.983
Iter 0001120: train nll 1.386, valid error 075.660%, best valid error 074.240%, avg grad norm   0.184, avg grad norm (post clip)   0.053, rho_Whh  0.94, Omega  0.00, alpha  2.000, steps in the past 0.009, valid nll 1.386
  [diag] log10|dL/dh_t| hist bins=60 range=(-12.00,-2.48) mean=-11.95 p50=-12.00 p05=-12.00 p95=-12.00
  [diag] sat-dist hist bins=60 sat<0.05=0.0% mean=0.983 p10=0.982 p90=0.984
Iter 0001140: train nll 1.386, valid error 076.480%, best valid error 074.240%, avg grad norm   0.194, avg grad norm (post clip)   0.052, rho_Whh  0.94, Omega  0.00, alpha  2.000, steps in the past 0.011, valid nll 1.386
  [diag] log10|dL/dh_t| hist bins=60 range=(-12.00,-2.48) mean=-11.95 p50=-12.00 p05=-12.00 p95=-12.00
  [diag] sat-dist hist bins=60 sat<0.05=0.0% mean=0.983 p10=0.982 p90=0.983
Iter 0001160: train nll 1.386, valid error 076.560%, best valid error 074.240%, avg grad norm   0.194, avg grad norm (post clip)   0.053, rho_Whh  0.94, Omega  0.00, alpha  2.000, steps in the past 0.008, valid nll 1.386
  [diag] log10|dL/dh_t| hist bins=60 range=(-12.00,-2.48) mean=-11.95 p50=-12.00 p05=-12.00 p95=-12.00
  [diag] sat-dist hist bins=60 sat<0.05=0.0% mean=0.983 p10=0.982 p90=0.984
Iter 0001180: train nll 1.386, valid error 076.620%, best valid error 074.240%, avg grad norm   0.200, avg grad norm (post clip)   0.053, rho_Whh  0.94, Omega  0.00, alpha  2.000, steps in the past 0.009, valid nll 1.386
  [diag] log10|dL/dh_t| hist bins=60 range=(-12.00,-2.48) mean=-11.95 p50=-12.00 p05=-12.00 p95=-12.00
  [diag] sat-dist hist bins=60 sat<0.05=0.0% mean=0.983 p10=0.982 p90=0.983
Iter 0001200: train nll 1.386, valid error 076.380%, best valid error 074.240%, avg grad norm   0.162, avg grad norm (post clip)   0.053, rho_Whh  0.94, Omega  0.00, alpha  2.000, steps in the past 0.009, valid nll 1.386
  [diag] log10|dL/dh_t| hist bins=60 range=(-12.00,-2.48) mean=-11.95 p50=-12.00 p05=-12.00 p95=-12.00
  [diag] sat-dist hist bins=60 sat<0.05=0.0% mean=0.983 p10=0.982 p90=0.983
Iter 0001220: train nll 1.386, valid error 076.640%, best valid error 074.240%, avg grad norm   0.161, avg grad norm (post clip)   0.052, rho_Whh  0.94, Omega  0.00, alpha  2.000, steps in the past 0.008, valid nll 1.386
  [diag] log10|dL/dh_t| hist bins=60 range=(-12.00,-2.48) mean=-11.95 p50=-12.00 p05=-12.00 p95=-12.00
  [diag] sat-dist hist bins=60 sat<0.05=0.0% mean=0.983 p10=0.982 p90=0.983
Iter 0001240: train nll 1.386, valid error 076.620%, best valid error 074.240%, avg grad norm   0.208, avg grad norm (post clip)   0.053, rho_Whh  0.94, Omega  0.00, alpha  2.000, steps in the past 0.009, valid nll 1.386
  [diag] log10|dL/dh_t| hist bins=60 range=(-12.00,-2.48) mean=-11.95 p50=-12.00 p05=-12.00 p95=-12.00
  [diag] sat-dist hist bins=60 sat<0.05=0.0% mean=0.983 p10=0.982 p90=0.983
Iter 0001260: train nll 1.387, valid error 076.660%, best valid error 074.240%, avg grad norm   0.182, avg grad norm (post clip)   0.053, rho_Whh  0.94, Omega  0.00, alpha  2.000, steps in the past 0.009, valid nll 1.386
  [diag] log10|dL/dh_t| hist bins=60 range=(-12.00,-2.48) mean=-11.95 p50=-12.00 p05=-12.00 p95=-12.00
  [diag] sat-dist hist bins=60 sat<0.05=0.0% mean=0.983 p10=0.982 p90=0.983
Iter 0001280: train nll 1.386, valid error 076.800%, best valid error 074.240%, avg grad norm   0.199, avg grad norm (post clip)   0.053, rho_Whh  0.94, Omega  0.00, alpha  2.000, steps in the past 0.008, valid nll 1.386
  [diag] log10|dL/dh_t| hist bins=60 range=(-12.00,-2.48) mean=-11.95 p50=-12.00 p05=-12.00 p95=-12.00
  [diag] sat-dist hist bins=60 sat<0.05=0.0% mean=0.983 p10=0.982 p90=0.983
Iter 0001300: train nll 1.386, valid error 076.720%, best valid error 074.240%, avg grad norm   0.201, avg grad norm (post clip)   0.053, rho_Whh  0.94, Omega  0.00, alpha  2.000, steps in the past 0.010, valid nll 1.386
  [diag] log10|dL/dh_t| hist bins=60 range=(-12.00,-2.48) mean=-11.95 p50=-12.00 p05=-12.00 p95=-12.00
  [diag] sat-dist hist bins=60 sat<0.05=0.0% mean=0.983 p10=0.982 p90=0.983
Iter 0001320: train nll 1.386, valid error 076.660%, best valid error 074.240%, avg grad norm   0.181, avg grad norm (post clip)   0.052, rho_Whh  0.94, Omega  0.00, alpha  2.000, steps in the past 0.008, valid nll 1.386
  [diag] log10|dL/dh_t| hist bins=60 range=(-12.00,-2.48) mean=-11.95 p50=-12.00 p05=-12.00 p95=-12.00
  [diag] sat-dist hist bins=60 sat<0.05=0.0% mean=0.983 p10=0.982 p90=0.984
Iter 0001340: train nll 1.386, valid error 076.600%, best valid error 074.240%, avg grad norm   0.171, avg grad norm (post clip)   0.053, rho_Whh  0.94, Omega  0.00, alpha  2.000, steps in the past 0.010, valid nll 1.386
  [diag] log10|dL/dh_t| hist bins=60 range=(-12.00,-2.48) mean=-11.95 p50=-12.00 p05=-12.00 p95=-12.00
  [diag] sat-dist hist bins=60 sat<0.05=0.0% mean=0.984 p10=0.983 p90=0.984
Iter 0001360: train nll 1.386, valid error 076.240%, best valid error 074.240%, avg grad norm   0.183, avg grad norm (post clip)   0.053, rho_Whh  0.94, Omega  0.00, alpha  2.000, steps in the past 0.009, valid nll 1.386
  [diag] log10|dL/dh_t| hist bins=60 range=(-12.00,-2.48) mean=-11.95 p50=-12.00 p05=-12.00 p95=-12.00
  [diag] sat-dist hist bins=60 sat<0.05=0.0% mean=0.983 p10=0.983 p90=0.984
Iter 0001380: train nll 1.386, valid error 076.300%, best valid error 074.240%, avg grad norm   0.173, avg grad norm (post clip)   0.053, rho_Whh  0.94, Omega  0.00, alpha  2.000, steps in the past 0.010, valid nll 1.386
  [diag] log10|dL/dh_t| hist bins=60 range=(-12.00,-2.48) mean=-11.95 p50=-12.00 p05=-12.00 p95=-12.00
  [diag] sat-dist hist bins=60 sat<0.05=0.0% mean=0.983 p10=0.982 p90=0.984
Iter 0001400: train nll 1.386, valid error 076.260%, best valid error 074.240%, avg grad norm   0.182, avg grad norm (post clip)   0.053, rho_Whh  0.94, Omega  0.00, alpha  2.000, steps in the past 0.010, valid nll 1.387
  [diag] log10|dL/dh_t| hist bins=60 range=(-12.00,-2.48) mean=-11.95 p50=-12.00 p05=-12.00 p95=-12.00
  [diag] sat-dist hist bins=60 sat<0.05=0.0% mean=0.983 p10=0.982 p90=0.983
Iter 0001420: train nll 1.386, valid error 076.280%, best valid error 074.240%, avg grad norm   0.182, avg grad norm (post clip)   0.053, rho_Whh  0.94, Omega  0.00, alpha  2.000, steps in the past 0.009, valid nll 1.386
  [diag] log10|dL/dh_t| hist bins=60 range=(-12.00,-2.48) mean=-11.95 p50=-12.00 p05=-12.00 p95=-12.00
  [diag] sat-dist hist bins=60 sat<0.05=0.0% mean=0.983 p10=0.982 p90=0.984
Iter 0001440: train nll 1.387, valid error 076.260%, best valid error 074.240%, avg grad norm   0.174, avg grad norm (post clip)   0.053, rho_Whh  0.94, Omega  0.00, alpha  2.000, steps in the past 0.010, valid nll 1.386
  [diag] log10|dL/dh_t| hist bins=60 range=(-12.00,-2.48) mean=-11.95 p50=-12.00 p05=-12.00 p95=-12.00
  [diag] sat-dist hist bins=60 sat<0.05=0.0% mean=0.983 p10=0.982 p90=0.984
Iter 0001460: train nll 1.386, valid error 076.260%, best valid error 074.240%, avg grad norm   0.190, avg grad norm (post clip)   0.053, rho_Whh  0.94, Omega  0.00, alpha  2.000, steps in the past 0.010, valid nll 1.386
  [diag] log10|dL/dh_t| hist bins=60 range=(-12.00,-2.48) mean=-11.95 p50=-12.00 p05=-12.00 p95=-12.00
  [diag] sat-dist hist bins=60 sat<0.05=0.0% mean=0.983 p10=0.982 p90=0.984
Iter 0001480: train nll 1.386, valid error 076.280%, best valid error 074.240%, avg grad norm   0.223, avg grad norm (post clip)   0.053, rho_Whh  0.94, Omega  0.00, alpha  2.000, steps in the past 0.008, valid nll 1.386
  [diag] log10|dL/dh_t| hist bins=60 range=(-12.00,-2.48) mean=-11.95 p50=-12.00 p05=-12.00 p95=-12.00
  [diag] sat-dist hist bins=60 sat<0.05=0.0% mean=0.983 p10=0.982 p90=0.984
Iter 0001500: train nll 1.387, valid error 076.560%, best valid error 074.240%, avg grad norm   0.166, avg grad norm (post clip)   0.053, rho_Whh  0.94, Omega  0.00, alpha  2.000, steps in the past 0.010, valid nll 1.386
  [diag] log10|dL/dh_t| hist bins=60 range=(-12.00,-2.48) mean=-11.95 p50=-12.00 p05=-12.00 p95=-12.00
  [diag] sat-dist hist bins=60 sat<0.05=0.0% mean=0.983 p10=0.983 p90=0.984
Iter 0001520: train nll 1.386, valid error 076.260%, best valid error 074.240%, avg grad norm   0.179, avg grad norm (post clip)   0.052, rho_Whh  0.94, Omega  0.00, alpha  2.000, steps in the past 0.010, valid nll 1.386
  [diag] log10|dL/dh_t| hist bins=60 range=(-12.00,-2.48) mean=-11.95 p50=-12.00 p05=-12.00 p95=-12.00
  [diag] sat-dist hist bins=60 sat<0.05=0.0% mean=0.983 p10=0.982 p90=0.984
Iter 0001540: train nll 1.386, valid error 076.260%, best valid error 074.240%, avg grad norm   0.197, avg grad norm (post clip)   0.053, rho_Whh  0.94, Omega  0.00, alpha  2.000, steps in the past 0.009, valid nll 1.386
  [diag] log10|dL/dh_t| hist bins=60 range=(-12.00,-2.48) mean=-11.95 p50=-12.00 p05=-12.00 p95=-12.00
  [diag] sat-dist hist bins=60 sat<0.05=0.0% mean=0.983 p10=0.982 p90=0.984
Iter 0001560: train nll 1.387, valid error 076.260%, best valid error 074.240%, avg grad norm   0.227, avg grad norm (post clip)   0.053, rho_Whh  0.94, Omega  0.00, alpha  2.000, steps in the past 0.010, valid nll 1.386
  [diag] log10|dL/dh_t| hist bins=60 range=(-12.00,-2.48) mean=-11.95 p50=-12.00 p05=-12.00 p95=-12.00
  [diag] sat-dist hist bins=60 sat<0.05=0.0% mean=0.984 p10=0.983 p90=0.984
Iter 0001580: train nll 1.387, valid error 076.240%, best valid error 074.240%, avg grad norm   0.179, avg grad norm (post clip)   0.053, rho_Whh  0.94, Omega  0.00, alpha  2.000, steps in the past 0.010, valid nll 1.386
  [diag] log10|dL/dh_t| hist bins=60 range=(-12.00,-2.48) mean=-11.95 p50=-12.00 p05=-12.00 p95=-12.00
  [diag] sat-dist hist bins=60 sat<0.05=0.0% mean=0.984 p10=0.983 p90=0.984
Iter 0001600: train nll 1.386, valid error 076.280%, best valid error 074.240%, avg grad norm   0.204, avg grad norm (post clip)   0.053, rho_Whh  0.94, Omega  0.00, alpha  2.000, steps in the past 0.009, valid nll 1.386
  [diag] log10|dL/dh_t| hist bins=60 range=(-12.00,-2.48) mean=-11.95 p50=-12.00 p05=-12.00 p95=-12.00
  [diag] sat-dist hist bins=60 sat<0.05=0.0% mean=0.984 p10=0.983 p90=0.985
Iter 0001620: train nll 1.386, valid error 076.260%, best valid error 074.240%, avg grad norm   0.185, avg grad norm (post clip)   0.052, rho_Whh  0.94, Omega  0.00, alpha  2.000, steps in the past 0.008, valid nll 1.386
  [diag] log10|dL/dh_t| hist bins=60 range=(-12.00,-2.48) mean=-11.95 p50=-12.00 p05=-12.00 p95=-12.00
  [diag] sat-dist hist bins=60 sat<0.05=0.0% mean=0.984 p10=0.984 p90=0.985
Iter 0001640: train nll 1.386, valid error 076.260%, best valid error 074.240%, avg grad norm   0.183, avg grad norm (post clip)   0.053, rho_Whh  0.94, Omega  0.00, alpha  2.000, steps in the past 0.009, valid nll 1.387
  [diag] log10|dL/dh_t| hist bins=60 range=(-12.00,-2.48) mean=-11.95 p50=-12.00 p05=-12.00 p95=-12.00
  [diag] sat-dist hist bins=60 sat<0.05=0.0% mean=0.984 p10=0.983 p90=0.985
Iter 0001660: train nll 1.386, valid error 076.260%, best valid error 074.240%, avg grad norm   0.200, avg grad norm (post clip)   0.053, rho_Whh  0.94, Omega  0.00, alpha  2.000, steps in the past 0.009, valid nll 1.387
  [diag] log10|dL/dh_t| hist bins=60 range=(-12.00,-2.48) mean=-11.95 p50=-12.00 p05=-12.00 p95=-12.00
  [diag] sat-dist hist bins=60 sat<0.05=0.0% mean=0.984 p10=0.983 p90=0.985
Iter 0001680: train nll 1.386, valid error 076.260%, best valid error 074.240%, avg grad norm   0.174, avg grad norm (post clip)   0.053, rho_Whh  0.94, Omega  0.00, alpha  2.000, steps in the past 0.008, valid nll 1.387
  [diag] log10|dL/dh_t| hist bins=60 range=(-12.00,-2.48) mean=-11.95 p50=-12.00 p05=-12.00 p95=-12.00
  [diag] sat-dist hist bins=60 sat<0.05=0.0% mean=0.984 p10=0.983 p90=0.984
Iter 0001700: train nll 1.386, valid error 076.260%, best valid error 074.240%, avg grad norm   0.159, avg grad norm (post clip)   0.051, rho_Whh  0.94, Omega  0.00, alpha  2.000, steps in the past 0.007, valid nll 1.387
  [diag] log10|dL/dh_t| hist bins=60 range=(-12.00,-2.48) mean=-11.95 p50=-12.00 p05=-12.00 p95=-12.00
  [diag] sat-dist hist bins=60 sat<0.05=0.0% mean=0.984 p10=0.983 p90=0.984
Iter 0001720: train nll 1.386, valid error 076.260%, best valid error 074.240%, avg grad norm   0.201, avg grad norm (post clip)   0.053, rho_Whh  0.94, Omega  0.00, alpha  2.000, steps in the past 0.011, valid nll 1.387
  [diag] log10|dL/dh_t| hist bins=60 range=(-12.00,-2.48) mean=-11.95 p50=-12.00 p05=-12.00 p95=-12.00
  [diag] sat-dist hist bins=60 sat<0.05=0.0% mean=0.984 p10=0.983 p90=0.984
Iter 0001740: train nll 1.386, valid error 076.260%, best valid error 074.240%, avg grad norm   0.182, avg grad norm (post clip)   0.053, rho_Whh  0.94, Omega  0.00, alpha  2.000, steps in the past 0.009, valid nll 1.387
  [diag] log10|dL/dh_t| hist bins=60 range=(-12.00,-2.48) mean=-11.95 p50=-12.00 p05=-12.00 p95=-12.00
  [diag] sat-dist hist bins=60 sat<0.05=0.0% mean=0.983 p10=0.983 p90=0.984
Iter 0001760: train nll 1.386, valid error 076.280%, best valid error 074.240%, avg grad norm   0.187, avg grad norm (post clip)   0.053, rho_Whh  0.94, Omega  0.00, alpha  2.000, steps in the past 0.009, valid nll 1.387
  [diag] log10|dL/dh_t| hist bins=60 range=(-12.00,-2.48) mean=-11.95 p50=-12.00 p05=-12.00 p95=-12.00
  [diag] sat-dist hist bins=60 sat<0.05=0.0% mean=0.983 p10=0.983 p90=0.984
Iter 0001780: train nll 1.386, valid error 076.280%, best valid error 074.240%, avg grad norm   0.186, avg grad norm (post clip)   0.053, rho_Whh  0.94, Omega  0.00, alpha  2.000, steps in the past 0.009, valid nll 1.387
  [diag] log10|dL/dh_t| hist bins=60 range=(-12.00,-2.48) mean=-11.95 p50=-12.00 p05=-12.00 p95=-12.00
  [diag] sat-dist hist bins=60 sat<0.05=0.0% mean=0.983 p10=0.983 p90=0.984
Iter 0001800: train nll 1.386, valid error 076.260%, best valid error 074.240%, avg grad norm   0.153, avg grad norm (post clip)   0.051, rho_Whh  0.94, Omega  0.00, alpha  2.000, steps in the past 0.011, valid nll 1.387
  [diag] log10|dL/dh_t| hist bins=60 range=(-12.00,-2.48) mean=-11.95 p50=-12.00 p05=-12.00 p95=-12.00
  [diag] sat-dist hist bins=60 sat<0.05=0.0% mean=0.983 p10=0.982 p90=0.983
Iter 0001820: train nll 1.386, valid error 075.960%, best valid error 074.240%, avg grad norm   0.220, avg grad norm (post clip)   0.053, rho_Whh  0.94, Omega  0.00, alpha  2.000, steps in the past 0.009, valid nll 1.387
  [diag] log10|dL/dh_t| hist bins=60 range=(-12.00,-2.48) mean=-11.95 p50=-12.00 p05=-12.00 p95=-12.00
  [diag] sat-dist hist bins=60 sat<0.05=0.0% mean=0.983 p10=0.982 p90=0.983
Iter 0001840: train nll 1.386, valid error 075.460%, best valid error 074.240%, avg grad norm   0.179, avg grad norm (post clip)   0.053, rho_Whh  0.94, Omega  0.00, alpha  2.000, steps in the past 0.008, valid nll 1.387
  [diag] log10|dL/dh_t| hist bins=60 range=(-12.00,-2.48) mean=-11.95 p50=-12.00 p05=-12.00 p95=-12.00
  [diag] sat-dist hist bins=60 sat<0.05=0.0% mean=0.983 p10=0.982 p90=0.984
Iter 0001860: train nll 1.386, valid error 075.780%, best valid error 074.240%, avg grad norm   0.158, avg grad norm (post clip)   0.053, rho_Whh  0.94, Omega  0.00, alpha  2.000, steps in the past 0.008, valid nll 1.386
  [diag] log10|dL/dh_t| hist bins=60 range=(-12.00,-2.48) mean=-11.95 p50=-12.00 p05=-12.00 p95=-12.00
  [diag] sat-dist hist bins=60 sat<0.05=0.0% mean=0.983 p10=0.983 p90=0.984
Iter 0001880: train nll 1.386, valid error 076.060%, best valid error 074.240%, avg grad norm   0.173, avg grad norm (post clip)   0.053, rho_Whh  0.94, Omega  0.00, alpha  2.000, steps in the past 0.008, valid nll 1.387
  [diag] log10|dL/dh_t| hist bins=60 range=(-12.00,-2.48) mean=-11.95 p50=-12.00 p05=-12.00 p95=-12.00
  [diag] sat-dist hist bins=60 sat<0.05=0.0% mean=0.983 p10=0.982 p90=0.984
Iter 0001900: train nll 1.387, valid error 075.960%, best valid error 074.240%, avg grad norm   0.173, avg grad norm (post clip)   0.053, rho_Whh  0.94, Omega  0.00, alpha  2.000, steps in the past 0.009, valid nll 1.386
  [diag] log10|dL/dh_t| hist bins=60 range=(-12.00,-2.48) mean=-11.95 p50=-12.00 p05=-12.00 p95=-12.00
  [diag] sat-dist hist bins=60 sat<0.05=0.0% mean=0.983 p10=0.982 p90=0.984
Iter 0001920: train nll 1.386, valid error 075.740%, best valid error 074.240%, avg grad norm   0.183, avg grad norm (post clip)   0.053, rho_Whh  0.94, Omega  0.00, alpha  2.000, steps in the past 0.009, valid nll 1.386
  [diag] log10|dL/dh_t| hist bins=60 range=(-12.00,-2.48) mean=-11.95 p50=-12.00 p05=-12.00 p95=-12.00
  [diag] sat-dist hist bins=60 sat<0.05=0.0% mean=0.983 p10=0.982 p90=0.984
Iter 0001940: train nll 1.386, valid error 075.000%, best valid error 074.240%, avg grad norm   0.184, avg grad norm (post clip)   0.053, rho_Whh  0.94, Omega  0.00, alpha  2.000, steps in the past 0.009, valid nll 1.386
  [diag] log10|dL/dh_t| hist bins=60 range=(-12.00,-2.48) mean=-11.95 p50=-12.00 p05=-12.00 p95=-12.00
  [diag] sat-dist hist bins=60 sat<0.05=0.0% mean=0.983 p10=0.982 p90=0.984
Iter 0001960: train nll 1.386, valid error 074.560%, best valid error 074.240%, avg grad norm   0.187, avg grad norm (post clip)   0.053, rho_Whh  0.94, Omega  0.00, alpha  2.000, steps in the past 0.011, valid nll 1.386
  [diag] log10|dL/dh_t| hist bins=60 range=(-12.00,-2.48) mean=-11.95 p50=-12.00 p05=-12.00 p95=-12.00
  [diag] sat-dist hist bins=60 sat<0.05=0.0% mean=0.983 p10=0.982 p90=0.984
Iter 0001980: train nll 1.386, valid error 075.020%, best valid error 074.240%, avg grad norm   0.171, avg grad norm (post clip)   0.053, rho_Whh  0.94, Omega  0.00, alpha  2.000, steps in the past 0.009, valid nll 1.386
  [diag] log10|dL/dh_t| hist bins=60 range=(-12.00,-2.48) mean=-11.95 p50=-12.00 p05=-12.00 p95=-12.00
  [diag] sat-dist hist bins=60 sat<0.05=0.0% mean=0.983 p10=0.982 p90=0.984
Iter 0002000: train nll 1.386, valid error 074.900%, best valid error 074.240%, avg grad norm   0.184, avg grad norm (post clip)   0.053, rho_Whh  0.94, Omega  0.00, alpha  2.000, steps in the past 0.011, valid nll 1.387
  [diag] log10|dL/dh_t| hist bins=60 range=(-12.00,-2.48) mean=-11.95 p50=-12.00 p05=-12.00 p95=-12.00
  [diag] sat-dist hist bins=60 sat<0.05=0.0% mean=0.983 p10=0.982 p90=0.983
Iter 0002020: train nll 1.386, valid error 074.820%, best valid error 074.240%, avg grad norm   0.190, avg grad norm (post clip)   0.053, rho_Whh  0.94, Omega  0.00, alpha  2.000, steps in the past 0.011, valid nll 1.387
  [diag] log10|dL/dh_t| hist bins=60 range=(-12.00,-2.48) mean=-11.95 p50=-12.00 p05=-12.00 p95=-12.00
  [diag] sat-dist hist bins=60 sat<0.05=0.0% mean=0.983 p10=0.982 p90=0.983
Iter 0002040: train nll 1.386, valid error 074.840%, best valid error 074.240%, avg grad norm   0.202, avg grad norm (post clip)   0.053, rho_Whh  0.94, Omega  0.00, alpha  2.000, steps in the past 0.009, valid nll 1.387
  [diag] log10|dL/dh_t| hist bins=60 range=(-12.00,-2.48) mean=-11.95 p50=-12.00 p05=-12.00 p95=-12.00
  [diag] sat-dist hist bins=60 sat<0.05=0.0% mean=0.983 p10=0.982 p90=0.983
Iter 0002060: train nll 1.387, valid error 075.580%, best valid error 074.240%, avg grad norm   0.182, avg grad norm (post clip)   0.053, rho_Whh  0.94, Omega  0.00, alpha  2.000, steps in the past 0.010, valid nll 1.387
  [diag] log10|dL/dh_t| hist bins=60 range=(-12.00,-2.48) mean=-11.95 p50=-12.00 p05=-12.00 p95=-12.00
  [diag] sat-dist hist bins=60 sat<0.05=0.0% mean=0.983 p10=0.982 p90=0.983
Iter 0002080: train nll 1.386, valid error 075.100%, best valid error 074.240%, avg grad norm   0.171, avg grad norm (post clip)   0.053, rho_Whh  0.94, Omega  0.00, alpha  2.000, steps in the past 0.008, valid nll 1.387
  [diag] log10|dL/dh_t| hist bins=60 range=(-12.00,-2.48) mean=-11.95 p50=-12.00 p05=-12.00 p95=-12.00
  [diag] sat-dist hist bins=60 sat<0.05=0.0% mean=0.983 p10=0.982 p90=0.983
Iter 0002100: train nll 1.387, valid error 075.080%, best valid error 074.240%, avg grad norm   0.191, avg grad norm (post clip)   0.053, rho_Whh  0.94, Omega  0.00, alpha  2.000, steps in the past 0.009, valid nll 1.387
  [diag] log10|dL/dh_t| hist bins=60 range=(-12.00,-2.48) mean=-11.95 p50=-12.00 p05=-12.00 p95=-12.00
  [diag] sat-dist hist bins=60 sat<0.05=0.0% mean=0.983 p10=0.982 p90=0.983
Iter 0002120: train nll 1.386, valid error 075.720%, best valid error 074.240%, avg grad norm   0.179, avg grad norm (post clip)   0.053, rho_Whh  0.94, Omega  0.00, alpha  2.000, steps in the past 0.009, valid nll 1.387
  [diag] log10|dL/dh_t| hist bins=60 range=(-12.00,-2.48) mean=-11.95 p50=-12.00 p05=-12.00 p95=-12.00
  [diag] sat-dist hist bins=60 sat<0.05=0.0% mean=0.982 p10=0.981 p90=0.983
Iter 0002140: train nll 1.387, valid error 074.720%, best valid error 074.240%, avg grad norm   0.192, avg grad norm (post clip)   0.053, rho_Whh  0.94, Omega  0.00, alpha  2.000, steps in the past 0.010, valid nll 1.386
  [diag] log10|dL/dh_t| hist bins=60 range=(-12.00,-2.48) mean=-11.95 p50=-12.00 p05=-12.00 p95=-12.00
  [diag] sat-dist hist bins=60 sat<0.05=0.0% mean=0.982 p10=0.981 p90=0.982
Iter 0002160: train nll 1.387, valid error 074.940%, best valid error 074.240%, avg grad norm   0.201, avg grad norm (post clip)   0.053, rho_Whh  0.94, Omega  0.00, alpha  2.000, steps in the past 0.010, valid nll 1.386
  [diag] log10|dL/dh_t| hist bins=60 range=(-12.00,-2.48) mean=-11.95 p50=-12.00 p05=-12.00 p95=-12.00
  [diag] sat-dist hist bins=60 sat<0.05=0.0% mean=0.981 p10=0.980 p90=0.981
Iter 0002180: train nll 1.386, valid error 074.960%, best valid error 074.240%, avg grad norm   0.209, avg grad norm (post clip)   0.053, rho_Whh  0.94, Omega  0.00, alpha  2.000, steps in the past 0.009, valid nll 1.386
  [diag] log10|dL/dh_t| hist bins=60 range=(-12.00,-2.48) mean=-11.95 p50=-12.00 p05=-12.00 p95=-12.00
  [diag] sat-dist hist bins=60 sat<0.05=0.0% mean=0.981 p10=0.980 p90=0.981
Iter 0002200: train nll 1.386, valid error 074.960%, best valid error 074.240%, avg grad norm   0.199, avg grad norm (post clip)   0.053, rho_Whh  0.94, Omega  0.00, alpha  2.000, steps in the past 0.010, valid nll 1.386
  [diag] log10|dL/dh_t| hist bins=60 range=(-12.00,-2.48) mean=-11.95 p50=-12.00 p05=-12.00 p95=-12.00
  [diag] sat-dist hist bins=60 sat<0.05=0.0% mean=0.981 p10=0.981 p90=0.982
Iter 0002220: train nll 1.387, valid error 074.960%, best valid error 074.240%, avg grad norm   0.197, avg grad norm (post clip)   0.053, rho_Whh  0.94, Omega  0.00, alpha  2.000, steps in the past 0.009, valid nll 1.386
  [diag] log10|dL/dh_t| hist bins=60 range=(-12.00,-2.48) mean=-11.95 p50=-12.00 p05=-12.00 p95=-12.00
  [diag] sat-dist hist bins=60 sat<0.05=0.0% mean=0.981 p10=0.980 p90=0.982
Iter 0002240: train nll 1.386, valid error 074.960%, best valid error 074.240%, avg grad norm   0.196, avg grad norm (post clip)   0.053, rho_Whh  0.94, Omega  0.00, alpha  2.000, steps in the past 0.009, valid nll 1.386
  [diag] log10|dL/dh_t| hist bins=60 range=(-12.00,-2.48) mean=-11.95 p50=-12.00 p05=-12.00 p95=-12.00
  [diag] sat-dist hist bins=60 sat<0.05=0.0% mean=0.981 p10=0.980 p90=0.981
Iter 0002260: train nll 1.386, valid error 074.960%, best valid error 074.240%, avg grad norm   0.175, avg grad norm (post clip)   0.053, rho_Whh  0.94, Omega  0.00, alpha  2.000, steps in the past 0.008, valid nll 1.386
  [diag] log10|dL/dh_t| hist bins=60 range=(-12.00,-2.48) mean=-11.95 p50=-12.00 p05=-12.00 p95=-12.00
  [diag] sat-dist hist bins=60 sat<0.05=0.0% mean=0.981 p10=0.980 p90=0.982
Iter 0002280: train nll 1.387, valid error 074.960%, best valid error 074.240%, avg grad norm   0.198, avg grad norm (post clip)   0.053, rho_Whh  0.94, Omega  0.00, alpha  2.000, steps in the past 0.008, valid nll 1.386
  [diag] log10|dL/dh_t| hist bins=60 range=(-12.00,-2.48) mean=-11.95 p50=-12.00 p05=-12.00 p95=-12.00
  [diag] sat-dist hist bins=60 sat<0.05=0.0% mean=0.981 p10=0.980 p90=0.981
Iter 0002300: train nll 1.386, valid error 074.960%, best valid error 074.240%, avg grad norm   0.187, avg grad norm (post clip)   0.053, rho_Whh  0.94, Omega  0.00, alpha  2.000, steps in the past 0.009, valid nll 1.386
  [diag] log10|dL/dh_t| hist bins=60 range=(-12.00,-2.48) mean=-11.95 p50=-12.00 p05=-12.00 p95=-12.00
  [diag] sat-dist hist bins=60 sat<0.05=0.0% mean=0.981 p10=0.980 p90=0.982
Iter 0002320: train nll 1.387, valid error 074.960%, best valid error 074.240%, avg grad norm   0.198, avg grad norm (post clip)   0.053, rho_Whh  0.94, Omega  0.00, alpha  2.000, steps in the past 0.009, valid nll 1.386
  [diag] log10|dL/dh_t| hist bins=60 range=(-12.00,-2.48) mean=-11.95 p50=-12.00 p05=-12.00 p95=-12.00
  [diag] sat-dist hist bins=60 sat<0.05=0.0% mean=0.981 p10=0.980 p90=0.982
Iter 0002340: train nll 1.387, valid error 074.960%, best valid error 074.240%, avg grad norm   0.175, avg grad norm (post clip)   0.052, rho_Whh  0.94, Omega  0.00, alpha  2.000, steps in the past 0.010, valid nll 1.386
  [diag] log10|dL/dh_t| hist bins=60 range=(-12.00,-2.48) mean=-11.95 p50=-12.00 p05=-12.00 p95=-12.00
  [diag] sat-dist hist bins=60 sat<0.05=0.0% mean=0.981 p10=0.980 p90=0.981
Iter 0002360: train nll 1.386, valid error 074.960%, best valid error 074.240%, avg grad norm   0.222, avg grad norm (post clip)   0.053, rho_Whh  0.94, Omega  0.00, alpha  2.000, steps in the past 0.010, valid nll 1.386
  [diag] log10|dL/dh_t| hist bins=60 range=(-12.00,-2.48) mean=-11.95 p50=-12.00 p05=-12.00 p95=-12.00
  [diag] sat-dist hist bins=60 sat<0.05=0.0% mean=0.981 p10=0.980 p90=0.982
Iter 0002380: train nll 1.387, valid error 074.960%, best valid error 074.240%, avg grad norm   0.204, avg grad norm (post clip)   0.053, rho_Whh  0.94, Omega  0.00, alpha  2.000, steps in the past 0.010, valid nll 1.386
  [diag] log10|dL/dh_t| hist bins=60 range=(-12.00,-2.48) mean=-11.95 p50=-12.00 p05=-12.00 p95=-12.00
  [diag] sat-dist hist bins=60 sat<0.05=0.0% mean=0.982 p10=0.981 p90=0.982
Iter 0002400: train nll 1.386, valid error 074.960%, best valid error 074.240%, avg grad norm   0.177, avg grad norm (post clip)   0.052, rho_Whh  0.94, Omega  0.00, alpha  2.000, steps in the past 0.009, valid nll 1.386
  [diag] log10|dL/dh_t| hist bins=60 range=(-12.00,-2.48) mean=-11.95 p50=-12.00 p05=-12.00 p95=-12.00
  [diag] sat-dist hist bins=60 sat<0.05=0.0% mean=0.982 p10=0.981 p90=0.982
Iter 0002420: train nll 1.386, valid error 074.920%, best valid error 074.240%, avg grad norm   0.165, avg grad norm (post clip)   0.052, rho_Whh  0.94, Omega  0.00, alpha  2.000, steps in the past 0.010, valid nll 1.387
  [diag] log10|dL/dh_t| hist bins=60 range=(-12.00,-2.48) mean=-11.95 p50=-12.00 p05=-12.00 p95=-12.00
  [diag] sat-dist hist bins=60 sat<0.05=0.0% mean=0.982 p10=0.981 p90=0.982
Iter 0002440: train nll 1.386, valid error 074.820%, best valid error 074.240%, avg grad norm   0.202, avg grad norm (post clip)   0.053, rho_Whh  0.94, Omega  0.00, alpha  2.000, steps in the past 0.010, valid nll 1.387
  [diag] log10|dL/dh_t| hist bins=60 range=(-12.00,-2.48) mean=-11.95 p50=-12.00 p05=-12.00 p95=-12.00
  [diag] sat-dist hist bins=60 sat<0.05=0.0% mean=0.982 p10=0.981 p90=0.983
Iter 0002460: train nll 1.386, valid error 074.860%, best valid error 074.240%, avg grad norm   0.189, avg grad norm (post clip)   0.052, rho_Whh  0.94, Omega  0.00, alpha  2.000, steps in the past 0.009, valid nll 1.387
  [diag] log10|dL/dh_t| hist bins=60 range=(-12.00,-2.48) mean=-11.95 p50=-12.00 p05=-12.00 p95=-12.00
  [diag] sat-dist hist bins=60 sat<0.05=0.0% mean=0.982 p10=0.981 p90=0.982
Iter 0002480: train nll 1.386, valid error 074.760%, best valid error 074.240%, avg grad norm   0.171, avg grad norm (post clip)   0.053, rho_Whh  0.94, Omega  0.00, alpha  2.000, steps in the past 0.010, valid nll 1.386
  [diag] log10|dL/dh_t| hist bins=60 range=(-12.00,-2.48) mean=-11.95 p50=-12.00 p05=-12.00 p95=-12.00
  [diag] sat-dist hist bins=60 sat<0.05=0.0% mean=0.983 p10=0.982 p90=0.983
Iter 0002500: train nll 1.387, valid error 075.660%, best valid error 074.240%, avg grad norm   0.194, avg grad norm (post clip)   0.053, rho_Whh  0.94, Omega  0.00, alpha  2.000, steps in the past 0.009, valid nll 1.387
  [diag] log10|dL/dh_t| hist bins=60 range=(-12.00,-2.48) mean=-11.95 p50=-12.00 p05=-12.00 p95=-12.00
  [diag] sat-dist hist bins=60 sat<0.05=0.0% mean=0.983 p10=0.982 p90=0.983
Iter 0002520: train nll 1.387, valid error 074.920%, best valid error 074.240%, avg grad norm   0.166, avg grad norm (post clip)   0.052, rho_Whh  0.94, Omega  0.00, alpha  2.000, steps in the past 0.009, valid nll 1.387
  [diag] log10|dL/dh_t| hist bins=60 range=(-12.00,-2.48) mean=-11.95 p50=-12.00 p05=-12.00 p95=-12.00
  [diag] sat-dist hist bins=60 sat<0.05=0.0% mean=0.982 p10=0.981 p90=0.983
Iter 0002540: train nll 1.386, valid error 074.960%, best valid error 074.240%, avg grad norm   0.214, avg grad norm (post clip)   0.053, rho_Whh  0.94, Omega  0.00, alpha  2.000, steps in the past 0.009, valid nll 1.386
  [diag] log10|dL/dh_t| hist bins=60 range=(-12.00,-2.48) mean=-11.95 p50=-12.00 p05=-12.00 p95=-12.00
  [diag] sat-dist hist bins=60 sat<0.05=0.0% mean=0.983 p10=0.982 p90=0.983
Iter 0002560: train nll 1.387, valid error 074.920%, best valid error 074.240%, avg grad norm   0.199, avg grad norm (post clip)   0.053, rho_Whh  0.94, Omega  0.00, alpha  2.000, steps in the past 0.010, valid nll 1.386
  [diag] log10|dL/dh_t| hist bins=60 range=(-12.00,-2.48) mean=-11.95 p50=-12.00 p05=-12.00 p95=-12.00
  [diag] sat-dist hist bins=60 sat<0.05=0.0% mean=0.982 p10=0.981 p90=0.982
Iter 0002580: train nll 1.386, valid error 074.960%, best valid error 074.240%, avg grad norm   0.176, avg grad norm (post clip)   0.052, rho_Whh  0.94, Omega  0.00, alpha  2.000, steps in the past 0.010, valid nll 1.386
  [diag] log10|dL/dh_t| hist bins=60 range=(-12.00,-2.48) mean=-11.95 p50=-12.00 p05=-12.00 p95=-12.00
  [diag] sat-dist hist bins=60 sat<0.05=0.0% mean=0.982 p10=0.981 p90=0.982
Iter 0002600: train nll 1.386, valid error 074.960%, best valid error 074.240%, avg grad norm   0.177, avg grad norm (post clip)   0.053, rho_Whh  0.94, Omega  0.00, alpha  2.000, steps in the past 0.010, valid nll 1.386
  [diag] log10|dL/dh_t| hist bins=60 range=(-12.00,-2.48) mean=-11.95 p50=-12.00 p05=-12.00 p95=-12.00
  [diag] sat-dist hist bins=60 sat<0.05=0.0% mean=0.982 p10=0.981 p90=0.982
Iter 0002620: train nll 1.387, valid error 074.960%, best valid error 074.240%, avg grad norm   0.215, avg grad norm (post clip)   0.053, rho_Whh  0.94, Omega  0.00, alpha  2.000, steps in the past 0.009, valid nll 1.386
  [diag] log10|dL/dh_t| hist bins=60 range=(-12.00,-2.48) mean=-11.95 p50=-12.00 p05=-12.00 p95=-12.00
  [diag] sat-dist hist bins=60 sat<0.05=0.0% mean=0.982 p10=0.981 p90=0.982
Iter 0002640: train nll 1.386, valid error 074.960%, best valid error 074.240%, avg grad norm   0.192, avg grad norm (post clip)   0.053, rho_Whh  0.94, Omega  0.00, alpha  2.000, steps in the past 0.010, valid nll 1.386
  [diag] log10|dL/dh_t| hist bins=60 range=(-12.00,-2.48) mean=-11.95 p50=-12.00 p05=-12.00 p95=-12.00
  [diag] sat-dist hist bins=60 sat<0.05=0.0% mean=0.982 p10=0.981 p90=0.982
Iter 0002660: train nll 1.386, valid error 074.960%, best valid error 074.240%, avg grad norm   0.192, avg grad norm (post clip)   0.053, rho_Whh  0.94, Omega  0.00, alpha  2.000, steps in the past 0.010, valid nll 1.386
  [diag] log10|dL/dh_t| hist bins=60 range=(-12.00,-2.48) mean=-11.95 p50=-12.00 p05=-12.00 p95=-12.00
  [diag] sat-dist hist bins=60 sat<0.05=0.0% mean=0.982 p10=0.982 p90=0.983
Iter 0002680: train nll 1.386, valid error 074.960%, best valid error 074.240%, avg grad norm   0.170, avg grad norm (post clip)   0.053, rho_Whh  0.94, Omega  0.00, alpha  2.000, steps in the past 0.009, valid nll 1.386
  [diag] log10|dL/dh_t| hist bins=60 range=(-12.00,-2.48) mean=-11.95 p50=-12.00 p05=-12.00 p95=-12.00
  [diag] sat-dist hist bins=60 sat<0.05=0.0% mean=0.982 p10=0.982 p90=0.983
Iter 0002700: train nll 1.387, valid error 074.940%, best valid error 074.240%, avg grad norm   0.162, avg grad norm (post clip)   0.053, rho_Whh  0.94, Omega  0.00, alpha  2.000, steps in the past 0.009, valid nll 1.386
  [diag] log10|dL/dh_t| hist bins=60 range=(-12.00,-2.48) mean=-11.95 p50=-12.00 p05=-12.00 p95=-12.00
  [diag] sat-dist hist bins=60 sat<0.05=0.0% mean=0.983 p10=0.982 p90=0.984
Iter 0002720: train nll 1.386, valid error 074.760%, best valid error 074.240%, avg grad norm   0.178, avg grad norm (post clip)   0.053, rho_Whh  0.94, Omega  0.00, alpha  2.000, steps in the past 0.010, valid nll 1.386
  [diag] log10|dL/dh_t| hist bins=60 range=(-12.00,-2.48) mean=-11.95 p50=-12.00 p05=-12.00 p95=-12.00
  [diag] sat-dist hist bins=60 sat<0.05=0.0% mean=0.983 p10=0.982 p90=0.983
Iter 0002740: train nll 1.386, valid error 074.960%, best valid error 074.240%, avg grad norm   0.171, avg grad norm (post clip)   0.053, rho_Whh  0.94, Omega  0.00, alpha  2.000, steps in the past 0.009, valid nll 1.386
  [diag] log10|dL/dh_t| hist bins=60 range=(-12.00,-2.48) mean=-11.95 p50=-12.00 p05=-12.00 p95=-12.00
  [diag] sat-dist hist bins=60 sat<0.05=0.0% mean=0.983 p10=0.982 p90=0.983
Iter 0002760: train nll 1.386, valid error 074.940%, best valid error 074.240%, avg grad norm   0.187, avg grad norm (post clip)   0.053, rho_Whh  0.94, Omega  0.00, alpha  2.000, steps in the past 0.009, valid nll 1.387
  [diag] log10|dL/dh_t| hist bins=60 range=(-12.00,-2.48) mean=-11.95 p50=-12.00 p05=-12.00 p95=-12.00
  [diag] sat-dist hist bins=60 sat<0.05=0.0% mean=0.983 p10=0.982 p90=0.983
Iter 0002780: train nll 1.386, valid error 074.940%, best valid error 074.240%, avg grad norm   0.176, avg grad norm (post clip)   0.053, rho_Whh  0.94, Omega  0.00, alpha  2.000, steps in the past 0.012, valid nll 1.386
  [diag] log10|dL/dh_t| hist bins=60 range=(-12.00,-2.48) mean=-11.95 p50=-12.00 p05=-12.00 p95=-12.00
  [diag] sat-dist hist bins=60 sat<0.05=0.0% mean=0.983 p10=0.982 p90=0.983
Iter 0002800: train nll 1.386, valid error 074.960%, best valid error 074.240%, avg grad norm   0.182, avg grad norm (post clip)   0.052, rho_Whh  0.94, Omega  0.00, alpha  2.000, steps in the past 0.009, valid nll 1.387
  [diag] log10|dL/dh_t| hist bins=60 range=(-12.00,-2.48) mean=-11.95 p50=-12.00 p05=-12.00 p95=-12.00
  [diag] sat-dist hist bins=60 sat<0.05=0.0% mean=0.982 p10=0.982 p90=0.983
Iter 0002820: train nll 1.387, valid error 074.960%, best valid error 074.240%, avg grad norm   0.173, avg grad norm (post clip)   0.053, rho_Whh  0.94, Omega  0.00, alpha  2.000, steps in the past 0.010, valid nll 1.386
  [diag] log10|dL/dh_t| hist bins=60 range=(-12.00,-2.48) mean=-11.95 p50=-12.00 p05=-12.00 p95=-12.00
  [diag] sat-dist hist bins=60 sat<0.05=0.0% mean=0.983 p10=0.982 p90=0.983
Iter 0002840: train nll 1.386, valid error 074.960%, best valid error 074.240%, avg grad norm   0.164, avg grad norm (post clip)   0.053, rho_Whh  0.94, Omega  0.00, alpha  2.000, steps in the past 0.010, valid nll 1.386
  [diag] log10|dL/dh_t| hist bins=60 range=(-12.00,-2.48) mean=-11.95 p50=-12.00 p05=-12.00 p95=-12.00
  [diag] sat-dist hist bins=60 sat<0.05=0.0% mean=0.983 p10=0.982 p90=0.984
Iter 0002860: train nll 1.385, valid error 074.940%, best valid error 074.240%, avg grad norm   0.182, avg grad norm (post clip)   0.053, rho_Whh  0.94, Omega  0.00, alpha  2.000, steps in the past 0.008, valid nll 1.387
  [diag] log10|dL/dh_t| hist bins=60 range=(-12.00,-2.48) mean=-11.95 p50=-12.00 p05=-12.00 p95=-12.00
  [diag] sat-dist hist bins=60 sat<0.05=0.0% mean=0.983 p10=0.983 p90=0.984
Iter 0002880: train nll 1.386, valid error 074.980%, best valid error 074.240%, avg grad norm   0.192, avg grad norm (post clip)   0.053, rho_Whh  0.94, Omega  0.00, alpha  2.000, steps in the past 0.010, valid nll 1.387
  [diag] log10|dL/dh_t| hist bins=60 range=(-12.00,-2.48) mean=-11.95 p50=-12.00 p05=-12.00 p95=-12.00
  [diag] sat-dist hist bins=60 sat<0.05=0.0% mean=0.983 p10=0.983 p90=0.984
Iter 0002900: train nll 1.386, valid error 074.660%, best valid error 074.240%, avg grad norm   0.183, avg grad norm (post clip)   0.053, rho_Whh  0.94, Omega  0.00, alpha  2.000, steps in the past 0.008, valid nll 1.387
  [diag] log10|dL/dh_t| hist bins=60 range=(-12.00,-2.48) mean=-11.95 p50=-12.00 p05=-12.00 p95=-12.00
  [diag] sat-dist hist bins=60 sat<0.05=0.0% mean=0.984 p10=0.983 p90=0.984
Iter 0002920: train nll 1.386, valid error 074.800%, best valid error 074.240%, avg grad norm   0.191, avg grad norm (post clip)   0.052, rho_Whh  0.94, Omega  0.00, alpha  2.000, steps in the past 0.009, valid nll 1.387
  [diag] log10|dL/dh_t| hist bins=60 range=(-12.00,-2.48) mean=-11.95 p50=-12.00 p05=-12.00 p95=-12.00
  [diag] sat-dist hist bins=60 sat<0.05=0.0% mean=0.984 p10=0.983 p90=0.984
Iter 0002940: train nll 1.386, valid error 074.760%, best valid error 074.240%, avg grad norm   0.160, avg grad norm (post clip)   0.052, rho_Whh  0.94, Omega  0.00, alpha  2.000, steps in the past 0.009, valid nll 1.387
  [diag] log10|dL/dh_t| hist bins=60 range=(-12.00,-2.48) mean=-11.95 p50=-12.00 p05=-12.00 p95=-12.00
  [diag] sat-dist hist bins=60 sat<0.05=0.0% mean=0.984 p10=0.983 p90=0.984
Iter 0002960: train nll 1.386, valid error 074.700%, best valid error 074.240%, avg grad norm   0.165, avg grad norm (post clip)   0.052, rho_Whh  0.94, Omega  0.00, alpha  2.000, steps in the past 0.008, valid nll 1.387
  [diag] log10|dL/dh_t| hist bins=60 range=(-12.00,-2.48) mean=-11.95 p50=-12.00 p05=-12.00 p95=-12.00
  [diag] sat-dist hist bins=60 sat<0.05=0.0% mean=0.983 p10=0.983 p90=0.984
Iter 0002980: train nll 1.386, valid error 074.860%, best valid error 074.240%, avg grad norm   0.192, avg grad norm (post clip)   0.053, rho_Whh  0.94, Omega  0.00, alpha  2.000, steps in the past 0.010, valid nll 1.387
Done. solved=0 steps=2999 best_valid_error=74.2400%
=== DONE  EC_fair_s0_n50_lr001_cut005_a2 ===
=== START EC_fair_s1_n50_lr001_cut02_a0 ===
Starting to train (PyTorch).
  [diag] log10|dL/dh_t| hist bins=60 range=(-12.00,-2.48) mean=-11.95 p50=-12.00 p05=-12.00 p95=-12.00
  [diag] sat-dist hist bins=60 sat<0.05=0.0% mean=0.982 p10=0.982 p90=0.983
Iter 0000020: train nll 1.456, valid error 074.940%, best valid error 100.000%, avg grad norm   0.192, avg grad norm (post clip)   0.175, rho_Whh  0.95, Omega  0.00, alpha  0.000, steps in the past 0.000, valid nll 1.386
  [diag] log10|dL/dh_t| hist bins=60 range=(-12.00,-2.48) mean=-11.95 p50=-12.00 p05=-12.00 p95=-12.00
  [diag] sat-dist hist bins=60 sat<0.05=0.0% mean=0.981 p10=0.980 p90=0.981
Iter 0000040: train nll 1.386, valid error 074.960%, best valid error 074.940%, avg grad norm   0.171, avg grad norm (post clip)   0.160, rho_Whh  0.95, Omega  0.00, alpha  0.000, steps in the past 0.000, valid nll 1.386
  [diag] log10|dL/dh_t| hist bins=60 range=(-12.00,-2.48) mean=-11.95 p50=-12.00 p05=-12.00 p95=-12.00
  [diag] sat-dist hist bins=60 sat<0.05=0.0% mean=0.980 p10=0.980 p90=0.981
Iter 0000060: train nll 1.386, valid error 074.960%, best valid error 074.940%, avg grad norm   0.192, avg grad norm (post clip)   0.174, rho_Whh  0.95, Omega  0.00, alpha  0.000, steps in the past 0.000, valid nll 1.386
  [diag] log10|dL/dh_t| hist bins=60 range=(-12.00,-2.48) mean=-11.95 p50=-12.00 p05=-12.00 p95=-12.00
  [diag] sat-dist hist bins=60 sat<0.05=0.0% mean=0.980 p10=0.980 p90=0.981
Iter 0000080: train nll 1.386, valid error 075.000%, best valid error 074.940%, avg grad norm   0.178, avg grad norm (post clip)   0.172, rho_Whh  0.95, Omega  0.00, alpha  0.000, steps in the past 0.000, valid nll 1.386
  [diag] log10|dL/dh_t| hist bins=60 range=(-12.00,-2.48) mean=-11.95 p50=-12.00 p05=-12.00 p95=-12.00
  [diag] sat-dist hist bins=60 sat<0.05=0.0% mean=0.982 p10=0.981 p90=0.982
Iter 0000100: train nll 1.387, valid error 074.920%, best valid error 074.940%, avg grad norm   0.184, avg grad norm (post clip)   0.169, rho_Whh  0.95, Omega  0.00, alpha  0.000, steps in the past 0.000, valid nll 1.386
  [diag] log10|dL/dh_t| hist bins=60 range=(-12.00,-2.48) mean=-11.95 p50=-12.00 p05=-12.00 p95=-12.00
  [diag] sat-dist hist bins=60 sat<0.05=0.0% mean=0.982 p10=0.981 p90=0.982
Iter 0000120: train nll 1.386, valid error 074.720%, best valid error 074.920%, avg grad norm   0.185, avg grad norm (post clip)   0.178, rho_Whh  0.95, Omega  0.00, alpha  0.000, steps in the past 0.000, valid nll 1.386
  [diag] log10|dL/dh_t| hist bins=60 range=(-12.00,-2.48) mean=-11.95 p50=-12.00 p05=-12.00 p95=-12.00
  [diag] sat-dist hist bins=60 sat<0.05=0.0% mean=0.979 p10=0.978 p90=0.979
Iter 0000140: train nll 1.385, valid error 074.960%, best valid error 074.720%, avg grad norm   0.166, avg grad norm (post clip)   0.162, rho_Whh  0.95, Omega  0.00, alpha  0.000, steps in the past 0.000, valid nll 1.386
  [diag] log10|dL/dh_t| hist bins=60 range=(-12.00,-2.48) mean=-11.95 p50=-12.00 p05=-12.00 p95=-12.00
  [diag] sat-dist hist bins=60 sat<0.05=0.0% mean=0.978 p10=0.978 p90=0.979
Iter 0000160: train nll 1.386, valid error 074.960%, best valid error 074.720%, avg grad norm   0.172, avg grad norm (post clip)   0.168, rho_Whh  0.95, Omega  0.00, alpha  0.000, steps in the past 0.000, valid nll 1.386
  [diag] log10|dL/dh_t| hist bins=60 range=(-12.00,-2.48) mean=-11.95 p50=-12.00 p05=-12.00 p95=-12.00
  [diag] sat-dist hist bins=60 sat<0.05=0.0% mean=0.978 p10=0.977 p90=0.978
Iter 0000180: train nll 1.386, valid error 074.960%, best valid error 074.720%, avg grad norm   0.196, avg grad norm (post clip)   0.174, rho_Whh  0.95, Omega  0.00, alpha  0.000, steps in the past 0.000, valid nll 1.386
  [diag] log10|dL/dh_t| hist bins=60 range=(-12.00,-2.48) mean=-11.95 p50=-12.00 p05=-12.00 p95=-12.00
  [diag] sat-dist hist bins=60 sat<0.05=0.0% mean=0.977 p10=0.976 p90=0.977
Iter 0000200: train nll 1.386, valid error 074.960%, best valid error 074.720%, avg grad norm   0.191, avg grad norm (post clip)   0.173, rho_Whh  0.95, Omega  0.00, alpha  0.000, steps in the past 0.000, valid nll 1.386
  [diag] log10|dL/dh_t| hist bins=60 range=(-12.00,-2.48) mean=-11.95 p50=-12.00 p05=-12.00 p95=-12.00
  [diag] sat-dist hist bins=60 sat<0.05=0.0% mean=0.977 p10=0.976 p90=0.977
Iter 0000220: train nll 1.386, valid error 074.960%, best valid error 074.720%, avg grad norm   0.183, avg grad norm (post clip)   0.172, rho_Whh  0.95, Omega  0.00, alpha  0.000, steps in the past 0.000, valid nll 1.386
  [diag] log10|dL/dh_t| hist bins=60 range=(-12.00,-2.48) mean=-11.95 p50=-12.00 p05=-12.00 p95=-12.00
  [diag] sat-dist hist bins=60 sat<0.05=0.0% mean=0.977 p10=0.976 p90=0.978
Iter 0000240: train nll 1.387, valid error 074.960%, best valid error 074.720%, avg grad norm   0.193, avg grad norm (post clip)   0.183, rho_Whh  0.95, Omega  0.00, alpha  0.000, steps in the past 0.000, valid nll 1.386
  [diag] log10|dL/dh_t| hist bins=60 range=(-12.00,-2.48) mean=-11.95 p50=-12.00 p05=-12.00 p95=-12.00
  [diag] sat-dist hist bins=60 sat<0.05=0.0% mean=0.978 p10=0.977 p90=0.978
Iter 0000260: train nll 1.387, valid error 074.960%, best valid error 074.720%, avg grad norm   0.211, avg grad norm (post clip)   0.176, rho_Whh  0.95, Omega  0.00, alpha  0.000, steps in the past 0.000, valid nll 1.386
  [diag] log10|dL/dh_t| hist bins=60 range=(-12.00,-2.47) mean=-11.95 p50=-12.00 p05=-12.00 p95=-12.00
  [diag] sat-dist hist bins=60 sat<0.05=0.0% mean=0.979 p10=0.978 p90=0.979
Iter 0000280: train nll 1.386, valid error 074.960%, best valid error 074.720%, avg grad norm   0.188, avg grad norm (post clip)   0.180, rho_Whh  0.95, Omega  0.00, alpha  0.000, steps in the past 0.000, valid nll 1.386
  [diag] log10|dL/dh_t| hist bins=60 range=(-12.00,-2.47) mean=-11.95 p50=-12.00 p05=-12.00 p95=-12.00
  [diag] sat-dist hist bins=60 sat<0.05=0.0% mean=0.976 p10=0.975 p90=0.977
Iter 0000300: train nll 1.385, valid error 074.960%, best valid error 074.720%, avg grad norm   0.182, avg grad norm (post clip)   0.167, rho_Whh  0.95, Omega  0.00, alpha  0.000, steps in the past 0.000, valid nll 1.386
  [diag] log10|dL/dh_t| hist bins=60 range=(-12.00,-2.47) mean=-11.95 p50=-12.00 p05=-12.00 p95=-12.00
  [diag] sat-dist hist bins=60 sat<0.05=0.0% mean=0.979 p10=0.978 p90=0.979
Iter 0000320: train nll 1.387, valid error 074.960%, best valid error 074.720%, avg grad norm   0.183, avg grad norm (post clip)   0.162, rho_Whh  0.95, Omega  0.00, alpha  0.000, steps in the past 0.000, valid nll 1.386
  [diag] log10|dL/dh_t| hist bins=60 range=(-12.00,-2.48) mean=-11.95 p50=-12.00 p05=-12.00 p95=-12.00
  [diag] sat-dist hist bins=60 sat<0.05=0.0% mean=0.979 p10=0.978 p90=0.979
Iter 0000340: train nll 1.387, valid error 074.960%, best valid error 074.720%, avg grad norm   0.191, avg grad norm (post clip)   0.174, rho_Whh  0.95, Omega  0.00, alpha  0.000, steps in the past 0.000, valid nll 1.386
  [diag] log10|dL/dh_t| hist bins=60 range=(-12.00,-2.48) mean=-11.95 p50=-12.00 p05=-12.00 p95=-12.00
  [diag] sat-dist hist bins=60 sat<0.05=0.0% mean=0.979 p10=0.978 p90=0.980
Iter 0000360: train nll 1.386, valid error 074.960%, best valid error 074.720%, avg grad norm   0.183, avg grad norm (post clip)   0.168, rho_Whh  0.95, Omega  0.00, alpha  0.000, steps in the past 0.000, valid nll 1.386
  [diag] log10|dL/dh_t| hist bins=60 range=(-12.00,-2.48) mean=-11.95 p50=-12.00 p05=-12.00 p95=-12.00
  [diag] sat-dist hist bins=60 sat<0.05=0.0% mean=0.981 p10=0.980 p90=0.981
Iter 0000380: train nll 1.386, valid error 074.960%, best valid error 074.720%, avg grad norm   0.188, avg grad norm (post clip)   0.159, rho_Whh  0.95, Omega  0.00, alpha  0.000, steps in the past 0.000, valid nll 1.386
  [diag] log10|dL/dh_t| hist bins=60 range=(-12.00,-2.48) mean=-11.95 p50=-12.00 p05=-12.00 p95=-12.00
  [diag] sat-dist hist bins=60 sat<0.05=0.0% mean=0.981 p10=0.980 p90=0.981
Iter 0000400: train nll 1.386, valid error 074.960%, best valid error 074.720%, avg grad norm   0.190, avg grad norm (post clip)   0.173, rho_Whh  0.95, Omega  0.00, alpha  0.000, steps in the past 0.000, valid nll 1.387
  [diag] log10|dL/dh_t| hist bins=60 range=(-12.00,-2.48) mean=-11.95 p50=-12.00 p05=-12.00 p95=-12.00
  [diag] sat-dist hist bins=60 sat<0.05=0.0% mean=0.982 p10=0.981 p90=0.983
Iter 0000420: train nll 1.387, valid error 074.960%, best valid error 074.720%, avg grad norm   0.190, avg grad norm (post clip)   0.170, rho_Whh  0.95, Omega  0.00, alpha  0.000, steps in the past 0.000, valid nll 1.386
  [diag] log10|dL/dh_t| hist bins=60 range=(-12.00,-2.48) mean=-11.95 p50=-12.00 p05=-12.00 p95=-12.00
  [diag] sat-dist hist bins=60 sat<0.05=0.0% mean=0.981 p10=0.981 p90=0.982
Iter 0000440: train nll 1.387, valid error 074.960%, best valid error 074.720%, avg grad norm   0.224, avg grad norm (post clip)   0.186, rho_Whh  0.95, Omega  0.00, alpha  0.000, steps in the past 0.000, valid nll 1.386
  [diag] log10|dL/dh_t| hist bins=60 range=(-12.00,-2.48) mean=-11.95 p50=-12.00 p05=-12.00 p95=-12.00
  [diag] sat-dist hist bins=60 sat<0.05=0.0% mean=0.982 p10=0.981 p90=0.982
Iter 0000460: train nll 1.387, valid error 074.960%, best valid error 074.720%, avg grad norm   0.191, avg grad norm (post clip)   0.182, rho_Whh  0.95, Omega  0.00, alpha  0.000, steps in the past 0.000, valid nll 1.386
  [diag] log10|dL/dh_t| hist bins=60 range=(-12.00,-2.48) mean=-11.95 p50=-12.00 p05=-12.00 p95=-12.00
  [diag] sat-dist hist bins=60 sat<0.05=0.0% mean=0.983 p10=0.982 p90=0.983
Iter 0000480: train nll 1.386, valid error 074.960%, best valid error 074.720%, avg grad norm   0.195, avg grad norm (post clip)   0.172, rho_Whh  0.95, Omega  0.00, alpha  0.000, steps in the past 0.000, valid nll 1.387
  [diag] log10|dL/dh_t| hist bins=60 range=(-12.00,-2.48) mean=-11.95 p50=-12.00 p05=-12.00 p95=-12.00
  [diag] sat-dist hist bins=60 sat<0.05=0.0% mean=0.983 p10=0.983 p90=0.984
Iter 0000500: train nll 1.386, valid error 075.100%, best valid error 074.720%, avg grad norm   0.176, avg grad norm (post clip)   0.164, rho_Whh  0.95, Omega  0.00, alpha  0.000, steps in the past 0.000, valid nll 1.387
  [diag] log10|dL/dh_t| hist bins=60 range=(-12.00,-2.48) mean=-11.95 p50=-12.00 p05=-12.00 p95=-12.00
  [diag] sat-dist hist bins=60 sat<0.05=0.0% mean=0.984 p10=0.983 p90=0.984
Iter 0000520: train nll 1.386, valid error 075.280%, best valid error 074.720%, avg grad norm   0.199, avg grad norm (post clip)   0.180, rho_Whh  0.95, Omega  0.00, alpha  0.000, steps in the past 0.000, valid nll 1.387
  [diag] log10|dL/dh_t| hist bins=60 range=(-12.00,-2.48) mean=-11.95 p50=-12.00 p05=-12.00 p95=-12.00
  [diag] sat-dist hist bins=60 sat<0.05=0.0% mean=0.983 p10=0.983 p90=0.984
Iter 0000540: train nll 1.385, valid error 074.900%, best valid error 074.720%, avg grad norm   0.190, avg grad norm (post clip)   0.178, rho_Whh  0.95, Omega  0.00, alpha  0.000, steps in the past 0.000, valid nll 1.387
  [diag] log10|dL/dh_t| hist bins=60 range=(-12.00,-2.48) mean=-11.95 p50=-12.00 p05=-12.00 p95=-12.00
  [diag] sat-dist hist bins=60 sat<0.05=0.0% mean=0.983 p10=0.983 p90=0.984
Iter 0000560: train nll 1.386, valid error 074.680%, best valid error 074.720%, avg grad norm   0.207, avg grad norm (post clip)   0.176, rho_Whh  0.95, Omega  0.00, alpha  0.000, steps in the past 0.000, valid nll 1.387
  [diag] log10|dL/dh_t| hist bins=60 range=(-12.00,-2.48) mean=-11.95 p50=-12.00 p05=-12.00 p95=-12.00
  [diag] sat-dist hist bins=60 sat<0.05=0.0% mean=0.982 p10=0.982 p90=0.983
Iter 0000580: train nll 1.385, valid error 074.960%, best valid error 074.680%, avg grad norm   0.199, avg grad norm (post clip)   0.177, rho_Whh  0.95, Omega  0.00, alpha  0.000, steps in the past 0.000, valid nll 1.387
  [diag] log10|dL/dh_t| hist bins=60 range=(-12.00,-2.48) mean=-11.95 p50=-12.00 p05=-12.00 p95=-12.00
  [diag] sat-dist hist bins=60 sat<0.05=0.0% mean=0.983 p10=0.983 p90=0.984
Iter 0000600: train nll 1.387, valid error 074.800%, best valid error 074.680%, avg grad norm   0.164, avg grad norm (post clip)   0.161, rho_Whh  0.95, Omega  0.00, alpha  0.000, steps in the past 0.000, valid nll 1.387
  [diag] log10|dL/dh_t| hist bins=60 range=(-12.00,-2.48) mean=-11.95 p50=-12.00 p05=-12.00 p95=-12.00
  [diag] sat-dist hist bins=60 sat<0.05=0.0% mean=0.983 p10=0.982 p90=0.984
Iter 0000620: train nll 1.387, valid error 074.940%, best valid error 074.680%, avg grad norm   0.195, avg grad norm (post clip)   0.179, rho_Whh  0.95, Omega  0.00, alpha  0.000, steps in the past 0.000, valid nll 1.387
  [diag] log10|dL/dh_t| hist bins=60 range=(-12.00,-2.48) mean=-11.95 p50=-12.00 p05=-12.00 p95=-12.00
  [diag] sat-dist hist bins=60 sat<0.05=0.0% mean=0.983 p10=0.982 p90=0.983
Iter 0000640: train nll 1.385, valid error 074.960%, best valid error 074.680%, avg grad norm   0.178, avg grad norm (post clip)   0.171, rho_Whh  0.95, Omega  0.00, alpha  0.000, steps in the past 0.000, valid nll 1.387
  [diag] log10|dL/dh_t| hist bins=60 range=(-12.00,-2.48) mean=-11.95 p50=-12.00 p05=-12.00 p95=-12.00
  [diag] sat-dist hist bins=60 sat<0.05=0.0% mean=0.982 p10=0.981 p90=0.983
Iter 0000660: train nll 1.386, valid error 074.960%, best valid error 074.680%, avg grad norm   0.174, avg grad norm (post clip)   0.167, rho_Whh  0.95, Omega  0.00, alpha  0.000, steps in the past 0.000, valid nll 1.387
  [diag] log10|dL/dh_t| hist bins=60 range=(-12.00,-2.48) mean=-11.95 p50=-12.00 p05=-12.00 p95=-12.00
  [diag] sat-dist hist bins=60 sat<0.05=0.0% mean=0.982 p10=0.981 p90=0.982
Iter 0000680: train nll 1.387, valid error 074.960%, best valid error 074.680%, avg grad norm   0.162, avg grad norm (post clip)   0.157, rho_Whh  0.95, Omega  0.00, alpha  0.000, steps in the past 0.000, valid nll 1.387
  [diag] log10|dL/dh_t| hist bins=60 range=(-12.00,-2.48) mean=-11.95 p50=-12.00 p05=-12.00 p95=-12.00
  [diag] sat-dist hist bins=60 sat<0.05=0.0% mean=0.982 p10=0.981 p90=0.983
Iter 0000700: train nll 1.388, valid error 074.960%, best valid error 074.680%, avg grad norm   0.179, avg grad norm (post clip)   0.168, rho_Whh  0.95, Omega  0.00, alpha  0.000, steps in the past 0.000, valid nll 1.387
  [diag] log10|dL/dh_t| hist bins=60 range=(-12.00,-2.48) mean=-11.95 p50=-12.00 p05=-12.00 p95=-12.00
  [diag] sat-dist hist bins=60 sat<0.05=0.0% mean=0.983 p10=0.983 p90=0.984
Iter 0000720: train nll 1.386, valid error 074.960%, best valid error 074.680%, avg grad norm   0.237, avg grad norm (post clip)   0.195, rho_Whh  0.95, Omega  0.00, alpha  0.000, steps in the past 0.000, valid nll 1.387
  [diag] log10|dL/dh_t| hist bins=60 range=(-12.00,-2.48) mean=-11.95 p50=-12.00 p05=-12.00 p95=-12.00
  [diag] sat-dist hist bins=60 sat<0.05=0.0% mean=0.983 p10=0.983 p90=0.984
Iter 0000740: train nll 1.386, valid error 074.960%, best valid error 074.680%, avg grad norm   0.185, avg grad norm (post clip)   0.168, rho_Whh  0.95, Omega  0.00, alpha  0.000, steps in the past 0.000, valid nll 1.387
  [diag] log10|dL/dh_t| hist bins=60 range=(-12.00,-2.48) mean=-11.95 p50=-12.00 p05=-12.00 p95=-12.00
  [diag] sat-dist hist bins=60 sat<0.05=0.0% mean=0.984 p10=0.983 p90=0.984
Iter 0000760: train nll 1.386, valid error 074.680%, best valid error 074.680%, avg grad norm   0.169, avg grad norm (post clip)   0.172, rho_Whh  0.95, Omega  0.00, alpha  0.000, steps in the past 0.000, valid nll 1.387
  [diag] log10|dL/dh_t| hist bins=60 range=(-12.00,-2.48) mean=-11.95 p50=-12.00 p05=-12.00 p95=-12.00
  [diag] sat-dist hist bins=60 sat<0.05=0.0% mean=0.984 p10=0.983 p90=0.984
Iter 0000780: train nll 1.387, valid error 074.640%, best valid error 074.680%, avg grad norm   0.196, avg grad norm (post clip)   0.177, rho_Whh  0.95, Omega  0.00, alpha  0.000, steps in the past 0.000, valid nll 1.387
  [diag] log10|dL/dh_t| hist bins=60 range=(-12.00,-2.48) mean=-11.95 p50=-12.00 p05=-12.00 p95=-12.00
  [diag] sat-dist hist bins=60 sat<0.05=0.0% mean=0.984 p10=0.983 p90=0.984
Iter 0000800: train nll 1.386, valid error 074.860%, best valid error 074.640%, avg grad norm   0.197, avg grad norm (post clip)   0.176, rho_Whh  0.95, Omega  0.00, alpha  0.000, steps in the past 0.000, valid nll 1.387
  [diag] log10|dL/dh_t| hist bins=60 range=(-12.00,-2.48) mean=-11.95 p50=-12.00 p05=-12.00 p95=-12.00
  [diag] sat-dist hist bins=60 sat<0.05=0.0% mean=0.984 p10=0.983 p90=0.985
Iter 0000820: train nll 1.388, valid error 074.480%, best valid error 074.640%, avg grad norm   0.207, avg grad norm (post clip)   0.183, rho_Whh  0.95, Omega  0.00, alpha  0.000, steps in the past 0.000, valid nll 1.387
  [diag] log10|dL/dh_t| hist bins=60 range=(-12.00,-2.48) mean=-11.95 p50=-12.00 p05=-12.00 p95=-12.00
  [diag] sat-dist hist bins=60 sat<0.05=0.0% mean=0.984 p10=0.984 p90=0.985
Iter 0000840: train nll 1.386, valid error 075.660%, best valid error 074.480%, avg grad norm   0.141, avg grad norm (post clip)   0.136, rho_Whh  0.95, Omega  0.00, alpha  0.000, steps in the past 0.000, valid nll 1.387
  [diag] log10|dL/dh_t| hist bins=60 range=(-12.00,-2.48) mean=-11.95 p50=-12.00 p05=-12.00 p95=-12.00
  [diag] sat-dist hist bins=60 sat<0.05=0.0% mean=0.985 p10=0.984 p90=0.986
Iter 0000860: train nll 1.387, valid error 075.020%, best valid error 074.480%, avg grad norm   0.188, avg grad norm (post clip)   0.168, rho_Whh  0.95, Omega  0.00, alpha  0.000, steps in the past 0.000, valid nll 1.387
  [diag] log10|dL/dh_t| hist bins=60 range=(-12.00,-2.48) mean=-11.95 p50=-12.00 p05=-12.00 p95=-12.00
  [diag] sat-dist hist bins=60 sat<0.05=0.0% mean=0.985 p10=0.984 p90=0.985
Iter 0000880: train nll 1.386, valid error 076.300%, best valid error 074.480%, avg grad norm   0.155, avg grad norm (post clip)   0.155, rho_Whh  0.95, Omega  0.00, alpha  0.000, steps in the past 0.000, valid nll 1.387
  [diag] log10|dL/dh_t| hist bins=60 range=(-12.00,-2.48) mean=-11.95 p50=-12.00 p05=-12.00 p95=-12.00
  [diag] sat-dist hist bins=60 sat<0.05=0.0% mean=0.985 p10=0.984 p90=0.986
Iter 0000900: train nll 1.387, valid error 076.260%, best valid error 074.480%, avg grad norm   0.175, avg grad norm (post clip)   0.164, rho_Whh  0.95, Omega  0.00, alpha  0.000, steps in the past 0.000, valid nll 1.387
  [diag] log10|dL/dh_t| hist bins=60 range=(-12.00,-2.48) mean=-11.95 p50=-12.00 p05=-12.00 p95=-12.00
  [diag] sat-dist hist bins=60 sat<0.05=0.0% mean=0.985 p10=0.984 p90=0.985
Iter 0000920: train nll 1.388, valid error 076.260%, best valid error 074.480%, avg grad norm   0.170, avg grad norm (post clip)   0.169, rho_Whh  0.95, Omega  0.00, alpha  0.000, steps in the past 0.000, valid nll 1.387
  [diag] log10|dL/dh_t| hist bins=60 range=(-12.00,-2.48) mean=-11.95 p50=-12.00 p05=-12.00 p95=-12.00
  [diag] sat-dist hist bins=60 sat<0.05=0.0% mean=0.985 p10=0.984 p90=0.986
Iter 0000940: train nll 1.387, valid error 076.260%, best valid error 074.480%, avg grad norm   0.185, avg grad norm (post clip)   0.166, rho_Whh  0.95, Omega  0.00, alpha  0.000, steps in the past 0.000, valid nll 1.387
  [diag] log10|dL/dh_t| hist bins=60 range=(-12.00,-2.48) mean=-11.95 p50=-12.00 p05=-12.00 p95=-12.00
  [diag] sat-dist hist bins=60 sat<0.05=0.0% mean=0.985 p10=0.984 p90=0.986
Iter 0000960: train nll 1.386, valid error 076.260%, best valid error 074.480%, avg grad norm   0.173, avg grad norm (post clip)   0.167, rho_Whh  0.95, Omega  0.00, alpha  0.000, steps in the past 0.000, valid nll 1.387
  [diag] log10|dL/dh_t| hist bins=60 range=(-12.00,-2.48) mean=-11.95 p50=-12.00 p05=-12.00 p95=-12.00
  [diag] sat-dist hist bins=60 sat<0.05=0.0% mean=0.985 p10=0.984 p90=0.986
Iter 0000980: train nll 1.387, valid error 076.260%, best valid error 074.480%, avg grad norm   0.196, avg grad norm (post clip)   0.171, rho_Whh  0.95, Omega  0.00, alpha  0.000, steps in the past 0.000, valid nll 1.387
  [diag] log10|dL/dh_t| hist bins=60 range=(-12.00,-2.48) mean=-11.95 p50=-12.00 p05=-12.00 p95=-12.00
  [diag] sat-dist hist bins=60 sat<0.05=0.0% mean=0.985 p10=0.985 p90=0.986
Iter 0001000: train nll 1.386, valid error 076.260%, best valid error 074.480%, avg grad norm   0.169, avg grad norm (post clip)   0.160, rho_Whh  0.95, Omega  0.00, alpha  0.000, steps in the past 0.000, valid nll 1.387
  [diag] log10|dL/dh_t| hist bins=60 range=(-12.00,-2.48) mean=-11.95 p50=-12.00 p05=-12.00 p95=-12.00
  [diag] sat-dist hist bins=60 sat<0.05=0.0% mean=0.985 p10=0.984 p90=0.985
Iter 0001020: train nll 1.387, valid error 076.260%, best valid error 074.480%, avg grad norm   0.215, avg grad norm (post clip)   0.186, rho_Whh  0.95, Omega  0.00, alpha  0.000, steps in the past 0.000, valid nll 1.387
  [diag] log10|dL/dh_t| hist bins=60 range=(-12.00,-2.48) mean=-11.95 p50=-12.00 p05=-12.00 p95=-12.00
  [diag] sat-dist hist bins=60 sat<0.05=0.0% mean=0.985 p10=0.984 p90=0.985
Iter 0001040: train nll 1.386, valid error 076.260%, best valid error 074.480%, avg grad norm   0.176, avg grad norm (post clip)   0.169, rho_Whh  0.95, Omega  0.00, alpha  0.000, steps in the past 0.000, valid nll 1.387
  [diag] log10|dL/dh_t| hist bins=60 range=(-12.00,-2.48) mean=-11.95 p50=-12.00 p05=-12.00 p95=-12.00
  [diag] sat-dist hist bins=60 sat<0.05=0.0% mean=0.985 p10=0.985 p90=0.986
Iter 0001060: train nll 1.386, valid error 076.260%, best valid error 074.480%, avg grad norm   0.168, avg grad norm (post clip)   0.168, rho_Whh  0.95, Omega  0.00, alpha  0.000, steps in the past 0.000, valid nll 1.387
  [diag] log10|dL/dh_t| hist bins=60 range=(-12.00,-2.48) mean=-11.95 p50=-12.00 p05=-12.00 p95=-12.00
  [diag] sat-dist hist bins=60 sat<0.05=0.0% mean=0.986 p10=0.985 p90=0.986
Iter 0001080: train nll 1.386, valid error 076.260%, best valid error 074.480%, avg grad norm   0.196, avg grad norm (post clip)   0.176, rho_Whh  0.95, Omega  0.00, alpha  0.000, steps in the past 0.000, valid nll 1.387
  [diag] log10|dL/dh_t| hist bins=60 range=(-12.00,-2.48) mean=-11.95 p50=-12.00 p05=-12.00 p95=-12.00
  [diag] sat-dist hist bins=60 sat<0.05=0.0% mean=0.986 p10=0.985 p90=0.986
Iter 0001100: train nll 1.387, valid error 076.260%, best valid error 074.480%, avg grad norm   0.214, avg grad norm (post clip)   0.194, rho_Whh  0.95, Omega  0.00, alpha  0.000, steps in the past 0.000, valid nll 1.387
  [diag] log10|dL/dh_t| hist bins=60 range=(-12.00,-2.48) mean=-11.95 p50=-12.00 p05=-12.00 p95=-12.00
  [diag] sat-dist hist bins=60 sat<0.05=0.0% mean=0.985 p10=0.985 p90=0.986
Iter 0001120: train nll 1.387, valid error 076.260%, best valid error 074.480%, avg grad norm   0.182, avg grad norm (post clip)   0.170, rho_Whh  0.95, Omega  0.00, alpha  0.000, steps in the past 0.000, valid nll 1.387
  [diag] log10|dL/dh_t| hist bins=60 range=(-12.00,-2.48) mean=-11.95 p50=-12.00 p05=-12.00 p95=-12.00
  [diag] sat-dist hist bins=60 sat<0.05=0.0% mean=0.986 p10=0.985 p90=0.986
Iter 0001140: train nll 1.386, valid error 076.260%, best valid error 074.480%, avg grad norm   0.192, avg grad norm (post clip)   0.175, rho_Whh  0.95, Omega  0.00, alpha  0.000, steps in the past 0.000, valid nll 1.387
  [diag] log10|dL/dh_t| hist bins=60 range=(-12.00,-2.48) mean=-11.95 p50=-12.00 p05=-12.00 p95=-12.00
  [diag] sat-dist hist bins=60 sat<0.05=0.0% mean=0.985 p10=0.985 p90=0.986
Iter 0001160: train nll 1.387, valid error 076.260%, best valid error 074.480%, avg grad norm   0.192, avg grad norm (post clip)   0.178, rho_Whh  0.95, Omega  0.00, alpha  0.000, steps in the past 0.000, valid nll 1.387
  [diag] log10|dL/dh_t| hist bins=60 range=(-12.00,-2.48) mean=-11.95 p50=-12.00 p05=-12.00 p95=-12.00
  [diag] sat-dist hist bins=60 sat<0.05=0.0% mean=0.986 p10=0.985 p90=0.986
Iter 0001180: train nll 1.386, valid error 076.260%, best valid error 074.480%, avg grad norm   0.196, avg grad norm (post clip)   0.169, rho_Whh  0.95, Omega  0.00, alpha  0.000, steps in the past 0.000, valid nll 1.387
  [diag] log10|dL/dh_t| hist bins=60 range=(-12.00,-2.48) mean=-11.95 p50=-12.00 p05=-12.00 p95=-12.00
  [diag] sat-dist hist bins=60 sat<0.05=0.0% mean=0.985 p10=0.985 p90=0.986
Iter 0001200: train nll 1.386, valid error 076.260%, best valid error 074.480%, avg grad norm   0.159, avg grad norm (post clip)   0.156, rho_Whh  0.95, Omega  0.00, alpha  0.000, steps in the past 0.000, valid nll 1.387
  [diag] log10|dL/dh_t| hist bins=60 range=(-12.00,-2.48) mean=-11.95 p50=-12.00 p05=-12.00 p95=-12.00
  [diag] sat-dist hist bins=60 sat<0.05=0.0% mean=0.985 p10=0.985 p90=0.986
Iter 0001220: train nll 1.386, valid error 076.260%, best valid error 074.480%, avg grad norm   0.158, avg grad norm (post clip)   0.155, rho_Whh  0.95, Omega  0.00, alpha  0.000, steps in the past 0.000, valid nll 1.387
  [diag] log10|dL/dh_t| hist bins=60 range=(-12.00,-2.48) mean=-11.95 p50=-12.00 p05=-12.00 p95=-12.00
  [diag] sat-dist hist bins=60 sat<0.05=0.0% mean=0.985 p10=0.984 p90=0.986
Iter 0001240: train nll 1.387, valid error 076.260%, best valid error 074.480%, avg grad norm   0.206, avg grad norm (post clip)   0.183, rho_Whh  0.95, Omega  0.00, alpha  0.000, steps in the past 0.000, valid nll 1.387
  [diag] log10|dL/dh_t| hist bins=60 range=(-12.00,-2.48) mean=-11.95 p50=-12.00 p05=-12.00 p95=-12.00
  [diag] sat-dist hist bins=60 sat<0.05=0.0% mean=0.985 p10=0.984 p90=0.986
Iter 0001260: train nll 1.387, valid error 076.260%, best valid error 074.480%, avg grad norm   0.180, avg grad norm (post clip)   0.173, rho_Whh  0.95, Omega  0.00, alpha  0.000, steps in the past 0.000, valid nll 1.387
  [diag] log10|dL/dh_t| hist bins=60 range=(-12.00,-2.48) mean=-11.95 p50=-12.00 p05=-12.00 p95=-12.00
  [diag] sat-dist hist bins=60 sat<0.05=0.0% mean=0.985 p10=0.984 p90=0.986
Iter 0001280: train nll 1.386, valid error 076.260%, best valid error 074.480%, avg grad norm   0.196, avg grad norm (post clip)   0.176, rho_Whh  0.95, Omega  0.00, alpha  0.000, steps in the past 0.000, valid nll 1.387
  [diag] log10|dL/dh_t| hist bins=60 range=(-12.00,-2.48) mean=-11.95 p50=-12.00 p05=-12.00 p95=-12.00
  [diag] sat-dist hist bins=60 sat<0.05=0.0% mean=0.985 p10=0.984 p90=0.986
Iter 0001300: train nll 1.386, valid error 076.260%, best valid error 074.480%, avg grad norm   0.198, avg grad norm (post clip)   0.183, rho_Whh  0.95, Omega  0.00, alpha  0.000, steps in the past 0.000, valid nll 1.387
  [diag] log10|dL/dh_t| hist bins=60 range=(-12.00,-2.48) mean=-11.95 p50=-12.00 p05=-12.00 p95=-12.00
  [diag] sat-dist hist bins=60 sat<0.05=0.0% mean=0.985 p10=0.985 p90=0.986
Iter 0001320: train nll 1.386, valid error 076.260%, best valid error 074.480%, avg grad norm   0.178, avg grad norm (post clip)   0.170, rho_Whh  0.95, Omega  0.00, alpha  0.000, steps in the past 0.000, valid nll 1.387
  [diag] log10|dL/dh_t| hist bins=60 range=(-12.00,-2.48) mean=-11.95 p50=-12.00 p05=-12.00 p95=-12.00
  [diag] sat-dist hist bins=60 sat<0.05=0.0% mean=0.985 p10=0.985 p90=0.986
Iter 0001340: train nll 1.385, valid error 076.260%, best valid error 074.480%, avg grad norm   0.168, avg grad norm (post clip)   0.166, rho_Whh  0.95, Omega  0.00, alpha  0.000, steps in the past 0.000, valid nll 1.387
  [diag] log10|dL/dh_t| hist bins=60 range=(-12.00,-2.48) mean=-11.95 p50=-12.00 p05=-12.00 p95=-12.00
  [diag] sat-dist hist bins=60 sat<0.05=0.0% mean=0.986 p10=0.985 p90=0.986
Iter 0001360: train nll 1.386, valid error 076.260%, best valid error 074.480%, avg grad norm   0.180, avg grad norm (post clip)   0.162, rho_Whh  0.95, Omega  0.00, alpha  0.000, steps in the past 0.000, valid nll 1.387
  [diag] log10|dL/dh_t| hist bins=60 range=(-12.00,-2.48) mean=-11.95 p50=-12.00 p05=-12.00 p95=-12.00
  [diag] sat-dist hist bins=60 sat<0.05=0.0% mean=0.985 p10=0.985 p90=0.986
Iter 0001380: train nll 1.386, valid error 076.260%, best valid error 074.480%, avg grad norm   0.171, avg grad norm (post clip)   0.166, rho_Whh  0.95, Omega  0.00, alpha  0.000, steps in the past 0.000, valid nll 1.387
  [diag] log10|dL/dh_t| hist bins=60 range=(-12.00,-2.48) mean=-11.95 p50=-12.00 p05=-12.00 p95=-12.00
  [diag] sat-dist hist bins=60 sat<0.05=0.0% mean=0.985 p10=0.985 p90=0.986
Iter 0001400: train nll 1.386, valid error 076.260%, best valid error 074.480%, avg grad norm   0.179, avg grad norm (post clip)   0.152, rho_Whh  0.95, Omega  0.00, alpha  0.000, steps in the past 0.000, valid nll 1.387
  [diag] log10|dL/dh_t| hist bins=60 range=(-12.00,-2.48) mean=-11.95 p50=-12.00 p05=-12.00 p95=-12.00
  [diag] sat-dist hist bins=60 sat<0.05=0.0% mean=0.985 p10=0.985 p90=0.986
Iter 0001420: train nll 1.387, valid error 076.260%, best valid error 074.480%, avg grad norm   0.180, avg grad norm (post clip)   0.171, rho_Whh  0.95, Omega  0.00, alpha  0.000, steps in the past 0.000, valid nll 1.387
  [diag] log10|dL/dh_t| hist bins=60 range=(-12.00,-2.48) mean=-11.95 p50=-12.00 p05=-12.00 p95=-12.00
  [diag] sat-dist hist bins=60 sat<0.05=0.0% mean=0.985 p10=0.985 p90=0.986
Iter 0001440: train nll 1.387, valid error 076.260%, best valid error 074.480%, avg grad norm   0.171, avg grad norm (post clip)   0.160, rho_Whh  0.95, Omega  0.00, alpha  0.000, steps in the past 0.000, valid nll 1.387
  [diag] log10|dL/dh_t| hist bins=60 range=(-12.00,-2.48) mean=-11.95 p50=-12.00 p05=-12.00 p95=-12.00
  [diag] sat-dist hist bins=60 sat<0.05=0.0% mean=0.985 p10=0.985 p90=0.986
Iter 0001460: train nll 1.386, valid error 076.260%, best valid error 074.480%, avg grad norm   0.187, avg grad norm (post clip)   0.174, rho_Whh  0.95, Omega  0.00, alpha  0.000, steps in the past 0.000, valid nll 1.387
  [diag] log10|dL/dh_t| hist bins=60 range=(-12.00,-2.48) mean=-11.95 p50=-12.00 p05=-12.00 p95=-12.00
  [diag] sat-dist hist bins=60 sat<0.05=0.0% mean=0.985 p10=0.985 p90=0.986
Iter 0001480: train nll 1.387, valid error 076.260%, best valid error 074.480%, avg grad norm   0.220, avg grad norm (post clip)   0.181, rho_Whh  0.95, Omega  0.00, alpha  0.000, steps in the past 0.000, valid nll 1.387
  [diag] log10|dL/dh_t| hist bins=60 range=(-12.00,-2.48) mean=-11.95 p50=-12.00 p05=-12.00 p95=-12.00
  [diag] sat-dist hist bins=60 sat<0.05=0.0% mean=0.985 p10=0.985 p90=0.986
Iter 0001500: train nll 1.387, valid error 076.260%, best valid error 074.480%, avg grad norm   0.164, avg grad norm (post clip)   0.161, rho_Whh  0.95, Omega  0.00, alpha  0.000, steps in the past 0.000, valid nll 1.387
  [diag] log10|dL/dh_t| hist bins=60 range=(-12.00,-2.48) mean=-11.95 p50=-12.00 p05=-12.00 p95=-12.00
  [diag] sat-dist hist bins=60 sat<0.05=0.0% mean=0.985 p10=0.985 p90=0.986
Iter 0001520: train nll 1.386, valid error 076.260%, best valid error 074.480%, avg grad norm   0.176, avg grad norm (post clip)   0.162, rho_Whh  0.95, Omega  0.00, alpha  0.000, steps in the past 0.000, valid nll 1.387
  [diag] log10|dL/dh_t| hist bins=60 range=(-12.00,-2.48) mean=-11.95 p50=-12.00 p05=-12.00 p95=-12.00
  [diag] sat-dist hist bins=60 sat<0.05=0.0% mean=0.985 p10=0.984 p90=0.986
Iter 0001540: train nll 1.386, valid error 076.260%, best valid error 074.480%, avg grad norm   0.195, avg grad norm (post clip)   0.177, rho_Whh  0.95, Omega  0.00, alpha  0.000, steps in the past 0.000, valid nll 1.387
  [diag] log10|dL/dh_t| hist bins=60 range=(-12.00,-2.48) mean=-11.95 p50=-12.00 p05=-12.00 p95=-12.00
  [diag] sat-dist hist bins=60 sat<0.05=0.0% mean=0.985 p10=0.984 p90=0.986
Iter 0001560: train nll 1.387, valid error 076.260%, best valid error 074.480%, avg grad norm   0.224, avg grad norm (post clip)   0.193, rho_Whh  0.95, Omega  0.00, alpha  0.000, steps in the past 0.000, valid nll 1.387
  [diag] log10|dL/dh_t| hist bins=60 range=(-12.00,-2.48) mean=-11.95 p50=-12.00 p05=-12.00 p95=-12.00
  [diag] sat-dist hist bins=60 sat<0.05=0.0% mean=0.985 p10=0.985 p90=0.986
Iter 0001580: train nll 1.386, valid error 076.260%, best valid error 074.480%, avg grad norm   0.176, avg grad norm (post clip)   0.165, rho_Whh  0.95, Omega  0.00, alpha  0.000, steps in the past 0.000, valid nll 1.386
  [diag] log10|dL/dh_t| hist bins=60 range=(-12.00,-2.48) mean=-11.95 p50=-12.00 p05=-12.00 p95=-12.00
  [diag] sat-dist hist bins=60 sat<0.05=0.0% mean=0.985 p10=0.985 p90=0.986
Iter 0001600: train nll 1.387, valid error 076.260%, best valid error 074.480%, avg grad norm   0.201, avg grad norm (post clip)   0.174, rho_Whh  0.95, Omega  0.00, alpha  0.000, steps in the past 0.000, valid nll 1.386
  [diag] log10|dL/dh_t| hist bins=60 range=(-12.00,-2.48) mean=-11.95 p50=-12.00 p05=-12.00 p95=-12.00
  [diag] sat-dist hist bins=60 sat<0.05=0.0% mean=0.986 p10=0.985 p90=0.986
Iter 0001620: train nll 1.385, valid error 076.400%, best valid error 074.480%, avg grad norm   0.181, avg grad norm (post clip)   0.166, rho_Whh  0.95, Omega  0.00, alpha  0.000, steps in the past 0.000, valid nll 1.387
  [diag] log10|dL/dh_t| hist bins=60 range=(-12.00,-2.48) mean=-11.95 p50=-12.00 p05=-12.00 p95=-12.00
  [diag] sat-dist hist bins=60 sat<0.05=0.0% mean=0.985 p10=0.985 p90=0.986
Iter 0001640: train nll 1.386, valid error 076.260%, best valid error 074.480%, avg grad norm   0.179, avg grad norm (post clip)   0.174, rho_Whh  0.95, Omega  0.00, alpha  0.000, steps in the past 0.000, valid nll 1.387
  [diag] log10|dL/dh_t| hist bins=60 range=(-12.00,-2.48) mean=-11.95 p50=-12.00 p05=-12.00 p95=-12.00
  [diag] sat-dist hist bins=60 sat<0.05=0.0% mean=0.985 p10=0.985 p90=0.986
Iter 0001660: train nll 1.387, valid error 076.260%, best valid error 074.480%, avg grad norm   0.198, avg grad norm (post clip)   0.177, rho_Whh  0.95, Omega  0.00, alpha  0.000, steps in the past 0.000, valid nll 1.387
  [diag] log10|dL/dh_t| hist bins=60 range=(-12.00,-2.48) mean=-11.95 p50=-12.00 p05=-12.00 p95=-12.00
  [diag] sat-dist hist bins=60 sat<0.05=0.0% mean=0.985 p10=0.984 p90=0.986
Iter 0001680: train nll 1.386, valid error 076.260%, best valid error 074.480%, avg grad norm   0.172, avg grad norm (post clip)   0.163, rho_Whh  0.95, Omega  0.00, alpha  0.000, steps in the past 0.000, valid nll 1.387
  [diag] log10|dL/dh_t| hist bins=60 range=(-12.00,-2.48) mean=-11.95 p50=-12.00 p05=-12.00 p95=-12.00
  [diag] sat-dist hist bins=60 sat<0.05=0.0% mean=0.985 p10=0.984 p90=0.985
Iter 0001700: train nll 1.386, valid error 076.280%, best valid error 074.480%, avg grad norm   0.156, avg grad norm (post clip)   0.153, rho_Whh  0.95, Omega  0.00, alpha  0.000, steps in the past 0.000, valid nll 1.387
  [diag] log10|dL/dh_t| hist bins=60 range=(-12.00,-2.48) mean=-11.95 p50=-12.00 p05=-12.00 p95=-12.00
  [diag] sat-dist hist bins=60 sat<0.05=0.0% mean=0.985 p10=0.984 p90=0.985
Iter 0001720: train nll 1.387, valid error 075.680%, best valid error 074.480%, avg grad norm   0.199, avg grad norm (post clip)   0.177, rho_Whh  0.95, Omega  0.00, alpha  0.000, steps in the past 0.000, valid nll 1.387
  [diag] log10|dL/dh_t| hist bins=60 range=(-12.00,-2.48) mean=-11.95 p50=-12.00 p05=-12.00 p95=-12.00
  [diag] sat-dist hist bins=60 sat<0.05=0.0% mean=0.985 p10=0.984 p90=0.985
Iter 0001740: train nll 1.387, valid error 076.340%, best valid error 074.480%, avg grad norm   0.181, avg grad norm (post clip)   0.160, rho_Whh  0.95, Omega  0.00, alpha  0.000, steps in the past 0.000, valid nll 1.387
  [diag] log10|dL/dh_t| hist bins=60 range=(-12.00,-2.48) mean=-11.95 p50=-12.00 p05=-12.00 p95=-12.00
  [diag] sat-dist hist bins=60 sat<0.05=0.0% mean=0.984 p10=0.984 p90=0.985
Iter 0001760: train nll 1.386, valid error 075.360%, best valid error 074.480%, avg grad norm   0.186, avg grad norm (post clip)   0.174, rho_Whh  0.95, Omega  0.00, alpha  0.000, steps in the past 0.000, valid nll 1.387
  [diag] log10|dL/dh_t| hist bins=60 range=(-12.00,-2.48) mean=-11.95 p50=-12.00 p05=-12.00 p95=-12.00
  [diag] sat-dist hist bins=60 sat<0.05=0.0% mean=0.984 p10=0.983 p90=0.985
Iter 0001780: train nll 1.386, valid error 075.840%, best valid error 074.480%, avg grad norm   0.183, avg grad norm (post clip)   0.168, rho_Whh  0.95, Omega  0.00, alpha  0.000, steps in the past 0.000, valid nll 1.387
  [diag] log10|dL/dh_t| hist bins=60 range=(-12.00,-2.48) mean=-11.95 p50=-12.00 p05=-12.00 p95=-12.00
  [diag] sat-dist hist bins=60 sat<0.05=0.0% mean=0.984 p10=0.984 p90=0.985
Iter 0001800: train nll 1.386, valid error 076.160%, best valid error 074.480%, avg grad norm   0.151, avg grad norm (post clip)   0.148, rho_Whh  0.95, Omega  0.00, alpha  0.000, steps in the past 0.000, valid nll 1.387
  [diag] log10|dL/dh_t| hist bins=60 range=(-12.00,-2.48) mean=-11.95 p50=-12.00 p05=-12.00 p95=-12.00
  [diag] sat-dist hist bins=60 sat<0.05=0.0% mean=0.983 p10=0.983 p90=0.984
Iter 0001820: train nll 1.386, valid error 074.960%, best valid error 074.480%, avg grad norm   0.217, avg grad norm (post clip)   0.193, rho_Whh  0.95, Omega  0.00, alpha  0.000, steps in the past 0.000, valid nll 1.387
  [diag] log10|dL/dh_t| hist bins=60 range=(-12.00,-2.48) mean=-11.95 p50=-12.00 p05=-12.00 p95=-12.00
  [diag] sat-dist hist bins=60 sat<0.05=0.0% mean=0.983 p10=0.982 p90=0.984
Iter 0001840: train nll 1.386, valid error 074.960%, best valid error 074.480%, avg grad norm   0.177, avg grad norm (post clip)   0.161, rho_Whh  0.95, Omega  0.00, alpha  0.000, steps in the past 0.000, valid nll 1.387
  [diag] log10|dL/dh_t| hist bins=60 range=(-12.00,-2.48) mean=-11.95 p50=-12.00 p05=-12.00 p95=-12.00
  [diag] sat-dist hist bins=60 sat<0.05=0.0% mean=0.984 p10=0.983 p90=0.984
Iter 0001860: train nll 1.387, valid error 074.960%, best valid error 074.480%, avg grad norm   0.157, avg grad norm (post clip)   0.158, rho_Whh  0.95, Omega  0.00, alpha  0.000, steps in the past 0.000, valid nll 1.387
  [diag] log10|dL/dh_t| hist bins=60 range=(-12.00,-2.48) mean=-11.95 p50=-12.00 p05=-12.00 p95=-12.00
  [diag] sat-dist hist bins=60 sat<0.05=0.0% mean=0.984 p10=0.983 p90=0.985
Iter 0001880: train nll 1.387, valid error 074.960%, best valid error 074.480%, avg grad norm   0.172, avg grad norm (post clip)   0.167, rho_Whh  0.95, Omega  0.00, alpha  0.000, steps in the past 0.000, valid nll 1.387
  [diag] log10|dL/dh_t| hist bins=60 range=(-12.00,-2.48) mean=-11.95 p50=-12.00 p05=-12.00 p95=-12.00
  [diag] sat-dist hist bins=60 sat<0.05=0.0% mean=0.984 p10=0.983 p90=0.984
Iter 0001900: train nll 1.386, valid error 074.960%, best valid error 074.480%, avg grad norm   0.171, avg grad norm (post clip)   0.169, rho_Whh  0.95, Omega  0.00, alpha  0.000, steps in the past 0.000, valid nll 1.387
  [diag] log10|dL/dh_t| hist bins=60 range=(-12.00,-2.48) mean=-11.95 p50=-12.00 p05=-12.00 p95=-12.00
  [diag] sat-dist hist bins=60 sat<0.05=0.0% mean=0.983 p10=0.982 p90=0.983
Iter 0001920: train nll 1.385, valid error 074.960%, best valid error 074.480%, avg grad norm   0.180, avg grad norm (post clip)   0.166, rho_Whh  0.95, Omega  0.00, alpha  0.000, steps in the past 0.000, valid nll 1.387
  [diag] log10|dL/dh_t| hist bins=60 range=(-12.00,-2.48) mean=-11.95 p50=-12.00 p05=-12.00 p95=-12.00
  [diag] sat-dist hist bins=60 sat<0.05=0.0% mean=0.983 p10=0.982 p90=0.983
Iter 0001940: train nll 1.386, valid error 074.780%, best valid error 074.480%, avg grad norm   0.182, avg grad norm (post clip)   0.170, rho_Whh  0.95, Omega  0.00, alpha  0.000, steps in the past 0.000, valid nll 1.387
  [diag] log10|dL/dh_t| hist bins=60 range=(-12.00,-2.48) mean=-11.95 p50=-12.00 p05=-12.00 p95=-12.00
  [diag] sat-dist hist bins=60 sat<0.05=0.0% mean=0.983 p10=0.982 p90=0.983
Iter 0001960: train nll 1.387, valid error 074.840%, best valid error 074.480%, avg grad norm   0.185, avg grad norm (post clip)   0.175, rho_Whh  0.95, Omega  0.00, alpha  0.000, steps in the past 0.000, valid nll 1.387
  [diag] log10|dL/dh_t| hist bins=60 range=(-12.00,-2.48) mean=-11.95 p50=-12.00 p05=-12.00 p95=-12.00
  [diag] sat-dist hist bins=60 sat<0.05=0.0% mean=0.983 p10=0.982 p90=0.983
Iter 0001980: train nll 1.386, valid error 074.960%, best valid error 074.480%, avg grad norm   0.169, avg grad norm (post clip)   0.164, rho_Whh  0.95, Omega  0.00, alpha  0.000, steps in the past 0.000, valid nll 1.387
  [diag] log10|dL/dh_t| hist bins=60 range=(-12.00,-2.48) mean=-11.95 p50=-12.00 p05=-12.00 p95=-12.00
  [diag] sat-dist hist bins=60 sat<0.05=0.0% mean=0.983 p10=0.982 p90=0.983
Iter 0002000: train nll 1.386, valid error 074.960%, best valid error 074.480%, avg grad norm   0.182, avg grad norm (post clip)   0.173, rho_Whh  0.95, Omega  0.00, alpha  0.000, steps in the past 0.000, valid nll 1.387
  [diag] log10|dL/dh_t| hist bins=60 range=(-12.00,-2.48) mean=-11.95 p50=-12.00 p05=-12.00 p95=-12.00
  [diag] sat-dist hist bins=60 sat<0.05=0.0% mean=0.982 p10=0.981 p90=0.982
Iter 0002020: train nll 1.386, valid error 074.960%, best valid error 074.480%, avg grad norm   0.189, avg grad norm (post clip)   0.177, rho_Whh  0.95, Omega  0.00, alpha  0.000, steps in the past 0.000, valid nll 1.387
  [diag] log10|dL/dh_t| hist bins=60 range=(-12.00,-2.48) mean=-11.95 p50=-12.00 p05=-12.00 p95=-12.00
  [diag] sat-dist hist bins=60 sat<0.05=0.0% mean=0.982 p10=0.981 p90=0.982
Iter 0002040: train nll 1.385, valid error 074.960%, best valid error 074.480%, avg grad norm   0.199, avg grad norm (post clip)   0.180, rho_Whh  0.95, Omega  0.00, alpha  0.000, steps in the past 0.000, valid nll 1.387
  [diag] log10|dL/dh_t| hist bins=60 range=(-12.00,-2.48) mean=-11.95 p50=-12.00 p05=-12.00 p95=-12.00
  [diag] sat-dist hist bins=60 sat<0.05=0.0% mean=0.983 p10=0.982 p90=0.983
Iter 0002060: train nll 1.388, valid error 074.960%, best valid error 074.480%, avg grad norm   0.181, avg grad norm (post clip)   0.175, rho_Whh  0.95, Omega  0.00, alpha  0.000, steps in the past 0.000, valid nll 1.387
  [diag] log10|dL/dh_t| hist bins=60 range=(-12.00,-2.48) mean=-11.95 p50=-12.00 p05=-12.00 p95=-12.00
  [diag] sat-dist hist bins=60 sat<0.05=0.0% mean=0.983 p10=0.982 p90=0.983
Iter 0002080: train nll 1.386, valid error 074.960%, best valid error 074.480%, avg grad norm   0.169, avg grad norm (post clip)   0.161, rho_Whh  0.95, Omega  0.00, alpha  0.000, steps in the past 0.000, valid nll 1.387
  [diag] log10|dL/dh_t| hist bins=60 range=(-12.00,-2.48) mean=-11.95 p50=-12.00 p05=-12.00 p95=-12.00
  [diag] sat-dist hist bins=60 sat<0.05=0.0% mean=0.983 p10=0.982 p90=0.983
Iter 0002100: train nll 1.387, valid error 074.960%, best valid error 074.480%, avg grad norm   0.191, avg grad norm (post clip)   0.172, rho_Whh  0.95, Omega  0.00, alpha  0.000, steps in the past 0.000, valid nll 1.387
  [diag] log10|dL/dh_t| hist bins=60 range=(-12.00,-2.48) mean=-11.95 p50=-12.00 p05=-12.00 p95=-12.00
  [diag] sat-dist hist bins=60 sat<0.05=0.0% mean=0.983 p10=0.982 p90=0.983
Iter 0002120: train nll 1.387, valid error 074.960%, best valid error 074.480%, avg grad norm   0.178, avg grad norm (post clip)   0.173, rho_Whh  0.95, Omega  0.00, alpha  0.000, steps in the past 0.000, valid nll 1.387
  [diag] log10|dL/dh_t| hist bins=60 range=(-12.00,-2.48) mean=-11.95 p50=-12.00 p05=-12.00 p95=-12.00
  [diag] sat-dist hist bins=60 sat<0.05=0.0% mean=0.982 p10=0.981 p90=0.982
Iter 0002140: train nll 1.387, valid error 074.960%, best valid error 074.480%, avg grad norm   0.190, avg grad norm (post clip)   0.174, rho_Whh  0.95, Omega  0.00, alpha  0.000, steps in the past 0.000, valid nll 1.387
  [diag] log10|dL/dh_t| hist bins=60 range=(-12.00,-2.48) mean=-11.95 p50=-12.00 p05=-12.00 p95=-12.00
  [diag] sat-dist hist bins=60 sat<0.05=0.0% mean=0.980 p10=0.979 p90=0.981
Iter 0002160: train nll 1.386, valid error 074.960%, best valid error 074.480%, avg grad norm   0.199, avg grad norm (post clip)   0.170, rho_Whh  0.95, Omega  0.00, alpha  0.000, steps in the past 0.000, valid nll 1.386
  [diag] log10|dL/dh_t| hist bins=60 range=(-12.00,-2.48) mean=-11.95 p50=-12.00 p05=-12.00 p95=-12.00
  [diag] sat-dist hist bins=60 sat<0.05=0.0% mean=0.979 p10=0.978 p90=0.979
Iter 0002180: train nll 1.386, valid error 074.960%, best valid error 074.480%, avg grad norm   0.206, avg grad norm (post clip)   0.184, rho_Whh  0.95, Omega  0.00, alpha  0.000, steps in the past 0.000, valid nll 1.386
  [diag] log10|dL/dh_t| hist bins=60 range=(-12.00,-2.48) mean=-11.95 p50=-12.00 p05=-12.00 p95=-12.00
  [diag] sat-dist hist bins=60 sat<0.05=0.0% mean=0.979 p10=0.978 p90=0.979
Iter 0002200: train nll 1.386, valid error 074.960%, best valid error 074.480%, avg grad norm   0.198, avg grad norm (post clip)   0.182, rho_Whh  0.95, Omega  0.00, alpha  0.000, steps in the past 0.000, valid nll 1.386
  [diag] log10|dL/dh_t| hist bins=60 range=(-12.00,-2.48) mean=-11.95 p50=-12.00 p05=-12.00 p95=-12.00
  [diag] sat-dist hist bins=60 sat<0.05=0.0% mean=0.981 p10=0.980 p90=0.981
Iter 0002220: train nll 1.388, valid error 074.960%, best valid error 074.480%, avg grad norm   0.197, avg grad norm (post clip)   0.173, rho_Whh  0.95, Omega  0.00, alpha  0.000, steps in the past 0.000, valid nll 1.386
  [diag] log10|dL/dh_t| hist bins=60 range=(-12.00,-2.48) mean=-11.95 p50=-12.00 p05=-12.00 p95=-12.00
  [diag] sat-dist hist bins=60 sat<0.05=0.0% mean=0.980 p10=0.980 p90=0.981
Iter 0002240: train nll 1.386, valid error 074.960%, best valid error 074.480%, avg grad norm   0.194, avg grad norm (post clip)   0.181, rho_Whh  0.95, Omega  0.00, alpha  0.000, steps in the past 0.000, valid nll 1.386
  [diag] log10|dL/dh_t| hist bins=60 range=(-12.00,-2.48) mean=-11.95 p50=-12.00 p05=-12.00 p95=-12.00
  [diag] sat-dist hist bins=60 sat<0.05=0.0% mean=0.979 p10=0.979 p90=0.980
Iter 0002260: train nll 1.385, valid error 074.960%, best valid error 074.480%, avg grad norm   0.173, avg grad norm (post clip)   0.166, rho_Whh  0.95, Omega  0.00, alpha  0.000, steps in the past 0.000, valid nll 1.386
  [diag] log10|dL/dh_t| hist bins=60 range=(-12.00,-2.48) mean=-11.95 p50=-12.00 p05=-12.00 p95=-12.00
  [diag] sat-dist hist bins=60 sat<0.05=0.0% mean=0.980 p10=0.979 p90=0.981
Iter 0002280: train nll 1.387, valid error 074.960%, best valid error 074.480%, avg grad norm   0.197, avg grad norm (post clip)   0.169, rho_Whh  0.95, Omega  0.00, alpha  0.000, steps in the past 0.000, valid nll 1.386
  [diag] log10|dL/dh_t| hist bins=60 range=(-12.00,-2.48) mean=-11.95 p50=-12.00 p05=-12.00 p95=-12.00
  [diag] sat-dist hist bins=60 sat<0.05=0.0% mean=0.980 p10=0.980 p90=0.981
Iter 0002300: train nll 1.386, valid error 074.960%, best valid error 074.480%, avg grad norm   0.186, avg grad norm (post clip)   0.181, rho_Whh  0.95, Omega  0.00, alpha  0.000, steps in the past 0.000, valid nll 1.386
  [diag] log10|dL/dh_t| hist bins=60 range=(-12.00,-2.48) mean=-11.95 p50=-12.00 p05=-12.00 p95=-12.00
  [diag] sat-dist hist bins=60 sat<0.05=0.0% mean=0.981 p10=0.980 p90=0.982
Iter 0002320: train nll 1.387, valid error 074.960%, best valid error 074.480%, avg grad norm   0.197, avg grad norm (post clip)   0.179, rho_Whh  0.95, Omega  0.00, alpha  0.000, steps in the past 0.000, valid nll 1.386
  [diag] log10|dL/dh_t| hist bins=60 range=(-12.00,-2.48) mean=-11.95 p50=-12.00 p05=-12.00 p95=-12.00
  [diag] sat-dist hist bins=60 sat<0.05=0.0% mean=0.981 p10=0.981 p90=0.982
Iter 0002340: train nll 1.387, valid error 074.960%, best valid error 074.480%, avg grad norm   0.174, avg grad norm (post clip)   0.161, rho_Whh  0.95, Omega  0.00, alpha  0.000, steps in the past 0.000, valid nll 1.386
  [diag] log10|dL/dh_t| hist bins=60 range=(-12.00,-2.48) mean=-11.95 p50=-12.00 p05=-12.00 p95=-12.00
  [diag] sat-dist hist bins=60 sat<0.05=0.0% mean=0.980 p10=0.980 p90=0.981
Iter 0002360: train nll 1.385, valid error 074.960%, best valid error 074.480%, avg grad norm   0.220, avg grad norm (post clip)   0.186, rho_Whh  0.95, Omega  0.00, alpha  0.000, steps in the past 0.000, valid nll 1.386
  [diag] log10|dL/dh_t| hist bins=60 range=(-12.00,-2.48) mean=-11.95 p50=-12.00 p05=-12.00 p95=-12.00
  [diag] sat-dist hist bins=60 sat<0.05=0.0% mean=0.982 p10=0.981 p90=0.982
Iter 0002380: train nll 1.387, valid error 074.960%, best valid error 074.480%, avg grad norm   0.203, avg grad norm (post clip)   0.185, rho_Whh  0.95, Omega  0.00, alpha  0.000, steps in the past 0.000, valid nll 1.386
  [diag] log10|dL/dh_t| hist bins=60 range=(-12.00,-2.48) mean=-11.95 p50=-12.00 p05=-12.00 p95=-12.00
  [diag] sat-dist hist bins=60 sat<0.05=0.0% mean=0.982 p10=0.982 p90=0.983
Iter 0002400: train nll 1.386, valid error 074.960%, best valid error 074.480%, avg grad norm   0.176, avg grad norm (post clip)   0.169, rho_Whh  0.95, Omega  0.00, alpha  0.000, steps in the past 0.000, valid nll 1.386
  [diag] log10|dL/dh_t| hist bins=60 range=(-12.00,-2.48) mean=-11.95 p50=-12.00 p05=-12.00 p95=-12.00
  [diag] sat-dist hist bins=60 sat<0.05=0.0% mean=0.983 p10=0.983 p90=0.984
Iter 0002420: train nll 1.386, valid error 074.960%, best valid error 074.480%, avg grad norm   0.163, avg grad norm (post clip)   0.164, rho_Whh  0.95, Omega  0.00, alpha  0.000, steps in the past 0.000, valid nll 1.387
  [diag] log10|dL/dh_t| hist bins=60 range=(-12.00,-2.48) mean=-11.95 p50=-12.00 p05=-12.00 p95=-12.00
  [diag] sat-dist hist bins=60 sat<0.05=0.0% mean=0.983 p10=0.983 p90=0.984
Iter 0002440: train nll 1.386, valid error 074.960%, best valid error 074.480%, avg grad norm   0.200, avg grad norm (post clip)   0.171, rho_Whh  0.95, Omega  0.00, alpha  0.000, steps in the past 0.000, valid nll 1.387
  [diag] log10|dL/dh_t| hist bins=60 range=(-12.00,-2.48) mean=-11.95 p50=-12.00 p05=-12.00 p95=-12.00
  [diag] sat-dist hist bins=60 sat<0.05=0.0% mean=0.984 p10=0.983 p90=0.984
Iter 0002460: train nll 1.387, valid error 074.960%, best valid error 074.480%, avg grad norm   0.187, avg grad norm (post clip)   0.174, rho_Whh  0.95, Omega  0.00, alpha  0.000, steps in the past 0.000, valid nll 1.387
  [diag] log10|dL/dh_t| hist bins=60 range=(-12.00,-2.48) mean=-11.95 p50=-12.00 p05=-12.00 p95=-12.00
  [diag] sat-dist hist bins=60 sat<0.05=0.0% mean=0.984 p10=0.983 p90=0.984
Iter 0002480: train nll 1.386, valid error 074.960%, best valid error 074.480%, avg grad norm   0.169, avg grad norm (post clip)   0.169, rho_Whh  0.95, Omega  0.00, alpha  0.000, steps in the past 0.000, valid nll 1.387
  [diag] log10|dL/dh_t| hist bins=60 range=(-12.00,-2.48) mean=-11.95 p50=-12.00 p05=-12.00 p95=-12.00
  [diag] sat-dist hist bins=60 sat<0.05=0.0% mean=0.984 p10=0.984 p90=0.985
Iter 0002500: train nll 1.387, valid error 074.620%, best valid error 074.480%, avg grad norm   0.192, avg grad norm (post clip)   0.173, rho_Whh  0.95, Omega  0.00, alpha  0.000, steps in the past 0.000, valid nll 1.387
  [diag] log10|dL/dh_t| hist bins=60 range=(-12.00,-2.48) mean=-11.95 p50=-12.00 p05=-12.00 p95=-12.00
  [diag] sat-dist hist bins=60 sat<0.05=0.0% mean=0.984 p10=0.984 p90=0.985
Iter 0002520: train nll 1.387, valid error 074.960%, best valid error 074.480%, avg grad norm   0.164, avg grad norm (post clip)   0.155, rho_Whh  0.95, Omega  0.00, alpha  0.000, steps in the past 0.000, valid nll 1.387
  [diag] log10|dL/dh_t| hist bins=60 range=(-12.00,-2.48) mean=-11.95 p50=-12.00 p05=-12.00 p95=-12.00
  [diag] sat-dist hist bins=60 sat<0.05=0.0% mean=0.984 p10=0.983 p90=0.984
Iter 0002540: train nll 1.385, valid error 074.960%, best valid error 074.480%, avg grad norm   0.211, avg grad norm (post clip)   0.179, rho_Whh  0.95, Omega  0.00, alpha  0.000, steps in the past 0.000, valid nll 1.387
  [diag] log10|dL/dh_t| hist bins=60 range=(-12.00,-2.48) mean=-11.95 p50=-12.00 p05=-12.00 p95=-12.00
  [diag] sat-dist hist bins=60 sat<0.05=0.0% mean=0.984 p10=0.984 p90=0.985
Iter 0002560: train nll 1.387, valid error 074.960%, best valid error 074.480%, avg grad norm   0.197, avg grad norm (post clip)   0.176, rho_Whh  0.95, Omega  0.00, alpha  0.000, steps in the past 0.000, valid nll 1.386
  [diag] log10|dL/dh_t| hist bins=60 range=(-12.00,-2.48) mean=-11.95 p50=-12.00 p05=-12.00 p95=-12.00
  [diag] sat-dist hist bins=60 sat<0.05=0.0% mean=0.983 p10=0.982 p90=0.983
Iter 0002580: train nll 1.385, valid error 074.960%, best valid error 074.480%, avg grad norm   0.173, avg grad norm (post clip)   0.167, rho_Whh  0.95, Omega  0.00, alpha  0.000, steps in the past 0.000, valid nll 1.386
  [diag] log10|dL/dh_t| hist bins=60 range=(-12.00,-2.48) mean=-11.95 p50=-12.00 p05=-12.00 p95=-12.00
  [diag] sat-dist hist bins=60 sat<0.05=0.0% mean=0.983 p10=0.982 p90=0.983
Iter 0002600: train nll 1.386, valid error 074.960%, best valid error 074.480%, avg grad norm   0.174, avg grad norm (post clip)   0.171, rho_Whh  0.95, Omega  0.00, alpha  0.000, steps in the past 0.000, valid nll 1.386
  [diag] log10|dL/dh_t| hist bins=60 range=(-12.00,-2.48) mean=-11.95 p50=-12.00 p05=-12.00 p95=-12.00
  [diag] sat-dist hist bins=60 sat<0.05=0.0% mean=0.982 p10=0.982 p90=0.983
Iter 0002620: train nll 1.387, valid error 074.960%, best valid error 074.480%, avg grad norm   0.213, avg grad norm (post clip)   0.189, rho_Whh  0.95, Omega  0.00, alpha  0.000, steps in the past 0.000, valid nll 1.386
  [diag] log10|dL/dh_t| hist bins=60 range=(-12.00,-2.48) mean=-11.95 p50=-12.00 p05=-12.00 p95=-12.00
  [diag] sat-dist hist bins=60 sat<0.05=0.0% mean=0.983 p10=0.983 p90=0.984
Iter 0002640: train nll 1.387, valid error 074.960%, best valid error 074.480%, avg grad norm   0.190, avg grad norm (post clip)   0.179, rho_Whh  0.95, Omega  0.00, alpha  0.000, steps in the past 0.000, valid nll 1.386
  [diag] log10|dL/dh_t| hist bins=60 range=(-12.00,-2.48) mean=-11.95 p50=-12.00 p05=-12.00 p95=-12.00
  [diag] sat-dist hist bins=60 sat<0.05=0.0% mean=0.983 p10=0.983 p90=0.984
Iter 0002660: train nll 1.386, valid error 074.960%, best valid error 074.480%, avg grad norm   0.189, avg grad norm (post clip)   0.174, rho_Whh  0.95, Omega  0.00, alpha  0.000, steps in the past 0.000, valid nll 1.386
  [diag] log10|dL/dh_t| hist bins=60 range=(-12.00,-2.48) mean=-11.95 p50=-12.00 p05=-12.00 p95=-12.00
  [diag] sat-dist hist bins=60 sat<0.05=0.0% mean=0.984 p10=0.984 p90=0.985
Iter 0002680: train nll 1.387, valid error 074.960%, best valid error 074.480%, avg grad norm   0.169, avg grad norm (post clip)   0.173, rho_Whh  0.95, Omega  0.00, alpha  0.000, steps in the past 0.000, valid nll 1.386
  [diag] log10|dL/dh_t| hist bins=60 range=(-12.00,-2.48) mean=-11.95 p50=-12.00 p05=-12.00 p95=-12.00
  [diag] sat-dist hist bins=60 sat<0.05=0.0% mean=0.985 p10=0.984 p90=0.985
Iter 0002700: train nll 1.387, valid error 074.960%, best valid error 074.480%, avg grad norm   0.160, avg grad norm (post clip)   0.154, rho_Whh  0.95, Omega  0.00, alpha  0.000, steps in the past 0.000, valid nll 1.386
  [diag] log10|dL/dh_t| hist bins=60 range=(-12.00,-2.48) mean=-11.95 p50=-12.00 p05=-12.00 p95=-12.00
  [diag] sat-dist hist bins=60 sat<0.05=0.0% mean=0.985 p10=0.984 p90=0.986
Iter 0002720: train nll 1.386, valid error 074.720%, best valid error 074.480%, avg grad norm   0.175, avg grad norm (post clip)   0.176, rho_Whh  0.95, Omega  0.00, alpha  0.000, steps in the past 0.000, valid nll 1.386
  [diag] log10|dL/dh_t| hist bins=60 range=(-12.00,-2.48) mean=-11.95 p50=-12.00 p05=-12.00 p95=-12.00
  [diag] sat-dist hist bins=60 sat<0.05=0.0% mean=0.985 p10=0.984 p90=0.985
Iter 0002740: train nll 1.386, valid error 074.880%, best valid error 074.480%, avg grad norm   0.169, avg grad norm (post clip)   0.169, rho_Whh  0.95, Omega  0.00, alpha  0.000, steps in the past 0.000, valid nll 1.386
  [diag] log10|dL/dh_t| hist bins=60 range=(-12.00,-2.48) mean=-11.95 p50=-12.00 p05=-12.00 p95=-12.00
  [diag] sat-dist hist bins=60 sat<0.05=0.0% mean=0.985 p10=0.984 p90=0.985
Iter 0002760: train nll 1.386, valid error 074.960%, best valid error 074.480%, avg grad norm   0.185, avg grad norm (post clip)   0.171, rho_Whh  0.95, Omega  0.00, alpha  0.000, steps in the past 0.000, valid nll 1.387
  [diag] log10|dL/dh_t| hist bins=60 range=(-12.00,-2.48) mean=-11.95 p50=-12.00 p05=-12.00 p95=-12.00
  [diag] sat-dist hist bins=60 sat<0.05=0.0% mean=0.985 p10=0.984 p90=0.985
Iter 0002780: train nll 1.386, valid error 074.960%, best valid error 074.480%, avg grad norm   0.173, avg grad norm (post clip)   0.161, rho_Whh  0.95, Omega  0.00, alpha  0.000, steps in the past 0.000, valid nll 1.387
  [diag] log10|dL/dh_t| hist bins=60 range=(-12.00,-2.48) mean=-11.95 p50=-12.00 p05=-12.00 p95=-12.00
  [diag] sat-dist hist bins=60 sat<0.05=0.0% mean=0.985 p10=0.984 p90=0.985
Iter 0002800: train nll 1.385, valid error 074.680%, best valid error 074.480%, avg grad norm   0.179, avg grad norm (post clip)   0.167, rho_Whh  0.95, Omega  0.00, alpha  0.000, steps in the past 0.000, valid nll 1.387
  [diag] log10|dL/dh_t| hist bins=60 range=(-12.00,-2.48) mean=-11.95 p50=-12.00 p05=-12.00 p95=-12.00
  [diag] sat-dist hist bins=60 sat<0.05=0.0% mean=0.984 p10=0.984 p90=0.985
Iter 0002820: train nll 1.387, valid error 074.960%, best valid error 074.480%, avg grad norm   0.171, avg grad norm (post clip)   0.164, rho_Whh  0.95, Omega  0.00, alpha  0.000, steps in the past 0.000, valid nll 1.386
  [diag] log10|dL/dh_t| hist bins=60 range=(-12.00,-2.48) mean=-11.95 p50=-12.00 p05=-12.00 p95=-12.00
  [diag] sat-dist hist bins=60 sat<0.05=0.0% mean=0.985 p10=0.984 p90=0.985
Iter 0002840: train nll 1.386, valid error 074.560%, best valid error 074.480%, avg grad norm   0.162, avg grad norm (post clip)   0.160, rho_Whh  0.95, Omega  0.00, alpha  0.000, steps in the past 0.000, valid nll 1.386
  [diag] log10|dL/dh_t| hist bins=60 range=(-12.00,-2.48) mean=-11.95 p50=-12.00 p05=-12.00 p95=-12.00
  [diag] sat-dist hist bins=60 sat<0.05=0.0% mean=0.985 p10=0.984 p90=0.985
Iter 0002860: train nll 1.385, valid error 074.700%, best valid error 074.480%, avg grad norm   0.179, avg grad norm (post clip)   0.168, rho_Whh  0.95, Omega  0.00, alpha  0.000, steps in the past 0.000, valid nll 1.387
  [diag] log10|dL/dh_t| hist bins=60 range=(-12.00,-2.48) mean=-11.95 p50=-12.00 p05=-12.00 p95=-12.00
  [diag] sat-dist hist bins=60 sat<0.05=0.0% mean=0.985 p10=0.984 p90=0.986
Iter 0002880: train nll 1.386, valid error 074.700%, best valid error 074.480%, avg grad norm   0.190, avg grad norm (post clip)   0.182, rho_Whh  0.95, Omega  0.00, alpha  0.000, steps in the past 0.000, valid nll 1.387
  [diag] log10|dL/dh_t| hist bins=60 range=(-12.00,-2.48) mean=-11.95 p50=-12.00 p05=-12.00 p95=-12.00
  [diag] sat-dist hist bins=60 sat<0.05=0.0% mean=0.985 p10=0.984 p90=0.986
Iter 0002900: train nll 1.386, valid error 074.700%, best valid error 074.480%, avg grad norm   0.181, avg grad norm (post clip)   0.171, rho_Whh  0.95, Omega  0.00, alpha  0.000, steps in the past 0.000, valid nll 1.387
  [diag] log10|dL/dh_t| hist bins=60 range=(-12.00,-2.48) mean=-11.95 p50=-12.00 p05=-12.00 p95=-12.00
  [diag] sat-dist hist bins=60 sat<0.05=0.0% mean=0.985 p10=0.985 p90=0.986
Iter 0002920: train nll 1.387, valid error 074.700%, best valid error 074.480%, avg grad norm   0.189, avg grad norm (post clip)   0.179, rho_Whh  0.95, Omega  0.00, alpha  0.000, steps in the past 0.000, valid nll 1.387
  [diag] log10|dL/dh_t| hist bins=60 range=(-12.00,-2.48) mean=-11.95 p50=-12.00 p05=-12.00 p95=-12.00
  [diag] sat-dist hist bins=60 sat<0.05=0.0% mean=0.985 p10=0.985 p90=0.986
Iter 0002940: train nll 1.386, valid error 074.700%, best valid error 074.480%, avg grad norm   0.158, avg grad norm (post clip)   0.157, rho_Whh  0.95, Omega  0.00, alpha  0.000, steps in the past 0.000, valid nll 1.387
  [diag] log10|dL/dh_t| hist bins=60 range=(-12.00,-2.48) mean=-11.95 p50=-12.00 p05=-12.00 p95=-12.00
  [diag] sat-dist hist bins=60 sat<0.05=0.0% mean=0.985 p10=0.985 p90=0.986
Iter 0002960: train nll 1.386, valid error 074.700%, best valid error 074.480%, avg grad norm   0.163, avg grad norm (post clip)   0.155, rho_Whh  0.95, Omega  0.00, alpha  0.000, steps in the past 0.000, valid nll 1.387
  [diag] log10|dL/dh_t| hist bins=60 range=(-12.00,-2.48) mean=-11.95 p50=-12.00 p05=-12.00 p95=-12.00
  [diag] sat-dist hist bins=60 sat<0.05=0.0% mean=0.985 p10=0.984 p90=0.986
Iter 0002980: train nll 1.386, valid error 074.700%, best valid error 074.480%, avg grad norm   0.189, avg grad norm (post clip)   0.173, rho_Whh  0.95, Omega  0.00, alpha  0.000, steps in the past 0.000, valid nll 1.387
Done. solved=0 steps=2999 best_valid_error=74.4800%
=== DONE  EC_fair_s1_n50_lr001_cut02_a0 ===
=== START EC_fair_s2_n50_lr002_cut02_a0 ===
Starting to train (PyTorch).
  [diag] log10|dL/dh_t| hist bins=60 range=(-12.00,-2.48) mean=-11.95 p50=-12.00 p05=-12.00 p95=-12.00
  [diag] sat-dist hist bins=60 sat<0.05=0.0% mean=0.982 p10=0.982 p90=0.983
Iter 0000020: train nll 1.456, valid error 074.780%, best valid error 100.000%, avg grad norm   0.192, avg grad norm (post clip)   0.175, rho_Whh  0.95, Omega  0.00, alpha  0.000, steps in the past 0.000, valid nll 1.386
  [diag] log10|dL/dh_t| hist bins=60 range=(-12.00,-2.48) mean=-11.95 p50=-12.00 p05=-12.00 p95=-12.00
  [diag] sat-dist hist bins=60 sat<0.05=0.0% mean=0.979 p10=0.978 p90=0.980
Iter 0000040: train nll 1.386, valid error 074.960%, best valid error 074.780%, avg grad norm   0.171, avg grad norm (post clip)   0.160, rho_Whh  0.95, Omega  0.00, alpha  0.000, steps in the past 0.000, valid nll 1.386
  [diag] log10|dL/dh_t| hist bins=60 range=(-12.00,-2.48) mean=-11.95 p50=-12.00 p05=-12.00 p95=-12.00
  [diag] sat-dist hist bins=60 sat<0.05=0.0% mean=0.979 p10=0.978 p90=0.979
Iter 0000060: train nll 1.386, valid error 074.960%, best valid error 074.780%, avg grad norm   0.193, avg grad norm (post clip)   0.175, rho_Whh  0.95, Omega  0.00, alpha  0.000, steps in the past 0.000, valid nll 1.386
  [diag] log10|dL/dh_t| hist bins=60 range=(-12.00,-2.47) mean=-11.95 p50=-12.00 p05=-12.00 p95=-12.00
  [diag] sat-dist hist bins=60 sat<0.05=0.0% mean=0.979 p10=0.978 p90=0.979
Iter 0000080: train nll 1.386, valid error 074.960%, best valid error 074.780%, avg grad norm   0.179, avg grad norm (post clip)   0.173, rho_Whh  0.95, Omega  0.00, alpha  0.000, steps in the past 0.000, valid nll 1.386
  [diag] log10|dL/dh_t| hist bins=60 range=(-12.00,-2.48) mean=-11.95 p50=-12.00 p05=-12.00 p95=-12.00
  [diag] sat-dist hist bins=60 sat<0.05=0.0% mean=0.982 p10=0.981 p90=0.982
Iter 0000100: train nll 1.387, valid error 074.960%, best valid error 074.780%, avg grad norm   0.185, avg grad norm (post clip)   0.169, rho_Whh  0.95, Omega  0.00, alpha  0.000, steps in the past 0.000, valid nll 1.386
  [diag] log10|dL/dh_t| hist bins=60 range=(-12.00,-2.48) mean=-11.95 p50=-12.00 p05=-12.00 p95=-12.00
  [diag] sat-dist hist bins=60 sat<0.05=0.0% mean=0.982 p10=0.981 p90=0.982
Iter 0000120: train nll 1.386, valid error 074.740%, best valid error 074.780%, avg grad norm   0.185, avg grad norm (post clip)   0.179, rho_Whh  0.95, Omega  0.00, alpha  0.000, steps in the past 0.000, valid nll 1.386
  [diag] log10|dL/dh_t| hist bins=60 range=(-12.00,-2.47) mean=-11.95 p50=-12.00 p05=-12.00 p95=-12.00
  [diag] sat-dist hist bins=60 sat<0.05=0.0% mean=0.976 p10=0.975 p90=0.976
Iter 0000140: train nll 1.385, valid error 074.960%, best valid error 074.740%, avg grad norm   0.166, avg grad norm (post clip)   0.162, rho_Whh  0.95, Omega  0.00, alpha  0.000, steps in the past 0.000, valid nll 1.386
  [diag] log10|dL/dh_t| hist bins=60 range=(-12.00,-2.47) mean=-11.95 p50=-12.00 p05=-12.00 p95=-12.00
  [diag] sat-dist hist bins=60 sat<0.05=0.0% mean=0.976 p10=0.975 p90=0.976
Iter 0000160: train nll 1.386, valid error 074.960%, best valid error 074.740%, avg grad norm   0.173, avg grad norm (post clip)   0.169, rho_Whh  0.95, Omega  0.00, alpha  0.000, steps in the past 0.000, valid nll 1.386
  [diag] log10|dL/dh_t| hist bins=60 range=(-12.00,-2.47) mean=-11.95 p50=-12.00 p05=-12.00 p95=-12.00
  [diag] sat-dist hist bins=60 sat<0.05=0.0% mean=0.975 p10=0.974 p90=0.975
Iter 0000180: train nll 1.387, valid error 074.960%, best valid error 074.740%, avg grad norm   0.198, avg grad norm (post clip)   0.174, rho_Whh  0.95, Omega  0.00, alpha  0.000, steps in the past 0.000, valid nll 1.386
  [diag] log10|dL/dh_t| hist bins=60 range=(-12.00,-2.47) mean=-11.95 p50=-12.00 p05=-12.00 p95=-12.00
  [diag] sat-dist hist bins=60 sat<0.05=0.0% mean=0.974 p10=0.973 p90=0.974
Iter 0000200: train nll 1.386, valid error 074.960%, best valid error 074.740%, avg grad norm   0.192, avg grad norm (post clip)   0.174, rho_Whh  0.95, Omega  0.00, alpha  0.000, steps in the past 0.000, valid nll 1.386
  [diag] log10|dL/dh_t| hist bins=60 range=(-12.00,-2.47) mean=-11.95 p50=-12.00 p05=-12.00 p95=-12.00
  [diag] sat-dist hist bins=60 sat<0.05=0.0% mean=0.975 p10=0.974 p90=0.975
Iter 0000220: train nll 1.386, valid error 074.960%, best valid error 074.740%, avg grad norm   0.186, avg grad norm (post clip)   0.173, rho_Whh  0.95, Omega  0.00, alpha  0.000, steps in the past 0.000, valid nll 1.386
  [diag] log10|dL/dh_t| hist bins=60 range=(-12.00,-2.47) mean=-11.95 p50=-12.00 p05=-12.00 p95=-12.00
  [diag] sat-dist hist bins=60 sat<0.05=0.0% mean=0.976 p10=0.975 p90=0.977
Iter 0000240: train nll 1.387, valid error 074.960%, best valid error 074.740%, avg grad norm   0.194, avg grad norm (post clip)   0.183, rho_Whh  0.95, Omega  0.00, alpha  0.000, steps in the past 0.000, valid nll 1.386
  [diag] log10|dL/dh_t| hist bins=60 range=(-12.00,-2.47) mean=-11.95 p50=-12.00 p05=-12.00 p95=-12.00
  [diag] sat-dist hist bins=60 sat<0.05=0.0% mean=0.977 p10=0.976 p90=0.978
Iter 0000260: train nll 1.387, valid error 074.960%, best valid error 074.740%, avg grad norm   0.212, avg grad norm (post clip)   0.176, rho_Whh  0.95, Omega  0.00, alpha  0.000, steps in the past 0.000, valid nll 1.386
  [diag] log10|dL/dh_t| hist bins=60 range=(-12.00,-2.47) mean=-11.95 p50=-12.00 p05=-12.00 p95=-12.00
  [diag] sat-dist hist bins=60 sat<0.05=0.0% mean=0.980 p10=0.979 p90=0.980
Iter 0000280: train nll 1.386, valid error 074.960%, best valid error 074.740%, avg grad norm   0.188, avg grad norm (post clip)   0.180, rho_Whh  0.95, Omega  0.00, alpha  0.000, steps in the past 0.000, valid nll 1.387
  [diag] log10|dL/dh_t| hist bins=60 range=(-12.00,-2.47) mean=-11.95 p50=-12.00 p05=-12.00 p95=-12.00
  [diag] sat-dist hist bins=60 sat<0.05=0.0% mean=0.975 p10=0.974 p90=0.976
Iter 0000300: train nll 1.384, valid error 074.960%, best valid error 074.740%, avg grad norm   0.181, avg grad norm (post clip)   0.166, rho_Whh  0.95, Omega  0.00, alpha  0.000, steps in the past 0.000, valid nll 1.387
  [diag] log10|dL/dh_t| hist bins=60 range=(-12.00,-2.47) mean=-11.95 p50=-12.00 p05=-12.00 p95=-12.00
  [diag] sat-dist hist bins=60 sat<0.05=0.0% mean=0.980 p10=0.979 p90=0.981
Iter 0000320: train nll 1.388, valid error 074.960%, best valid error 074.740%, avg grad norm   0.183, avg grad norm (post clip)   0.162, rho_Whh  0.95, Omega  0.00, alpha  0.000, steps in the past 0.000, valid nll 1.387
  [diag] log10|dL/dh_t| hist bins=60 range=(-12.00,-2.47) mean=-11.95 p50=-12.00 p05=-12.00 p95=-12.00
  [diag] sat-dist hist bins=60 sat<0.05=0.0% mean=0.981 p10=0.980 p90=0.982
Iter 0000340: train nll 1.387, valid error 074.960%, best valid error 074.740%, avg grad norm   0.191, avg grad norm (post clip)   0.174, rho_Whh  0.95, Omega  0.00, alpha  0.000, steps in the past 0.000, valid nll 1.386
  [diag] log10|dL/dh_t| hist bins=60 range=(-12.00,-2.47) mean=-11.95 p50=-12.00 p05=-12.00 p95=-12.00
  [diag] sat-dist hist bins=60 sat<0.05=0.0% mean=0.981 p10=0.981 p90=0.982
Iter 0000360: train nll 1.386, valid error 074.960%, best valid error 074.740%, avg grad norm   0.183, avg grad norm (post clip)   0.168, rho_Whh  0.95, Omega  0.00, alpha  0.000, steps in the past 0.000, valid nll 1.387
  [diag] log10|dL/dh_t| hist bins=60 range=(-12.00,-2.47) mean=-11.95 p50=-12.00 p05=-12.00 p95=-12.00
  [diag] sat-dist hist bins=60 sat<0.05=0.0% mean=0.983 p10=0.982 p90=0.984
Iter 0000380: train nll 1.386, valid error 074.960%, best valid error 074.740%, avg grad norm   0.187, avg grad norm (post clip)   0.159, rho_Whh  0.95, Omega  0.00, alpha  0.000, steps in the past 0.000, valid nll 1.387
  [diag] log10|dL/dh_t| hist bins=60 range=(-12.00,-2.47) mean=-11.95 p50=-12.00 p05=-12.00 p95=-12.00
  [diag] sat-dist hist bins=60 sat<0.05=0.0% mean=0.983 p10=0.982 p90=0.984
Iter 0000400: train nll 1.386, valid error 074.960%, best valid error 074.740%, avg grad norm   0.189, avg grad norm (post clip)   0.172, rho_Whh  0.95, Omega  0.00, alpha  0.000, steps in the past 0.000, valid nll 1.387
  [diag] log10|dL/dh_t| hist bins=60 range=(-12.00,-2.47) mean=-11.95 p50=-12.00 p05=-12.00 p95=-12.00
  [diag] sat-dist hist bins=60 sat<0.05=0.0% mean=0.985 p10=0.984 p90=0.985
Iter 0000420: train nll 1.387, valid error 074.360%, best valid error 074.740%, avg grad norm   0.189, avg grad norm (post clip)   0.170, rho_Whh  0.95, Omega  0.00, alpha  0.000, steps in the past 0.000, valid nll 1.387
  [diag] log10|dL/dh_t| hist bins=60 range=(-12.00,-2.47) mean=-11.95 p50=-12.00 p05=-12.00 p95=-12.00
  [diag] sat-dist hist bins=60 sat<0.05=0.0% mean=0.984 p10=0.983 p90=0.985
Iter 0000440: train nll 1.387, valid error 074.960%, best valid error 074.360%, avg grad norm   0.223, avg grad norm (post clip)   0.186, rho_Whh  0.95, Omega  0.00, alpha  0.000, steps in the past 0.000, valid nll 1.386
  [diag] log10|dL/dh_t| hist bins=60 range=(-12.00,-2.47) mean=-11.95 p50=-12.00 p05=-12.00 p95=-12.00
  [diag] sat-dist hist bins=60 sat<0.05=0.0% mean=0.984 p10=0.984 p90=0.985
Iter 0000460: train nll 1.387, valid error 074.960%, best valid error 074.360%, avg grad norm   0.191, avg grad norm (post clip)   0.181, rho_Whh  0.95, Omega  0.00, alpha  0.000, steps in the past 0.000, valid nll 1.387
  [diag] log10|dL/dh_t| hist bins=60 range=(-12.00,-2.47) mean=-11.95 p50=-12.00 p05=-12.00 p95=-12.00
  [diag] sat-dist hist bins=60 sat<0.05=0.0% mean=0.985 p10=0.984 p90=0.985
Iter 0000480: train nll 1.385, valid error 076.180%, best valid error 074.360%, avg grad norm   0.194, avg grad norm (post clip)   0.172, rho_Whh  0.95, Omega  0.00, alpha  0.000, steps in the past 0.000, valid nll 1.387
  [diag] log10|dL/dh_t| hist bins=60 range=(-12.00,-2.47) mean=-11.95 p50=-12.00 p05=-12.00 p95=-12.00
  [diag] sat-dist hist bins=60 sat<0.05=0.0% mean=0.985 p10=0.984 p90=0.985
Iter 0000500: train nll 1.386, valid error 076.260%, best valid error 074.360%, avg grad norm   0.174, avg grad norm (post clip)   0.163, rho_Whh  0.95, Omega  0.00, alpha  0.000, steps in the past 0.000, valid nll 1.387
  [diag] log10|dL/dh_t| hist bins=60 range=(-12.00,-2.47) mean=-11.95 p50=-12.00 p05=-12.00 p95=-12.00
  [diag] sat-dist hist bins=60 sat<0.05=0.0% mean=0.985 p10=0.984 p90=0.985
Iter 0000520: train nll 1.386, valid error 076.260%, best valid error 074.360%, avg grad norm   0.198, avg grad norm (post clip)   0.180, rho_Whh  0.95, Omega  0.00, alpha  0.000, steps in the past 0.000, valid nll 1.387
  [diag] log10|dL/dh_t| hist bins=60 range=(-12.00,-2.47) mean=-11.95 p50=-12.00 p05=-12.00 p95=-12.00
  [diag] sat-dist hist bins=60 sat<0.05=0.0% mean=0.985 p10=0.984 p90=0.985
Iter 0000540: train nll 1.385, valid error 076.260%, best valid error 074.360%, avg grad norm   0.189, avg grad norm (post clip)   0.177, rho_Whh  0.95, Omega  0.00, alpha  0.000, steps in the past 0.000, valid nll 1.387
  [diag] log10|dL/dh_t| hist bins=60 range=(-12.00,-2.47) mean=-11.95 p50=-12.00 p05=-12.00 p95=-12.00
  [diag] sat-dist hist bins=60 sat<0.05=0.0% mean=0.985 p10=0.984 p90=0.985
Iter 0000560: train nll 1.385, valid error 076.880%, best valid error 074.360%, avg grad norm   0.206, avg grad norm (post clip)   0.176, rho_Whh  0.95, Omega  0.00, alpha  0.000, steps in the past 0.000, valid nll 1.387
  [diag] log10|dL/dh_t| hist bins=60 range=(-12.00,-2.47) mean=-11.95 p50=-12.00 p05=-12.00 p95=-12.00
  [diag] sat-dist hist bins=60 sat<0.05=0.0% mean=0.984 p10=0.983 p90=0.985
Iter 0000580: train nll 1.385, valid error 074.960%, best valid error 074.360%, avg grad norm   0.199, avg grad norm (post clip)   0.177, rho_Whh  0.95, Omega  0.00, alpha  0.000, steps in the past 0.000, valid nll 1.388
  [diag] log10|dL/dh_t| hist bins=60 range=(-12.00,-2.48) mean=-11.95 p50=-12.00 p05=-12.00 p95=-12.00
  [diag] sat-dist hist bins=60 sat<0.05=0.0% mean=0.985 p10=0.984 p90=0.985
Iter 0000600: train nll 1.387, valid error 076.320%, best valid error 074.360%, avg grad norm   0.164, avg grad norm (post clip)   0.161, rho_Whh  0.95, Omega  0.00, alpha  0.000, steps in the past 0.000, valid nll 1.387
  [diag] log10|dL/dh_t| hist bins=60 range=(-12.00,-2.48) mean=-11.95 p50=-12.00 p05=-12.00 p95=-12.00
  [diag] sat-dist hist bins=60 sat<0.05=0.0% mean=0.985 p10=0.984 p90=0.985
Iter 0000620: train nll 1.388, valid error 076.040%, best valid error 074.360%, avg grad norm   0.195, avg grad norm (post clip)   0.178, rho_Whh  0.95, Omega  0.00, alpha  0.000, steps in the past 0.000, valid nll 1.387
  [diag] log10|dL/dh_t| hist bins=60 range=(-12.00,-2.48) mean=-11.95 p50=-12.00 p05=-12.00 p95=-12.00
  [diag] sat-dist hist bins=60 sat<0.05=0.0% mean=0.985 p10=0.984 p90=0.985
Iter 0000640: train nll 1.384, valid error 074.780%, best valid error 074.360%, avg grad norm   0.177, avg grad norm (post clip)   0.171, rho_Whh  0.95, Omega  0.00, alpha  0.000, steps in the past 0.000, valid nll 1.388
  [diag] log10|dL/dh_t| hist bins=60 range=(-12.00,-2.48) mean=-11.95 p50=-12.00 p05=-12.00 p95=-12.00
  [diag] sat-dist hist bins=60 sat<0.05=0.0% mean=0.984 p10=0.983 p90=0.984
Iter 0000660: train nll 1.387, valid error 074.960%, best valid error 074.360%, avg grad norm   0.174, avg grad norm (post clip)   0.168, rho_Whh  0.95, Omega  0.00, alpha  0.000, steps in the past 0.000, valid nll 1.387
  [diag] log10|dL/dh_t| hist bins=60 range=(-12.00,-2.48) mean=-11.95 p50=-12.00 p05=-12.00 p95=-12.00
  [diag] sat-dist hist bins=60 sat<0.05=0.0% mean=0.984 p10=0.983 p90=0.984
Iter 0000680: train nll 1.388, valid error 074.960%, best valid error 074.360%, avg grad norm   0.162, avg grad norm (post clip)   0.157, rho_Whh  0.95, Omega  0.00, alpha  0.000, steps in the past 0.000, valid nll 1.387
  [diag] log10|dL/dh_t| hist bins=60 range=(-12.00,-2.48) mean=-11.95 p50=-12.00 p05=-12.00 p95=-12.00
  [diag] sat-dist hist bins=60 sat<0.05=0.0% mean=0.984 p10=0.983 p90=0.985
Iter 0000700: train nll 1.388, valid error 074.960%, best valid error 074.360%, avg grad norm   0.179, avg grad norm (post clip)   0.168, rho_Whh  0.95, Omega  0.00, alpha  0.000, steps in the past 0.000, valid nll 1.387
  [diag] log10|dL/dh_t| hist bins=60 range=(-12.00,-2.48) mean=-11.95 p50=-12.00 p05=-12.00 p95=-12.00
  [diag] sat-dist hist bins=60 sat<0.05=0.0% mean=0.985 p10=0.984 p90=0.986
Iter 0000720: train nll 1.386, valid error 074.300%, best valid error 074.360%, avg grad norm   0.235, avg grad norm (post clip)   0.195, rho_Whh  0.95, Omega  0.00, alpha  0.000, steps in the past 0.000, valid nll 1.387
  [diag] log10|dL/dh_t| hist bins=60 range=(-12.00,-2.48) mean=-11.95 p50=-12.00 p05=-12.00 p95=-12.00
  [diag] sat-dist hist bins=60 sat<0.05=0.0% mean=0.985 p10=0.984 p90=0.986
Iter 0000740: train nll 1.387, valid error 075.160%, best valid error 074.300%, avg grad norm   0.184, avg grad norm (post clip)   0.168, rho_Whh  0.95, Omega  0.00, alpha  0.000, steps in the past 0.000, valid nll 1.387
  [diag] log10|dL/dh_t| hist bins=60 range=(-12.00,-2.48) mean=-11.95 p50=-12.00 p05=-12.00 p95=-12.00
  [diag] sat-dist hist bins=60 sat<0.05=0.0% mean=0.985 p10=0.984 p90=0.986
Iter 0000760: train nll 1.386, valid error 074.700%, best valid error 074.300%, avg grad norm   0.168, avg grad norm (post clip)   0.172, rho_Whh  0.95, Omega  0.00, alpha  0.000, steps in the past 0.000, valid nll 1.387
  [diag] log10|dL/dh_t| hist bins=60 range=(-12.00,-2.48) mean=-11.95 p50=-12.00 p05=-12.00 p95=-12.00
  [diag] sat-dist hist bins=60 sat<0.05=0.0% mean=0.985 p10=0.984 p90=0.986
Iter 0000780: train nll 1.387, valid error 074.740%, best valid error 074.300%, avg grad norm   0.196, avg grad norm (post clip)   0.177, rho_Whh  0.95, Omega  0.00, alpha  0.000, steps in the past 0.000, valid nll 1.387
  [diag] log10|dL/dh_t| hist bins=60 range=(-12.00,-2.48) mean=-11.95 p50=-12.00 p05=-12.00 p95=-12.00
  [diag] sat-dist hist bins=60 sat<0.05=0.0% mean=0.985 p10=0.984 p90=0.986
Iter 0000800: train nll 1.386, valid error 076.400%, best valid error 074.300%, avg grad norm   0.196, avg grad norm (post clip)   0.176, rho_Whh  0.95, Omega  0.00, alpha  0.000, steps in the past 0.000, valid nll 1.387
  [diag] log10|dL/dh_t| hist bins=60 range=(-12.00,-2.48) mean=-11.95 p50=-12.00 p05=-12.00 p95=-12.00
  [diag] sat-dist hist bins=60 sat<0.05=0.0% mean=0.985 p10=0.985 p90=0.986
Iter 0000820: train nll 1.388, valid error 076.720%, best valid error 074.300%, avg grad norm   0.206, avg grad norm (post clip)   0.183, rho_Whh  0.95, Omega  0.00, alpha  0.000, steps in the past 0.000, valid nll 1.387
  [diag] log10|dL/dh_t| hist bins=60 range=(-12.00,-2.48) mean=-11.95 p50=-12.00 p05=-12.00 p95=-12.00
  [diag] sat-dist hist bins=60 sat<0.05=0.0% mean=0.985 p10=0.985 p90=0.986
Iter 0000840: train nll 1.385, valid error 076.280%, best valid error 074.300%, avg grad norm   0.140, avg grad norm (post clip)   0.136, rho_Whh  0.95, Omega  0.00, alpha  0.000, steps in the past 0.000, valid nll 1.387
  [diag] log10|dL/dh_t| hist bins=60 range=(-12.00,-2.48) mean=-11.95 p50=-12.00 p05=-12.00 p95=-12.00
  [diag] sat-dist hist bins=60 sat<0.05=0.0% mean=0.985 p10=0.984 p90=0.986
Iter 0000860: train nll 1.387, valid error 074.440%, best valid error 074.300%, avg grad norm   0.187, avg grad norm (post clip)   0.168, rho_Whh  0.95, Omega  0.00, alpha  0.000, steps in the past 0.000, valid nll 1.387
  [diag] log10|dL/dh_t| hist bins=60 range=(-12.00,-2.48) mean=-11.95 p50=-12.00 p05=-12.00 p95=-12.00
  [diag] sat-dist hist bins=60 sat<0.05=0.0% mean=0.986 p10=0.985 p90=0.986
Iter 0000880: train nll 1.386, valid error 076.260%, best valid error 074.300%, avg grad norm   0.155, avg grad norm (post clip)   0.155, rho_Whh  0.95, Omega  0.00, alpha  0.000, steps in the past 0.000, valid nll 1.387
  [diag] log10|dL/dh_t| hist bins=60 range=(-12.00,-2.48) mean=-11.95 p50=-12.00 p05=-12.00 p95=-12.00
  [diag] sat-dist hist bins=60 sat<0.05=0.0% mean=0.985 p10=0.984 p90=0.986
Iter 0000900: train nll 1.386, valid error 076.260%, best valid error 074.300%, avg grad norm   0.174, avg grad norm (post clip)   0.164, rho_Whh  0.95, Omega  0.00, alpha  0.000, steps in the past 0.000, valid nll 1.387
  [diag] log10|dL/dh_t| hist bins=60 range=(-12.00,-2.48) mean=-11.95 p50=-12.00 p05=-12.00 p95=-12.00
  [diag] sat-dist hist bins=60 sat<0.05=0.0% mean=0.986 p10=0.985 p90=0.986
Iter 0000920: train nll 1.388, valid error 076.260%, best valid error 074.300%, avg grad norm   0.170, avg grad norm (post clip)   0.170, rho_Whh  0.95, Omega  0.00, alpha  0.000, steps in the past 0.000, valid nll 1.387
  [diag] log10|dL/dh_t| hist bins=60 range=(-12.00,-2.48) mean=-11.95 p50=-12.00 p05=-12.00 p95=-12.00
  [diag] sat-dist hist bins=60 sat<0.05=0.0% mean=0.986 p10=0.985 p90=0.986
Iter 0000940: train nll 1.387, valid error 076.260%, best valid error 074.300%, avg grad norm   0.184, avg grad norm (post clip)   0.166, rho_Whh  0.95, Omega  0.00, alpha  0.000, steps in the past 0.000, valid nll 1.387
  [diag] log10|dL/dh_t| hist bins=60 range=(-12.00,-2.48) mean=-11.95 p50=-12.00 p05=-12.00 p95=-12.00
  [diag] sat-dist hist bins=60 sat<0.05=0.0% mean=0.986 p10=0.985 p90=0.987
Iter 0000960: train nll 1.386, valid error 076.260%, best valid error 074.300%, avg grad norm   0.173, avg grad norm (post clip)   0.166, rho_Whh  0.95, Omega  0.00, alpha  0.000, steps in the past 0.000, valid nll 1.387
  [diag] log10|dL/dh_t| hist bins=60 range=(-12.00,-2.48) mean=-11.95 p50=-12.00 p05=-12.00 p95=-12.00
  [diag] sat-dist hist bins=60 sat<0.05=0.0% mean=0.986 p10=0.985 p90=0.987
Iter 0000980: train nll 1.387, valid error 076.260%, best valid error 074.300%, avg grad norm   0.196, avg grad norm (post clip)   0.171, rho_Whh  0.95, Omega  0.00, alpha  0.000, steps in the past 0.000, valid nll 1.387
  [diag] log10|dL/dh_t| hist bins=60 range=(-12.00,-2.48) mean=-11.95 p50=-12.00 p05=-12.00 p95=-12.00
  [diag] sat-dist hist bins=60 sat<0.05=0.0% mean=0.986 p10=0.985 p90=0.986
Iter 0001000: train nll 1.386, valid error 076.260%, best valid error 074.300%, avg grad norm   0.169, avg grad norm (post clip)   0.160, rho_Whh  0.95, Omega  0.00, alpha  0.000, steps in the past 0.000, valid nll 1.387
  [diag] log10|dL/dh_t| hist bins=60 range=(-12.00,-2.48) mean=-11.95 p50=-12.00 p05=-12.00 p95=-12.00
  [diag] sat-dist hist bins=60 sat<0.05=0.0% mean=0.986 p10=0.985 p90=0.986
Iter 0001020: train nll 1.387, valid error 076.260%, best valid error 074.300%, avg grad norm   0.214, avg grad norm (post clip)   0.185, rho_Whh  0.95, Omega  0.00, alpha  0.000, steps in the past 0.000, valid nll 1.387
  [diag] log10|dL/dh_t| hist bins=60 range=(-12.00,-2.48) mean=-11.95 p50=-12.00 p05=-12.00 p95=-12.00
  [diag] sat-dist hist bins=60 sat<0.05=0.0% mean=0.986 p10=0.985 p90=0.986
Iter 0001040: train nll 1.387, valid error 076.260%, best valid error 074.300%, avg grad norm   0.176, avg grad norm (post clip)   0.169, rho_Whh  0.95, Omega  0.00, alpha  0.000, steps in the past 0.000, valid nll 1.387
  [diag] log10|dL/dh_t| hist bins=60 range=(-12.00,-2.48) mean=-11.95 p50=-12.00 p05=-12.00 p95=-12.00
  [diag] sat-dist hist bins=60 sat<0.05=0.0% mean=0.986 p10=0.985 p90=0.986
Iter 0001060: train nll 1.386, valid error 076.260%, best valid error 074.300%, avg grad norm   0.167, avg grad norm (post clip)   0.167, rho_Whh  0.95, Omega  0.00, alpha  0.000, steps in the past 0.000, valid nll 1.387
  [diag] log10|dL/dh_t| hist bins=60 range=(-12.00,-2.48) mean=-11.95 p50=-12.00 p05=-12.00 p95=-12.00
  [diag] sat-dist hist bins=60 sat<0.05=0.0% mean=0.985 p10=0.985 p90=0.986
Iter 0001080: train nll 1.386, valid error 076.260%, best valid error 074.300%, avg grad norm   0.195, avg grad norm (post clip)   0.176, rho_Whh  0.95, Omega  0.00, alpha  0.000, steps in the past 0.000, valid nll 1.387
  [diag] log10|dL/dh_t| hist bins=60 range=(-12.00,-2.48) mean=-11.95 p50=-12.00 p05=-12.00 p95=-12.00
  [diag] sat-dist hist bins=60 sat<0.05=0.0% mean=0.985 p10=0.985 p90=0.986
Iter 0001100: train nll 1.387, valid error 076.260%, best valid error 074.300%, avg grad norm   0.214, avg grad norm (post clip)   0.194, rho_Whh  0.95, Omega  0.00, alpha  0.000, steps in the past 0.000, valid nll 1.387
  [diag] log10|dL/dh_t| hist bins=60 range=(-12.00,-2.48) mean=-11.95 p50=-12.00 p05=-12.00 p95=-12.00
  [diag] sat-dist hist bins=60 sat<0.05=0.0% mean=0.986 p10=0.985 p90=0.986
Iter 0001120: train nll 1.387, valid error 076.260%, best valid error 074.300%, avg grad norm   0.182, avg grad norm (post clip)   0.170, rho_Whh  0.95, Omega  0.00, alpha  0.000, steps in the past 0.000, valid nll 1.387
  [diag] log10|dL/dh_t| hist bins=60 range=(-12.00,-2.48) mean=-11.95 p50=-12.00 p05=-12.00 p95=-12.00
  [diag] sat-dist hist bins=60 sat<0.05=0.0% mean=0.985 p10=0.985 p90=0.986
Iter 0001140: train nll 1.386, valid error 076.260%, best valid error 074.300%, avg grad norm   0.191, avg grad norm (post clip)   0.175, rho_Whh  0.95, Omega  0.00, alpha  0.000, steps in the past 0.000, valid nll 1.387
  [diag] log10|dL/dh_t| hist bins=60 range=(-12.00,-2.48) mean=-11.95 p50=-12.00 p05=-12.00 p95=-12.00
  [diag] sat-dist hist bins=60 sat<0.05=0.0% mean=0.986 p10=0.985 p90=0.986
Iter 0001160: train nll 1.387, valid error 076.260%, best valid error 074.300%, avg grad norm   0.192, avg grad norm (post clip)   0.178, rho_Whh  0.95, Omega  0.00, alpha  0.000, steps in the past 0.000, valid nll 1.387
  [diag] log10|dL/dh_t| hist bins=60 range=(-12.00,-2.48) mean=-11.95 p50=-12.00 p05=-12.00 p95=-12.00
  [diag] sat-dist hist bins=60 sat<0.05=0.0% mean=0.986 p10=0.985 p90=0.986
Iter 0001180: train nll 1.386, valid error 076.260%, best valid error 074.300%, avg grad norm   0.196, avg grad norm (post clip)   0.168, rho_Whh  0.95, Omega  0.00, alpha  0.000, steps in the past 0.000, valid nll 1.387
  [diag] log10|dL/dh_t| hist bins=60 range=(-12.00,-2.48) mean=-11.95 p50=-12.00 p05=-12.00 p95=-12.00
  [diag] sat-dist hist bins=60 sat<0.05=0.0% mean=0.986 p10=0.985 p90=0.987
Iter 0001200: train nll 1.386, valid error 076.260%, best valid error 074.300%, avg grad norm   0.159, avg grad norm (post clip)   0.156, rho_Whh  0.95, Omega  0.00, alpha  0.000, steps in the past 0.000, valid nll 1.387
  [diag] log10|dL/dh_t| hist bins=60 range=(-12.00,-2.48) mean=-11.95 p50=-12.00 p05=-12.00 p95=-12.00
  [diag] sat-dist hist bins=60 sat<0.05=0.0% mean=0.986 p10=0.985 p90=0.986
Iter 0001220: train nll 1.385, valid error 076.540%, best valid error 074.300%, avg grad norm   0.157, avg grad norm (post clip)   0.154, rho_Whh  0.95, Omega  0.00, alpha  0.000, steps in the past 0.000, valid nll 1.387
  [diag] log10|dL/dh_t| hist bins=60 range=(-12.00,-2.48) mean=-11.95 p50=-12.00 p05=-12.00 p95=-12.00
  [diag] sat-dist hist bins=60 sat<0.05=0.0% mean=0.986 p10=0.985 p90=0.986
Iter 0001240: train nll 1.387, valid error 074.240%, best valid error 074.300%, avg grad norm   0.205, avg grad norm (post clip)   0.183, rho_Whh  0.95, Omega  0.00, alpha  0.000, steps in the past 0.000, valid nll 1.387
  [diag] log10|dL/dh_t| hist bins=60 range=(-12.00,-2.48) mean=-11.95 p50=-12.00 p05=-12.00 p95=-12.00
  [diag] sat-dist hist bins=60 sat<0.05=0.0% mean=0.986 p10=0.985 p90=0.986
Iter 0001260: train nll 1.388, valid error 076.240%, best valid error 074.240%, avg grad norm   0.180, avg grad norm (post clip)   0.173, rho_Whh  0.95, Omega  0.00, alpha  0.000, steps in the past 0.000, valid nll 1.387
  [diag] log10|dL/dh_t| hist bins=60 range=(-12.00,-2.48) mean=-11.95 p50=-12.00 p05=-12.00 p95=-12.00
  [diag] sat-dist hist bins=60 sat<0.05=0.0% mean=0.986 p10=0.985 p90=0.986
Iter 0001280: train nll 1.386, valid error 076.620%, best valid error 074.240%, avg grad norm   0.196, avg grad norm (post clip)   0.176, rho_Whh  0.95, Omega  0.00, alpha  0.000, steps in the past 0.000, valid nll 1.387
  [diag] log10|dL/dh_t| hist bins=60 range=(-12.00,-2.48) mean=-11.95 p50=-12.00 p05=-12.00 p95=-12.00
  [diag] sat-dist hist bins=60 sat<0.05=0.0% mean=0.986 p10=0.985 p90=0.986
Iter 0001300: train nll 1.386, valid error 074.940%, best valid error 074.240%, avg grad norm   0.198, avg grad norm (post clip)   0.183, rho_Whh  0.95, Omega  0.00, alpha  0.000, steps in the past 0.000, valid nll 1.387
  [diag] log10|dL/dh_t| hist bins=60 range=(-12.00,-2.48) mean=-11.95 p50=-12.00 p05=-12.00 p95=-12.00
  [diag] sat-dist hist bins=60 sat<0.05=0.0% mean=0.986 p10=0.985 p90=0.986
Iter 0001320: train nll 1.386, valid error 074.060%, best valid error 074.240%, avg grad norm   0.178, avg grad norm (post clip)   0.170, rho_Whh  0.95, Omega  0.00, alpha  0.000, steps in the past 0.000, valid nll 1.387
  [diag] log10|dL/dh_t| hist bins=60 range=(-12.00,-2.48) mean=-11.95 p50=-12.00 p05=-12.00 p95=-12.00
  [diag] sat-dist hist bins=60 sat<0.05=0.0% mean=0.985 p10=0.985 p90=0.986
Iter 0001340: train nll 1.385, valid error 076.260%, best valid error 074.060%, avg grad norm   0.167, avg grad norm (post clip)   0.165, rho_Whh  0.95, Omega  0.00, alpha  0.000, steps in the past 0.000, valid nll 1.387
  [diag] log10|dL/dh_t| hist bins=60 range=(-12.00,-2.48) mean=-11.95 p50=-12.00 p05=-12.00 p95=-12.00
  [diag] sat-dist hist bins=60 sat<0.05=0.0% mean=0.985 p10=0.984 p90=0.986
Iter 0001360: train nll 1.386, valid error 076.260%, best valid error 074.060%, avg grad norm   0.180, avg grad norm (post clip)   0.162, rho_Whh  0.95, Omega  0.00, alpha  0.000, steps in the past 0.000, valid nll 1.387
  [diag] log10|dL/dh_t| hist bins=60 range=(-12.00,-2.48) mean=-11.95 p50=-12.00 p05=-12.00 p95=-12.00
  [diag] sat-dist hist bins=60 sat<0.05=0.0% mean=0.985 p10=0.985 p90=0.986
Iter 0001380: train nll 1.387, valid error 076.260%, best valid error 074.060%, avg grad norm   0.171, avg grad norm (post clip)   0.166, rho_Whh  0.95, Omega  0.00, alpha  0.000, steps in the past 0.000, valid nll 1.387
  [diag] log10|dL/dh_t| hist bins=60 range=(-12.00,-2.48) mean=-11.95 p50=-12.00 p05=-12.00 p95=-12.00
  [diag] sat-dist hist bins=60 sat<0.05=0.0% mean=0.985 p10=0.985 p90=0.986
Iter 0001400: train nll 1.387, valid error 076.260%, best valid error 074.060%, avg grad norm   0.179, avg grad norm (post clip)   0.151, rho_Whh  0.95, Omega  0.00, alpha  0.000, steps in the past 0.000, valid nll 1.387
  [diag] log10|dL/dh_t| hist bins=60 range=(-12.00,-2.48) mean=-11.95 p50=-12.00 p05=-12.00 p95=-12.00
  [diag] sat-dist hist bins=60 sat<0.05=0.0% mean=0.986 p10=0.985 p90=0.986
Iter 0001420: train nll 1.387, valid error 076.260%, best valid error 074.060%, avg grad norm   0.181, avg grad norm (post clip)   0.172, rho_Whh  0.95, Omega  0.00, alpha  0.000, steps in the past 0.000, valid nll 1.387
  [diag] log10|dL/dh_t| hist bins=60 range=(-12.00,-2.48) mean=-11.95 p50=-12.00 p05=-12.00 p95=-12.00
  [diag] sat-dist hist bins=60 sat<0.05=0.0% mean=0.986 p10=0.985 p90=0.986
Iter 0001440: train nll 1.387, valid error 076.260%, best valid error 074.060%, avg grad norm   0.172, avg grad norm (post clip)   0.161, rho_Whh  0.95, Omega  0.00, alpha  0.000, steps in the past 0.000, valid nll 1.387
  [diag] log10|dL/dh_t| hist bins=60 range=(-12.00,-2.48) mean=-11.95 p50=-12.00 p05=-12.00 p95=-12.00
  [diag] sat-dist hist bins=60 sat<0.05=0.0% mean=0.986 p10=0.985 p90=0.986
Iter 0001460: train nll 1.386, valid error 076.260%, best valid error 074.060%, avg grad norm   0.187, avg grad norm (post clip)   0.174, rho_Whh  0.95, Omega  0.00, alpha  0.000, steps in the past 0.000, valid nll 1.387
  [diag] log10|dL/dh_t| hist bins=60 range=(-12.00,-2.48) mean=-11.95 p50=-12.00 p05=-12.00 p95=-12.00
  [diag] sat-dist hist bins=60 sat<0.05=0.0% mean=0.986 p10=0.985 p90=0.986
Iter 0001480: train nll 1.387, valid error 076.260%, best valid error 074.060%, avg grad norm   0.220, avg grad norm (post clip)   0.181, rho_Whh  0.95, Omega  0.00, alpha  0.000, steps in the past 0.000, valid nll 1.387
  [diag] log10|dL/dh_t| hist bins=60 range=(-12.00,-2.48) mean=-11.95 p50=-12.00 p05=-12.00 p95=-12.00
  [diag] sat-dist hist bins=60 sat<0.05=0.0% mean=0.986 p10=0.985 p90=0.986
Iter 0001500: train nll 1.387, valid error 076.540%, best valid error 074.060%, avg grad norm   0.163, avg grad norm (post clip)   0.161, rho_Whh  0.95, Omega  0.00, alpha  0.000, steps in the past 0.000, valid nll 1.387
  [diag] log10|dL/dh_t| hist bins=60 range=(-12.00,-2.48) mean=-11.95 p50=-12.00 p05=-12.00 p95=-12.00
  [diag] sat-dist hist bins=60 sat<0.05=0.0% mean=0.986 p10=0.985 p90=0.986
Iter 0001520: train nll 1.387, valid error 076.260%, best valid error 074.060%, avg grad norm   0.176, avg grad norm (post clip)   0.162, rho_Whh  0.95, Omega  0.00, alpha  0.000, steps in the past 0.000, valid nll 1.387
  [diag] log10|dL/dh_t| hist bins=60 range=(-12.00,-2.48) mean=-11.95 p50=-12.00 p05=-12.00 p95=-12.00
  [diag] sat-dist hist bins=60 sat<0.05=0.0% mean=0.986 p10=0.985 p90=0.986
Iter 0001540: train nll 1.386, valid error 076.260%, best valid error 074.060%, avg grad norm   0.194, avg grad norm (post clip)   0.177, rho_Whh  0.95, Omega  0.00, alpha  0.000, steps in the past 0.000, valid nll 1.387
  [diag] log10|dL/dh_t| hist bins=60 range=(-12.00,-2.48) mean=-11.95 p50=-12.00 p05=-12.00 p95=-12.00
  [diag] sat-dist hist bins=60 sat<0.05=0.0% mean=0.986 p10=0.985 p90=0.986
Iter 0001560: train nll 1.387, valid error 076.580%, best valid error 074.060%, avg grad norm   0.224, avg grad norm (post clip)   0.193, rho_Whh  0.95, Omega  0.00, alpha  0.000, steps in the past 0.000, valid nll 1.386
  [diag] log10|dL/dh_t| hist bins=60 range=(-12.00,-2.48) mean=-11.95 p50=-12.00 p05=-12.00 p95=-12.00
  [diag] sat-dist hist bins=60 sat<0.05=0.0% mean=0.985 p10=0.985 p90=0.986
Iter 0001580: train nll 1.386, valid error 074.700%, best valid error 074.060%, avg grad norm   0.176, avg grad norm (post clip)   0.165, rho_Whh  0.95, Omega  0.00, alpha  0.000, steps in the past 0.000, valid nll 1.386
  [diag] log10|dL/dh_t| hist bins=60 range=(-12.00,-2.48) mean=-11.95 p50=-12.00 p05=-12.00 p95=-12.00
  [diag] sat-dist hist bins=60 sat<0.05=0.0% mean=0.986 p10=0.985 p90=0.986
Iter 0001600: train nll 1.387, valid error 074.700%, best valid error 074.060%, avg grad norm   0.201, avg grad norm (post clip)   0.174, rho_Whh  0.95, Omega  0.00, alpha  0.000, steps in the past 0.000, valid nll 1.386
  [diag] log10|dL/dh_t| hist bins=60 range=(-12.00,-2.48) mean=-11.95 p50=-12.00 p05=-12.00 p95=-12.00
  [diag] sat-dist hist bins=60 sat<0.05=0.0% mean=0.985 p10=0.985 p90=0.986
Iter 0001620: train nll 1.385, valid error 074.700%, best valid error 074.060%, avg grad norm   0.180, avg grad norm (post clip)   0.165, rho_Whh  0.95, Omega  0.00, alpha  0.000, steps in the past 0.000, valid nll 1.387
  [diag] log10|dL/dh_t| hist bins=60 range=(-12.00,-2.48) mean=-11.95 p50=-12.00 p05=-12.00 p95=-12.00
  [diag] sat-dist hist bins=60 sat<0.05=0.0% mean=0.985 p10=0.985 p90=0.986
Iter 0001640: train nll 1.385, valid error 074.660%, best valid error 074.060%, avg grad norm   0.179, avg grad norm (post clip)   0.174, rho_Whh  0.95, Omega  0.00, alpha  0.000, steps in the past 0.000, valid nll 1.387
  [diag] log10|dL/dh_t| hist bins=60 range=(-12.00,-2.48) mean=-11.95 p50=-12.00 p05=-12.00 p95=-12.00
  [diag] sat-dist hist bins=60 sat<0.05=0.0% mean=0.985 p10=0.984 p90=0.986
Iter 0001660: train nll 1.387, valid error 076.380%, best valid error 074.060%, avg grad norm   0.198, avg grad norm (post clip)   0.177, rho_Whh  0.95, Omega  0.00, alpha  0.000, steps in the past 0.000, valid nll 1.387
  [diag] log10|dL/dh_t| hist bins=60 range=(-12.00,-2.48) mean=-11.95 p50=-12.00 p05=-12.00 p95=-12.00
  [diag] sat-dist hist bins=60 sat<0.05=0.0% mean=0.985 p10=0.984 p90=0.986
Iter 0001680: train nll 1.386, valid error 074.700%, best valid error 074.060%, avg grad norm   0.172, avg grad norm (post clip)   0.163, rho_Whh  0.95, Omega  0.00, alpha  0.000, steps in the past 0.000, valid nll 1.387
  [diag] log10|dL/dh_t| hist bins=60 range=(-12.00,-2.48) mean=-11.95 p50=-12.00 p05=-12.00 p95=-12.00
  [diag] sat-dist hist bins=60 sat<0.05=0.0% mean=0.985 p10=0.984 p90=0.985
Iter 0001700: train nll 1.385, valid error 074.700%, best valid error 074.060%, avg grad norm   0.155, avg grad norm (post clip)   0.152, rho_Whh  0.95, Omega  0.00, alpha  0.000, steps in the past 0.000, valid nll 1.387
  [diag] log10|dL/dh_t| hist bins=60 range=(-12.00,-2.48) mean=-11.95 p50=-12.00 p05=-12.00 p95=-12.00
  [diag] sat-dist hist bins=60 sat<0.05=0.0% mean=0.985 p10=0.984 p90=0.985
Iter 0001720: train nll 1.387, valid error 074.700%, best valid error 074.060%, avg grad norm   0.199, avg grad norm (post clip)   0.177, rho_Whh  0.95, Omega  0.00, alpha  0.000, steps in the past 0.000, valid nll 1.387
  [diag] log10|dL/dh_t| hist bins=60 range=(-12.00,-2.48) mean=-11.95 p50=-12.00 p05=-12.00 p95=-12.00
  [diag] sat-dist hist bins=60 sat<0.05=0.0% mean=0.984 p10=0.984 p90=0.985
Iter 0001740: train nll 1.387, valid error 074.960%, best valid error 074.060%, avg grad norm   0.181, avg grad norm (post clip)   0.160, rho_Whh  0.95, Omega  0.00, alpha  0.000, steps in the past 0.000, valid nll 1.387
  [diag] log10|dL/dh_t| hist bins=60 range=(-12.00,-2.48) mean=-11.95 p50=-12.00 p05=-12.00 p95=-12.00
  [diag] sat-dist hist bins=60 sat<0.05=0.0% mean=0.984 p10=0.983 p90=0.985
Iter 0001760: train nll 1.386, valid error 074.960%, best valid error 074.060%, avg grad norm   0.186, avg grad norm (post clip)   0.174, rho_Whh  0.95, Omega  0.00, alpha  0.000, steps in the past 0.000, valid nll 1.387
  [diag] log10|dL/dh_t| hist bins=60 range=(-12.00,-2.48) mean=-11.95 p50=-12.00 p05=-12.00 p95=-12.00
  [diag] sat-dist hist bins=60 sat<0.05=0.0% mean=0.984 p10=0.983 p90=0.985
Iter 0001780: train nll 1.385, valid error 074.960%, best valid error 074.060%, avg grad norm   0.183, avg grad norm (post clip)   0.169, rho_Whh  0.95, Omega  0.00, alpha  0.000, steps in the past 0.000, valid nll 1.387
  [diag] log10|dL/dh_t| hist bins=60 range=(-12.00,-2.48) mean=-11.95 p50=-12.00 p05=-12.00 p95=-12.00
  [diag] sat-dist hist bins=60 sat<0.05=0.0% mean=0.984 p10=0.984 p90=0.985
Iter 0001800: train nll 1.386, valid error 074.960%, best valid error 074.060%, avg grad norm   0.151, avg grad norm (post clip)   0.148, rho_Whh  0.95, Omega  0.00, alpha  0.000, steps in the past 0.000, valid nll 1.387
  [diag] log10|dL/dh_t| hist bins=60 range=(-12.00,-2.48) mean=-11.95 p50=-12.00 p05=-12.00 p95=-12.00
  [diag] sat-dist hist bins=60 sat<0.05=0.0% mean=0.983 p10=0.983 p90=0.984
Iter 0001820: train nll 1.385, valid error 074.960%, best valid error 074.060%, avg grad norm   0.216, avg grad norm (post clip)   0.192, rho_Whh  0.95, Omega  0.00, alpha  0.000, steps in the past 0.000, valid nll 1.387
  [diag] log10|dL/dh_t| hist bins=60 range=(-12.00,-2.48) mean=-11.95 p50=-12.00 p05=-12.00 p95=-12.00
  [diag] sat-dist hist bins=60 sat<0.05=0.0% mean=0.983 p10=0.983 p90=0.984
Iter 0001840: train nll 1.386, valid error 074.960%, best valid error 074.060%, avg grad norm   0.176, avg grad norm (post clip)   0.161, rho_Whh  0.95, Omega  0.00, alpha  0.000, steps in the past 0.000, valid nll 1.387
  [diag] log10|dL/dh_t| hist bins=60 range=(-12.00,-2.48) mean=-11.95 p50=-12.00 p05=-12.00 p95=-12.00
  [diag] sat-dist hist bins=60 sat<0.05=0.0% mean=0.984 p10=0.983 p90=0.984
Iter 0001860: train nll 1.387, valid error 074.960%, best valid error 074.060%, avg grad norm   0.157, avg grad norm (post clip)   0.159, rho_Whh  0.95, Omega  0.00, alpha  0.000, steps in the past 0.000, valid nll 1.387
  [diag] log10|dL/dh_t| hist bins=60 range=(-12.00,-2.48) mean=-11.95 p50=-12.00 p05=-12.00 p95=-12.00
  [diag] sat-dist hist bins=60 sat<0.05=0.0% mean=0.984 p10=0.984 p90=0.985
Iter 0001880: train nll 1.388, valid error 074.960%, best valid error 074.060%, avg grad norm   0.173, avg grad norm (post clip)   0.169, rho_Whh  0.95, Omega  0.00, alpha  0.000, steps in the past 0.000, valid nll 1.387
  [diag] log10|dL/dh_t| hist bins=60 range=(-12.00,-2.48) mean=-11.95 p50=-12.00 p05=-12.00 p95=-12.00
  [diag] sat-dist hist bins=60 sat<0.05=0.0% mean=0.984 p10=0.983 p90=0.985
Iter 0001900: train nll 1.386, valid error 074.960%, best valid error 074.060%, avg grad norm   0.170, avg grad norm (post clip)   0.169, rho_Whh  0.95, Omega  0.00, alpha  0.000, steps in the past 0.000, valid nll 1.387
  [diag] log10|dL/dh_t| hist bins=60 range=(-12.00,-2.48) mean=-11.95 p50=-12.00 p05=-12.00 p95=-12.00
  [diag] sat-dist hist bins=60 sat<0.05=0.0% mean=0.983 p10=0.982 p90=0.984
Iter 0001920: train nll 1.384, valid error 074.960%, best valid error 074.060%, avg grad norm   0.178, avg grad norm (post clip)   0.165, rho_Whh  0.95, Omega  0.00, alpha  0.000, steps in the past 0.000, valid nll 1.387
  [diag] log10|dL/dh_t| hist bins=60 range=(-12.00,-2.48) mean=-11.95 p50=-12.00 p05=-12.00 p95=-12.00
  [diag] sat-dist hist bins=60 sat<0.05=0.0% mean=0.983 p10=0.982 p90=0.983
Iter 0001940: train nll 1.386, valid error 074.620%, best valid error 074.060%, avg grad norm   0.181, avg grad norm (post clip)   0.169, rho_Whh  0.95, Omega  0.00, alpha  0.000, steps in the past 0.000, valid nll 1.387
  [diag] log10|dL/dh_t| hist bins=60 range=(-12.00,-2.48) mean=-11.95 p50=-12.00 p05=-12.00 p95=-12.00
  [diag] sat-dist hist bins=60 sat<0.05=0.0% mean=0.983 p10=0.982 p90=0.984
Iter 0001960: train nll 1.387, valid error 074.960%, best valid error 074.060%, avg grad norm   0.185, avg grad norm (post clip)   0.174, rho_Whh  0.95, Omega  0.00, alpha  0.000, steps in the past 0.000, valid nll 1.387
  [diag] log10|dL/dh_t| hist bins=60 range=(-12.00,-2.48) mean=-11.95 p50=-12.00 p05=-12.00 p95=-12.00
  [diag] sat-dist hist bins=60 sat<0.05=0.0% mean=0.983 p10=0.983 p90=0.984
Iter 0001980: train nll 1.386, valid error 074.960%, best valid error 074.060%, avg grad norm   0.170, avg grad norm (post clip)   0.165, rho_Whh  0.95, Omega  0.00, alpha  0.000, steps in the past 0.000, valid nll 1.387
  [diag] log10|dL/dh_t| hist bins=60 range=(-12.00,-2.48) mean=-11.95 p50=-12.00 p05=-12.00 p95=-12.00
  [diag] sat-dist hist bins=60 sat<0.05=0.0% mean=0.984 p10=0.983 p90=0.984
Iter 0002000: train nll 1.387, valid error 074.960%, best valid error 074.060%, avg grad norm   0.182, avg grad norm (post clip)   0.172, rho_Whh  0.95, Omega  0.00, alpha  0.000, steps in the past 0.000, valid nll 1.387
  [diag] log10|dL/dh_t| hist bins=60 range=(-12.00,-2.48) mean=-11.95 p50=-12.00 p05=-12.00 p95=-12.00
  [diag] sat-dist hist bins=60 sat<0.05=0.0% mean=0.983 p10=0.983 p90=0.984
Iter 0002020: train nll 1.386, valid error 074.960%, best valid error 074.060%, avg grad norm   0.188, avg grad norm (post clip)   0.177, rho_Whh  0.95, Omega  0.00, alpha  0.000, steps in the past 0.000, valid nll 1.387
  [diag] log10|dL/dh_t| hist bins=60 range=(-12.00,-2.48) mean=-11.95 p50=-12.00 p05=-12.00 p95=-12.00
  [diag] sat-dist hist bins=60 sat<0.05=0.0% mean=0.983 p10=0.983 p90=0.984
Iter 0002040: train nll 1.385, valid error 074.960%, best valid error 074.060%, avg grad norm   0.198, avg grad norm (post clip)   0.180, rho_Whh  0.95, Omega  0.00, alpha  0.000, steps in the past 0.000, valid nll 1.387
  [diag] log10|dL/dh_t| hist bins=60 range=(-12.00,-2.48) mean=-11.95 p50=-12.00 p05=-12.00 p95=-12.00
  [diag] sat-dist hist bins=60 sat<0.05=0.0% mean=0.984 p10=0.984 p90=0.985
Iter 0002060: train nll 1.388, valid error 074.960%, best valid error 074.060%, avg grad norm   0.182, avg grad norm (post clip)   0.175, rho_Whh  0.95, Omega  0.00, alpha  0.000, steps in the past 0.000, valid nll 1.387
  [diag] log10|dL/dh_t| hist bins=60 range=(-12.00,-2.47) mean=-11.95 p50=-12.00 p05=-12.00 p95=-12.00
  [diag] sat-dist hist bins=60 sat<0.05=0.0% mean=0.984 p10=0.983 p90=0.985
Iter 0002080: train nll 1.386, valid error 074.960%, best valid error 074.060%, avg grad norm   0.168, avg grad norm (post clip)   0.160, rho_Whh  0.95, Omega  0.00, alpha  0.000, steps in the past 0.000, valid nll 1.387
  [diag] log10|dL/dh_t| hist bins=60 range=(-12.00,-2.48) mean=-11.95 p50=-12.00 p05=-12.00 p95=-12.00
  [diag] sat-dist hist bins=60 sat<0.05=0.0% mean=0.984 p10=0.984 p90=0.985
Iter 0002100: train nll 1.388, valid error 074.960%, best valid error 074.060%, avg grad norm   0.190, avg grad norm (post clip)   0.172, rho_Whh  0.95, Omega  0.00, alpha  0.000, steps in the past 0.000, valid nll 1.387
  [diag] log10|dL/dh_t| hist bins=60 range=(-12.00,-2.48) mean=-11.95 p50=-12.00 p05=-12.00 p95=-12.00
  [diag] sat-dist hist bins=60 sat<0.05=0.0% mean=0.985 p10=0.984 p90=0.985
Iter 0002120: train nll 1.387, valid error 074.960%, best valid error 074.060%, avg grad norm   0.177, avg grad norm (post clip)   0.173, rho_Whh  0.95, Omega  0.00, alpha  0.000, steps in the past 0.000, valid nll 1.387
  [diag] log10|dL/dh_t| hist bins=60 range=(-12.00,-2.48) mean=-11.95 p50=-12.00 p05=-12.00 p95=-12.00
  [diag] sat-dist hist bins=60 sat<0.05=0.0% mean=0.984 p10=0.983 p90=0.984
Iter 0002140: train nll 1.386, valid error 074.960%, best valid error 074.060%, avg grad norm   0.188, avg grad norm (post clip)   0.173, rho_Whh  0.95, Omega  0.00, alpha  0.000, steps in the past 0.000, valid nll 1.386
  [diag] log10|dL/dh_t| hist bins=60 range=(-12.00,-2.48) mean=-11.95 p50=-12.00 p05=-12.00 p95=-12.00
  [diag] sat-dist hist bins=60 sat<0.05=0.0% mean=0.982 p10=0.982 p90=0.983
Iter 0002160: train nll 1.385, valid error 074.960%, best valid error 074.060%, avg grad norm   0.196, avg grad norm (post clip)   0.169, rho_Whh  0.95, Omega  0.00, alpha  0.000, steps in the past 0.000, valid nll 1.386
  [diag] log10|dL/dh_t| hist bins=60 range=(-12.00,-2.48) mean=-11.95 p50=-12.00 p05=-12.00 p95=-12.00
  [diag] sat-dist hist bins=60 sat<0.05=0.0% mean=0.981 p10=0.980 p90=0.981
Iter 0002180: train nll 1.385, valid error 074.960%, best valid error 074.060%, avg grad norm   0.204, avg grad norm (post clip)   0.183, rho_Whh  0.95, Omega  0.00, alpha  0.000, steps in the past 0.000, valid nll 1.386
  [diag] log10|dL/dh_t| hist bins=60 range=(-12.00,-2.48) mean=-11.95 p50=-12.00 p05=-12.00 p95=-12.00
  [diag] sat-dist hist bins=60 sat<0.05=0.0% mean=0.982 p10=0.981 p90=0.982
Iter 0002200: train nll 1.387, valid error 074.960%, best valid error 074.060%, avg grad norm   0.197, avg grad norm (post clip)   0.182, rho_Whh  0.95, Omega  0.00, alpha  0.000, steps in the past 0.000, valid nll 1.386
  [diag] log10|dL/dh_t| hist bins=60 range=(-12.00,-2.48) mean=-11.95 p50=-12.00 p05=-12.00 p95=-12.00
  [diag] sat-dist hist bins=60 sat<0.05=0.0% mean=0.984 p10=0.983 p90=0.984
Iter 0002220: train nll 1.388, valid error 074.960%, best valid error 074.060%, avg grad norm   0.196, avg grad norm (post clip)   0.172, rho_Whh  0.95, Omega  0.00, alpha  0.000, steps in the past 0.000, valid nll 1.386
  [diag] log10|dL/dh_t| hist bins=60 range=(-12.00,-2.48) mean=-11.95 p50=-12.00 p05=-12.00 p95=-12.00
  [diag] sat-dist hist bins=60 sat<0.05=0.0% mean=0.984 p10=0.983 p90=0.984
Iter 0002240: train nll 1.386, valid error 074.960%, best valid error 074.060%, avg grad norm   0.193, avg grad norm (post clip)   0.180, rho_Whh  0.95, Omega  0.00, alpha  0.000, steps in the past 0.000, valid nll 1.386
  [diag] log10|dL/dh_t| hist bins=60 range=(-12.00,-2.48) mean=-11.95 p50=-12.00 p05=-12.00 p95=-12.00
  [diag] sat-dist hist bins=60 sat<0.05=0.0% mean=0.983 p10=0.982 p90=0.984
Iter 0002260: train nll 1.385, valid error 074.960%, best valid error 074.060%, avg grad norm   0.171, avg grad norm (post clip)   0.166, rho_Whh  0.95, Omega  0.00, alpha  0.000, steps in the past 0.000, valid nll 1.386
  [diag] log10|dL/dh_t| hist bins=60 range=(-12.00,-2.48) mean=-11.95 p50=-12.00 p05=-12.00 p95=-12.00
  [diag] sat-dist hist bins=60 sat<0.05=0.0% mean=0.984 p10=0.983 p90=0.984
Iter 0002280: train nll 1.388, valid error 074.960%, best valid error 074.060%, avg grad norm   0.197, avg grad norm (post clip)   0.169, rho_Whh  0.95, Omega  0.00, alpha  0.000, steps in the past 0.000, valid nll 1.386
  [diag] log10|dL/dh_t| hist bins=60 range=(-12.00,-2.48) mean=-11.95 p50=-12.00 p05=-12.00 p95=-12.00
  [diag] sat-dist hist bins=60 sat<0.05=0.0% mean=0.984 p10=0.984 p90=0.985
Iter 0002300: train nll 1.386, valid error 074.960%, best valid error 074.060%, avg grad norm   0.184, avg grad norm (post clip)   0.180, rho_Whh  0.95, Omega  0.00, alpha  0.000, steps in the past 0.000, valid nll 1.387
  [diag] log10|dL/dh_t| hist bins=60 range=(-12.00,-2.48) mean=-11.95 p50=-12.00 p05=-12.00 p95=-12.00
  [diag] sat-dist hist bins=60 sat<0.05=0.0% mean=0.985 p10=0.984 p90=0.985
Iter 0002320: train nll 1.388, valid error 074.960%, best valid error 074.060%, avg grad norm   0.196, avg grad norm (post clip)   0.178, rho_Whh  0.95, Omega  0.00, alpha  0.000, steps in the past 0.000, valid nll 1.386
  [diag] log10|dL/dh_t| hist bins=60 range=(-12.00,-2.48) mean=-11.95 p50=-12.00 p05=-12.00 p95=-12.00
  [diag] sat-dist hist bins=60 sat<0.05=0.0% mean=0.985 p10=0.984 p90=0.986
Iter 0002340: train nll 1.386, valid error 074.380%, best valid error 074.060%, avg grad norm   0.173, avg grad norm (post clip)   0.161, rho_Whh  0.95, Omega  0.00, alpha  0.000, steps in the past 0.000, valid nll 1.386
  [diag] log10|dL/dh_t| hist bins=60 range=(-12.00,-2.48) mean=-11.95 p50=-12.00 p05=-12.00 p95=-12.00
  [diag] sat-dist hist bins=60 sat<0.05=0.0% mean=0.985 p10=0.984 p90=0.985
Iter 0002360: train nll 1.386, valid error 074.960%, best valid error 074.060%, avg grad norm   0.219, avg grad norm (post clip)   0.186, rho_Whh  0.95, Omega  0.00, alpha  0.000, steps in the past 0.000, valid nll 1.386
  [diag] log10|dL/dh_t| hist bins=60 range=(-12.00,-2.48) mean=-11.95 p50=-12.00 p05=-12.00 p95=-12.00
  [diag] sat-dist hist bins=60 sat<0.05=0.0% mean=0.985 p10=0.985 p90=0.986
Iter 0002380: train nll 1.388, valid error 074.960%, best valid error 074.060%, avg grad norm   0.202, avg grad norm (post clip)   0.184, rho_Whh  0.95, Omega  0.00, alpha  0.000, steps in the past 0.000, valid nll 1.386
  [diag] log10|dL/dh_t| hist bins=60 range=(-12.00,-2.48) mean=-11.95 p50=-12.00 p05=-12.00 p95=-12.00
  [diag] sat-dist hist bins=60 sat<0.05=0.0% mean=0.985 p10=0.985 p90=0.986
Iter 0002400: train nll 1.387, valid error 074.960%, best valid error 074.060%, avg grad norm   0.175, avg grad norm (post clip)   0.169, rho_Whh  0.95, Omega  0.00, alpha  0.000, steps in the past 0.000, valid nll 1.387
  [diag] log10|dL/dh_t| hist bins=60 range=(-12.00,-2.48) mean=-11.95 p50=-12.00 p05=-12.00 p95=-12.00
  [diag] sat-dist hist bins=60 sat<0.05=0.0% mean=0.986 p10=0.985 p90=0.986
Iter 0002420: train nll 1.386, valid error 074.940%, best valid error 074.060%, avg grad norm   0.162, avg grad norm (post clip)   0.163, rho_Whh  0.94, Omega  0.00, alpha  0.000, steps in the past 0.000, valid nll 1.387
  [diag] log10|dL/dh_t| hist bins=60 range=(-12.00,-2.48) mean=-11.95 p50=-12.00 p05=-12.00 p95=-12.00
  [diag] sat-dist hist bins=60 sat<0.05=0.0% mean=0.986 p10=0.985 p90=0.986
Iter 0002440: train nll 1.386, valid error 075.000%, best valid error 074.060%, avg grad norm   0.200, avg grad norm (post clip)   0.171, rho_Whh  0.94, Omega  0.00, alpha  0.000, steps in the past 0.000, valid nll 1.387
  [diag] log10|dL/dh_t| hist bins=60 range=(-12.00,-2.48) mean=-11.95 p50=-12.00 p05=-12.00 p95=-12.00
  [diag] sat-dist hist bins=60 sat<0.05=0.0% mean=0.986 p10=0.985 p90=0.986
Iter 0002460: train nll 1.387, valid error 076.260%, best valid error 074.060%, avg grad norm   0.186, avg grad norm (post clip)   0.173, rho_Whh  0.95, Omega  0.00, alpha  0.000, steps in the past 0.000, valid nll 1.387
  [diag] log10|dL/dh_t| hist bins=60 range=(-12.00,-2.48) mean=-11.95 p50=-12.00 p05=-12.00 p95=-12.00
  [diag] sat-dist hist bins=60 sat<0.05=0.0% mean=0.986 p10=0.985 p90=0.986
Iter 0002480: train nll 1.386, valid error 076.220%, best valid error 074.060%, avg grad norm   0.169, avg grad norm (post clip)   0.169, rho_Whh  0.94, Omega  0.00, alpha  0.000, steps in the past 0.000, valid nll 1.387
  [diag] log10|dL/dh_t| hist bins=60 range=(-12.00,-2.48) mean=-11.95 p50=-12.00 p05=-12.00 p95=-12.00
  [diag] sat-dist hist bins=60 sat<0.05=0.0% mean=0.986 p10=0.985 p90=0.986
Iter 0002500: train nll 1.387, valid error 076.260%, best valid error 074.060%, avg grad norm   0.191, avg grad norm (post clip)   0.172, rho_Whh  0.94, Omega  0.00, alpha  0.000, steps in the past 0.000, valid nll 1.387
  [diag] log10|dL/dh_t| hist bins=60 range=(-12.00,-2.48) mean=-11.95 p50=-12.00 p05=-12.00 p95=-12.00
  [diag] sat-dist hist bins=60 sat<0.05=0.0% mean=0.986 p10=0.985 p90=0.986
Iter 0002520: train nll 1.387, valid error 076.260%, best valid error 074.060%, avg grad norm   0.163, avg grad norm (post clip)   0.155, rho_Whh  0.94, Omega  0.00, alpha  0.000, steps in the past 0.000, valid nll 1.387
  [diag] log10|dL/dh_t| hist bins=60 range=(-12.00,-2.48) mean=-11.95 p50=-12.00 p05=-12.00 p95=-12.00
  [diag] sat-dist hist bins=60 sat<0.05=0.0% mean=0.986 p10=0.985 p90=0.986
Iter 0002540: train nll 1.385, valid error 074.960%, best valid error 074.060%, avg grad norm   0.210, avg grad norm (post clip)   0.178, rho_Whh  0.94, Omega  0.00, alpha  0.000, steps in the past 0.000, valid nll 1.387
  [diag] log10|dL/dh_t| hist bins=60 range=(-12.00,-2.48) mean=-11.95 p50=-12.00 p05=-12.00 p95=-12.00
  [diag] sat-dist hist bins=60 sat<0.05=0.0% mean=0.986 p10=0.985 p90=0.986
Iter 0002560: train nll 1.387, valid error 074.700%, best valid error 074.060%, avg grad norm   0.196, avg grad norm (post clip)   0.175, rho_Whh  0.94, Omega  0.00, alpha  0.000, steps in the past 0.000, valid nll 1.386
  [diag] log10|dL/dh_t| hist bins=60 range=(-12.00,-2.48) mean=-11.95 p50=-12.00 p05=-12.00 p95=-12.00
  [diag] sat-dist hist bins=60 sat<0.05=0.0% mean=0.985 p10=0.984 p90=0.986
Iter 0002580: train nll 1.385, valid error 074.960%, best valid error 074.060%, avg grad norm   0.172, avg grad norm (post clip)   0.166, rho_Whh  0.94, Omega  0.00, alpha  0.000, steps in the past 0.000, valid nll 1.386
  [diag] log10|dL/dh_t| hist bins=60 range=(-12.00,-2.48) mean=-11.95 p50=-12.00 p05=-12.00 p95=-12.00
  [diag] sat-dist hist bins=60 sat<0.05=0.0% mean=0.985 p10=0.984 p90=0.986
Iter 0002600: train nll 1.386, valid error 074.960%, best valid error 074.060%, avg grad norm   0.173, avg grad norm (post clip)   0.170, rho_Whh  0.94, Omega  0.00, alpha  0.000, steps in the past 0.000, valid nll 1.387
  [diag] log10|dL/dh_t| hist bins=60 range=(-12.00,-2.48) mean=-11.95 p50=-12.00 p05=-12.00 p95=-12.00
  [diag] sat-dist hist bins=60 sat<0.05=0.0% mean=0.985 p10=0.984 p90=0.985
Iter 0002620: train nll 1.387, valid error 074.960%, best valid error 074.060%, avg grad norm   0.212, avg grad norm (post clip)   0.189, rho_Whh  0.94, Omega  0.00, alpha  0.000, steps in the past 0.000, valid nll 1.386
  [diag] log10|dL/dh_t| hist bins=60 range=(-12.00,-2.48) mean=-11.95 p50=-12.00 p05=-12.00 p95=-12.00
  [diag] sat-dist hist bins=60 sat<0.05=0.0% mean=0.985 p10=0.985 p90=0.986
Iter 0002640: train nll 1.387, valid error 074.960%, best valid error 074.060%, avg grad norm   0.189, avg grad norm (post clip)   0.178, rho_Whh  0.94, Omega  0.00, alpha  0.000, steps in the past 0.000, valid nll 1.386
  [diag] log10|dL/dh_t| hist bins=60 range=(-12.00,-2.48) mean=-11.95 p50=-12.00 p05=-12.00 p95=-12.00
  [diag] sat-dist hist bins=60 sat<0.05=0.0% mean=0.986 p10=0.985 p90=0.986
Iter 0002660: train nll 1.386, valid error 074.960%, best valid error 074.060%, avg grad norm   0.188, avg grad norm (post clip)   0.173, rho_Whh  0.94, Omega  0.00, alpha  0.000, steps in the past 0.000, valid nll 1.386
  [diag] log10|dL/dh_t| hist bins=60 range=(-12.00,-2.48) mean=-11.95 p50=-12.00 p05=-12.00 p95=-12.00
  [diag] sat-dist hist bins=60 sat<0.05=0.0% mean=0.986 p10=0.985 p90=0.987
Iter 0002680: train nll 1.387, valid error 074.940%, best valid error 074.060%, avg grad norm   0.168, avg grad norm (post clip)   0.172, rho_Whh  0.94, Omega  0.00, alpha  0.000, steps in the past 0.000, valid nll 1.387
  [diag] log10|dL/dh_t| hist bins=60 range=(-12.00,-2.48) mean=-11.95 p50=-12.00 p05=-12.00 p95=-12.00
  [diag] sat-dist hist bins=60 sat<0.05=0.0% mean=0.986 p10=0.985 p90=0.987
Iter 0002700: train nll 1.387, valid error 074.660%, best valid error 074.060%, avg grad norm   0.159, avg grad norm (post clip)   0.153, rho_Whh  0.94, Omega  0.00, alpha  0.000, steps in the past 0.000, valid nll 1.386
  [diag] log10|dL/dh_t| hist bins=60 range=(-12.00,-2.48) mean=-11.95 p50=-12.00 p05=-12.00 p95=-12.00
  [diag] sat-dist hist bins=60 sat<0.05=0.0% mean=0.985 p10=0.985 p90=0.986
Iter 0002720: train nll 1.386, valid error 074.700%, best valid error 074.060%, avg grad norm   0.173, avg grad norm (post clip)   0.174, rho_Whh  0.94, Omega  0.00, alpha  0.000, steps in the past 0.000, valid nll 1.386
  [diag] log10|dL/dh_t| hist bins=60 range=(-12.00,-2.48) mean=-11.95 p50=-12.00 p05=-12.00 p95=-12.00
  [diag] sat-dist hist bins=60 sat<0.05=0.0% mean=0.986 p10=0.985 p90=0.986
Iter 0002740: train nll 1.387, valid error 074.700%, best valid error 074.060%, avg grad norm   0.169, avg grad norm (post clip)   0.169, rho_Whh  0.94, Omega  0.00, alpha  0.000, steps in the past 0.000, valid nll 1.386
  [diag] log10|dL/dh_t| hist bins=60 range=(-12.00,-2.48) mean=-11.95 p50=-12.00 p05=-12.00 p95=-12.00
  [diag] sat-dist hist bins=60 sat<0.05=0.0% mean=0.986 p10=0.985 p90=0.986
Iter 0002760: train nll 1.386, valid error 074.660%, best valid error 074.060%, avg grad norm   0.184, avg grad norm (post clip)   0.170, rho_Whh  0.94, Omega  0.00, alpha  0.000, steps in the past 0.000, valid nll 1.387
  [diag] log10|dL/dh_t| hist bins=60 range=(-12.00,-2.48) mean=-11.95 p50=-12.00 p05=-12.00 p95=-12.00
  [diag] sat-dist hist bins=60 sat<0.05=0.0% mean=0.986 p10=0.985 p90=0.986
Iter 0002780: train nll 1.386, valid error 074.700%, best valid error 074.060%, avg grad norm   0.173, avg grad norm (post clip)   0.161, rho_Whh  0.94, Omega  0.00, alpha  0.000, steps in the past 0.000, valid nll 1.387
  [diag] log10|dL/dh_t| hist bins=60 range=(-12.00,-2.48) mean=-11.95 p50=-12.00 p05=-12.00 p95=-12.00
  [diag] sat-dist hist bins=60 sat<0.05=0.0% mean=0.985 p10=0.985 p90=0.986
Iter 0002800: train nll 1.385, valid error 074.700%, best valid error 074.060%, avg grad norm   0.178, avg grad norm (post clip)   0.166, rho_Whh  0.94, Omega  0.00, alpha  0.000, steps in the past 0.000, valid nll 1.387
  [diag] log10|dL/dh_t| hist bins=60 range=(-12.00,-2.48) mean=-11.95 p50=-12.00 p05=-12.00 p95=-12.00
  [diag] sat-dist hist bins=60 sat<0.05=0.0% mean=0.985 p10=0.985 p90=0.986
Iter 0002820: train nll 1.388, valid error 074.500%, best valid error 074.060%, avg grad norm   0.171, avg grad norm (post clip)   0.164, rho_Whh  0.94, Omega  0.00, alpha  0.000, steps in the past 0.000, valid nll 1.386
  [diag] log10|dL/dh_t| hist bins=60 range=(-12.00,-2.48) mean=-11.95 p50=-12.00 p05=-12.00 p95=-12.00
  [diag] sat-dist hist bins=60 sat<0.05=0.0% mean=0.986 p10=0.985 p90=0.986
Iter 0002840: train nll 1.386, valid error 074.700%, best valid error 074.060%, avg grad norm   0.161, avg grad norm (post clip)   0.160, rho_Whh  0.95, Omega  0.00, alpha  0.000, steps in the past 0.000, valid nll 1.387
  [diag] log10|dL/dh_t| hist bins=60 range=(-12.00,-2.48) mean=-11.95 p50=-12.00 p05=-12.00 p95=-12.00
  [diag] sat-dist hist bins=60 sat<0.05=0.0% mean=0.985 p10=0.985 p90=0.986
Iter 0002860: train nll 1.384, valid error 074.700%, best valid error 074.060%, avg grad norm   0.177, avg grad norm (post clip)   0.167, rho_Whh  0.95, Omega  0.00, alpha  0.000, steps in the past 0.000, valid nll 1.387
  [diag] log10|dL/dh_t| hist bins=60 range=(-12.00,-2.48) mean=-11.95 p50=-12.00 p05=-12.00 p95=-12.00
  [diag] sat-dist hist bins=60 sat<0.05=0.0% mean=0.985 p10=0.985 p90=0.986
Iter 0002880: train nll 1.385, valid error 074.700%, best valid error 074.060%, avg grad norm   0.189, avg grad norm (post clip)   0.182, rho_Whh  0.95, Omega  0.00, alpha  0.000, steps in the past 0.000, valid nll 1.387
  [diag] log10|dL/dh_t| hist bins=60 range=(-12.00,-2.48) mean=-11.95 p50=-12.00 p05=-12.00 p95=-12.00
  [diag] sat-dist hist bins=60 sat<0.05=0.0% mean=0.985 p10=0.984 p90=0.986
Iter 0002900: train nll 1.386, valid error 074.700%, best valid error 074.060%, avg grad norm   0.181, avg grad norm (post clip)   0.170, rho_Whh  0.94, Omega  0.00, alpha  0.000, steps in the past 0.000, valid nll 1.387
  [diag] log10|dL/dh_t| hist bins=60 range=(-12.00,-2.48) mean=-11.95 p50=-12.00 p05=-12.00 p95=-12.00
  [diag] sat-dist hist bins=60 sat<0.05=0.0% mean=0.985 p10=0.984 p90=0.986
Iter 0002920: train nll 1.387, valid error 074.700%, best valid error 074.060%, avg grad norm   0.189, avg grad norm (post clip)   0.178, rho_Whh  0.94, Omega  0.00, alpha  0.000, steps in the past 0.000, valid nll 1.387
  [diag] log10|dL/dh_t| hist bins=60 range=(-12.00,-2.48) mean=-11.95 p50=-12.00 p05=-12.00 p95=-12.00
  [diag] sat-dist hist bins=60 sat<0.05=0.0% mean=0.985 p10=0.984 p90=0.986
Iter 0002940: train nll 1.386, valid error 074.700%, best valid error 074.060%, avg grad norm   0.157, avg grad norm (post clip)   0.157, rho_Whh  0.95, Omega  0.00, alpha  0.000, steps in the past 0.000, valid nll 1.387
  [diag] log10|dL/dh_t| hist bins=60 range=(-12.00,-2.48) mean=-11.95 p50=-12.00 p05=-12.00 p95=-12.00
  [diag] sat-dist hist bins=60 sat<0.05=0.0% mean=0.985 p10=0.984 p90=0.986
Iter 0002960: train nll 1.386, valid error 074.700%, best valid error 074.060%, avg grad norm   0.163, avg grad norm (post clip)   0.154, rho_Whh  0.95, Omega  0.00, alpha  0.000, steps in the past 0.000, valid nll 1.387
  [diag] log10|dL/dh_t| hist bins=60 range=(-12.00,-2.48) mean=-11.95 p50=-12.00 p05=-12.00 p95=-12.00
  [diag] sat-dist hist bins=60 sat<0.05=0.0% mean=0.986 p10=0.985 p90=0.986
Iter 0002980: train nll 1.386, valid error 074.700%, best valid error 074.060%, avg grad norm   0.189, avg grad norm (post clip)   0.173, rho_Whh  0.95, Omega  0.00, alpha  0.000, steps in the past 0.000, valid nll 1.387
Done. solved=0 steps=2999 best_valid_error=74.0600%
=== DONE  EC_fair_s2_n50_lr002_cut02_a0 ===
=== START EC_fair_s3_n50_lr0005_cut02_a0 ===
Starting to train (PyTorch).
  [diag] log10|dL/dh_t| hist bins=60 range=(-12.00,-2.48) mean=-11.95 p50=-12.00 p05=-12.00 p95=-12.00
  [diag] sat-dist hist bins=60 sat<0.05=0.0% mean=0.982 p10=0.982 p90=0.983
Iter 0000020: train nll 1.456, valid error 074.740%, best valid error 100.000%, avg grad norm   0.192, avg grad norm (post clip)   0.175, rho_Whh  0.95, Omega  0.00, alpha  0.000, steps in the past 0.000, valid nll 1.386
  [diag] log10|dL/dh_t| hist bins=60 range=(-12.00,-2.48) mean=-11.95 p50=-12.00 p05=-12.00 p95=-12.00
  [diag] sat-dist hist bins=60 sat<0.05=0.0% mean=0.982 p10=0.981 p90=0.982
Iter 0000040: train nll 1.386, valid error 074.980%, best valid error 074.740%, avg grad norm   0.171, avg grad norm (post clip)   0.160, rho_Whh  0.95, Omega  0.00, alpha  0.000, steps in the past 0.000, valid nll 1.386
  [diag] log10|dL/dh_t| hist bins=60 range=(-12.00,-2.48) mean=-11.95 p50=-12.00 p05=-12.00 p95=-12.00
  [diag] sat-dist hist bins=60 sat<0.05=0.0% mean=0.981 p10=0.981 p90=0.982
Iter 0000060: train nll 1.386, valid error 075.000%, best valid error 074.740%, avg grad norm   0.192, avg grad norm (post clip)   0.174, rho_Whh  0.95, Omega  0.00, alpha  0.000, steps in the past 0.000, valid nll 1.386
  [diag] log10|dL/dh_t| hist bins=60 range=(-12.00,-2.48) mean=-11.95 p50=-12.00 p05=-12.00 p95=-12.00
  [diag] sat-dist hist bins=60 sat<0.05=0.0% mean=0.981 p10=0.981 p90=0.982
Iter 0000080: train nll 1.386, valid error 075.160%, best valid error 074.740%, avg grad norm   0.178, avg grad norm (post clip)   0.172, rho_Whh  0.95, Omega  0.00, alpha  0.000, steps in the past 0.000, valid nll 1.386
  [diag] log10|dL/dh_t| hist bins=60 range=(-12.00,-2.48) mean=-11.95 p50=-12.00 p05=-12.00 p95=-12.00
  [diag] sat-dist hist bins=60 sat<0.05=0.0% mean=0.982 p10=0.981 p90=0.982
Iter 0000100: train nll 1.386, valid error 074.660%, best valid error 074.740%, avg grad norm   0.184, avg grad norm (post clip)   0.169, rho_Whh  0.95, Omega  0.00, alpha  0.000, steps in the past 0.000, valid nll 1.386
  [diag] log10|dL/dh_t| hist bins=60 range=(-12.00,-2.48) mean=-11.95 p50=-12.00 p05=-12.00 p95=-12.00
  [diag] sat-dist hist bins=60 sat<0.05=0.0% mean=0.982 p10=0.981 p90=0.982
Iter 0000120: train nll 1.386, valid error 074.840%, best valid error 074.660%, avg grad norm   0.185, avg grad norm (post clip)   0.178, rho_Whh  0.95, Omega  0.00, alpha  0.000, steps in the past 0.000, valid nll 1.386
  [diag] log10|dL/dh_t| hist bins=60 range=(-12.00,-2.48) mean=-11.95 p50=-12.00 p05=-12.00 p95=-12.00
  [diag] sat-dist hist bins=60 sat<0.05=0.0% mean=0.981 p10=0.980 p90=0.981
Iter 0000140: train nll 1.386, valid error 074.960%, best valid error 074.660%, avg grad norm   0.166, avg grad norm (post clip)   0.162, rho_Whh  0.95, Omega  0.00, alpha  0.000, steps in the past 0.000, valid nll 1.386
  [diag] log10|dL/dh_t| hist bins=60 range=(-12.00,-2.48) mean=-11.95 p50=-12.00 p05=-12.00 p95=-12.00
  [diag] sat-dist hist bins=60 sat<0.05=0.0% mean=0.980 p10=0.980 p90=0.981
Iter 0000160: train nll 1.386, valid error 074.960%, best valid error 074.660%, avg grad norm   0.171, avg grad norm (post clip)   0.168, rho_Whh  0.95, Omega  0.00, alpha  0.000, steps in the past 0.000, valid nll 1.386
  [diag] log10|dL/dh_t| hist bins=60 range=(-12.00,-2.48) mean=-11.95 p50=-12.00 p05=-12.00 p95=-12.00
  [diag] sat-dist hist bins=60 sat<0.05=0.0% mean=0.980 p10=0.979 p90=0.980
Iter 0000180: train nll 1.386, valid error 074.960%, best valid error 074.660%, avg grad norm   0.195, avg grad norm (post clip)   0.174, rho_Whh  0.95, Omega  0.00, alpha  0.000, steps in the past 0.000, valid nll 1.386
  [diag] log10|dL/dh_t| hist bins=60 range=(-12.00,-2.48) mean=-11.95 p50=-12.00 p05=-12.00 p95=-12.00
  [diag] sat-dist hist bins=60 sat<0.05=0.0% mean=0.980 p10=0.979 p90=0.980
Iter 0000200: train nll 1.386, valid error 074.960%, best valid error 074.660%, avg grad norm   0.191, avg grad norm (post clip)   0.172, rho_Whh  0.95, Omega  0.00, alpha  0.000, steps in the past 0.000, valid nll 1.386
  [diag] log10|dL/dh_t| hist bins=60 range=(-12.00,-2.48) mean=-11.95 p50=-12.00 p05=-12.00 p95=-12.00
  [diag] sat-dist hist bins=60 sat<0.05=0.0% mean=0.979 p10=0.979 p90=0.980
Iter 0000220: train nll 1.386, valid error 074.960%, best valid error 074.660%, avg grad norm   0.181, avg grad norm (post clip)   0.171, rho_Whh  0.95, Omega  0.00, alpha  0.000, steps in the past 0.000, valid nll 1.386
  [diag] log10|dL/dh_t| hist bins=60 range=(-12.00,-2.48) mean=-11.95 p50=-12.00 p05=-12.00 p95=-12.00
  [diag] sat-dist hist bins=60 sat<0.05=0.0% mean=0.980 p10=0.979 p90=0.980
Iter 0000240: train nll 1.386, valid error 074.960%, best valid error 074.660%, avg grad norm   0.191, avg grad norm (post clip)   0.182, rho_Whh  0.95, Omega  0.00, alpha  0.000, steps in the past 0.000, valid nll 1.386
  [diag] log10|dL/dh_t| hist bins=60 range=(-12.00,-2.48) mean=-11.95 p50=-12.00 p05=-12.00 p95=-12.00
  [diag] sat-dist hist bins=60 sat<0.05=0.0% mean=0.980 p10=0.979 p90=0.980
Iter 0000260: train nll 1.387, valid error 074.960%, best valid error 074.660%, avg grad norm   0.210, avg grad norm (post clip)   0.175, rho_Whh  0.95, Omega  0.00, alpha  0.000, steps in the past 0.000, valid nll 1.386
  [diag] log10|dL/dh_t| hist bins=60 range=(-12.00,-2.48) mean=-11.95 p50=-12.00 p05=-12.00 p95=-12.00
  [diag] sat-dist hist bins=60 sat<0.05=0.0% mean=0.980 p10=0.979 p90=0.980
Iter 0000280: train nll 1.386, valid error 074.960%, best valid error 074.660%, avg grad norm   0.187, avg grad norm (post clip)   0.180, rho_Whh  0.95, Omega  0.00, alpha  0.000, steps in the past 0.000, valid nll 1.386
  [diag] log10|dL/dh_t| hist bins=60 range=(-12.00,-2.48) mean=-11.95 p50=-12.00 p05=-12.00 p95=-12.00
  [diag] sat-dist hist bins=60 sat<0.05=0.0% mean=0.979 p10=0.978 p90=0.979
Iter 0000300: train nll 1.385, valid error 074.960%, best valid error 074.660%, avg grad norm   0.182, avg grad norm (post clip)   0.167, rho_Whh  0.95, Omega  0.00, alpha  0.000, steps in the past 0.000, valid nll 1.386
  [diag] log10|dL/dh_t| hist bins=60 range=(-12.00,-2.48) mean=-11.95 p50=-12.00 p05=-12.00 p95=-12.00
  [diag] sat-dist hist bins=60 sat<0.05=0.0% mean=0.980 p10=0.979 p90=0.980
Iter 0000320: train nll 1.387, valid error 074.960%, best valid error 074.660%, avg grad norm   0.181, avg grad norm (post clip)   0.161, rho_Whh  0.95, Omega  0.00, alpha  0.000, steps in the past 0.000, valid nll 1.386
  [diag] log10|dL/dh_t| hist bins=60 range=(-12.00,-2.48) mean=-11.95 p50=-12.00 p05=-12.00 p95=-12.00
  [diag] sat-dist hist bins=60 sat<0.05=0.0% mean=0.980 p10=0.979 p90=0.980
Iter 0000340: train nll 1.386, valid error 074.960%, best valid error 074.660%, avg grad norm   0.191, avg grad norm (post clip)   0.174, rho_Whh  0.95, Omega  0.00, alpha  0.000, steps in the past 0.000, valid nll 1.386
  [diag] log10|dL/dh_t| hist bins=60 range=(-12.00,-2.48) mean=-11.95 p50=-12.00 p05=-12.00 p95=-12.00
  [diag] sat-dist hist bins=60 sat<0.05=0.0% mean=0.980 p10=0.979 p90=0.981
Iter 0000360: train nll 1.386, valid error 074.960%, best valid error 074.660%, avg grad norm   0.183, avg grad norm (post clip)   0.168, rho_Whh  0.95, Omega  0.00, alpha  0.000, steps in the past 0.000, valid nll 1.386
  [diag] log10|dL/dh_t| hist bins=60 range=(-12.00,-2.48) mean=-11.95 p50=-12.00 p05=-12.00 p95=-12.00
  [diag] sat-dist hist bins=60 sat<0.05=0.0% mean=0.981 p10=0.980 p90=0.981
Iter 0000380: train nll 1.386, valid error 074.960%, best valid error 074.660%, avg grad norm   0.188, avg grad norm (post clip)   0.159, rho_Whh  0.95, Omega  0.00, alpha  0.000, steps in the past 0.000, valid nll 1.386
  [diag] log10|dL/dh_t| hist bins=60 range=(-12.00,-2.48) mean=-11.95 p50=-12.00 p05=-12.00 p95=-12.00
  [diag] sat-dist hist bins=60 sat<0.05=0.0% mean=0.981 p10=0.980 p90=0.981
Iter 0000400: train nll 1.386, valid error 074.960%, best valid error 074.660%, avg grad norm   0.189, avg grad norm (post clip)   0.172, rho_Whh  0.95, Omega  0.00, alpha  0.000, steps in the past 0.000, valid nll 1.386
  [diag] log10|dL/dh_t| hist bins=60 range=(-12.00,-2.48) mean=-11.95 p50=-12.00 p05=-12.00 p95=-12.00
  [diag] sat-dist hist bins=60 sat<0.05=0.0% mean=0.982 p10=0.981 p90=0.982
Iter 0000420: train nll 1.387, valid error 074.960%, best valid error 074.660%, avg grad norm   0.190, avg grad norm (post clip)   0.170, rho_Whh  0.95, Omega  0.00, alpha  0.000, steps in the past 0.000, valid nll 1.386
  [diag] log10|dL/dh_t| hist bins=60 range=(-12.00,-2.48) mean=-11.95 p50=-12.00 p05=-12.00 p95=-12.00
  [diag] sat-dist hist bins=60 sat<0.05=0.0% mean=0.981 p10=0.980 p90=0.981
Iter 0000440: train nll 1.387, valid error 074.960%, best valid error 074.660%, avg grad norm   0.224, avg grad norm (post clip)   0.187, rho_Whh  0.95, Omega  0.00, alpha  0.000, steps in the past 0.000, valid nll 1.386
  [diag] log10|dL/dh_t| hist bins=60 range=(-12.00,-2.48) mean=-11.95 p50=-12.00 p05=-12.00 p95=-12.00
  [diag] sat-dist hist bins=60 sat<0.05=0.0% mean=0.981 p10=0.980 p90=0.982
Iter 0000460: train nll 1.386, valid error 074.960%, best valid error 074.660%, avg grad norm   0.191, avg grad norm (post clip)   0.181, rho_Whh  0.95, Omega  0.00, alpha  0.000, steps in the past 0.000, valid nll 1.386
  [diag] log10|dL/dh_t| hist bins=60 range=(-12.00,-2.48) mean=-11.95 p50=-12.00 p05=-12.00 p95=-12.00
  [diag] sat-dist hist bins=60 sat<0.05=0.0% mean=0.982 p10=0.981 p90=0.982
Iter 0000480: train nll 1.386, valid error 074.960%, best valid error 074.660%, avg grad norm   0.196, avg grad norm (post clip)   0.172, rho_Whh  0.95, Omega  0.00, alpha  0.000, steps in the past 0.000, valid nll 1.386
  [diag] log10|dL/dh_t| hist bins=60 range=(-12.00,-2.48) mean=-11.95 p50=-12.00 p05=-12.00 p95=-12.00
  [diag] sat-dist hist bins=60 sat<0.05=0.0% mean=0.982 p10=0.982 p90=0.983
Iter 0000500: train nll 1.386, valid error 074.960%, best valid error 074.660%, avg grad norm   0.176, avg grad norm (post clip)   0.165, rho_Whh  0.95, Omega  0.00, alpha  0.000, steps in the past 0.000, valid nll 1.387
  [diag] log10|dL/dh_t| hist bins=60 range=(-12.00,-2.48) mean=-11.95 p50=-12.00 p05=-12.00 p95=-12.00
  [diag] sat-dist hist bins=60 sat<0.05=0.0% mean=0.983 p10=0.982 p90=0.983
Iter 0000520: train nll 1.386, valid error 074.940%, best valid error 074.660%, avg grad norm   0.200, avg grad norm (post clip)   0.181, rho_Whh  0.95, Omega  0.00, alpha  0.000, steps in the past 0.000, valid nll 1.387
  [diag] log10|dL/dh_t| hist bins=60 range=(-12.00,-2.48) mean=-11.95 p50=-12.00 p05=-12.00 p95=-12.00
  [diag] sat-dist hist bins=60 sat<0.05=0.0% mean=0.982 p10=0.982 p90=0.983
Iter 0000540: train nll 1.386, valid error 074.960%, best valid error 074.660%, avg grad norm   0.190, avg grad norm (post clip)   0.178, rho_Whh  0.95, Omega  0.00, alpha  0.000, steps in the past 0.000, valid nll 1.387
  [diag] log10|dL/dh_t| hist bins=60 range=(-12.00,-2.48) mean=-11.95 p50=-12.00 p05=-12.00 p95=-12.00
  [diag] sat-dist hist bins=60 sat<0.05=0.0% mean=0.983 p10=0.982 p90=0.983
Iter 0000560: train nll 1.386, valid error 074.960%, best valid error 074.660%, avg grad norm   0.207, avg grad norm (post clip)   0.177, rho_Whh  0.95, Omega  0.00, alpha  0.000, steps in the past 0.000, valid nll 1.387
  [diag] log10|dL/dh_t| hist bins=60 range=(-12.00,-2.48) mean=-11.95 p50=-12.00 p05=-12.00 p95=-12.00
  [diag] sat-dist hist bins=60 sat<0.05=0.0% mean=0.982 p10=0.981 p90=0.982
Iter 0000580: train nll 1.385, valid error 074.960%, best valid error 074.660%, avg grad norm   0.200, avg grad norm (post clip)   0.177, rho_Whh  0.95, Omega  0.00, alpha  0.000, steps in the past 0.000, valid nll 1.387
  [diag] log10|dL/dh_t| hist bins=60 range=(-12.00,-2.48) mean=-11.95 p50=-12.00 p05=-12.00 p95=-12.00
  [diag] sat-dist hist bins=60 sat<0.05=0.0% mean=0.983 p10=0.982 p90=0.983
Iter 0000600: train nll 1.387, valid error 074.960%, best valid error 074.660%, avg grad norm   0.164, avg grad norm (post clip)   0.160, rho_Whh  0.95, Omega  0.00, alpha  0.000, steps in the past 0.000, valid nll 1.387
  [diag] log10|dL/dh_t| hist bins=60 range=(-12.00,-2.48) mean=-11.95 p50=-12.00 p05=-12.00 p95=-12.00
  [diag] sat-dist hist bins=60 sat<0.05=0.0% mean=0.982 p10=0.982 p90=0.983
Iter 0000620: train nll 1.387, valid error 074.960%, best valid error 074.660%, avg grad norm   0.195, avg grad norm (post clip)   0.179, rho_Whh  0.95, Omega  0.00, alpha  0.000, steps in the past 0.000, valid nll 1.387
  [diag] log10|dL/dh_t| hist bins=60 range=(-12.00,-2.48) mean=-11.95 p50=-12.00 p05=-12.00 p95=-12.00
  [diag] sat-dist hist bins=60 sat<0.05=0.0% mean=0.982 p10=0.982 p90=0.983
Iter 0000640: train nll 1.385, valid error 074.960%, best valid error 074.660%, avg grad norm   0.179, avg grad norm (post clip)   0.171, rho_Whh  0.95, Omega  0.00, alpha  0.000, steps in the past 0.000, valid nll 1.387
  [diag] log10|dL/dh_t| hist bins=60 range=(-12.00,-2.48) mean=-11.95 p50=-12.00 p05=-12.00 p95=-12.00
  [diag] sat-dist hist bins=60 sat<0.05=0.0% mean=0.982 p10=0.981 p90=0.982
Iter 0000660: train nll 1.386, valid error 074.960%, best valid error 074.660%, avg grad norm   0.174, avg grad norm (post clip)   0.167, rho_Whh  0.95, Omega  0.00, alpha  0.000, steps in the past 0.000, valid nll 1.387
  [diag] log10|dL/dh_t| hist bins=60 range=(-12.00,-2.48) mean=-11.95 p50=-12.00 p05=-12.00 p95=-12.00
  [diag] sat-dist hist bins=60 sat<0.05=0.0% mean=0.982 p10=0.981 p90=0.982
Iter 0000680: train nll 1.387, valid error 074.960%, best valid error 074.660%, avg grad norm   0.161, avg grad norm (post clip)   0.156, rho_Whh  0.95, Omega  0.00, alpha  0.000, steps in the past 0.000, valid nll 1.387
  [diag] log10|dL/dh_t| hist bins=60 range=(-12.00,-2.48) mean=-11.95 p50=-12.00 p05=-12.00 p95=-12.00
  [diag] sat-dist hist bins=60 sat<0.05=0.0% mean=0.982 p10=0.981 p90=0.982
Iter 0000700: train nll 1.387, valid error 074.960%, best valid error 074.660%, avg grad norm   0.178, avg grad norm (post clip)   0.167, rho_Whh  0.95, Omega  0.00, alpha  0.000, steps in the past 0.000, valid nll 1.387
  [diag] log10|dL/dh_t| hist bins=60 range=(-12.00,-2.48) mean=-11.95 p50=-12.00 p05=-12.00 p95=-12.00
  [diag] sat-dist hist bins=60 sat<0.05=0.0% mean=0.982 p10=0.982 p90=0.983
Iter 0000720: train nll 1.386, valid error 074.960%, best valid error 074.660%, avg grad norm   0.237, avg grad norm (post clip)   0.195, rho_Whh  0.95, Omega  0.00, alpha  0.000, steps in the past 0.000, valid nll 1.387
  [diag] log10|dL/dh_t| hist bins=60 range=(-12.00,-2.48) mean=-11.95 p50=-12.00 p05=-12.00 p95=-12.00
  [diag] sat-dist hist bins=60 sat<0.05=0.0% mean=0.982 p10=0.982 p90=0.983
Iter 0000740: train nll 1.386, valid error 074.960%, best valid error 074.660%, avg grad norm   0.185, avg grad norm (post clip)   0.168, rho_Whh  0.95, Omega  0.00, alpha  0.000, steps in the past 0.000, valid nll 1.387
  [diag] log10|dL/dh_t| hist bins=60 range=(-12.00,-2.48) mean=-11.95 p50=-12.00 p05=-12.00 p95=-12.00
  [diag] sat-dist hist bins=60 sat<0.05=0.0% mean=0.983 p10=0.982 p90=0.983
Iter 0000760: train nll 1.386, valid error 074.960%, best valid error 074.660%, avg grad norm   0.169, avg grad norm (post clip)   0.172, rho_Whh  0.95, Omega  0.00, alpha  0.000, steps in the past 0.000, valid nll 1.387
  [diag] log10|dL/dh_t| hist bins=60 range=(-12.00,-2.48) mean=-11.95 p50=-12.00 p05=-12.00 p95=-12.00
  [diag] sat-dist hist bins=60 sat<0.05=0.0% mean=0.983 p10=0.982 p90=0.983
Iter 0000780: train nll 1.387, valid error 074.960%, best valid error 074.660%, avg grad norm   0.197, avg grad norm (post clip)   0.177, rho_Whh  0.95, Omega  0.00, alpha  0.000, steps in the past 0.000, valid nll 1.387
  [diag] log10|dL/dh_t| hist bins=60 range=(-12.00,-2.48) mean=-11.95 p50=-12.00 p05=-12.00 p95=-12.00
  [diag] sat-dist hist bins=60 sat<0.05=0.0% mean=0.983 p10=0.982 p90=0.983
Iter 0000800: train nll 1.386, valid error 074.960%, best valid error 074.660%, avg grad norm   0.197, avg grad norm (post clip)   0.176, rho_Whh  0.95, Omega  0.00, alpha  0.000, steps in the past 0.000, valid nll 1.387
  [diag] log10|dL/dh_t| hist bins=60 range=(-12.00,-2.48) mean=-11.95 p50=-12.00 p05=-12.00 p95=-12.00
  [diag] sat-dist hist bins=60 sat<0.05=0.0% mean=0.983 p10=0.982 p90=0.983
Iter 0000820: train nll 1.387, valid error 074.960%, best valid error 074.660%, avg grad norm   0.207, avg grad norm (post clip)   0.182, rho_Whh  0.95, Omega  0.00, alpha  0.000, steps in the past 0.000, valid nll 1.387
  [diag] log10|dL/dh_t| hist bins=60 range=(-12.00,-2.48) mean=-11.95 p50=-12.00 p05=-12.00 p95=-12.00
  [diag] sat-dist hist bins=60 sat<0.05=0.0% mean=0.983 p10=0.982 p90=0.984
Iter 0000840: train nll 1.386, valid error 074.900%, best valid error 074.660%, avg grad norm   0.142, avg grad norm (post clip)   0.137, rho_Whh  0.95, Omega  0.00, alpha  0.000, steps in the past 0.000, valid nll 1.387
  [diag] log10|dL/dh_t| hist bins=60 range=(-12.00,-2.48) mean=-11.95 p50=-12.00 p05=-12.00 p95=-12.00
  [diag] sat-dist hist bins=60 sat<0.05=0.0% mean=0.984 p10=0.983 p90=0.984
Iter 0000860: train nll 1.387, valid error 074.600%, best valid error 074.660%, avg grad norm   0.189, avg grad norm (post clip)   0.169, rho_Whh  0.95, Omega  0.00, alpha  0.000, steps in the past 0.000, valid nll 1.387
  [diag] log10|dL/dh_t| hist bins=60 range=(-12.00,-2.48) mean=-11.95 p50=-12.00 p05=-12.00 p95=-12.00
  [diag] sat-dist hist bins=60 sat<0.05=0.0% mean=0.984 p10=0.983 p90=0.984
Iter 0000880: train nll 1.386, valid error 075.320%, best valid error 074.600%, avg grad norm   0.156, avg grad norm (post clip)   0.155, rho_Whh  0.95, Omega  0.00, alpha  0.000, steps in the past 0.000, valid nll 1.387
  [diag] log10|dL/dh_t| hist bins=60 range=(-12.00,-2.48) mean=-11.95 p50=-12.00 p05=-12.00 p95=-12.00
  [diag] sat-dist hist bins=60 sat<0.05=0.0% mean=0.984 p10=0.983 p90=0.984
Iter 0000900: train nll 1.387, valid error 076.280%, best valid error 074.600%, avg grad norm   0.176, avg grad norm (post clip)   0.165, rho_Whh  0.95, Omega  0.00, alpha  0.000, steps in the past 0.000, valid nll 1.387
  [diag] log10|dL/dh_t| hist bins=60 range=(-12.00,-2.48) mean=-11.95 p50=-12.00 p05=-12.00 p95=-12.00
  [diag] sat-dist hist bins=60 sat<0.05=0.0% mean=0.984 p10=0.983 p90=0.984
Iter 0000920: train nll 1.387, valid error 075.860%, best valid error 074.600%, avg grad norm   0.169, avg grad norm (post clip)   0.169, rho_Whh  0.95, Omega  0.00, alpha  0.000, steps in the past 0.000, valid nll 1.387
  [diag] log10|dL/dh_t| hist bins=60 range=(-12.00,-2.48) mean=-11.95 p50=-12.00 p05=-12.00 p95=-12.00
  [diag] sat-dist hist bins=60 sat<0.05=0.0% mean=0.984 p10=0.983 p90=0.984
Iter 0000940: train nll 1.386, valid error 076.220%, best valid error 074.600%, avg grad norm   0.185, avg grad norm (post clip)   0.166, rho_Whh  0.95, Omega  0.00, alpha  0.000, steps in the past 0.000, valid nll 1.387
  [diag] log10|dL/dh_t| hist bins=60 range=(-12.00,-2.48) mean=-11.95 p50=-12.00 p05=-12.00 p95=-12.00
  [diag] sat-dist hist bins=60 sat<0.05=0.0% mean=0.984 p10=0.983 p90=0.984
Iter 0000960: train nll 1.387, valid error 076.240%, best valid error 074.600%, avg grad norm   0.174, avg grad norm (post clip)   0.167, rho_Whh  0.95, Omega  0.00, alpha  0.000, steps in the past 0.000, valid nll 1.387
  [diag] log10|dL/dh_t| hist bins=60 range=(-12.00,-2.48) mean=-11.95 p50=-12.00 p05=-12.00 p95=-12.00
  [diag] sat-dist hist bins=60 sat<0.05=0.0% mean=0.984 p10=0.983 p90=0.984
Iter 0000980: train nll 1.387, valid error 076.360%, best valid error 074.600%, avg grad norm   0.197, avg grad norm (post clip)   0.171, rho_Whh  0.95, Omega  0.00, alpha  0.000, steps in the past 0.000, valid nll 1.387
  [diag] log10|dL/dh_t| hist bins=60 range=(-12.00,-2.48) mean=-11.95 p50=-12.00 p05=-12.00 p95=-12.00
  [diag] sat-dist hist bins=60 sat<0.05=0.0% mean=0.984 p10=0.983 p90=0.985
Iter 0001000: train nll 1.386, valid error 076.260%, best valid error 074.600%, avg grad norm   0.170, avg grad norm (post clip)   0.161, rho_Whh  0.95, Omega  0.00, alpha  0.000, steps in the past 0.000, valid nll 1.387
  [diag] log10|dL/dh_t| hist bins=60 range=(-12.00,-2.48) mean=-11.95 p50=-12.00 p05=-12.00 p95=-12.00
  [diag] sat-dist hist bins=60 sat<0.05=0.0% mean=0.984 p10=0.983 p90=0.984
Iter 0001020: train nll 1.387, valid error 076.180%, best valid error 074.600%, avg grad norm   0.215, avg grad norm (post clip)   0.186, rho_Whh  0.95, Omega  0.00, alpha  0.000, steps in the past 0.000, valid nll 1.387
  [diag] log10|dL/dh_t| hist bins=60 range=(-12.00,-2.48) mean=-11.95 p50=-12.00 p05=-12.00 p95=-12.00
  [diag] sat-dist hist bins=60 sat<0.05=0.0% mean=0.983 p10=0.983 p90=0.984
Iter 0001040: train nll 1.386, valid error 075.980%, best valid error 074.600%, avg grad norm   0.177, avg grad norm (post clip)   0.169, rho_Whh  0.95, Omega  0.00, alpha  0.000, steps in the past 0.000, valid nll 1.387
  [diag] log10|dL/dh_t| hist bins=60 range=(-12.00,-2.48) mean=-11.95 p50=-12.00 p05=-12.00 p95=-12.00
  [diag] sat-dist hist bins=60 sat<0.05=0.0% mean=0.984 p10=0.983 p90=0.985
Iter 0001060: train nll 1.386, valid error 076.260%, best valid error 074.600%, avg grad norm   0.169, avg grad norm (post clip)   0.168, rho_Whh  0.95, Omega  0.00, alpha  0.000, steps in the past 0.000, valid nll 1.387
  [diag] log10|dL/dh_t| hist bins=60 range=(-12.00,-2.48) mean=-11.95 p50=-12.00 p05=-12.00 p95=-12.00
  [diag] sat-dist hist bins=60 sat<0.05=0.0% mean=0.985 p10=0.984 p90=0.985
Iter 0001080: train nll 1.386, valid error 076.260%, best valid error 074.600%, avg grad norm   0.196, avg grad norm (post clip)   0.176, rho_Whh  0.95, Omega  0.00, alpha  0.000, steps in the past 0.000, valid nll 1.387
  [diag] log10|dL/dh_t| hist bins=60 range=(-12.00,-2.48) mean=-11.95 p50=-12.00 p05=-12.00 p95=-12.00
  [diag] sat-dist hist bins=60 sat<0.05=0.0% mean=0.984 p10=0.984 p90=0.985
Iter 0001100: train nll 1.387, valid error 076.260%, best valid error 074.600%, avg grad norm   0.215, avg grad norm (post clip)   0.194, rho_Whh  0.95, Omega  0.00, alpha  0.000, steps in the past 0.000, valid nll 1.387
  [diag] log10|dL/dh_t| hist bins=60 range=(-12.00,-2.48) mean=-11.95 p50=-12.00 p05=-12.00 p95=-12.00
  [diag] sat-dist hist bins=60 sat<0.05=0.0% mean=0.984 p10=0.984 p90=0.985
Iter 0001120: train nll 1.387, valid error 076.280%, best valid error 074.600%, avg grad norm   0.182, avg grad norm (post clip)   0.170, rho_Whh  0.95, Omega  0.00, alpha  0.000, steps in the past 0.000, valid nll 1.387
  [diag] log10|dL/dh_t| hist bins=60 range=(-12.00,-2.48) mean=-11.95 p50=-12.00 p05=-12.00 p95=-12.00
  [diag] sat-dist hist bins=60 sat<0.05=0.0% mean=0.984 p10=0.984 p90=0.985
Iter 0001140: train nll 1.387, valid error 076.260%, best valid error 074.600%, avg grad norm   0.193, avg grad norm (post clip)   0.176, rho_Whh  0.95, Omega  0.00, alpha  0.000, steps in the past 0.000, valid nll 1.387
  [diag] log10|dL/dh_t| hist bins=60 range=(-12.00,-2.48) mean=-11.95 p50=-12.00 p05=-12.00 p95=-12.00
  [diag] sat-dist hist bins=60 sat<0.05=0.0% mean=0.984 p10=0.984 p90=0.985
Iter 0001160: train nll 1.387, valid error 076.260%, best valid error 074.600%, avg grad norm   0.192, avg grad norm (post clip)   0.179, rho_Whh  0.95, Omega  0.00, alpha  0.000, steps in the past 0.000, valid nll 1.387
  [diag] log10|dL/dh_t| hist bins=60 range=(-12.00,-2.48) mean=-11.95 p50=-12.00 p05=-12.00 p95=-12.00
  [diag] sat-dist hist bins=60 sat<0.05=0.0% mean=0.985 p10=0.984 p90=0.985
Iter 0001180: train nll 1.386, valid error 076.260%, best valid error 074.600%, avg grad norm   0.197, avg grad norm (post clip)   0.169, rho_Whh  0.95, Omega  0.00, alpha  0.000, steps in the past 0.000, valid nll 1.387
  [diag] log10|dL/dh_t| hist bins=60 range=(-12.00,-2.48) mean=-11.95 p50=-12.00 p05=-12.00 p95=-12.00
  [diag] sat-dist hist bins=60 sat<0.05=0.0% mean=0.984 p10=0.984 p90=0.985
Iter 0001200: train nll 1.386, valid error 076.260%, best valid error 074.600%, avg grad norm   0.160, avg grad norm (post clip)   0.157, rho_Whh  0.95, Omega  0.00, alpha  0.000, steps in the past 0.000, valid nll 1.387
  [diag] log10|dL/dh_t| hist bins=60 range=(-12.00,-2.48) mean=-11.95 p50=-12.00 p05=-12.00 p95=-12.00
  [diag] sat-dist hist bins=60 sat<0.05=0.0% mean=0.984 p10=0.984 p90=0.985
Iter 0001220: train nll 1.386, valid error 076.260%, best valid error 074.600%, avg grad norm   0.159, avg grad norm (post clip)   0.156, rho_Whh  0.95, Omega  0.00, alpha  0.000, steps in the past 0.000, valid nll 1.387
  [diag] log10|dL/dh_t| hist bins=60 range=(-12.00,-2.48) mean=-11.95 p50=-12.00 p05=-12.00 p95=-12.00
  [diag] sat-dist hist bins=60 sat<0.05=0.0% mean=0.984 p10=0.983 p90=0.985
Iter 0001240: train nll 1.387, valid error 076.260%, best valid error 074.600%, avg grad norm   0.206, avg grad norm (post clip)   0.184, rho_Whh  0.95, Omega  0.00, alpha  0.000, steps in the past 0.000, valid nll 1.387
  [diag] log10|dL/dh_t| hist bins=60 range=(-12.00,-2.48) mean=-11.95 p50=-12.00 p05=-12.00 p95=-12.00
  [diag] sat-dist hist bins=60 sat<0.05=0.0% mean=0.984 p10=0.983 p90=0.985
Iter 0001260: train nll 1.386, valid error 076.260%, best valid error 074.600%, avg grad norm   0.180, avg grad norm (post clip)   0.173, rho_Whh  0.95, Omega  0.00, alpha  0.000, steps in the past 0.000, valid nll 1.387
  [diag] log10|dL/dh_t| hist bins=60 range=(-12.00,-2.48) mean=-11.95 p50=-12.00 p05=-12.00 p95=-12.00
  [diag] sat-dist hist bins=60 sat<0.05=0.0% mean=0.984 p10=0.983 p90=0.985
Iter 0001280: train nll 1.386, valid error 076.260%, best valid error 074.600%, avg grad norm   0.197, avg grad norm (post clip)   0.176, rho_Whh  0.95, Omega  0.00, alpha  0.000, steps in the past 0.000, valid nll 1.387
  [diag] log10|dL/dh_t| hist bins=60 range=(-12.00,-2.48) mean=-11.95 p50=-12.00 p05=-12.00 p95=-12.00
  [diag] sat-dist hist bins=60 sat<0.05=0.0% mean=0.984 p10=0.983 p90=0.984
Iter 0001300: train nll 1.386, valid error 076.260%, best valid error 074.600%, avg grad norm   0.199, avg grad norm (post clip)   0.183, rho_Whh  0.95, Omega  0.00, alpha  0.000, steps in the past 0.000, valid nll 1.387
  [diag] log10|dL/dh_t| hist bins=60 range=(-12.00,-2.48) mean=-11.95 p50=-12.00 p05=-12.00 p95=-12.00
  [diag] sat-dist hist bins=60 sat<0.05=0.0% mean=0.984 p10=0.984 p90=0.985
Iter 0001320: train nll 1.386, valid error 076.260%, best valid error 074.600%, avg grad norm   0.179, avg grad norm (post clip)   0.171, rho_Whh  0.95, Omega  0.00, alpha  0.000, steps in the past 0.000, valid nll 1.387
  [diag] log10|dL/dh_t| hist bins=60 range=(-12.00,-2.48) mean=-11.95 p50=-12.00 p05=-12.00 p95=-12.00
  [diag] sat-dist hist bins=60 sat<0.05=0.0% mean=0.984 p10=0.984 p90=0.985
Iter 0001340: train nll 1.386, valid error 076.260%, best valid error 074.600%, avg grad norm   0.169, avg grad norm (post clip)   0.167, rho_Whh  0.95, Omega  0.00, alpha  0.000, steps in the past 0.000, valid nll 1.387
  [diag] log10|dL/dh_t| hist bins=60 range=(-12.00,-2.48) mean=-11.95 p50=-12.00 p05=-12.00 p95=-12.00
  [diag] sat-dist hist bins=60 sat<0.05=0.0% mean=0.985 p10=0.984 p90=0.985
Iter 0001360: train nll 1.386, valid error 076.260%, best valid error 074.600%, avg grad norm   0.181, avg grad norm (post clip)   0.162, rho_Whh  0.95, Omega  0.00, alpha  0.000, steps in the past 0.000, valid nll 1.387
  [diag] log10|dL/dh_t| hist bins=60 range=(-12.00,-2.48) mean=-11.95 p50=-12.00 p05=-12.00 p95=-12.00
  [diag] sat-dist hist bins=60 sat<0.05=0.0% mean=0.985 p10=0.984 p90=0.985
Iter 0001380: train nll 1.386, valid error 076.260%, best valid error 074.600%, avg grad norm   0.171, avg grad norm (post clip)   0.166, rho_Whh  0.95, Omega  0.00, alpha  0.000, steps in the past 0.000, valid nll 1.387
  [diag] log10|dL/dh_t| hist bins=60 range=(-12.00,-2.48) mean=-11.95 p50=-12.00 p05=-12.00 p95=-12.00
  [diag] sat-dist hist bins=60 sat<0.05=0.0% mean=0.985 p10=0.984 p90=0.985
Iter 0001400: train nll 1.386, valid error 076.260%, best valid error 074.600%, avg grad norm   0.180, avg grad norm (post clip)   0.152, rho_Whh  0.95, Omega  0.00, alpha  0.000, steps in the past 0.000, valid nll 1.387
  [diag] log10|dL/dh_t| hist bins=60 range=(-12.00,-2.48) mean=-11.95 p50=-12.00 p05=-12.00 p95=-12.00
  [diag] sat-dist hist bins=60 sat<0.05=0.0% mean=0.984 p10=0.983 p90=0.985
Iter 0001420: train nll 1.387, valid error 076.260%, best valid error 074.600%, avg grad norm   0.181, avg grad norm (post clip)   0.171, rho_Whh  0.95, Omega  0.00, alpha  0.000, steps in the past 0.000, valid nll 1.387
  [diag] log10|dL/dh_t| hist bins=60 range=(-12.00,-2.48) mean=-11.95 p50=-12.00 p05=-12.00 p95=-12.00
  [diag] sat-dist hist bins=60 sat<0.05=0.0% mean=0.984 p10=0.984 p90=0.985
Iter 0001440: train nll 1.387, valid error 076.260%, best valid error 074.600%, avg grad norm   0.171, avg grad norm (post clip)   0.160, rho_Whh  0.95, Omega  0.00, alpha  0.000, steps in the past 0.000, valid nll 1.387
  [diag] log10|dL/dh_t| hist bins=60 range=(-12.00,-2.48) mean=-11.95 p50=-12.00 p05=-12.00 p95=-12.00
  [diag] sat-dist hist bins=60 sat<0.05=0.0% mean=0.985 p10=0.984 p90=0.985
Iter 0001460: train nll 1.386, valid error 076.260%, best valid error 074.600%, avg grad norm   0.187, avg grad norm (post clip)   0.174, rho_Whh  0.95, Omega  0.00, alpha  0.000, steps in the past 0.000, valid nll 1.387
  [diag] log10|dL/dh_t| hist bins=60 range=(-12.00,-2.48) mean=-11.95 p50=-12.00 p05=-12.00 p95=-12.00
  [diag] sat-dist hist bins=60 sat<0.05=0.0% mean=0.984 p10=0.984 p90=0.985
Iter 0001480: train nll 1.387, valid error 076.260%, best valid error 074.600%, avg grad norm   0.220, avg grad norm (post clip)   0.181, rho_Whh  0.95, Omega  0.00, alpha  0.000, steps in the past 0.000, valid nll 1.387
  [diag] log10|dL/dh_t| hist bins=60 range=(-12.00,-2.48) mean=-11.95 p50=-12.00 p05=-12.00 p95=-12.00
  [diag] sat-dist hist bins=60 sat<0.05=0.0% mean=0.984 p10=0.984 p90=0.985
Iter 0001500: train nll 1.387, valid error 076.260%, best valid error 074.600%, avg grad norm   0.164, avg grad norm (post clip)   0.161, rho_Whh  0.95, Omega  0.00, alpha  0.000, steps in the past 0.000, valid nll 1.387
  [diag] log10|dL/dh_t| hist bins=60 range=(-12.00,-2.48) mean=-11.95 p50=-12.00 p05=-12.00 p95=-12.00
  [diag] sat-dist hist bins=60 sat<0.05=0.0% mean=0.985 p10=0.984 p90=0.985
Iter 0001520: train nll 1.386, valid error 076.260%, best valid error 074.600%, avg grad norm   0.176, avg grad norm (post clip)   0.162, rho_Whh  0.95, Omega  0.00, alpha  0.000, steps in the past 0.000, valid nll 1.387
  [diag] log10|dL/dh_t| hist bins=60 range=(-12.00,-2.48) mean=-11.95 p50=-12.00 p05=-12.00 p95=-12.00
  [diag] sat-dist hist bins=60 sat<0.05=0.0% mean=0.984 p10=0.984 p90=0.985
Iter 0001540: train nll 1.386, valid error 076.260%, best valid error 074.600%, avg grad norm   0.195, avg grad norm (post clip)   0.177, rho_Whh  0.95, Omega  0.00, alpha  0.000, steps in the past 0.000, valid nll 1.387
  [diag] log10|dL/dh_t| hist bins=60 range=(-12.00,-2.48) mean=-11.95 p50=-12.00 p05=-12.00 p95=-12.00
  [diag] sat-dist hist bins=60 sat<0.05=0.0% mean=0.984 p10=0.984 p90=0.985
Iter 0001560: train nll 1.387, valid error 076.260%, best valid error 074.600%, avg grad norm   0.225, avg grad norm (post clip)   0.193, rho_Whh  0.95, Omega  0.00, alpha  0.000, steps in the past 0.000, valid nll 1.387
  [diag] log10|dL/dh_t| hist bins=60 range=(-12.00,-2.48) mean=-11.95 p50=-12.00 p05=-12.00 p95=-12.00
  [diag] sat-dist hist bins=60 sat<0.05=0.0% mean=0.985 p10=0.984 p90=0.985
Iter 0001580: train nll 1.386, valid error 076.260%, best valid error 074.600%, avg grad norm   0.177, avg grad norm (post clip)   0.166, rho_Whh  0.95, Omega  0.00, alpha  0.000, steps in the past 0.000, valid nll 1.387
  [diag] log10|dL/dh_t| hist bins=60 range=(-12.00,-2.48) mean=-11.95 p50=-12.00 p05=-12.00 p95=-12.00
  [diag] sat-dist hist bins=60 sat<0.05=0.0% mean=0.985 p10=0.984 p90=0.985
Iter 0001600: train nll 1.387, valid error 076.260%, best valid error 074.600%, avg grad norm   0.202, avg grad norm (post clip)   0.174, rho_Whh  0.95, Omega  0.00, alpha  0.000, steps in the past 0.000, valid nll 1.387
  [diag] log10|dL/dh_t| hist bins=60 range=(-12.00,-2.48) mean=-11.95 p50=-12.00 p05=-12.00 p95=-12.00
  [diag] sat-dist hist bins=60 sat<0.05=0.0% mean=0.985 p10=0.984 p90=0.986
Iter 0001620: train nll 1.385, valid error 076.260%, best valid error 074.600%, avg grad norm   0.182, avg grad norm (post clip)   0.167, rho_Whh  0.95, Omega  0.00, alpha  0.000, steps in the past 0.000, valid nll 1.387
  [diag] log10|dL/dh_t| hist bins=60 range=(-12.00,-2.48) mean=-11.95 p50=-12.00 p05=-12.00 p95=-12.00
  [diag] sat-dist hist bins=60 sat<0.05=0.0% mean=0.985 p10=0.984 p90=0.986
Iter 0001640: train nll 1.386, valid error 076.260%, best valid error 074.600%, avg grad norm   0.180, avg grad norm (post clip)   0.174, rho_Whh  0.95, Omega  0.00, alpha  0.000, steps in the past 0.000, valid nll 1.387
  [diag] log10|dL/dh_t| hist bins=60 range=(-12.00,-2.48) mean=-11.95 p50=-12.00 p05=-12.00 p95=-12.00
  [diag] sat-dist hist bins=60 sat<0.05=0.0% mean=0.985 p10=0.984 p90=0.985
Iter 0001660: train nll 1.387, valid error 076.260%, best valid error 074.600%, avg grad norm   0.199, avg grad norm (post clip)   0.177, rho_Whh  0.95, Omega  0.00, alpha  0.000, steps in the past 0.000, valid nll 1.387
  [diag] log10|dL/dh_t| hist bins=60 range=(-12.00,-2.48) mean=-11.95 p50=-12.00 p05=-12.00 p95=-12.00
  [diag] sat-dist hist bins=60 sat<0.05=0.0% mean=0.985 p10=0.984 p90=0.985
Iter 0001680: train nll 1.386, valid error 076.260%, best valid error 074.600%, avg grad norm   0.173, avg grad norm (post clip)   0.163, rho_Whh  0.95, Omega  0.00, alpha  0.000, steps in the past 0.000, valid nll 1.387
  [diag] log10|dL/dh_t| hist bins=60 range=(-12.00,-2.48) mean=-11.95 p50=-12.00 p05=-12.00 p95=-12.00
  [diag] sat-dist hist bins=60 sat<0.05=0.0% mean=0.984 p10=0.984 p90=0.985
Iter 0001700: train nll 1.386, valid error 076.280%, best valid error 074.600%, avg grad norm   0.157, avg grad norm (post clip)   0.153, rho_Whh  0.95, Omega  0.00, alpha  0.000, steps in the past 0.000, valid nll 1.387
  [diag] log10|dL/dh_t| hist bins=60 range=(-12.00,-2.48) mean=-11.95 p50=-12.00 p05=-12.00 p95=-12.00
  [diag] sat-dist hist bins=60 sat<0.05=0.0% mean=0.984 p10=0.984 p90=0.985
Iter 0001720: train nll 1.387, valid error 076.280%, best valid error 074.600%, avg grad norm   0.199, avg grad norm (post clip)   0.177, rho_Whh  0.95, Omega  0.00, alpha  0.000, steps in the past 0.000, valid nll 1.387
  [diag] log10|dL/dh_t| hist bins=60 range=(-12.00,-2.48) mean=-11.95 p50=-12.00 p05=-12.00 p95=-12.00
  [diag] sat-dist hist bins=60 sat<0.05=0.0% mean=0.984 p10=0.983 p90=0.985
Iter 0001740: train nll 1.386, valid error 076.260%, best valid error 074.600%, avg grad norm   0.181, avg grad norm (post clip)   0.160, rho_Whh  0.95, Omega  0.00, alpha  0.000, steps in the past 0.000, valid nll 1.387
  [diag] log10|dL/dh_t| hist bins=60 range=(-12.00,-2.48) mean=-11.95 p50=-12.00 p05=-12.00 p95=-12.00
  [diag] sat-dist hist bins=60 sat<0.05=0.0% mean=0.984 p10=0.983 p90=0.984
Iter 0001760: train nll 1.386, valid error 076.300%, best valid error 074.600%, avg grad norm   0.186, avg grad norm (post clip)   0.174, rho_Whh  0.95, Omega  0.00, alpha  0.000, steps in the past 0.000, valid nll 1.387
  [diag] log10|dL/dh_t| hist bins=60 range=(-12.00,-2.48) mean=-11.95 p50=-12.00 p05=-12.00 p95=-12.00
  [diag] sat-dist hist bins=60 sat<0.05=0.0% mean=0.984 p10=0.983 p90=0.984
Iter 0001780: train nll 1.386, valid error 076.280%, best valid error 074.600%, avg grad norm   0.184, avg grad norm (post clip)   0.168, rho_Whh  0.95, Omega  0.00, alpha  0.000, steps in the past 0.000, valid nll 1.387
  [diag] log10|dL/dh_t| hist bins=60 range=(-12.00,-2.48) mean=-11.95 p50=-12.00 p05=-12.00 p95=-12.00
  [diag] sat-dist hist bins=60 sat<0.05=0.0% mean=0.984 p10=0.983 p90=0.984
Iter 0001800: train nll 1.386, valid error 076.260%, best valid error 074.600%, avg grad norm   0.151, avg grad norm (post clip)   0.149, rho_Whh  0.95, Omega  0.00, alpha  0.000, steps in the past 0.000, valid nll 1.387
  [diag] log10|dL/dh_t| hist bins=60 range=(-12.00,-2.48) mean=-11.95 p50=-12.00 p05=-12.00 p95=-12.00
  [diag] sat-dist hist bins=60 sat<0.05=0.0% mean=0.983 p10=0.982 p90=0.984
Iter 0001820: train nll 1.386, valid error 074.940%, best valid error 074.600%, avg grad norm   0.218, avg grad norm (post clip)   0.193, rho_Whh  0.95, Omega  0.00, alpha  0.000, steps in the past 0.000, valid nll 1.387
  [diag] log10|dL/dh_t| hist bins=60 range=(-12.00,-2.48) mean=-11.95 p50=-12.00 p05=-12.00 p95=-12.00
  [diag] sat-dist hist bins=60 sat<0.05=0.0% mean=0.983 p10=0.982 p90=0.983
Iter 0001840: train nll 1.386, valid error 074.700%, best valid error 074.600%, avg grad norm   0.177, avg grad norm (post clip)   0.161, rho_Whh  0.95, Omega  0.00, alpha  0.000, steps in the past 0.000, valid nll 1.387
  [diag] log10|dL/dh_t| hist bins=60 range=(-12.00,-2.48) mean=-11.95 p50=-12.00 p05=-12.00 p95=-12.00
  [diag] sat-dist hist bins=60 sat<0.05=0.0% mean=0.983 p10=0.983 p90=0.984
Iter 0001860: train nll 1.386, valid error 074.680%, best valid error 074.600%, avg grad norm   0.156, avg grad norm (post clip)   0.158, rho_Whh  0.95, Omega  0.00, alpha  0.000, steps in the past 0.000, valid nll 1.387
  [diag] log10|dL/dh_t| hist bins=60 range=(-12.00,-2.48) mean=-11.95 p50=-12.00 p05=-12.00 p95=-12.00
  [diag] sat-dist hist bins=60 sat<0.05=0.0% mean=0.984 p10=0.983 p90=0.984
Iter 0001880: train nll 1.387, valid error 075.520%, best valid error 074.600%, avg grad norm   0.172, avg grad norm (post clip)   0.167, rho_Whh  0.95, Omega  0.00, alpha  0.000, steps in the past 0.000, valid nll 1.387
  [diag] log10|dL/dh_t| hist bins=60 range=(-12.00,-2.48) mean=-11.95 p50=-12.00 p05=-12.00 p95=-12.00
  [diag] sat-dist hist bins=60 sat<0.05=0.0% mean=0.983 p10=0.983 p90=0.984
Iter 0001900: train nll 1.386, valid error 074.500%, best valid error 074.600%, avg grad norm   0.172, avg grad norm (post clip)   0.168, rho_Whh  0.95, Omega  0.00, alpha  0.000, steps in the past 0.000, valid nll 1.387
  [diag] log10|dL/dh_t| hist bins=60 range=(-12.00,-2.48) mean=-11.95 p50=-12.00 p05=-12.00 p95=-12.00
  [diag] sat-dist hist bins=60 sat<0.05=0.0% mean=0.983 p10=0.982 p90=0.983
Iter 0001920: train nll 1.385, valid error 074.940%, best valid error 074.500%, avg grad norm   0.181, avg grad norm (post clip)   0.167, rho_Whh  0.95, Omega  0.00, alpha  0.000, steps in the past 0.000, valid nll 1.387
  [diag] log10|dL/dh_t| hist bins=60 range=(-12.00,-2.48) mean=-11.95 p50=-12.00 p05=-12.00 p95=-12.00
  [diag] sat-dist hist bins=60 sat<0.05=0.0% mean=0.983 p10=0.982 p90=0.983
Iter 0001940: train nll 1.386, valid error 074.680%, best valid error 074.500%, avg grad norm   0.182, avg grad norm (post clip)   0.171, rho_Whh  0.95, Omega  0.00, alpha  0.000, steps in the past 0.000, valid nll 1.387
  [diag] log10|dL/dh_t| hist bins=60 range=(-12.00,-2.48) mean=-11.95 p50=-12.00 p05=-12.00 p95=-12.00
  [diag] sat-dist hist bins=60 sat<0.05=0.0% mean=0.983 p10=0.982 p90=0.983
Iter 0001960: train nll 1.386, valid error 074.740%, best valid error 074.500%, avg grad norm   0.186, avg grad norm (post clip)   0.176, rho_Whh  0.95, Omega  0.00, alpha  0.000, steps in the past 0.000, valid nll 1.387
  [diag] log10|dL/dh_t| hist bins=60 range=(-12.00,-2.48) mean=-11.95 p50=-12.00 p05=-12.00 p95=-12.00
  [diag] sat-dist hist bins=60 sat<0.05=0.0% mean=0.983 p10=0.982 p90=0.983
Iter 0001980: train nll 1.386, valid error 074.860%, best valid error 074.500%, avg grad norm   0.169, avg grad norm (post clip)   0.164, rho_Whh  0.95, Omega  0.00, alpha  0.000, steps in the past 0.000, valid nll 1.387
  [diag] log10|dL/dh_t| hist bins=60 range=(-12.00,-2.48) mean=-11.95 p50=-12.00 p05=-12.00 p95=-12.00
  [diag] sat-dist hist bins=60 sat<0.05=0.0% mean=0.983 p10=0.982 p90=0.983
Iter 0002000: train nll 1.386, valid error 074.960%, best valid error 074.500%, avg grad norm   0.182, avg grad norm (post clip)   0.174, rho_Whh  0.95, Omega  0.00, alpha  0.000, steps in the past 0.000, valid nll 1.387
  [diag] log10|dL/dh_t| hist bins=60 range=(-12.00,-2.48) mean=-11.95 p50=-12.00 p05=-12.00 p95=-12.00
  [diag] sat-dist hist bins=60 sat<0.05=0.0% mean=0.982 p10=0.981 p90=0.983
Iter 0002020: train nll 1.386, valid error 074.960%, best valid error 074.500%, avg grad norm   0.189, avg grad norm (post clip)   0.177, rho_Whh  0.95, Omega  0.00, alpha  0.000, steps in the past 0.000, valid nll 1.387
  [diag] log10|dL/dh_t| hist bins=60 range=(-12.00,-2.48) mean=-11.95 p50=-12.00 p05=-12.00 p95=-12.00
  [diag] sat-dist hist bins=60 sat<0.05=0.0% mean=0.982 p10=0.981 p90=0.982
Iter 0002040: train nll 1.386, valid error 074.960%, best valid error 074.500%, avg grad norm   0.200, avg grad norm (post clip)   0.180, rho_Whh  0.95, Omega  0.00, alpha  0.000, steps in the past 0.000, valid nll 1.387
  [diag] log10|dL/dh_t| hist bins=60 range=(-12.00,-2.48) mean=-11.95 p50=-12.00 p05=-12.00 p95=-12.00
  [diag] sat-dist hist bins=60 sat<0.05=0.0% mean=0.983 p10=0.982 p90=0.983
Iter 0002060: train nll 1.387, valid error 074.960%, best valid error 074.500%, avg grad norm   0.181, avg grad norm (post clip)   0.174, rho_Whh  0.95, Omega  0.00, alpha  0.000, steps in the past 0.000, valid nll 1.387
  [diag] log10|dL/dh_t| hist bins=60 range=(-12.00,-2.48) mean=-11.95 p50=-12.00 p05=-12.00 p95=-12.00
  [diag] sat-dist hist bins=60 sat<0.05=0.0% mean=0.982 p10=0.982 p90=0.983
Iter 0002080: train nll 1.386, valid error 074.960%, best valid error 074.500%, avg grad norm   0.169, avg grad norm (post clip)   0.161, rho_Whh  0.95, Omega  0.00, alpha  0.000, steps in the past 0.000, valid nll 1.387
  [diag] log10|dL/dh_t| hist bins=60 range=(-12.00,-2.48) mean=-11.95 p50=-12.00 p05=-12.00 p95=-12.00
  [diag] sat-dist hist bins=60 sat<0.05=0.0% mean=0.982 p10=0.982 p90=0.983
Iter 0002100: train nll 1.387, valid error 074.960%, best valid error 074.500%, avg grad norm   0.191, avg grad norm (post clip)   0.171, rho_Whh  0.95, Omega  0.00, alpha  0.000, steps in the past 0.000, valid nll 1.387
  [diag] log10|dL/dh_t| hist bins=60 range=(-12.00,-2.48) mean=-11.95 p50=-12.00 p05=-12.00 p95=-12.00
  [diag] sat-dist hist bins=60 sat<0.05=0.0% mean=0.982 p10=0.982 p90=0.983
Iter 0002120: train nll 1.386, valid error 074.960%, best valid error 074.500%, avg grad norm   0.178, avg grad norm (post clip)   0.173, rho_Whh  0.95, Omega  0.00, alpha  0.000, steps in the past 0.000, valid nll 1.387
  [diag] log10|dL/dh_t| hist bins=60 range=(-12.00,-2.48) mean=-11.95 p50=-12.00 p05=-12.00 p95=-12.00
  [diag] sat-dist hist bins=60 sat<0.05=0.0% mean=0.982 p10=0.981 p90=0.982
Iter 0002140: train nll 1.387, valid error 074.960%, best valid error 074.500%, avg grad norm   0.191, avg grad norm (post clip)   0.175, rho_Whh  0.95, Omega  0.00, alpha  0.000, steps in the past 0.000, valid nll 1.387
  [diag] log10|dL/dh_t| hist bins=60 range=(-12.00,-2.48) mean=-11.95 p50=-12.00 p05=-12.00 p95=-12.00
  [diag] sat-dist hist bins=60 sat<0.05=0.0% mean=0.981 p10=0.980 p90=0.981
Iter 0002160: train nll 1.387, valid error 074.960%, best valid error 074.500%, avg grad norm   0.199, avg grad norm (post clip)   0.171, rho_Whh  0.95, Omega  0.00, alpha  0.000, steps in the past 0.000, valid nll 1.386
  [diag] log10|dL/dh_t| hist bins=60 range=(-12.00,-2.48) mean=-11.95 p50=-12.00 p05=-12.00 p95=-12.00
  [diag] sat-dist hist bins=60 sat<0.05=0.0% mean=0.980 p10=0.979 p90=0.980
Iter 0002180: train nll 1.386, valid error 074.960%, best valid error 074.500%, avg grad norm   0.207, avg grad norm (post clip)   0.184, rho_Whh  0.95, Omega  0.00, alpha  0.000, steps in the past 0.000, valid nll 1.386
  [diag] log10|dL/dh_t| hist bins=60 range=(-12.00,-2.48) mean=-11.95 p50=-12.00 p05=-12.00 p95=-12.00
  [diag] sat-dist hist bins=60 sat<0.05=0.0% mean=0.980 p10=0.979 p90=0.980
Iter 0002200: train nll 1.386, valid error 074.960%, best valid error 074.500%, avg grad norm   0.197, avg grad norm (post clip)   0.182, rho_Whh  0.95, Omega  0.00, alpha  0.000, steps in the past 0.000, valid nll 1.386
  [diag] log10|dL/dh_t| hist bins=60 range=(-12.00,-2.48) mean=-11.95 p50=-12.00 p05=-12.00 p95=-12.00
  [diag] sat-dist hist bins=60 sat<0.05=0.0% mean=0.981 p10=0.980 p90=0.981
Iter 0002220: train nll 1.387, valid error 074.960%, best valid error 074.500%, avg grad norm   0.196, avg grad norm (post clip)   0.173, rho_Whh  0.95, Omega  0.00, alpha  0.000, steps in the past 0.000, valid nll 1.386
  [diag] log10|dL/dh_t| hist bins=60 range=(-12.00,-2.48) mean=-11.95 p50=-12.00 p05=-12.00 p95=-12.00
  [diag] sat-dist hist bins=60 sat<0.05=0.0% mean=0.981 p10=0.980 p90=0.981
Iter 0002240: train nll 1.386, valid error 074.960%, best valid error 074.500%, avg grad norm   0.194, avg grad norm (post clip)   0.181, rho_Whh  0.95, Omega  0.00, alpha  0.000, steps in the past 0.000, valid nll 1.386
  [diag] log10|dL/dh_t| hist bins=60 range=(-12.00,-2.48) mean=-11.95 p50=-12.00 p05=-12.00 p95=-12.00
  [diag] sat-dist hist bins=60 sat<0.05=0.0% mean=0.980 p10=0.979 p90=0.980
Iter 0002260: train nll 1.386, valid error 074.960%, best valid error 074.500%, avg grad norm   0.173, avg grad norm (post clip)   0.166, rho_Whh  0.95, Omega  0.00, alpha  0.000, steps in the past 0.000, valid nll 1.386
  [diag] log10|dL/dh_t| hist bins=60 range=(-12.00,-2.48) mean=-11.95 p50=-12.00 p05=-12.00 p95=-12.00
  [diag] sat-dist hist bins=60 sat<0.05=0.0% mean=0.980 p10=0.979 p90=0.981
Iter 0002280: train nll 1.387, valid error 074.960%, best valid error 074.500%, avg grad norm   0.197, avg grad norm (post clip)   0.169, rho_Whh  0.95, Omega  0.00, alpha  0.000, steps in the past 0.000, valid nll 1.386
  [diag] log10|dL/dh_t| hist bins=60 range=(-12.00,-2.48) mean=-11.95 p50=-12.00 p05=-12.00 p95=-12.00
  [diag] sat-dist hist bins=60 sat<0.05=0.0% mean=0.980 p10=0.980 p90=0.981
Iter 0002300: train nll 1.386, valid error 074.960%, best valid error 074.500%, avg grad norm   0.186, avg grad norm (post clip)   0.181, rho_Whh  0.95, Omega  0.00, alpha  0.000, steps in the past 0.000, valid nll 1.386
  [diag] log10|dL/dh_t| hist bins=60 range=(-12.00,-2.48) mean=-11.95 p50=-12.00 p05=-12.00 p95=-12.00
  [diag] sat-dist hist bins=60 sat<0.05=0.0% mean=0.981 p10=0.980 p90=0.981
Iter 0002320: train nll 1.387, valid error 074.960%, best valid error 074.500%, avg grad norm   0.197, avg grad norm (post clip)   0.179, rho_Whh  0.95, Omega  0.00, alpha  0.000, steps in the past 0.000, valid nll 1.386
  [diag] log10|dL/dh_t| hist bins=60 range=(-12.00,-2.48) mean=-11.95 p50=-12.00 p05=-12.00 p95=-12.00
  [diag] sat-dist hist bins=60 sat<0.05=0.0% mean=0.981 p10=0.980 p90=0.981
Iter 0002340: train nll 1.387, valid error 074.960%, best valid error 074.500%, avg grad norm   0.175, avg grad norm (post clip)   0.161, rho_Whh  0.95, Omega  0.00, alpha  0.000, steps in the past 0.000, valid nll 1.386
  [diag] log10|dL/dh_t| hist bins=60 range=(-12.00,-2.48) mean=-11.95 p50=-12.00 p05=-12.00 p95=-12.00
  [diag] sat-dist hist bins=60 sat<0.05=0.0% mean=0.980 p10=0.979 p90=0.980
Iter 0002360: train nll 1.385, valid error 074.960%, best valid error 074.500%, avg grad norm   0.221, avg grad norm (post clip)   0.186, rho_Whh  0.95, Omega  0.00, alpha  0.000, steps in the past 0.000, valid nll 1.386
  [diag] log10|dL/dh_t| hist bins=60 range=(-12.00,-2.48) mean=-11.95 p50=-12.00 p05=-12.00 p95=-12.00
  [diag] sat-dist hist bins=60 sat<0.05=0.0% mean=0.981 p10=0.980 p90=0.981
Iter 0002380: train nll 1.387, valid error 074.960%, best valid error 074.500%, avg grad norm   0.203, avg grad norm (post clip)   0.185, rho_Whh  0.95, Omega  0.00, alpha  0.000, steps in the past 0.000, valid nll 1.386
  [diag] log10|dL/dh_t| hist bins=60 range=(-12.00,-2.48) mean=-11.95 p50=-12.00 p05=-12.00 p95=-12.00
  [diag] sat-dist hist bins=60 sat<0.05=0.0% mean=0.981 p10=0.980 p90=0.981
Iter 0002400: train nll 1.386, valid error 074.960%, best valid error 074.500%, avg grad norm   0.176, avg grad norm (post clip)   0.170, rho_Whh  0.95, Omega  0.00, alpha  0.000, steps in the past 0.000, valid nll 1.386
  [diag] log10|dL/dh_t| hist bins=60 range=(-12.00,-2.48) mean=-11.95 p50=-12.00 p05=-12.00 p95=-12.00
  [diag] sat-dist hist bins=60 sat<0.05=0.0% mean=0.982 p10=0.981 p90=0.982
Iter 0002420: train nll 1.386, valid error 074.960%, best valid error 074.500%, avg grad norm   0.164, avg grad norm (post clip)   0.164, rho_Whh  0.95, Omega  0.00, alpha  0.000, steps in the past 0.000, valid nll 1.387
  [diag] log10|dL/dh_t| hist bins=60 range=(-12.00,-2.48) mean=-11.95 p50=-12.00 p05=-12.00 p95=-12.00
  [diag] sat-dist hist bins=60 sat<0.05=0.0% mean=0.982 p10=0.981 p90=0.982
Iter 0002440: train nll 1.386, valid error 074.960%, best valid error 074.500%, avg grad norm   0.201, avg grad norm (post clip)   0.172, rho_Whh  0.95, Omega  0.00, alpha  0.000, steps in the past 0.000, valid nll 1.387
  [diag] log10|dL/dh_t| hist bins=60 range=(-12.00,-2.48) mean=-11.95 p50=-12.00 p05=-12.00 p95=-12.00
  [diag] sat-dist hist bins=60 sat<0.05=0.0% mean=0.982 p10=0.981 p90=0.982
Iter 0002460: train nll 1.387, valid error 074.960%, best valid error 074.500%, avg grad norm   0.188, avg grad norm (post clip)   0.174, rho_Whh  0.95, Omega  0.00, alpha  0.000, steps in the past 0.000, valid nll 1.387
  [diag] log10|dL/dh_t| hist bins=60 range=(-12.00,-2.48) mean=-11.95 p50=-12.00 p05=-12.00 p95=-12.00
  [diag] sat-dist hist bins=60 sat<0.05=0.0% mean=0.982 p10=0.981 p90=0.982
Iter 0002480: train nll 1.386, valid error 074.960%, best valid error 074.500%, avg grad norm   0.170, avg grad norm (post clip)   0.170, rho_Whh  0.95, Omega  0.00, alpha  0.000, steps in the past 0.000, valid nll 1.387
  [diag] log10|dL/dh_t| hist bins=60 range=(-12.00,-2.48) mean=-11.95 p50=-12.00 p05=-12.00 p95=-12.00
  [diag] sat-dist hist bins=60 sat<0.05=0.0% mean=0.982 p10=0.982 p90=0.983
Iter 0002500: train nll 1.387, valid error 074.940%, best valid error 074.500%, avg grad norm   0.193, avg grad norm (post clip)   0.173, rho_Whh  0.95, Omega  0.00, alpha  0.000, steps in the past 0.000, valid nll 1.387
  [diag] log10|dL/dh_t| hist bins=60 range=(-12.00,-2.48) mean=-11.95 p50=-12.00 p05=-12.00 p95=-12.00
  [diag] sat-dist hist bins=60 sat<0.05=0.0% mean=0.983 p10=0.982 p90=0.983
Iter 0002520: train nll 1.387, valid error 074.960%, best valid error 074.500%, avg grad norm   0.164, avg grad norm (post clip)   0.155, rho_Whh  0.95, Omega  0.00, alpha  0.000, steps in the past 0.000, valid nll 1.387
  [diag] log10|dL/dh_t| hist bins=60 range=(-12.00,-2.48) mean=-11.95 p50=-12.00 p05=-12.00 p95=-12.00
  [diag] sat-dist hist bins=60 sat<0.05=0.0% mean=0.982 p10=0.981 p90=0.982
Iter 0002540: train nll 1.385, valid error 074.960%, best valid error 074.500%, avg grad norm   0.212, avg grad norm (post clip)   0.179, rho_Whh  0.95, Omega  0.00, alpha  0.000, steps in the past 0.000, valid nll 1.387
  [diag] log10|dL/dh_t| hist bins=60 range=(-12.00,-2.48) mean=-11.95 p50=-12.00 p05=-12.00 p95=-12.00
  [diag] sat-dist hist bins=60 sat<0.05=0.0% mean=0.982 p10=0.982 p90=0.983
Iter 0002560: train nll 1.387, valid error 074.960%, best valid error 074.500%, avg grad norm   0.198, avg grad norm (post clip)   0.176, rho_Whh  0.95, Omega  0.00, alpha  0.000, steps in the past 0.000, valid nll 1.386
  [diag] log10|dL/dh_t| hist bins=60 range=(-12.00,-2.48) mean=-11.95 p50=-12.00 p05=-12.00 p95=-12.00
  [diag] sat-dist hist bins=60 sat<0.05=0.0% mean=0.981 p10=0.980 p90=0.982
Iter 0002580: train nll 1.385, valid error 074.960%, best valid error 074.500%, avg grad norm   0.174, avg grad norm (post clip)   0.167, rho_Whh  0.95, Omega  0.00, alpha  0.000, steps in the past 0.000, valid nll 1.386
  [diag] log10|dL/dh_t| hist bins=60 range=(-12.00,-2.48) mean=-11.95 p50=-12.00 p05=-12.00 p95=-12.00
  [diag] sat-dist hist bins=60 sat<0.05=0.0% mean=0.981 p10=0.980 p90=0.982
Iter 0002600: train nll 1.386, valid error 074.960%, best valid error 074.500%, avg grad norm   0.175, avg grad norm (post clip)   0.172, rho_Whh  0.95, Omega  0.00, alpha  0.000, steps in the past 0.000, valid nll 1.386
  [diag] log10|dL/dh_t| hist bins=60 range=(-12.00,-2.48) mean=-11.95 p50=-12.00 p05=-12.00 p95=-12.00
  [diag] sat-dist hist bins=60 sat<0.05=0.0% mean=0.981 p10=0.980 p90=0.981
Iter 0002620: train nll 1.387, valid error 074.960%, best valid error 074.500%, avg grad norm   0.214, avg grad norm (post clip)   0.190, rho_Whh  0.95, Omega  0.00, alpha  0.000, steps in the past 0.000, valid nll 1.386
  [diag] log10|dL/dh_t| hist bins=60 range=(-12.00,-2.48) mean=-11.95 p50=-12.00 p05=-12.00 p95=-12.00
  [diag] sat-dist hist bins=60 sat<0.05=0.0% mean=0.982 p10=0.981 p90=0.982
Iter 0002640: train nll 1.387, valid error 074.960%, best valid error 074.500%, avg grad norm   0.191, avg grad norm (post clip)   0.179, rho_Whh  0.95, Omega  0.00, alpha  0.000, steps in the past 0.000, valid nll 1.386
  [diag] log10|dL/dh_t| hist bins=60 range=(-12.00,-2.48) mean=-11.95 p50=-12.00 p05=-12.00 p95=-12.00
  [diag] sat-dist hist bins=60 sat<0.05=0.0% mean=0.982 p10=0.981 p90=0.982
Iter 0002660: train nll 1.386, valid error 074.960%, best valid error 074.500%, avg grad norm   0.190, avg grad norm (post clip)   0.174, rho_Whh  0.95, Omega  0.00, alpha  0.000, steps in the past 0.000, valid nll 1.386
  [diag] log10|dL/dh_t| hist bins=60 range=(-12.00,-2.48) mean=-11.95 p50=-12.00 p05=-12.00 p95=-12.00
  [diag] sat-dist hist bins=60 sat<0.05=0.0% mean=0.982 p10=0.981 p90=0.983
Iter 0002680: train nll 1.387, valid error 074.960%, best valid error 074.500%, avg grad norm   0.169, avg grad norm (post clip)   0.173, rho_Whh  0.95, Omega  0.00, alpha  0.000, steps in the past 0.000, valid nll 1.386
  [diag] log10|dL/dh_t| hist bins=60 range=(-12.00,-2.48) mean=-11.95 p50=-12.00 p05=-12.00 p95=-12.00
  [diag] sat-dist hist bins=60 sat<0.05=0.0% mean=0.982 p10=0.982 p90=0.983
Iter 0002700: train nll 1.387, valid error 074.960%, best valid error 074.500%, avg grad norm   0.161, avg grad norm (post clip)   0.154, rho_Whh  0.95, Omega  0.00, alpha  0.000, steps in the past 0.000, valid nll 1.386
  [diag] log10|dL/dh_t| hist bins=60 range=(-12.00,-2.48) mean=-11.95 p50=-12.00 p05=-12.00 p95=-12.00
  [diag] sat-dist hist bins=60 sat<0.05=0.0% mean=0.983 p10=0.982 p90=0.984
Iter 0002720: train nll 1.387, valid error 074.960%, best valid error 074.500%, avg grad norm   0.176, avg grad norm (post clip)   0.177, rho_Whh  0.95, Omega  0.00, alpha  0.000, steps in the past 0.000, valid nll 1.386
  [diag] log10|dL/dh_t| hist bins=60 range=(-12.00,-2.48) mean=-11.95 p50=-12.00 p05=-12.00 p95=-12.00
  [diag] sat-dist hist bins=60 sat<0.05=0.0% mean=0.983 p10=0.982 p90=0.983
Iter 0002740: train nll 1.386, valid error 074.960%, best valid error 074.500%, avg grad norm   0.170, avg grad norm (post clip)   0.170, rho_Whh  0.95, Omega  0.00, alpha  0.000, steps in the past 0.000, valid nll 1.386
  [diag] log10|dL/dh_t| hist bins=60 range=(-12.00,-2.48) mean=-11.95 p50=-12.00 p05=-12.00 p95=-12.00
  [diag] sat-dist hist bins=60 sat<0.05=0.0% mean=0.983 p10=0.982 p90=0.983
Iter 0002760: train nll 1.386, valid error 074.960%, best valid error 074.500%, avg grad norm   0.186, avg grad norm (post clip)   0.171, rho_Whh  0.95, Omega  0.00, alpha  0.000, steps in the past 0.000, valid nll 1.387
  [diag] log10|dL/dh_t| hist bins=60 range=(-12.00,-2.48) mean=-11.95 p50=-12.00 p05=-12.00 p95=-12.00
  [diag] sat-dist hist bins=60 sat<0.05=0.0% mean=0.983 p10=0.982 p90=0.983
Iter 0002780: train nll 1.386, valid error 074.960%, best valid error 074.500%, avg grad norm   0.174, avg grad norm (post clip)   0.161, rho_Whh  0.95, Omega  0.00, alpha  0.000, steps in the past 0.000, valid nll 1.387
  [diag] log10|dL/dh_t| hist bins=60 range=(-12.00,-2.48) mean=-11.95 p50=-12.00 p05=-12.00 p95=-12.00
  [diag] sat-dist hist bins=60 sat<0.05=0.0% mean=0.983 p10=0.982 p90=0.983
Iter 0002800: train nll 1.386, valid error 074.960%, best valid error 074.500%, avg grad norm   0.180, avg grad norm (post clip)   0.168, rho_Whh  0.95, Omega  0.00, alpha  0.000, steps in the past 0.000, valid nll 1.387
  [diag] log10|dL/dh_t| hist bins=60 range=(-12.00,-2.48) mean=-11.95 p50=-12.00 p05=-12.00 p95=-12.00
  [diag] sat-dist hist bins=60 sat<0.05=0.0% mean=0.982 p10=0.982 p90=0.983
Iter 0002820: train nll 1.387, valid error 074.960%, best valid error 074.500%, avg grad norm   0.172, avg grad norm (post clip)   0.164, rho_Whh  0.95, Omega  0.00, alpha  0.000, steps in the past 0.000, valid nll 1.386
  [diag] log10|dL/dh_t| hist bins=60 range=(-12.00,-2.48) mean=-11.95 p50=-12.00 p05=-12.00 p95=-12.00
  [diag] sat-dist hist bins=60 sat<0.05=0.0% mean=0.983 p10=0.982 p90=0.983
Iter 0002840: train nll 1.386, valid error 074.960%, best valid error 074.500%, avg grad norm   0.163, avg grad norm (post clip)   0.161, rho_Whh  0.95, Omega  0.00, alpha  0.000, steps in the past 0.000, valid nll 1.386
  [diag] log10|dL/dh_t| hist bins=60 range=(-12.00,-2.48) mean=-11.95 p50=-12.00 p05=-12.00 p95=-12.00
  [diag] sat-dist hist bins=60 sat<0.05=0.0% mean=0.983 p10=0.982 p90=0.983
Iter 0002860: train nll 1.385, valid error 074.940%, best valid error 074.500%, avg grad norm   0.180, avg grad norm (post clip)   0.169, rho_Whh  0.95, Omega  0.00, alpha  0.000, steps in the past 0.000, valid nll 1.387
  [diag] log10|dL/dh_t| hist bins=60 range=(-12.00,-2.48) mean=-11.95 p50=-12.00 p05=-12.00 p95=-12.00
  [diag] sat-dist hist bins=60 sat<0.05=0.0% mean=0.983 p10=0.982 p90=0.984
Iter 0002880: train nll 1.386, valid error 074.620%, best valid error 074.500%, avg grad norm   0.191, avg grad norm (post clip)   0.183, rho_Whh  0.95, Omega  0.00, alpha  0.000, steps in the past 0.000, valid nll 1.386
  [diag] log10|dL/dh_t| hist bins=60 range=(-12.00,-2.48) mean=-11.95 p50=-12.00 p05=-12.00 p95=-12.00
  [diag] sat-dist hist bins=60 sat<0.05=0.0% mean=0.984 p10=0.983 p90=0.984
Iter 0002900: train nll 1.386, valid error 074.600%, best valid error 074.500%, avg grad norm   0.181, avg grad norm (post clip)   0.171, rho_Whh  0.95, Omega  0.00, alpha  0.000, steps in the past 0.000, valid nll 1.387
  [diag] log10|dL/dh_t| hist bins=60 range=(-12.00,-2.48) mean=-11.95 p50=-12.00 p05=-12.00 p95=-12.00
  [diag] sat-dist hist bins=60 sat<0.05=0.0% mean=0.984 p10=0.983 p90=0.984
Iter 0002920: train nll 1.387, valid error 074.660%, best valid error 074.500%, avg grad norm   0.190, avg grad norm (post clip)   0.180, rho_Whh  0.95, Omega  0.00, alpha  0.000, steps in the past 0.000, valid nll 1.387
  [diag] log10|dL/dh_t| hist bins=60 range=(-12.00,-2.48) mean=-11.95 p50=-12.00 p05=-12.00 p95=-12.00
  [diag] sat-dist hist bins=60 sat<0.05=0.0% mean=0.984 p10=0.983 p90=0.984
Iter 0002940: train nll 1.386, valid error 074.560%, best valid error 074.500%, avg grad norm   0.158, avg grad norm (post clip)   0.158, rho_Whh  0.95, Omega  0.00, alpha  0.000, steps in the past 0.000, valid nll 1.387
  [diag] log10|dL/dh_t| hist bins=60 range=(-12.00,-2.48) mean=-11.95 p50=-12.00 p05=-12.00 p95=-12.00
  [diag] sat-dist hist bins=60 sat<0.05=0.0% mean=0.984 p10=0.983 p90=0.984
Iter 0002960: train nll 1.386, valid error 075.000%, best valid error 074.500%, avg grad norm   0.164, avg grad norm (post clip)   0.155, rho_Whh  0.95, Omega  0.00, alpha  0.000, steps in the past 0.000, valid nll 1.387
  [diag] log10|dL/dh_t| hist bins=60 range=(-12.00,-2.48) mean=-11.95 p50=-12.00 p05=-12.00 p95=-12.00
  [diag] sat-dist hist bins=60 sat<0.05=0.0% mean=0.983 p10=0.983 p90=0.984
Iter 0002980: train nll 1.386, valid error 074.760%, best valid error 074.500%, avg grad norm   0.190, avg grad norm (post clip)   0.174, rho_Whh  0.95, Omega  0.00, alpha  0.000, steps in the past 0.000, valid nll 1.387
Done. solved=0 steps=2999 best_valid_error=74.5000%
=== DONE  EC_fair_s3_n50_lr0005_cut02_a0 ===
=== START EC_fair_s4_n100_lr001_cut02_a0 ===
Starting to train (PyTorch).
  [diag] log10|dL/dh_t| hist bins=60 range=(-12.00,-2.36) mean=-11.95 p50=-12.00 p05=-12.00 p95=-12.00
  [diag] sat-dist hist bins=60 sat<0.05=0.0% mean=0.949 p10=0.943 p90=0.965
Iter 0000020: train nll 1.455, valid error 074.080%, best valid error 100.000%, avg grad norm   0.274, avg grad norm (post clip)   0.190, rho_Whh  0.95, Omega  0.00, alpha  0.000, steps in the past 0.000, valid nll 1.386
  [diag] log10|dL/dh_t| hist bins=60 range=(-12.00,-2.36) mean=-11.95 p50=-12.00 p05=-12.00 p95=-12.00
  [diag] sat-dist hist bins=60 sat<0.05=0.0% mean=0.972 p10=0.969 p90=0.977
Iter 0000040: train nll 1.387, valid error 074.080%, best valid error 074.080%, avg grad norm   0.249, avg grad norm (post clip)   0.200, rho_Whh  0.95, Omega  0.00, alpha  0.000, steps in the past 0.000, valid nll 1.386
  [diag] log10|dL/dh_t| hist bins=60 range=(-12.00,-2.36) mean=-11.95 p50=-12.00 p05=-12.00 p95=-12.00
  [diag] sat-dist hist bins=60 sat<0.05=0.0% mean=0.976 p10=0.974 p90=0.979
Iter 0000060: train nll 1.387, valid error 074.160%, best valid error 074.080%, avg grad norm   0.207, avg grad norm (post clip)   0.183, rho_Whh  0.95, Omega  0.00, alpha  0.000, steps in the past 0.000, valid nll 1.386
  [diag] log10|dL/dh_t| hist bins=60 range=(-12.00,-2.36) mean=-11.95 p50=-12.00 p05=-12.00 p95=-12.00
  [diag] sat-dist hist bins=60 sat<0.05=0.0% mean=0.978 p10=0.977 p90=0.979
Iter 0000080: train nll 1.386, valid error 075.000%, best valid error 074.080%, avg grad norm   0.187, avg grad norm (post clip)   0.186, rho_Whh  0.95, Omega  0.00, alpha  0.000, steps in the past 0.000, valid nll 1.386
  [diag] log10|dL/dh_t| hist bins=60 range=(-12.00,-2.36) mean=-11.95 p50=-12.00 p05=-12.00 p95=-12.00
  [diag] sat-dist hist bins=60 sat<0.05=0.0% mean=0.975 p10=0.973 p90=0.978
Iter 0000100: train nll 1.386, valid error 075.040%, best valid error 074.080%, avg grad norm   0.205, avg grad norm (post clip)   0.179, rho_Whh  0.95, Omega  0.00, alpha  0.000, steps in the past 0.000, valid nll 1.386
  [diag] log10|dL/dh_t| hist bins=60 range=(-12.00,-2.36) mean=-11.95 p50=-12.00 p05=-12.00 p95=-12.00
  [diag] sat-dist hist bins=60 sat<0.05=0.0% mean=0.977 p10=0.975 p90=0.978
Iter 0000120: train nll 1.386, valid error 076.060%, best valid error 074.080%, avg grad norm   0.209, avg grad norm (post clip)   0.189, rho_Whh  0.95, Omega  0.00, alpha  0.000, steps in the past 0.000, valid nll 1.386
  [diag] log10|dL/dh_t| hist bins=60 range=(-12.00,-2.36) mean=-11.95 p50=-12.00 p05=-12.00 p95=-12.00
  [diag] sat-dist hist bins=60 sat<0.05=0.0% mean=0.981 p10=0.980 p90=0.982
Iter 0000140: train nll 1.386, valid error 075.820%, best valid error 074.080%, avg grad norm   0.218, avg grad norm (post clip)   0.185, rho_Whh  0.95, Omega  0.00, alpha  0.000, steps in the past 0.000, valid nll 1.386
  [diag] log10|dL/dh_t| hist bins=60 range=(-12.00,-2.36) mean=-11.95 p50=-12.00 p05=-12.00 p95=-12.00
  [diag] sat-dist hist bins=60 sat<0.05=0.0% mean=0.978 p10=0.977 p90=0.979
Iter 0000160: train nll 1.386, valid error 076.040%, best valid error 074.080%, avg grad norm   0.193, avg grad norm (post clip)   0.175, rho_Whh  0.95, Omega  0.00, alpha  0.000, steps in the past 0.000, valid nll 1.387
  [diag] log10|dL/dh_t| hist bins=60 range=(-12.00,-2.36) mean=-11.95 p50=-12.00 p05=-12.00 p95=-12.00
  [diag] sat-dist hist bins=60 sat<0.05=0.0% mean=0.960 p10=0.956 p90=0.967
Iter 0000180: train nll 1.386, valid error 076.260%, best valid error 074.080%, avg grad norm   0.267, avg grad norm (post clip)   0.196, rho_Whh  0.95, Omega  0.00, alpha  0.000, steps in the past 0.000, valid nll 1.387
  [diag] log10|dL/dh_t| hist bins=60 range=(-12.00,-2.36) mean=-11.95 p50=-12.00 p05=-12.00 p95=-12.00
  [diag] sat-dist hist bins=60 sat<0.05=0.0% mean=0.959 p10=0.956 p90=0.967
Iter 0000200: train nll 1.386, valid error 075.260%, best valid error 074.080%, avg grad norm   0.231, avg grad norm (post clip)   0.185, rho_Whh  0.95, Omega  0.00, alpha  0.000, steps in the past 0.000, valid nll 1.387
  [diag] log10|dL/dh_t| hist bins=60 range=(-12.00,-2.36) mean=-11.95 p50=-12.00 p05=-12.00 p95=-12.00
  [diag] sat-dist hist bins=60 sat<0.05=0.0% mean=0.969 p10=0.966 p90=0.973
Iter 0000220: train nll 1.386, valid error 076.260%, best valid error 074.080%, avg grad norm   0.286, avg grad norm (post clip)   0.202, rho_Whh  0.95, Omega  0.00, alpha  0.000, steps in the past 0.000, valid nll 1.387
  [diag] log10|dL/dh_t| hist bins=60 range=(-12.00,-2.36) mean=-11.95 p50=-12.00 p05=-12.00 p95=-12.00
  [diag] sat-dist hist bins=60 sat<0.05=0.0% mean=0.976 p10=0.975 p90=0.977
Iter 0000240: train nll 1.386, valid error 076.120%, best valid error 074.080%, avg grad norm   0.209, avg grad norm (post clip)   0.187, rho_Whh  0.95, Omega  0.00, alpha  0.000, steps in the past 0.000, valid nll 1.387
  [diag] log10|dL/dh_t| hist bins=60 range=(-12.00,-2.36) mean=-11.95 p50=-12.00 p05=-12.00 p95=-12.00
  [diag] sat-dist hist bins=60 sat<0.05=0.0% mean=0.978 p10=0.977 p90=0.979
Iter 0000260: train nll 1.386, valid error 076.080%, best valid error 074.080%, avg grad norm   0.190, avg grad norm (post clip)   0.180, rho_Whh  0.95, Omega  0.00, alpha  0.000, steps in the past 0.000, valid nll 1.387
  [diag] log10|dL/dh_t| hist bins=60 range=(-12.00,-2.36) mean=-11.95 p50=-12.00 p05=-12.00 p95=-12.00
  [diag] sat-dist hist bins=60 sat<0.05=0.0% mean=0.980 p10=0.979 p90=0.981
Iter 0000280: train nll 1.386, valid error 075.820%, best valid error 074.080%, avg grad norm   0.227, avg grad norm (post clip)   0.190, rho_Whh  0.95, Omega  0.00, alpha  0.000, steps in the past 0.000, valid nll 1.387
  [diag] log10|dL/dh_t| hist bins=60 range=(-12.00,-2.36) mean=-11.95 p50=-12.00 p05=-12.00 p95=-12.00
  [diag] sat-dist hist bins=60 sat<0.05=0.0% mean=0.977 p10=0.975 p90=0.978
Iter 0000300: train nll 1.386, valid error 075.880%, best valid error 074.080%, avg grad norm   0.192, avg grad norm (post clip)   0.184, rho_Whh  0.95, Omega  0.00, alpha  0.000, steps in the past 0.000, valid nll 1.387
  [diag] log10|dL/dh_t| hist bins=60 range=(-12.00,-2.36) mean=-11.95 p50=-12.00 p05=-12.00 p95=-12.00
  [diag] sat-dist hist bins=60 sat<0.05=0.0% mean=0.979 p10=0.978 p90=0.981
Iter 0000320: train nll 1.387, valid error 074.560%, best valid error 074.080%, avg grad norm   0.215, avg grad norm (post clip)   0.189, rho_Whh  0.95, Omega  0.00, alpha  0.000, steps in the past 0.000, valid nll 1.387
  [diag] log10|dL/dh_t| hist bins=60 range=(-12.00,-2.36) mean=-11.95 p50=-12.00 p05=-12.00 p95=-12.00
  [diag] sat-dist hist bins=60 sat<0.05=0.0% mean=0.978 p10=0.976 p90=0.980
Iter 0000340: train nll 1.387, valid error 074.340%, best valid error 074.080%, avg grad norm   0.227, avg grad norm (post clip)   0.191, rho_Whh  0.95, Omega  0.00, alpha  0.000, steps in the past 0.000, valid nll 1.386
  [diag] log10|dL/dh_t| hist bins=60 range=(-12.00,-2.36) mean=-11.95 p50=-12.00 p05=-12.00 p95=-12.00
  [diag] sat-dist hist bins=60 sat<0.05=0.0% mean=0.976 p10=0.974 p90=0.979
Iter 0000360: train nll 1.387, valid error 074.220%, best valid error 074.080%, avg grad norm   0.211, avg grad norm (post clip)   0.182, rho_Whh  0.95, Omega  0.00, alpha  0.000, steps in the past 0.000, valid nll 1.386
  [diag] log10|dL/dh_t| hist bins=60 range=(-12.00,-2.36) mean=-11.95 p50=-12.00 p05=-12.00 p95=-12.00
  [diag] sat-dist hist bins=60 sat<0.05=0.0% mean=0.977 p10=0.976 p90=0.978
Iter 0000380: train nll 1.386, valid error 074.640%, best valid error 074.080%, avg grad norm   0.192, avg grad norm (post clip)   0.171, rho_Whh  0.95, Omega  0.00, alpha  0.000, steps in the past 0.000, valid nll 1.387
  [diag] log10|dL/dh_t| hist bins=60 range=(-12.00,-2.36) mean=-11.95 p50=-12.00 p05=-12.00 p95=-12.00
  [diag] sat-dist hist bins=60 sat<0.05=0.0% mean=0.972 p10=0.970 p90=0.975
Iter 0000400: train nll 1.386, valid error 074.840%, best valid error 074.080%, avg grad norm   0.185, avg grad norm (post clip)   0.171, rho_Whh  0.95, Omega  0.00, alpha  0.000, steps in the past 0.000, valid nll 1.387
  [diag] log10|dL/dh_t| hist bins=60 range=(-12.00,-2.36) mean=-11.95 p50=-12.00 p05=-12.00 p95=-12.00
  [diag] sat-dist hist bins=60 sat<0.05=0.0% mean=0.967 p10=0.964 p90=0.971
Iter 0000420: train nll 1.386, valid error 074.440%, best valid error 074.080%, avg grad norm   0.219, avg grad norm (post clip)   0.179, rho_Whh  0.95, Omega  0.00, alpha  0.000, steps in the past 0.000, valid nll 1.387
  [diag] log10|dL/dh_t| hist bins=60 range=(-12.00,-2.36) mean=-11.95 p50=-12.00 p05=-12.00 p95=-12.00
  [diag] sat-dist hist bins=60 sat<0.05=0.0% mean=0.975 p10=0.974 p90=0.976
Iter 0000440: train nll 1.387, valid error 074.320%, best valid error 074.080%, avg grad norm   0.178, avg grad norm (post clip)   0.176, rho_Whh  0.95, Omega  0.00, alpha  0.000, steps in the past 0.000, valid nll 1.387
  [diag] log10|dL/dh_t| hist bins=60 range=(-12.00,-2.36) mean=-11.95 p50=-12.00 p05=-12.00 p95=-12.00
  [diag] sat-dist hist bins=60 sat<0.05=0.0% mean=0.979 p10=0.978 p90=0.980
Iter 0000460: train nll 1.386, valid error 074.480%, best valid error 074.080%, avg grad norm   0.214, avg grad norm (post clip)   0.177, rho_Whh  0.95, Omega  0.00, alpha  0.000, steps in the past 0.000, valid nll 1.387
  [diag] log10|dL/dh_t| hist bins=60 range=(-12.00,-2.36) mean=-11.95 p50=-12.00 p05=-12.00 p95=-12.00
  [diag] sat-dist hist bins=60 sat<0.05=0.0% mean=0.978 p10=0.976 p90=0.978
Iter 0000480: train nll 1.386, valid error 074.840%, best valid error 074.080%, avg grad norm   0.195, avg grad norm (post clip)   0.178, rho_Whh  0.95, Omega  0.00, alpha  0.000, steps in the past 0.000, valid nll 1.387
  [diag] log10|dL/dh_t| hist bins=60 range=(-12.00,-2.36) mean=-11.95 p50=-12.00 p05=-12.00 p95=-12.00
  [diag] sat-dist hist bins=60 sat<0.05=0.0% mean=0.981 p10=0.980 p90=0.982
Iter 0000500: train nll 1.387, valid error 074.700%, best valid error 074.080%, avg grad norm   0.185, avg grad norm (post clip)   0.170, rho_Whh  0.95, Omega  0.00, alpha  0.000, steps in the past 0.000, valid nll 1.386
  [diag] log10|dL/dh_t| hist bins=60 range=(-12.00,-2.36) mean=-11.95 p50=-12.00 p05=-12.00 p95=-12.00
  [diag] sat-dist hist bins=60 sat<0.05=0.0% mean=0.979 p10=0.978 p90=0.981
Iter 0000520: train nll 1.387, valid error 074.700%, best valid error 074.080%, avg grad norm   0.186, avg grad norm (post clip)   0.176, rho_Whh  0.95, Omega  0.00, alpha  0.000, steps in the past 0.000, valid nll 1.386
  [diag] log10|dL/dh_t| hist bins=60 range=(-12.00,-2.36) mean=-11.95 p50=-12.00 p05=-12.00 p95=-12.00
  [diag] sat-dist hist bins=60 sat<0.05=0.0% mean=0.974 p10=0.971 p90=0.976
Iter 0000540: train nll 1.386, valid error 074.680%, best valid error 074.080%, avg grad norm   0.204, avg grad norm (post clip)   0.182, rho_Whh  0.95, Omega  0.00, alpha  0.000, steps in the past 0.000, valid nll 1.386
  [diag] log10|dL/dh_t| hist bins=60 range=(-12.00,-2.36) mean=-11.95 p50=-12.00 p05=-12.00 p95=-12.00
  [diag] sat-dist hist bins=60 sat<0.05=0.0% mean=0.974 p10=0.971 p90=0.976
Iter 0000560: train nll 1.387, valid error 074.700%, best valid error 074.080%, avg grad norm   0.181, avg grad norm (post clip)   0.171, rho_Whh  0.95, Omega  0.00, alpha  0.000, steps in the past 0.000, valid nll 1.386
  [diag] log10|dL/dh_t| hist bins=60 range=(-12.00,-2.36) mean=-11.95 p50=-12.00 p05=-12.00 p95=-12.00
  [diag] sat-dist hist bins=60 sat<0.05=0.0% mean=0.972 p10=0.970 p90=0.976
Iter 0000580: train nll 1.386, valid error 074.280%, best valid error 074.080%, avg grad norm   0.198, avg grad norm (post clip)   0.178, rho_Whh  0.95, Omega  0.00, alpha  0.000, steps in the past 0.000, valid nll 1.386
  [diag] log10|dL/dh_t| hist bins=60 range=(-12.00,-2.36) mean=-11.95 p50=-12.00 p05=-12.00 p95=-12.00
  [diag] sat-dist hist bins=60 sat<0.05=0.0% mean=0.975 p10=0.972 p90=0.977
Iter 0000600: train nll 1.387, valid error 075.180%, best valid error 074.080%, avg grad norm   0.218, avg grad norm (post clip)   0.191, rho_Whh  0.95, Omega  0.00, alpha  0.000, steps in the past 0.000, valid nll 1.386
  [diag] log10|dL/dh_t| hist bins=60 range=(-12.00,-2.36) mean=-11.95 p50=-12.00 p05=-12.00 p95=-12.00
  [diag] sat-dist hist bins=60 sat<0.05=0.0% mean=0.973 p10=0.970 p90=0.976
Iter 0000620: train nll 1.386, valid error 074.780%, best valid error 074.080%, avg grad norm   0.216, avg grad norm (post clip)   0.188, rho_Whh  0.95, Omega  0.00, alpha  0.000, steps in the past 0.000, valid nll 1.386
  [diag] log10|dL/dh_t| hist bins=60 range=(-12.00,-2.36) mean=-11.95 p50=-12.00 p05=-12.00 p95=-12.00
  [diag] sat-dist hist bins=60 sat<0.05=0.0% mean=0.972 p10=0.970 p90=0.976
Iter 0000640: train nll 1.387, valid error 074.360%, best valid error 074.080%, avg grad norm   0.206, avg grad norm (post clip)   0.189, rho_Whh  0.95, Omega  0.00, alpha  0.000, steps in the past 0.000, valid nll 1.386
  [diag] log10|dL/dh_t| hist bins=60 range=(-12.00,-2.36) mean=-11.95 p50=-12.00 p05=-12.00 p95=-12.00
  [diag] sat-dist hist bins=60 sat<0.05=0.0% mean=0.976 p10=0.973 p90=0.978
Iter 0000660: train nll 1.385, valid error 074.700%, best valid error 074.080%, avg grad norm   0.206, avg grad norm (post clip)   0.188, rho_Whh  0.95, Omega  0.00, alpha  0.000, steps in the past 0.000, valid nll 1.386
  [diag] log10|dL/dh_t| hist bins=60 range=(-12.00,-2.36) mean=-11.95 p50=-12.00 p05=-12.00 p95=-12.00
  [diag] sat-dist hist bins=60 sat<0.05=0.0% mean=0.976 p10=0.973 p90=0.978
Iter 0000680: train nll 1.387, valid error 074.700%, best valid error 074.080%, avg grad norm   0.158, avg grad norm (post clip)   0.160, rho_Whh  0.95, Omega  0.00, alpha  0.000, steps in the past 0.000, valid nll 1.386
  [diag] log10|dL/dh_t| hist bins=60 range=(-12.00,-2.36) mean=-11.95 p50=-12.00 p05=-12.00 p95=-12.00
  [diag] sat-dist hist bins=60 sat<0.05=0.0% mean=0.976 p10=0.974 p90=0.978
Iter 0000700: train nll 1.387, valid error 074.700%, best valid error 074.080%, avg grad norm   0.236, avg grad norm (post clip)   0.194, rho_Whh  0.95, Omega  0.00, alpha  0.000, steps in the past 0.000, valid nll 1.386
  [diag] log10|dL/dh_t| hist bins=60 range=(-12.00,-2.36) mean=-11.95 p50=-12.00 p05=-12.00 p95=-12.00
  [diag] sat-dist hist bins=60 sat<0.05=0.0% mean=0.979 p10=0.977 p90=0.981
Iter 0000720: train nll 1.387, valid error 074.700%, best valid error 074.080%, avg grad norm   0.196, avg grad norm (post clip)   0.176, rho_Whh  0.95, Omega  0.00, alpha  0.000, steps in the past 0.000, valid nll 1.386
  [diag] log10|dL/dh_t| hist bins=60 range=(-12.00,-2.36) mean=-11.95 p50=-12.00 p05=-12.00 p95=-12.00
  [diag] sat-dist hist bins=60 sat<0.05=0.0% mean=0.978 p10=0.975 p90=0.979
Iter 0000740: train nll 1.386, valid error 074.700%, best valid error 074.080%, avg grad norm   0.213, avg grad norm (post clip)   0.192, rho_Whh  0.95, Omega  0.00, alpha  0.000, steps in the past 0.000, valid nll 1.386
  [diag] log10|dL/dh_t| hist bins=60 range=(-12.00,-2.36) mean=-11.95 p50=-12.00 p05=-12.00 p95=-12.00
  [diag] sat-dist hist bins=60 sat<0.05=0.0% mean=0.974 p10=0.971 p90=0.976
Iter 0000760: train nll 1.386, valid error 074.700%, best valid error 074.080%, avg grad norm   0.195, avg grad norm (post clip)   0.182, rho_Whh  0.95, Omega  0.00, alpha  0.000, steps in the past 0.000, valid nll 1.386
  [diag] log10|dL/dh_t| hist bins=60 range=(-12.00,-2.36) mean=-11.95 p50=-12.00 p05=-12.00 p95=-12.00
  [diag] sat-dist hist bins=60 sat<0.05=0.0% mean=0.980 p10=0.979 p90=0.982
Iter 0000780: train nll 1.387, valid error 074.700%, best valid error 074.080%, avg grad norm   0.203, avg grad norm (post clip)   0.180, rho_Whh  0.95, Omega  0.00, alpha  0.000, steps in the past 0.000, valid nll 1.386
  [diag] log10|dL/dh_t| hist bins=60 range=(-12.00,-2.36) mean=-11.95 p50=-12.00 p05=-12.00 p95=-12.00
  [diag] sat-dist hist bins=60 sat<0.05=0.0% mean=0.981 p10=0.980 p90=0.982
Iter 0000800: train nll 1.386, valid error 074.700%, best valid error 074.080%, avg grad norm   0.190, avg grad norm (post clip)   0.173, rho_Whh  0.95, Omega  0.00, alpha  0.000, steps in the past 0.000, valid nll 1.386
  [diag] log10|dL/dh_t| hist bins=60 range=(-12.00,-2.36) mean=-11.95 p50=-12.00 p05=-12.00 p95=-12.00
  [diag] sat-dist hist bins=60 sat<0.05=0.0% mean=0.980 p10=0.978 p90=0.981
Iter 0000820: train nll 1.385, valid error 074.700%, best valid error 074.080%, avg grad norm   0.202, avg grad norm (post clip)   0.182, rho_Whh  0.95, Omega  0.00, alpha  0.000, steps in the past 0.000, valid nll 1.386
  [diag] log10|dL/dh_t| hist bins=60 range=(-12.00,-2.36) mean=-11.95 p50=-12.00 p05=-12.00 p95=-12.00
  [diag] sat-dist hist bins=60 sat<0.05=0.0% mean=0.981 p10=0.980 p90=0.981
Iter 0000840: train nll 1.387, valid error 074.700%, best valid error 074.080%, avg grad norm   0.183, avg grad norm (post clip)   0.165, rho_Whh  0.95, Omega  0.00, alpha  0.000, steps in the past 0.000, valid nll 1.386
  [diag] log10|dL/dh_t| hist bins=60 range=(-12.00,-2.36) mean=-11.95 p50=-12.00 p05=-12.00 p95=-12.00
  [diag] sat-dist hist bins=60 sat<0.05=0.0% mean=0.981 p10=0.980 p90=0.982
Iter 0000860: train nll 1.387, valid error 074.700%, best valid error 074.080%, avg grad norm   0.184, avg grad norm (post clip)   0.171, rho_Whh  0.95, Omega  0.00, alpha  0.000, steps in the past 0.000, valid nll 1.386
  [diag] log10|dL/dh_t| hist bins=60 range=(-12.00,-2.36) mean=-11.95 p50=-12.00 p05=-12.00 p95=-12.00
  [diag] sat-dist hist bins=60 sat<0.05=0.0% mean=0.981 p10=0.980 p90=0.982
Iter 0000880: train nll 1.386, valid error 074.700%, best valid error 074.080%, avg grad norm   0.189, avg grad norm (post clip)   0.175, rho_Whh  0.95, Omega  0.00, alpha  0.000, steps in the past 0.000, valid nll 1.386
  [diag] log10|dL/dh_t| hist bins=60 range=(-12.00,-2.36) mean=-11.95 p50=-12.00 p05=-12.00 p95=-12.00
  [diag] sat-dist hist bins=60 sat<0.05=0.0% mean=0.980 p10=0.979 p90=0.982
Iter 0000900: train nll 1.387, valid error 074.860%, best valid error 074.080%, avg grad norm   0.215, avg grad norm (post clip)   0.193, rho_Whh  0.95, Omega  0.00, alpha  0.000, steps in the past 0.000, valid nll 1.386
  [diag] log10|dL/dh_t| hist bins=60 range=(-12.00,-2.36) mean=-11.95 p50=-12.00 p05=-12.00 p95=-12.00
  [diag] sat-dist hist bins=60 sat<0.05=0.0% mean=0.979 p10=0.977 p90=0.981
Iter 0000920: train nll 1.387, valid error 074.820%, best valid error 074.080%, avg grad norm   0.218, avg grad norm (post clip)   0.183, rho_Whh  0.95, Omega  0.00, alpha  0.000, steps in the past 0.000, valid nll 1.386
  [diag] log10|dL/dh_t| hist bins=60 range=(-12.00,-2.36) mean=-11.95 p50=-12.00 p05=-12.00 p95=-12.00
  [diag] sat-dist hist bins=60 sat<0.05=0.0% mean=0.977 p10=0.975 p90=0.979
Iter 0000940: train nll 1.386, valid error 074.680%, best valid error 074.080%, avg grad norm   0.217, avg grad norm (post clip)   0.192, rho_Whh  0.95, Omega  0.00, alpha  0.000, steps in the past 0.000, valid nll 1.386
  [diag] log10|dL/dh_t| hist bins=60 range=(-12.00,-2.36) mean=-11.95 p50=-12.00 p05=-12.00 p95=-12.00
  [diag] sat-dist hist bins=60 sat<0.05=0.0% mean=0.980 p10=0.978 p90=0.981
Iter 0000960: train nll 1.387, valid error 074.700%, best valid error 074.080%, avg grad norm   0.236, avg grad norm (post clip)   0.185, rho_Whh  0.95, Omega  0.00, alpha  0.000, steps in the past 0.000, valid nll 1.386
  [diag] log10|dL/dh_t| hist bins=60 range=(-12.00,-2.36) mean=-11.95 p50=-12.00 p05=-12.00 p95=-12.00
  [diag] sat-dist hist bins=60 sat<0.05=0.0% mean=0.978 p10=0.976 p90=0.980
Iter 0000980: train nll 1.385, valid error 074.700%, best valid error 074.080%, avg grad norm   0.178, avg grad norm (post clip)   0.171, rho_Whh  0.95, Omega  0.00, alpha  0.000, steps in the past 0.000, valid nll 1.386
  [diag] log10|dL/dh_t| hist bins=60 range=(-12.00,-2.36) mean=-11.95 p50=-12.00 p05=-12.00 p95=-12.00
  [diag] sat-dist hist bins=60 sat<0.05=0.0% mean=0.977 p10=0.975 p90=0.979
Iter 0001000: train nll 1.386, valid error 074.700%, best valid error 074.080%, avg grad norm   0.230, avg grad norm (post clip)   0.190, rho_Whh  0.95, Omega  0.00, alpha  0.000, steps in the past 0.000, valid nll 1.386
  [diag] log10|dL/dh_t| hist bins=60 range=(-12.00,-2.36) mean=-11.95 p50=-12.00 p05=-12.00 p95=-12.00
  [diag] sat-dist hist bins=60 sat<0.05=0.0% mean=0.977 p10=0.975 p90=0.979
Iter 0001020: train nll 1.387, valid error 074.700%, best valid error 074.080%, avg grad norm   0.197, avg grad norm (post clip)   0.175, rho_Whh  0.95, Omega  0.00, alpha  0.000, steps in the past 0.000, valid nll 1.386
  [diag] log10|dL/dh_t| hist bins=60 range=(-12.00,-2.36) mean=-11.95 p50=-12.00 p05=-12.00 p95=-12.00
  [diag] sat-dist hist bins=60 sat<0.05=0.0% mean=0.981 p10=0.980 p90=0.982
Iter 0001040: train nll 1.386, valid error 074.700%, best valid error 074.080%, avg grad norm   0.222, avg grad norm (post clip)   0.184, rho_Whh  0.95, Omega  0.00, alpha  0.000, steps in the past 0.000, valid nll 1.387
  [diag] log10|dL/dh_t| hist bins=60 range=(-12.00,-2.36) mean=-11.95 p50=-12.00 p05=-12.00 p95=-12.00
  [diag] sat-dist hist bins=60 sat<0.05=0.0% mean=0.981 p10=0.981 p90=0.982
Iter 0001060: train nll 1.387, valid error 074.700%, best valid error 074.080%, avg grad norm   0.188, avg grad norm (post clip)   0.172, rho_Whh  0.95, Omega  0.00, alpha  0.000, steps in the past 0.000, valid nll 1.386
  [diag] log10|dL/dh_t| hist bins=60 range=(-12.00,-2.36) mean=-11.95 p50=-12.00 p05=-12.00 p95=-12.00
  [diag] sat-dist hist bins=60 sat<0.05=0.0% mean=0.981 p10=0.980 p90=0.982
Iter 0001080: train nll 1.385, valid error 074.340%, best valid error 074.080%, avg grad norm   0.200, avg grad norm (post clip)   0.183, rho_Whh  0.95, Omega  0.00, alpha  0.000, steps in the past 0.000, valid nll 1.387
  [diag] log10|dL/dh_t| hist bins=60 range=(-12.00,-2.36) mean=-11.95 p50=-12.00 p05=-12.00 p95=-12.00
  [diag] sat-dist hist bins=60 sat<0.05=0.0% mean=0.972 p10=0.970 p90=0.973
Iter 0001100: train nll 1.385, valid error 076.060%, best valid error 074.080%, avg grad norm   0.211, avg grad norm (post clip)   0.186, rho_Whh  0.95, Omega  0.00, alpha  0.000, steps in the past 0.000, valid nll 1.387
  [diag] log10|dL/dh_t| hist bins=60 range=(-12.00,-2.36) mean=-11.95 p50=-12.00 p05=-12.00 p95=-12.00
  [diag] sat-dist hist bins=60 sat<0.05=0.0% mean=0.971 p10=0.969 p90=0.972
Iter 0001120: train nll 1.386, valid error 076.260%, best valid error 074.080%, avg grad norm   0.198, avg grad norm (post clip)   0.166, rho_Whh  0.95, Omega  0.00, alpha  0.000, steps in the past 0.000, valid nll 1.387
  [diag] log10|dL/dh_t| hist bins=60 range=(-12.00,-2.36) mean=-11.95 p50=-12.00 p05=-12.00 p95=-12.00
  [diag] sat-dist hist bins=60 sat<0.05=0.0% mean=0.972 p10=0.970 p90=0.973
Iter 0001140: train nll 1.386, valid error 076.260%, best valid error 074.080%, avg grad norm   0.224, avg grad norm (post clip)   0.191, rho_Whh  0.95, Omega  0.00, alpha  0.000, steps in the past 0.000, valid nll 1.387
  [diag] log10|dL/dh_t| hist bins=60 range=(-12.00,-2.36) mean=-11.95 p50=-12.00 p05=-12.00 p95=-12.00
  [diag] sat-dist hist bins=60 sat<0.05=0.0% mean=0.977 p10=0.976 p90=0.978
Iter 0001160: train nll 1.389, valid error 075.780%, best valid error 074.080%, avg grad norm   0.214, avg grad norm (post clip)   0.189, rho_Whh  0.95, Omega  0.00, alpha  0.000, steps in the past 0.000, valid nll 1.387
  [diag] log10|dL/dh_t| hist bins=60 range=(-12.00,-2.36) mean=-11.95 p50=-12.00 p05=-12.00 p95=-12.00
  [diag] sat-dist hist bins=60 sat<0.05=0.0% mean=0.976 p10=0.975 p90=0.977
Iter 0001180: train nll 1.387, valid error 075.940%, best valid error 074.080%, avg grad norm   0.221, avg grad norm (post clip)   0.187, rho_Whh  0.95, Omega  0.00, alpha  0.000, steps in the past 0.000, valid nll 1.387
  [diag] log10|dL/dh_t| hist bins=60 range=(-12.00,-2.36) mean=-11.95 p50=-12.00 p05=-12.00 p95=-12.00
  [diag] sat-dist hist bins=60 sat<0.05=0.0% mean=0.981 p10=0.980 p90=0.981
Iter 0001200: train nll 1.386, valid error 074.180%, best valid error 074.080%, avg grad norm   0.159, avg grad norm (post clip)   0.160, rho_Whh  0.95, Omega  0.00, alpha  0.000, steps in the past 0.000, valid nll 1.387
  [diag] log10|dL/dh_t| hist bins=60 range=(-12.00,-2.36) mean=-11.95 p50=-12.00 p05=-12.00 p95=-12.00
  [diag] sat-dist hist bins=60 sat<0.05=0.0% mean=0.981 p10=0.980 p90=0.982
Iter 0001220: train nll 1.387, valid error 074.920%, best valid error 074.080%, avg grad norm   0.207, avg grad norm (post clip)   0.179, rho_Whh  0.95, Omega  0.00, alpha  0.000, steps in the past 0.000, valid nll 1.387
  [diag] log10|dL/dh_t| hist bins=60 range=(-12.00,-2.36) mean=-11.95 p50=-12.00 p05=-12.00 p95=-12.00
  [diag] sat-dist hist bins=60 sat<0.05=0.0% mean=0.980 p10=0.979 p90=0.981
Iter 0001240: train nll 1.387, valid error 074.740%, best valid error 074.080%, avg grad norm   0.204, avg grad norm (post clip)   0.187, rho_Whh  0.95, Omega  0.00, alpha  0.000, steps in the past 0.000, valid nll 1.387
  [diag] log10|dL/dh_t| hist bins=60 range=(-12.00,-2.36) mean=-11.95 p50=-12.00 p05=-12.00 p95=-12.00
  [diag] sat-dist hist bins=60 sat<0.05=0.0% mean=0.979 p10=0.978 p90=0.980
Iter 0001260: train nll 1.384, valid error 076.300%, best valid error 074.080%, avg grad norm   0.203, avg grad norm (post clip)   0.177, rho_Whh  0.95, Omega  0.00, alpha  0.000, steps in the past 0.000, valid nll 1.387
  [diag] log10|dL/dh_t| hist bins=60 range=(-12.00,-2.36) mean=-11.95 p50=-12.00 p05=-12.00 p95=-12.00
  [diag] sat-dist hist bins=60 sat<0.05=0.0% mean=0.977 p10=0.976 p90=0.978
Iter 0001280: train nll 1.386, valid error 076.260%, best valid error 074.080%, avg grad norm   0.211, avg grad norm (post clip)   0.197, rho_Whh  0.95, Omega  0.00, alpha  0.000, steps in the past 0.000, valid nll 1.387
  [diag] log10|dL/dh_t| hist bins=60 range=(-12.00,-2.36) mean=-11.95 p50=-12.00 p05=-12.00 p95=-12.00
  [diag] sat-dist hist bins=60 sat<0.05=0.0% mean=0.979 p10=0.978 p90=0.980
Iter 0001300: train nll 1.387, valid error 075.800%, best valid error 074.080%, avg grad norm   0.199, avg grad norm (post clip)   0.179, rho_Whh  0.95, Omega  0.00, alpha  0.000, steps in the past 0.000, valid nll 1.387
  [diag] log10|dL/dh_t| hist bins=60 range=(-12.00,-2.36) mean=-11.95 p50=-12.00 p05=-12.00 p95=-12.00
  [diag] sat-dist hist bins=60 sat<0.05=0.0% mean=0.980 p10=0.979 p90=0.981
Iter 0001320: train nll 1.386, valid error 075.040%, best valid error 074.080%, avg grad norm   0.212, avg grad norm (post clip)   0.180, rho_Whh  0.95, Omega  0.00, alpha  0.000, steps in the past 0.000, valid nll 1.387
  [diag] log10|dL/dh_t| hist bins=60 range=(-12.00,-2.36) mean=-11.95 p50=-12.00 p05=-12.00 p95=-12.00
  [diag] sat-dist hist bins=60 sat<0.05=0.0% mean=0.982 p10=0.981 p90=0.982
Iter 0001340: train nll 1.386, valid error 075.420%, best valid error 074.080%, avg grad norm   0.186, avg grad norm (post clip)   0.163, rho_Whh  0.95, Omega  0.00, alpha  0.000, steps in the past 0.000, valid nll 1.387
  [diag] log10|dL/dh_t| hist bins=60 range=(-12.00,-2.36) mean=-11.95 p50=-12.00 p05=-12.00 p95=-12.00
  [diag] sat-dist hist bins=60 sat<0.05=0.0% mean=0.981 p10=0.980 p90=0.982
Iter 0001360: train nll 1.387, valid error 074.520%, best valid error 074.080%, avg grad norm   0.192, avg grad norm (post clip)   0.185, rho_Whh  0.95, Omega  0.00, alpha  0.000, steps in the past 0.000, valid nll 1.386
  [diag] log10|dL/dh_t| hist bins=60 range=(-12.00,-2.36) mean=-11.95 p50=-12.00 p05=-12.00 p95=-12.00
  [diag] sat-dist hist bins=60 sat<0.05=0.0% mean=0.982 p10=0.981 p90=0.982
Iter 0001380: train nll 1.386, valid error 074.800%, best valid error 074.080%, avg grad norm   0.186, avg grad norm (post clip)   0.169, rho_Whh  0.95, Omega  0.00, alpha  0.000, steps in the past 0.000, valid nll 1.387
  [diag] log10|dL/dh_t| hist bins=60 range=(-12.00,-2.36) mean=-11.95 p50=-12.00 p05=-12.00 p95=-12.00
  [diag] sat-dist hist bins=60 sat<0.05=0.0% mean=0.981 p10=0.981 p90=0.982
Iter 0001400: train nll 1.386, valid error 074.700%, best valid error 074.080%, avg grad norm   0.172, avg grad norm (post clip)   0.167, rho_Whh  0.95, Omega  0.00, alpha  0.000, steps in the past 0.000, valid nll 1.386
  [diag] log10|dL/dh_t| hist bins=60 range=(-12.00,-2.36) mean=-11.95 p50=-12.00 p05=-12.00 p95=-12.00
  [diag] sat-dist hist bins=60 sat<0.05=0.0% mean=0.982 p10=0.981 p90=0.982
Iter 0001420: train nll 1.386, valid error 074.700%, best valid error 074.080%, avg grad norm   0.203, avg grad norm (post clip)   0.176, rho_Whh  0.95, Omega  0.00, alpha  0.000, steps in the past 0.000, valid nll 1.387
  [diag] log10|dL/dh_t| hist bins=60 range=(-12.00,-2.36) mean=-11.95 p50=-12.00 p05=-12.00 p95=-12.00
  [diag] sat-dist hist bins=60 sat<0.05=0.0% mean=0.981 p10=0.981 p90=0.982
Iter 0001440: train nll 1.386, valid error 075.800%, best valid error 074.080%, avg grad norm   0.229, avg grad norm (post clip)   0.191, rho_Whh  0.95, Omega  0.00, alpha  0.000, steps in the past 0.000, valid nll 1.387
  [diag] log10|dL/dh_t| hist bins=60 range=(-12.00,-2.36) mean=-11.95 p50=-12.00 p05=-12.00 p95=-12.00
  [diag] sat-dist hist bins=60 sat<0.05=0.0% mean=0.981 p10=0.980 p90=0.982
Iter 0001460: train nll 1.385, valid error 076.260%, best valid error 074.080%, avg grad norm   0.207, avg grad norm (post clip)   0.184, rho_Whh  0.95, Omega  0.00, alpha  0.000, steps in the past 0.000, valid nll 1.387
  [diag] log10|dL/dh_t| hist bins=60 range=(-12.00,-2.36) mean=-11.95 p50=-12.00 p05=-12.00 p95=-12.00
  [diag] sat-dist hist bins=60 sat<0.05=0.0% mean=0.980 p10=0.979 p90=0.981
Iter 0001480: train nll 1.388, valid error 076.260%, best valid error 074.080%, avg grad norm   0.204, avg grad norm (post clip)   0.193, rho_Whh  0.95, Omega  0.00, alpha  0.000, steps in the past 0.000, valid nll 1.387
  [diag] log10|dL/dh_t| hist bins=60 range=(-12.00,-2.36) mean=-11.95 p50=-12.00 p05=-12.00 p95=-12.00
  [diag] sat-dist hist bins=60 sat<0.05=0.0% mean=0.981 p10=0.980 p90=0.981
Iter 0001500: train nll 1.386, valid error 076.260%, best valid error 074.080%, avg grad norm   0.188, avg grad norm (post clip)   0.177, rho_Whh  0.95, Omega  0.00, alpha  0.000, steps in the past 0.000, valid nll 1.387
  [diag] log10|dL/dh_t| hist bins=60 range=(-12.00,-2.36) mean=-11.95 p50=-12.00 p05=-12.00 p95=-12.00
  [diag] sat-dist hist bins=60 sat<0.05=0.0% mean=0.981 p10=0.980 p90=0.981
Iter 0001520: train nll 1.386, valid error 076.260%, best valid error 074.080%, avg grad norm   0.193, avg grad norm (post clip)   0.182, rho_Whh  0.95, Omega  0.00, alpha  0.000, steps in the past 0.000, valid nll 1.387
  [diag] log10|dL/dh_t| hist bins=60 range=(-12.00,-2.36) mean=-11.95 p50=-12.00 p05=-12.00 p95=-12.00
  [diag] sat-dist hist bins=60 sat<0.05=0.0% mean=0.981 p10=0.980 p90=0.981
Iter 0001540: train nll 1.387, valid error 076.220%, best valid error 074.080%, avg grad norm   0.198, avg grad norm (post clip)   0.181, rho_Whh  0.95, Omega  0.00, alpha  0.000, steps in the past 0.000, valid nll 1.387
  [diag] log10|dL/dh_t| hist bins=60 range=(-12.00,-2.36) mean=-11.95 p50=-12.00 p05=-12.00 p95=-12.00
  [diag] sat-dist hist bins=60 sat<0.05=0.0% mean=0.980 p10=0.979 p90=0.980
Iter 0001560: train nll 1.386, valid error 076.320%, best valid error 074.080%, avg grad norm   0.200, avg grad norm (post clip)   0.177, rho_Whh  0.95, Omega  0.00, alpha  0.000, steps in the past 0.000, valid nll 1.387
  [diag] log10|dL/dh_t| hist bins=60 range=(-12.00,-2.36) mean=-11.95 p50=-12.00 p05=-12.00 p95=-12.00
  [diag] sat-dist hist bins=60 sat<0.05=0.0% mean=0.979 p10=0.978 p90=0.980
Iter 0001580: train nll 1.388, valid error 076.260%, best valid error 074.080%, avg grad norm   0.202, avg grad norm (post clip)   0.175, rho_Whh  0.95, Omega  0.00, alpha  0.000, steps in the past 0.000, valid nll 1.387
  [diag] log10|dL/dh_t| hist bins=60 range=(-12.00,-2.36) mean=-11.95 p50=-12.00 p05=-12.00 p95=-12.00
  [diag] sat-dist hist bins=60 sat<0.05=0.0% mean=0.980 p10=0.979 p90=0.980
Iter 0001600: train nll 1.386, valid error 076.260%, best valid error 074.080%, avg grad norm   0.195, avg grad norm (post clip)   0.182, rho_Whh  0.95, Omega  0.00, alpha  0.000, steps in the past 0.000, valid nll 1.387
  [diag] log10|dL/dh_t| hist bins=60 range=(-12.00,-2.36) mean=-11.95 p50=-12.00 p05=-12.00 p95=-12.00
  [diag] sat-dist hist bins=60 sat<0.05=0.0% mean=0.979 p10=0.978 p90=0.980
Iter 0001620: train nll 1.387, valid error 076.260%, best valid error 074.080%, avg grad norm   0.188, avg grad norm (post clip)   0.178, rho_Whh  0.95, Omega  0.00, alpha  0.000, steps in the past 0.000, valid nll 1.386
  [diag] log10|dL/dh_t| hist bins=60 range=(-12.00,-2.36) mean=-11.95 p50=-12.00 p05=-12.00 p95=-12.00
  [diag] sat-dist hist bins=60 sat<0.05=0.0% mean=0.977 p10=0.976 p90=0.978
Iter 0001640: train nll 1.387, valid error 076.000%, best valid error 074.080%, avg grad norm   0.173, avg grad norm (post clip)   0.173, rho_Whh  0.95, Omega  0.00, alpha  0.000, steps in the past 0.000, valid nll 1.386
  [diag] log10|dL/dh_t| hist bins=60 range=(-12.00,-2.36) mean=-11.95 p50=-12.00 p05=-12.00 p95=-12.00
  [diag] sat-dist hist bins=60 sat<0.05=0.0% mean=0.979 p10=0.978 p90=0.980
Iter 0001660: train nll 1.386, valid error 075.040%, best valid error 074.080%, avg grad norm   0.202, avg grad norm (post clip)   0.176, rho_Whh  0.95, Omega  0.00, alpha  0.000, steps in the past 0.000, valid nll 1.386
  [diag] log10|dL/dh_t| hist bins=60 range=(-12.00,-2.36) mean=-11.95 p50=-12.00 p05=-12.00 p95=-12.00
  [diag] sat-dist hist bins=60 sat<0.05=0.0% mean=0.980 p10=0.980 p90=0.981
Iter 0001680: train nll 1.385, valid error 074.580%, best valid error 074.080%, avg grad norm   0.186, avg grad norm (post clip)   0.174, rho_Whh  0.95, Omega  0.00, alpha  0.000, steps in the past 0.000, valid nll 1.386
  [diag] log10|dL/dh_t| hist bins=60 range=(-12.00,-2.36) mean=-11.95 p50=-12.00 p05=-12.00 p95=-12.00
  [diag] sat-dist hist bins=60 sat<0.05=0.0% mean=0.979 p10=0.978 p90=0.979
Iter 0001700: train nll 1.386, valid error 074.560%, best valid error 074.080%, avg grad norm   0.175, avg grad norm (post clip)   0.168, rho_Whh  0.95, Omega  0.00, alpha  0.000, steps in the past 0.000, valid nll 1.386
  [diag] log10|dL/dh_t| hist bins=60 range=(-12.00,-2.36) mean=-11.95 p50=-12.00 p05=-12.00 p95=-12.00
  [diag] sat-dist hist bins=60 sat<0.05=0.0% mean=0.979 p10=0.978 p90=0.980
Iter 0001720: train nll 1.387, valid error 074.720%, best valid error 074.080%, avg grad norm   0.206, avg grad norm (post clip)   0.179, rho_Whh  0.95, Omega  0.00, alpha  0.000, steps in the past 0.000, valid nll 1.386
  [diag] log10|dL/dh_t| hist bins=60 range=(-12.00,-2.36) mean=-11.95 p50=-12.00 p05=-12.00 p95=-12.00
  [diag] sat-dist hist bins=60 sat<0.05=0.0% mean=0.981 p10=0.980 p90=0.981
Iter 0001740: train nll 1.386, valid error 074.700%, best valid error 074.080%, avg grad norm   0.201, avg grad norm (post clip)   0.180, rho_Whh  0.95, Omega  0.00, alpha  0.000, steps in the past 0.000, valid nll 1.386
  [diag] log10|dL/dh_t| hist bins=60 range=(-12.00,-2.36) mean=-11.95 p50=-12.00 p05=-12.00 p95=-12.00
  [diag] sat-dist hist bins=60 sat<0.05=0.0% mean=0.979 p10=0.978 p90=0.980
Iter 0001760: train nll 1.387, valid error 074.540%, best valid error 074.080%, avg grad norm   0.198, avg grad norm (post clip)   0.178, rho_Whh  0.95, Omega  0.00, alpha  0.000, steps in the past 0.000, valid nll 1.386
  [diag] log10|dL/dh_t| hist bins=60 range=(-12.00,-2.36) mean=-11.95 p50=-12.00 p05=-12.00 p95=-12.00
  [diag] sat-dist hist bins=60 sat<0.05=0.0% mean=0.981 p10=0.980 p90=0.981
Iter 0001780: train nll 1.387, valid error 074.340%, best valid error 074.080%, avg grad norm   0.178, avg grad norm (post clip)   0.164, rho_Whh  0.95, Omega  0.00, alpha  0.000, steps in the past 0.000, valid nll 1.386
  [diag] log10|dL/dh_t| hist bins=60 range=(-12.00,-2.36) mean=-11.95 p50=-12.00 p05=-12.00 p95=-12.00
  [diag] sat-dist hist bins=60 sat<0.05=0.0% mean=0.982 p10=0.981 p90=0.982
Iter 0001800: train nll 1.387, valid error 074.040%, best valid error 074.080%, avg grad norm   0.181, avg grad norm (post clip)   0.172, rho_Whh  0.95, Omega  0.00, alpha  0.000, steps in the past 0.000, valid nll 1.386
  [diag] log10|dL/dh_t| hist bins=60 range=(-12.00,-2.36) mean=-11.95 p50=-12.00 p05=-12.00 p95=-12.00
  [diag] sat-dist hist bins=60 sat<0.05=0.0% mean=0.981 p10=0.980 p90=0.982
Iter 0001820: train nll 1.387, valid error 074.020%, best valid error 074.040%, avg grad norm   0.193, avg grad norm (post clip)   0.181, rho_Whh  0.95, Omega  0.00, alpha  0.000, steps in the past 0.000, valid nll 1.386
  [diag] log10|dL/dh_t| hist bins=60 range=(-12.00,-2.36) mean=-11.95 p50=-12.00 p05=-12.00 p95=-12.00
  [diag] sat-dist hist bins=60 sat<0.05=0.0% mean=0.979 p10=0.978 p90=0.980
Iter 0001840: train nll 1.387, valid error 074.740%, best valid error 074.020%, avg grad norm   0.218, avg grad norm (post clip)   0.181, rho_Whh  0.95, Omega  0.00, alpha  0.000, steps in the past 0.000, valid nll 1.386
  [diag] log10|dL/dh_t| hist bins=60 range=(-12.00,-2.36) mean=-11.95 p50=-12.00 p05=-12.00 p95=-12.00
  [diag] sat-dist hist bins=60 sat<0.05=0.0% mean=0.979 p10=0.978 p90=0.979
Iter 0001860: train nll 1.386, valid error 074.700%, best valid error 074.020%, avg grad norm   0.162, avg grad norm (post clip)   0.160, rho_Whh  0.95, Omega  0.00, alpha  0.000, steps in the past 0.000, valid nll 1.386
  [diag] log10|dL/dh_t| hist bins=60 range=(-12.00,-2.36) mean=-11.95 p50=-12.00 p05=-12.00 p95=-12.00
  [diag] sat-dist hist bins=60 sat<0.05=0.0% mean=0.978 p10=0.977 p90=0.979
Iter 0001880: train nll 1.386, valid error 074.700%, best valid error 074.020%, avg grad norm   0.173, avg grad norm (post clip)   0.168, rho_Whh  0.95, Omega  0.00, alpha  0.000, steps in the past 0.000, valid nll 1.386
  [diag] log10|dL/dh_t| hist bins=60 range=(-12.00,-2.36) mean=-11.95 p50=-12.00 p05=-12.00 p95=-12.00
  [diag] sat-dist hist bins=60 sat<0.05=0.0% mean=0.980 p10=0.979 p90=0.980
Iter 0001900: train nll 1.387, valid error 074.700%, best valid error 074.020%, avg grad norm   0.179, avg grad norm (post clip)   0.177, rho_Whh  0.95, Omega  0.00, alpha  0.000, steps in the past 0.000, valid nll 1.386
  [diag] log10|dL/dh_t| hist bins=60 range=(-12.00,-2.36) mean=-11.95 p50=-12.00 p05=-12.00 p95=-12.00
  [diag] sat-dist hist bins=60 sat<0.05=0.0% mean=0.978 p10=0.977 p90=0.978
Iter 0001920: train nll 1.386, valid error 074.700%, best valid error 074.020%, avg grad norm   0.192, avg grad norm (post clip)   0.178, rho_Whh  0.95, Omega  0.00, alpha  0.000, steps in the past 0.000, valid nll 1.386
  [diag] log10|dL/dh_t| hist bins=60 range=(-12.00,-2.36) mean=-11.95 p50=-12.00 p05=-12.00 p95=-12.00
  [diag] sat-dist hist bins=60 sat<0.05=0.0% mean=0.975 p10=0.974 p90=0.976
Iter 0001940: train nll 1.385, valid error 074.700%, best valid error 074.020%, avg grad norm   0.205, avg grad norm (post clip)   0.183, rho_Whh  0.95, Omega  0.00, alpha  0.000, steps in the past 0.000, valid nll 1.386
  [diag] log10|dL/dh_t| hist bins=60 range=(-12.00,-2.36) mean=-11.95 p50=-12.00 p05=-12.00 p95=-12.00
  [diag] sat-dist hist bins=60 sat<0.05=0.0% mean=0.975 p10=0.974 p90=0.976
Iter 0001960: train nll 1.386, valid error 074.700%, best valid error 074.020%, avg grad norm   0.176, avg grad norm (post clip)   0.169, rho_Whh  0.95, Omega  0.00, alpha  0.000, steps in the past 0.000, valid nll 1.386
  [diag] log10|dL/dh_t| hist bins=60 range=(-12.00,-2.36) mean=-11.95 p50=-12.00 p05=-12.00 p95=-12.00
  [diag] sat-dist hist bins=60 sat<0.05=0.0% mean=0.975 p10=0.974 p90=0.976
Iter 0001980: train nll 1.386, valid error 074.700%, best valid error 074.020%, avg grad norm   0.197, avg grad norm (post clip)   0.182, rho_Whh  0.95, Omega  0.00, alpha  0.000, steps in the past 0.000, valid nll 1.386
  [diag] log10|dL/dh_t| hist bins=60 range=(-12.00,-2.36) mean=-11.95 p50=-12.00 p05=-12.00 p95=-12.00
  [diag] sat-dist hist bins=60 sat<0.05=0.0% mean=0.977 p10=0.975 p90=0.977
Iter 0002000: train nll 1.387, valid error 074.700%, best valid error 074.020%, avg grad norm   0.195, avg grad norm (post clip)   0.180, rho_Whh  0.95, Omega  0.00, alpha  0.000, steps in the past 0.000, valid nll 1.386
  [diag] log10|dL/dh_t| hist bins=60 range=(-12.00,-2.36) mean=-11.95 p50=-12.00 p05=-12.00 p95=-12.00
  [diag] sat-dist hist bins=60 sat<0.05=0.0% mean=0.977 p10=0.976 p90=0.978
Iter 0002020: train nll 1.387, valid error 074.800%, best valid error 074.020%, avg grad norm   0.195, avg grad norm (post clip)   0.182, rho_Whh  0.95, Omega  0.00, alpha  0.000, steps in the past 0.000, valid nll 1.386
  [diag] log10|dL/dh_t| hist bins=60 range=(-12.00,-2.36) mean=-11.95 p50=-12.00 p05=-12.00 p95=-12.00
  [diag] sat-dist hist bins=60 sat<0.05=0.0% mean=0.977 p10=0.976 p90=0.978
Iter 0002040: train nll 1.386, valid error 074.920%, best valid error 074.020%, avg grad norm   0.206, avg grad norm (post clip)   0.186, rho_Whh  0.95, Omega  0.00, alpha  0.000, steps in the past 0.000, valid nll 1.386
  [diag] log10|dL/dh_t| hist bins=60 range=(-12.00,-2.36) mean=-11.95 p50=-12.00 p05=-12.00 p95=-12.00
  [diag] sat-dist hist bins=60 sat<0.05=0.0% mean=0.979 p10=0.977 p90=0.979
Iter 0002060: train nll 1.387, valid error 074.940%, best valid error 074.020%, avg grad norm   0.192, avg grad norm (post clip)   0.179, rho_Whh  0.95, Omega  0.00, alpha  0.000, steps in the past 0.000, valid nll 1.386
  [diag] log10|dL/dh_t| hist bins=60 range=(-12.00,-2.36) mean=-11.95 p50=-12.00 p05=-12.00 p95=-12.00
  [diag] sat-dist hist bins=60 sat<0.05=0.0% mean=0.980 p10=0.979 p90=0.981
Iter 0002080: train nll 1.387, valid error 075.000%, best valid error 074.020%, avg grad norm   0.177, avg grad norm (post clip)   0.169, rho_Whh  0.95, Omega  0.00, alpha  0.000, steps in the past 0.000, valid nll 1.386
  [diag] log10|dL/dh_t| hist bins=60 range=(-12.00,-2.36) mean=-11.95 p50=-12.00 p05=-12.00 p95=-12.00
  [diag] sat-dist hist bins=60 sat<0.05=0.0% mean=0.979 p10=0.978 p90=0.979
Iter 0002100: train nll 1.386, valid error 074.960%, best valid error 074.020%, avg grad norm   0.199, avg grad norm (post clip)   0.177, rho_Whh  0.95, Omega  0.00, alpha  0.000, steps in the past 0.000, valid nll 1.386
  [diag] log10|dL/dh_t| hist bins=60 range=(-12.00,-2.36) mean=-11.95 p50=-12.00 p05=-12.00 p95=-12.00
  [diag] sat-dist hist bins=60 sat<0.05=0.0% mean=0.981 p10=0.980 p90=0.982
Iter 0002120: train nll 1.387, valid error 074.960%, best valid error 074.020%, avg grad norm   0.195, avg grad norm (post clip)   0.185, rho_Whh  0.95, Omega  0.00, alpha  0.000, steps in the past 0.000, valid nll 1.386
  [diag] log10|dL/dh_t| hist bins=60 range=(-12.00,-2.36) mean=-11.95 p50=-12.00 p05=-12.00 p95=-12.00
  [diag] sat-dist hist bins=60 sat<0.05=0.0% mean=0.980 p10=0.980 p90=0.981
Iter 0002140: train nll 1.386, valid error 074.960%, best valid error 074.020%, avg grad norm   0.193, avg grad norm (post clip)   0.175, rho_Whh  0.95, Omega  0.00, alpha  0.000, steps in the past 0.000, valid nll 1.386
  [diag] log10|dL/dh_t| hist bins=60 range=(-12.00,-2.36) mean=-11.95 p50=-12.00 p05=-12.00 p95=-12.00
  [diag] sat-dist hist bins=60 sat<0.05=0.0% mean=0.981 p10=0.980 p90=0.982
Iter 0002160: train nll 1.386, valid error 074.960%, best valid error 074.020%, avg grad norm   0.197, avg grad norm (post clip)   0.183, rho_Whh  0.95, Omega  0.00, alpha  0.000, steps in the past 0.000, valid nll 1.386
  [diag] log10|dL/dh_t| hist bins=60 range=(-12.00,-2.36) mean=-11.95 p50=-12.00 p05=-12.00 p95=-12.00
  [diag] sat-dist hist bins=60 sat<0.05=0.0% mean=0.981 p10=0.980 p90=0.981
Iter 0002180: train nll 1.386, valid error 074.960%, best valid error 074.020%, avg grad norm   0.223, avg grad norm (post clip)   0.185, rho_Whh  0.95, Omega  0.00, alpha  0.000, steps in the past 0.000, valid nll 1.386
  [diag] log10|dL/dh_t| hist bins=60 range=(-12.00,-2.36) mean=-11.95 p50=-12.00 p05=-12.00 p95=-12.00
  [diag] sat-dist hist bins=60 sat<0.05=0.0% mean=0.980 p10=0.979 p90=0.981
Iter 0002200: train nll 1.386, valid error 075.400%, best valid error 074.020%, avg grad norm   0.198, avg grad norm (post clip)   0.185, rho_Whh  0.95, Omega  0.00, alpha  0.000, steps in the past 0.000, valid nll 1.386
  [diag] log10|dL/dh_t| hist bins=60 range=(-12.00,-2.36) mean=-11.95 p50=-12.00 p05=-12.00 p95=-12.00
  [diag] sat-dist hist bins=60 sat<0.05=0.0% mean=0.980 p10=0.979 p90=0.981
Iter 0002220: train nll 1.387, valid error 075.080%, best valid error 074.020%, avg grad norm   0.215, avg grad norm (post clip)   0.183, rho_Whh  0.95, Omega  0.00, alpha  0.000, steps in the past 0.000, valid nll 1.386
  [diag] log10|dL/dh_t| hist bins=60 range=(-12.00,-2.36) mean=-11.95 p50=-12.00 p05=-12.00 p95=-12.00
  [diag] sat-dist hist bins=60 sat<0.05=0.0% mean=0.981 p10=0.980 p90=0.981
Iter 0002240: train nll 1.387, valid error 075.080%, best valid error 074.020%, avg grad norm   0.200, avg grad norm (post clip)   0.183, rho_Whh  0.95, Omega  0.00, alpha  0.000, steps in the past 0.000, valid nll 1.386
  [diag] log10|dL/dh_t| hist bins=60 range=(-12.00,-2.36) mean=-11.95 p50=-12.00 p05=-12.00 p95=-12.00
  [diag] sat-dist hist bins=60 sat<0.05=0.0% mean=0.980 p10=0.979 p90=0.980
Iter 0002260: train nll 1.385, valid error 074.960%, best valid error 074.020%, avg grad norm   0.201, avg grad norm (post clip)   0.186, rho_Whh  0.95, Omega  0.00, alpha  0.000, steps in the past 0.000, valid nll 1.386
  [diag] log10|dL/dh_t| hist bins=60 range=(-12.00,-2.36) mean=-11.95 p50=-12.00 p05=-12.00 p95=-12.00
  [diag] sat-dist hist bins=60 sat<0.05=0.0% mean=0.981 p10=0.980 p90=0.982
Iter 0002280: train nll 1.387, valid error 074.960%, best valid error 074.020%, avg grad norm   0.192, avg grad norm (post clip)   0.169, rho_Whh  0.95, Omega  0.00, alpha  0.000, steps in the past 0.000, valid nll 1.386
  [diag] log10|dL/dh_t| hist bins=60 range=(-12.00,-2.36) mean=-11.95 p50=-12.00 p05=-12.00 p95=-12.00
  [diag] sat-dist hist bins=60 sat<0.05=0.0% mean=0.980 p10=0.979 p90=0.980
Iter 0002300: train nll 1.386, valid error 074.960%, best valid error 074.020%, avg grad norm   0.197, avg grad norm (post clip)   0.183, rho_Whh  0.95, Omega  0.00, alpha  0.000, steps in the past 0.000, valid nll 1.386
  [diag] log10|dL/dh_t| hist bins=60 range=(-12.00,-2.36) mean=-11.95 p50=-12.00 p05=-12.00 p95=-12.00
  [diag] sat-dist hist bins=60 sat<0.05=0.0% mean=0.980 p10=0.979 p90=0.981
Iter 0002320: train nll 1.387, valid error 074.960%, best valid error 074.020%, avg grad norm   0.186, avg grad norm (post clip)   0.174, rho_Whh  0.95, Omega  0.00, alpha  0.000, steps in the past 0.000, valid nll 1.386
  [diag] log10|dL/dh_t| hist bins=60 range=(-12.00,-2.36) mean=-11.95 p50=-12.00 p05=-12.00 p95=-12.00
  [diag] sat-dist hist bins=60 sat<0.05=0.0% mean=0.981 p10=0.981 p90=0.982
Iter 0002340: train nll 1.386, valid error 075.060%, best valid error 074.020%, avg grad norm   0.211, avg grad norm (post clip)   0.186, rho_Whh  0.95, Omega  0.00, alpha  0.000, steps in the past 0.000, valid nll 1.386
  [diag] log10|dL/dh_t| hist bins=60 range=(-12.00,-2.36) mean=-11.95 p50=-12.00 p05=-12.00 p95=-12.00
  [diag] sat-dist hist bins=60 sat<0.05=0.0% mean=0.981 p10=0.980 p90=0.981
Iter 0002360: train nll 1.386, valid error 074.960%, best valid error 074.020%, avg grad norm   0.195, avg grad norm (post clip)   0.178, rho_Whh  0.95, Omega  0.00, alpha  0.000, steps in the past 0.000, valid nll 1.386
  [diag] log10|dL/dh_t| hist bins=60 range=(-12.00,-2.36) mean=-11.95 p50=-12.00 p05=-12.00 p95=-12.00
  [diag] sat-dist hist bins=60 sat<0.05=0.0% mean=0.981 p10=0.980 p90=0.982
Iter 0002380: train nll 1.386, valid error 074.960%, best valid error 074.020%, avg grad norm   0.217, avg grad norm (post clip)   0.190, rho_Whh  0.95, Omega  0.00, alpha  0.000, steps in the past 0.000, valid nll 1.386
  [diag] log10|dL/dh_t| hist bins=60 range=(-12.00,-2.36) mean=-11.95 p50=-12.00 p05=-12.00 p95=-12.00
  [diag] sat-dist hist bins=60 sat<0.05=0.0% mean=0.981 p10=0.980 p90=0.982
Iter 0002400: train nll 1.387, valid error 074.960%, best valid error 074.020%, avg grad norm   0.190, avg grad norm (post clip)   0.172, rho_Whh  0.95, Omega  0.00, alpha  0.000, steps in the past 0.000, valid nll 1.386
  [diag] log10|dL/dh_t| hist bins=60 range=(-12.00,-2.36) mean=-11.95 p50=-12.00 p05=-12.00 p95=-12.00
  [diag] sat-dist hist bins=60 sat<0.05=0.0% mean=0.982 p10=0.981 p90=0.982
Iter 0002420: train nll 1.387, valid error 074.960%, best valid error 074.020%, avg grad norm   0.182, avg grad norm (post clip)   0.175, rho_Whh  0.95, Omega  0.00, alpha  0.000, steps in the past 0.000, valid nll 1.386
  [diag] log10|dL/dh_t| hist bins=60 range=(-12.00,-2.36) mean=-11.95 p50=-12.00 p05=-12.00 p95=-12.00
  [diag] sat-dist hist bins=60 sat<0.05=0.0% mean=0.981 p10=0.980 p90=0.981
Iter 0002440: train nll 1.386, valid error 074.940%, best valid error 074.020%, avg grad norm   0.208, avg grad norm (post clip)   0.177, rho_Whh  0.95, Omega  0.00, alpha  0.000, steps in the past 0.000, valid nll 1.386
  [diag] log10|dL/dh_t| hist bins=60 range=(-12.00,-2.36) mean=-11.95 p50=-12.00 p05=-12.00 p95=-12.00
  [diag] sat-dist hist bins=60 sat<0.05=0.0% mean=0.981 p10=0.980 p90=0.982
Iter 0002460: train nll 1.387, valid error 075.820%, best valid error 074.020%, avg grad norm   0.188, avg grad norm (post clip)   0.177, rho_Whh  0.95, Omega  0.00, alpha  0.000, steps in the past 0.000, valid nll 1.386
  [diag] log10|dL/dh_t| hist bins=60 range=(-12.00,-2.36) mean=-11.95 p50=-12.00 p05=-12.00 p95=-12.00
  [diag] sat-dist hist bins=60 sat<0.05=0.0% mean=0.981 p10=0.980 p90=0.982
Iter 0002480: train nll 1.386, valid error 074.960%, best valid error 074.020%, avg grad norm   0.182, avg grad norm (post clip)   0.177, rho_Whh  0.95, Omega  0.00, alpha  0.000, steps in the past 0.000, valid nll 1.386
  [diag] log10|dL/dh_t| hist bins=60 range=(-12.00,-2.36) mean=-11.95 p50=-12.00 p05=-12.00 p95=-12.00
  [diag] sat-dist hist bins=60 sat<0.05=0.0% mean=0.981 p10=0.981 p90=0.982
Iter 0002500: train nll 1.387, valid error 075.200%, best valid error 074.020%, avg grad norm   0.182, avg grad norm (post clip)   0.176, rho_Whh  0.95, Omega  0.00, alpha  0.000, steps in the past 0.000, valid nll 1.386
  [diag] log10|dL/dh_t| hist bins=60 range=(-12.00,-2.36) mean=-11.95 p50=-12.00 p05=-12.00 p95=-12.00
  [diag] sat-dist hist bins=60 sat<0.05=0.0% mean=0.982 p10=0.981 p90=0.983
Iter 0002520: train nll 1.387, valid error 075.120%, best valid error 074.020%, avg grad norm   0.194, avg grad norm (post clip)   0.173, rho_Whh  0.95, Omega  0.00, alpha  0.000, steps in the past 0.000, valid nll 1.386
  [diag] log10|dL/dh_t| hist bins=60 range=(-12.00,-2.36) mean=-11.95 p50=-12.00 p05=-12.00 p95=-12.00
  [diag] sat-dist hist bins=60 sat<0.05=0.0% mean=0.982 p10=0.981 p90=0.983
Iter 0002540: train nll 1.386, valid error 074.960%, best valid error 074.020%, avg grad norm   0.227, avg grad norm (post clip)   0.185, rho_Whh  0.95, Omega  0.00, alpha  0.000, steps in the past 0.000, valid nll 1.386
  [diag] log10|dL/dh_t| hist bins=60 range=(-12.00,-2.36) mean=-11.95 p50=-12.00 p05=-12.00 p95=-12.00
  [diag] sat-dist hist bins=60 sat<0.05=0.0% mean=0.982 p10=0.981 p90=0.982
Iter 0002560: train nll 1.386, valid error 075.100%, best valid error 074.020%, avg grad norm   0.199, avg grad norm (post clip)   0.176, rho_Whh  0.95, Omega  0.00, alpha  0.000, steps in the past 0.000, valid nll 1.386
  [diag] log10|dL/dh_t| hist bins=60 range=(-12.00,-2.36) mean=-11.95 p50=-12.00 p05=-12.00 p95=-12.00
  [diag] sat-dist hist bins=60 sat<0.05=0.0% mean=0.982 p10=0.981 p90=0.982
Iter 0002580: train nll 1.386, valid error 074.980%, best valid error 074.020%, avg grad norm   0.185, avg grad norm (post clip)   0.174, rho_Whh  0.95, Omega  0.00, alpha  0.000, steps in the past 0.000, valid nll 1.386
  [diag] log10|dL/dh_t| hist bins=60 range=(-12.00,-2.36) mean=-11.95 p50=-12.00 p05=-12.00 p95=-12.00
  [diag] sat-dist hist bins=60 sat<0.05=0.0% mean=0.982 p10=0.981 p90=0.983
Iter 0002600: train nll 1.386, valid error 074.960%, best valid error 074.020%, avg grad norm   0.171, avg grad norm (post clip)   0.174, rho_Whh  0.95, Omega  0.00, alpha  0.000, steps in the past 0.000, valid nll 1.386
  [diag] log10|dL/dh_t| hist bins=60 range=(-12.00,-2.36) mean=-11.95 p50=-12.00 p05=-12.00 p95=-12.00
  [diag] sat-dist hist bins=60 sat<0.05=0.0% mean=0.982 p10=0.981 p90=0.983
Iter 0002620: train nll 1.387, valid error 074.960%, best valid error 074.020%, avg grad norm   0.203, avg grad norm (post clip)   0.188, rho_Whh  0.95, Omega  0.00, alpha  0.000, steps in the past 0.000, valid nll 1.386
  [diag] log10|dL/dh_t| hist bins=60 range=(-12.00,-2.36) mean=-11.95 p50=-12.00 p05=-12.00 p95=-12.00
  [diag] sat-dist hist bins=60 sat<0.05=0.0% mean=0.982 p10=0.981 p90=0.982
Iter 0002640: train nll 1.387, valid error 075.020%, best valid error 074.020%, avg grad norm   0.214, avg grad norm (post clip)   0.189, rho_Whh  0.95, Omega  0.00, alpha  0.000, steps in the past 0.000, valid nll 1.386
  [diag] log10|dL/dh_t| hist bins=60 range=(-12.00,-2.36) mean=-11.95 p50=-12.00 p05=-12.00 p95=-12.00
  [diag] sat-dist hist bins=60 sat<0.05=0.0% mean=0.982 p10=0.981 p90=0.983
Iter 0002660: train nll 1.386, valid error 074.960%, best valid error 074.020%, avg grad norm   0.202, avg grad norm (post clip)   0.184, rho_Whh  0.95, Omega  0.00, alpha  0.000, steps in the past 0.000, valid nll 1.386
  [diag] log10|dL/dh_t| hist bins=60 range=(-12.00,-2.36) mean=-11.95 p50=-12.00 p05=-12.00 p95=-12.00
  [diag] sat-dist hist bins=60 sat<0.05=0.0% mean=0.982 p10=0.981 p90=0.982
Iter 0002680: train nll 1.387, valid error 074.960%, best valid error 074.020%, avg grad norm   0.181, avg grad norm (post clip)   0.177, rho_Whh  0.95, Omega  0.00, alpha  0.000, steps in the past 0.000, valid nll 1.386
  [diag] log10|dL/dh_t| hist bins=60 range=(-12.00,-2.36) mean=-11.95 p50=-12.00 p05=-12.00 p95=-12.00
  [diag] sat-dist hist bins=60 sat<0.05=0.0% mean=0.982 p10=0.981 p90=0.983
Iter 0002700: train nll 1.387, valid error 074.960%, best valid error 074.020%, avg grad norm   0.168, avg grad norm (post clip)   0.167, rho_Whh  0.95, Omega  0.00, alpha  0.000, steps in the past 0.000, valid nll 1.386
  [diag] log10|dL/dh_t| hist bins=60 range=(-12.00,-2.36) mean=-11.95 p50=-12.00 p05=-12.00 p95=-12.00
  [diag] sat-dist hist bins=60 sat<0.05=0.0% mean=0.982 p10=0.981 p90=0.982
Iter 0002720: train nll 1.387, valid error 075.020%, best valid error 074.020%, avg grad norm   0.182, avg grad norm (post clip)   0.177, rho_Whh  0.95, Omega  0.00, alpha  0.000, steps in the past 0.000, valid nll 1.386
  [diag] log10|dL/dh_t| hist bins=60 range=(-12.00,-2.36) mean=-11.95 p50=-12.00 p05=-12.00 p95=-12.00
  [diag] sat-dist hist bins=60 sat<0.05=0.0% mean=0.982 p10=0.981 p90=0.982
Iter 0002740: train nll 1.386, valid error 074.640%, best valid error 074.020%, avg grad norm   0.192, avg grad norm (post clip)   0.185, rho_Whh  0.95, Omega  0.00, alpha  0.000, steps in the past 0.000, valid nll 1.386
  [diag] log10|dL/dh_t| hist bins=60 range=(-12.00,-2.36) mean=-11.95 p50=-12.00 p05=-12.00 p95=-12.00
  [diag] sat-dist hist bins=60 sat<0.05=0.0% mean=0.982 p10=0.981 p90=0.982
Iter 0002760: train nll 1.386, valid error 074.920%, best valid error 074.020%, avg grad norm   0.186, avg grad norm (post clip)   0.172, rho_Whh  0.95, Omega  0.00, alpha  0.000, steps in the past 0.000, valid nll 1.386
  [diag] log10|dL/dh_t| hist bins=60 range=(-12.00,-2.36) mean=-11.95 p50=-12.00 p05=-12.00 p95=-12.00
  [diag] sat-dist hist bins=60 sat<0.05=0.0% mean=0.982 p10=0.981 p90=0.982
Iter 0002780: train nll 1.386, valid error 074.980%, best valid error 074.020%, avg grad norm   0.177, avg grad norm (post clip)   0.169, rho_Whh  0.95, Omega  0.00, alpha  0.000, steps in the past 0.000, valid nll 1.386
  [diag] log10|dL/dh_t| hist bins=60 range=(-12.00,-2.36) mean=-11.95 p50=-12.00 p05=-12.00 p95=-12.00
  [diag] sat-dist hist bins=60 sat<0.05=0.0% mean=0.982 p10=0.981 p90=0.982
Iter 0002800: train nll 1.386, valid error 074.900%, best valid error 074.020%, avg grad norm   0.188, avg grad norm (post clip)   0.173, rho_Whh  0.95, Omega  0.00, alpha  0.000, steps in the past 0.000, valid nll 1.386
  [diag] log10|dL/dh_t| hist bins=60 range=(-12.00,-2.36) mean=-11.95 p50=-12.00 p05=-12.00 p95=-12.00
  [diag] sat-dist hist bins=60 sat<0.05=0.0% mean=0.982 p10=0.981 p90=0.982
Iter 0002820: train nll 1.386, valid error 074.920%, best valid error 074.020%, avg grad norm   0.179, avg grad norm (post clip)   0.168, rho_Whh  0.95, Omega  0.00, alpha  0.000, steps in the past 0.000, valid nll 1.386
  [diag] log10|dL/dh_t| hist bins=60 range=(-12.00,-2.36) mean=-11.95 p50=-12.00 p05=-12.00 p95=-12.00
  [diag] sat-dist hist bins=60 sat<0.05=0.0% mean=0.982 p10=0.981 p90=0.982
Iter 0002840: train nll 1.387, valid error 074.680%, best valid error 074.020%, avg grad norm   0.171, avg grad norm (post clip)   0.165, rho_Whh  0.95, Omega  0.00, alpha  0.000, steps in the past 0.000, valid nll 1.386
  [diag] log10|dL/dh_t| hist bins=60 range=(-12.00,-2.36) mean=-11.95 p50=-12.00 p05=-12.00 p95=-12.00
  [diag] sat-dist hist bins=60 sat<0.05=0.0% mean=0.981 p10=0.981 p90=0.982
Iter 0002860: train nll 1.384, valid error 074.660%, best valid error 074.020%, avg grad norm   0.192, avg grad norm (post clip)   0.180, rho_Whh  0.95, Omega  0.00, alpha  0.000, steps in the past 0.000, valid nll 1.386
  [diag] log10|dL/dh_t| hist bins=60 range=(-12.00,-2.36) mean=-11.95 p50=-12.00 p05=-12.00 p95=-12.00
  [diag] sat-dist hist bins=60 sat<0.05=0.0% mean=0.981 p10=0.980 p90=0.982
Iter 0002880: train nll 1.385, valid error 074.700%, best valid error 074.020%, avg grad norm   0.192, avg grad norm (post clip)   0.180, rho_Whh  0.95, Omega  0.00, alpha  0.000, steps in the past 0.000, valid nll 1.387
  [diag] log10|dL/dh_t| hist bins=60 range=(-12.00,-2.36) mean=-11.95 p50=-12.00 p05=-12.00 p95=-12.00
  [diag] sat-dist hist bins=60 sat<0.05=0.0% mean=0.981 p10=0.980 p90=0.982
Iter 0002900: train nll 1.387, valid error 074.700%, best valid error 074.020%, avg grad norm   0.196, avg grad norm (post clip)   0.184, rho_Whh  0.95, Omega  0.00, alpha  0.000, steps in the past 0.000, valid nll 1.387
  [diag] log10|dL/dh_t| hist bins=60 range=(-12.00,-2.36) mean=-11.95 p50=-12.00 p05=-12.00 p95=-12.00
  [diag] sat-dist hist bins=60 sat<0.05=0.0% mean=0.981 p10=0.980 p90=0.982
Iter 0002920: train nll 1.387, valid error 074.700%, best valid error 074.020%, avg grad norm   0.199, avg grad norm (post clip)   0.187, rho_Whh  0.95, Omega  0.00, alpha  0.000, steps in the past 0.000, valid nll 1.387
  [diag] log10|dL/dh_t| hist bins=60 range=(-12.00,-2.36) mean=-11.95 p50=-12.00 p05=-12.00 p95=-12.00
  [diag] sat-dist hist bins=60 sat<0.05=0.0% mean=0.981 p10=0.981 p90=0.982
Iter 0002940: train nll 1.386, valid error 074.700%, best valid error 074.020%, avg grad norm   0.173, avg grad norm (post clip)   0.170, rho_Whh  0.95, Omega  0.00, alpha  0.000, steps in the past 0.000, valid nll 1.387
  [diag] log10|dL/dh_t| hist bins=60 range=(-12.00,-2.36) mean=-11.95 p50=-12.00 p05=-12.00 p95=-12.00
  [diag] sat-dist hist bins=60 sat<0.05=0.0% mean=0.981 p10=0.981 p90=0.982
Iter 0002960: train nll 1.386, valid error 074.700%, best valid error 074.020%, avg grad norm   0.174, avg grad norm (post clip)   0.163, rho_Whh  0.95, Omega  0.00, alpha  0.000, steps in the past 0.000, valid nll 1.387
  [diag] log10|dL/dh_t| hist bins=60 range=(-12.00,-2.36) mean=-11.95 p50=-12.00 p05=-12.00 p95=-12.00
  [diag] sat-dist hist bins=60 sat<0.05=0.0% mean=0.981 p10=0.980 p90=0.982
Iter 0002980: train nll 1.387, valid error 074.700%, best valid error 074.020%, avg grad norm   0.160, avg grad norm (post clip)   0.161, rho_Whh  0.95, Omega  0.00, alpha  0.000, steps in the past 0.000, valid nll 1.387
Done. solved=0 steps=2999 best_valid_error=74.0200%
=== DONE  EC_fair_s4_n100_lr001_cut02_a0 ===
=== START EC_fair_s5_n100_lr001_cut05_a0 ===
Starting to train (PyTorch).
  [diag] log10|dL/dh_t| hist bins=60 range=(-12.00,-2.36) mean=-11.95 p50=-12.00 p05=-12.00 p95=-12.00
  [diag] sat-dist hist bins=60 sat<0.05=0.0% mean=0.917 p10=0.908 p90=0.948
Iter 0000020: train nll 1.455, valid error 074.080%, best valid error 100.000%, avg grad norm   0.294, avg grad norm (post clip)   0.282, rho_Whh  0.95, Omega  0.00, alpha  0.000, steps in the past 0.000, valid nll 1.386
  [diag] log10|dL/dh_t| hist bins=60 range=(-12.00,-2.36) mean=-11.95 p50=-12.00 p05=-12.00 p95=-12.00
  [diag] sat-dist hist bins=60 sat<0.05=0.0% mean=0.965 p10=0.961 p90=0.973
Iter 0000040: train nll 1.387, valid error 074.080%, best valid error 074.080%, avg grad norm   0.277, avg grad norm (post clip)   0.280, rho_Whh  0.95, Omega  0.00, alpha  0.000, steps in the past 0.000, valid nll 1.386
  [diag] log10|dL/dh_t| hist bins=60 range=(-12.00,-2.36) mean=-11.95 p50=-12.00 p05=-12.00 p95=-12.00
  [diag] sat-dist hist bins=60 sat<0.05=0.0% mean=0.976 p10=0.973 p90=0.979
Iter 0000060: train nll 1.387, valid error 074.020%, best valid error 074.080%, avg grad norm   0.209, avg grad norm (post clip)   0.223, rho_Whh  0.95, Omega  0.00, alpha  0.000, steps in the past 0.000, valid nll 1.386
  [diag] log10|dL/dh_t| hist bins=60 range=(-12.00,-2.36) mean=-11.95 p50=-12.00 p05=-12.00 p95=-12.00
  [diag] sat-dist hist bins=60 sat<0.05=0.0% mean=0.980 p10=0.979 p90=0.981
Iter 0000080: train nll 1.386, valid error 075.080%, best valid error 074.020%, avg grad norm   0.181, avg grad norm (post clip)   0.192, rho_Whh  0.95, Omega  0.00, alpha  0.000, steps in the past 0.000, valid nll 1.386
  [diag] log10|dL/dh_t| hist bins=60 range=(-12.00,-2.36) mean=-11.95 p50=-12.00 p05=-12.00 p95=-12.00
  [diag] sat-dist hist bins=60 sat<0.05=0.0% mean=0.980 p10=0.978 p90=0.980
Iter 0000100: train nll 1.386, valid error 075.100%, best valid error 074.020%, avg grad norm   0.198, avg grad norm (post clip)   0.208, rho_Whh  0.95, Omega  0.00, alpha  0.000, steps in the past 0.000, valid nll 1.386
  [diag] log10|dL/dh_t| hist bins=60 range=(-12.00,-2.36) mean=-11.95 p50=-12.00 p05=-12.00 p95=-12.00
  [diag] sat-dist hist bins=60 sat<0.05=0.0% mean=0.973 p10=0.971 p90=0.976
Iter 0000120: train nll 1.386, valid error 075.880%, best valid error 074.020%, avg grad norm   0.206, avg grad norm (post clip)   0.217, rho_Whh  0.95, Omega  0.00, alpha  0.000, steps in the past 0.000, valid nll 1.386
  [diag] log10|dL/dh_t| hist bins=60 range=(-12.00,-2.36) mean=-11.95 p50=-12.00 p05=-12.00 p95=-12.00
  [diag] sat-dist hist bins=60 sat<0.05=0.0% mean=0.981 p10=0.980 p90=0.982
Iter 0000140: train nll 1.386, valid error 075.500%, best valid error 074.020%, avg grad norm   0.216, avg grad norm (post clip)   0.227, rho_Whh  0.95, Omega  0.00, alpha  0.000, steps in the past 0.000, valid nll 1.386
  [diag] log10|dL/dh_t| hist bins=60 range=(-12.00,-2.36) mean=-11.95 p50=-12.00 p05=-12.00 p95=-12.00
  [diag] sat-dist hist bins=60 sat<0.05=0.0% mean=0.975 p10=0.973 p90=0.976
Iter 0000160: train nll 1.386, valid error 075.520%, best valid error 074.020%, avg grad norm   0.192, avg grad norm (post clip)   0.203, rho_Whh  0.95, Omega  0.00, alpha  0.000, steps in the past 0.000, valid nll 1.387
  [diag] log10|dL/dh_t| hist bins=60 range=(-12.00,-2.36) mean=-11.95 p50=-12.00 p05=-12.00 p95=-12.00
  [diag] sat-dist hist bins=60 sat<0.05=0.0% mean=0.961 p10=0.957 p90=0.968
Iter 0000180: train nll 1.387, valid error 076.100%, best valid error 074.020%, avg grad norm   0.270, avg grad norm (post clip)   0.281, rho_Whh  0.95, Omega  0.00, alpha  0.000, steps in the past 0.000, valid nll 1.387
  [diag] log10|dL/dh_t| hist bins=60 range=(-12.00,-2.36) mean=-11.95 p50=-12.00 p05=-12.00 p95=-12.00
  [diag] sat-dist hist bins=60 sat<0.05=0.0% mean=0.954 p10=0.950 p90=0.964
Iter 0000200: train nll 1.386, valid error 074.220%, best valid error 074.020%, avg grad norm   0.229, avg grad norm (post clip)   0.243, rho_Whh  0.95, Omega  0.00, alpha  0.000, steps in the past 0.000, valid nll 1.386
  [diag] log10|dL/dh_t| hist bins=60 range=(-12.00,-2.36) mean=-11.95 p50=-12.00 p05=-12.00 p95=-12.00
  [diag] sat-dist hist bins=60 sat<0.05=0.0% mean=0.974 p10=0.972 p90=0.975
Iter 0000220: train nll 1.387, valid error 076.240%, best valid error 074.020%, avg grad norm   0.286, avg grad norm (post clip)   0.298, rho_Whh  0.95, Omega  0.00, alpha  0.000, steps in the past 0.000, valid nll 1.387
  [diag] log10|dL/dh_t| hist bins=60 range=(-12.00,-2.36) mean=-11.95 p50=-12.00 p05=-12.00 p95=-12.00
  [diag] sat-dist hist bins=60 sat<0.05=0.0% mean=0.980 p10=0.979 p90=0.980
Iter 0000240: train nll 1.386, valid error 074.540%, best valid error 074.020%, avg grad norm   0.204, avg grad norm (post clip)   0.219, rho_Whh  0.95, Omega  0.00, alpha  0.000, steps in the past 0.000, valid nll 1.387
  [diag] log10|dL/dh_t| hist bins=60 range=(-12.00,-2.36) mean=-11.95 p50=-12.00 p05=-12.00 p95=-12.00
  [diag] sat-dist hist bins=60 sat<0.05=0.0% mean=0.979 p10=0.978 p90=0.980
Iter 0000260: train nll 1.386, valid error 074.600%, best valid error 074.020%, avg grad norm   0.187, avg grad norm (post clip)   0.197, rho_Whh  0.95, Omega  0.00, alpha  0.000, steps in the past 0.000, valid nll 1.387
  [diag] log10|dL/dh_t| hist bins=60 range=(-12.00,-2.36) mean=-11.95 p50=-12.00 p05=-12.00 p95=-12.00
  [diag] sat-dist hist bins=60 sat<0.05=0.0% mean=0.980 p10=0.979 p90=0.980
Iter 0000280: train nll 1.387, valid error 075.260%, best valid error 074.020%, avg grad norm   0.223, avg grad norm (post clip)   0.233, rho_Whh  0.95, Omega  0.00, alpha  0.000, steps in the past 0.000, valid nll 1.387
  [diag] log10|dL/dh_t| hist bins=60 range=(-12.00,-2.36) mean=-11.95 p50=-12.00 p05=-12.00 p95=-12.00
  [diag] sat-dist hist bins=60 sat<0.05=0.0% mean=0.977 p10=0.976 p90=0.978
Iter 0000300: train nll 1.386, valid error 076.060%, best valid error 074.020%, avg grad norm   0.190, avg grad norm (post clip)   0.201, rho_Whh  0.95, Omega  0.00, alpha  0.000, steps in the past 0.000, valid nll 1.387
  [diag] log10|dL/dh_t| hist bins=60 range=(-12.00,-2.36) mean=-11.95 p50=-12.00 p05=-12.00 p95=-12.00
  [diag] sat-dist hist bins=60 sat<0.05=0.0% mean=0.980 p10=0.979 p90=0.982
Iter 0000320: train nll 1.387, valid error 074.640%, best valid error 074.020%, avg grad norm   0.212, avg grad norm (post clip)   0.222, rho_Whh  0.95, Omega  0.00, alpha  0.000, steps in the past 0.000, valid nll 1.387
  [diag] log10|dL/dh_t| hist bins=60 range=(-12.00,-2.36) mean=-11.95 p50=-12.00 p05=-12.00 p95=-12.00
  [diag] sat-dist hist bins=60 sat<0.05=0.0% mean=0.980 p10=0.978 p90=0.981
Iter 0000340: train nll 1.387, valid error 074.600%, best valid error 074.020%, avg grad norm   0.223, avg grad norm (post clip)   0.234, rho_Whh  0.95, Omega  0.00, alpha  0.000, steps in the past 0.000, valid nll 1.386
  [diag] log10|dL/dh_t| hist bins=60 range=(-12.00,-2.36) mean=-11.95 p50=-12.00 p05=-12.00 p95=-12.00
  [diag] sat-dist hist bins=60 sat<0.05=0.0% mean=0.980 p10=0.978 p90=0.981
Iter 0000360: train nll 1.387, valid error 074.760%, best valid error 074.020%, avg grad norm   0.206, avg grad norm (post clip)   0.218, rho_Whh  0.95, Omega  0.00, alpha  0.000, steps in the past 0.000, valid nll 1.386
  [diag] log10|dL/dh_t| hist bins=60 range=(-12.00,-2.36) mean=-11.95 p50=-12.00 p05=-12.00 p95=-12.00
  [diag] sat-dist hist bins=60 sat<0.05=0.0% mean=0.974 p10=0.972 p90=0.975
Iter 0000380: train nll 1.386, valid error 074.360%, best valid error 074.020%, avg grad norm   0.190, avg grad norm (post clip)   0.201, rho_Whh  0.95, Omega  0.00, alpha  0.000, steps in the past 0.000, valid nll 1.387
  [diag] log10|dL/dh_t| hist bins=60 range=(-12.00,-2.36) mean=-11.95 p50=-12.00 p05=-12.00 p95=-12.00
  [diag] sat-dist hist bins=60 sat<0.05=0.0% mean=0.971 p10=0.969 p90=0.973
Iter 0000400: train nll 1.386, valid error 076.000%, best valid error 074.020%, avg grad norm   0.186, avg grad norm (post clip)   0.196, rho_Whh  0.95, Omega  0.00, alpha  0.000, steps in the past 0.000, valid nll 1.387
  [diag] log10|dL/dh_t| hist bins=60 range=(-12.00,-2.36) mean=-11.95 p50=-12.00 p05=-12.00 p95=-12.00
  [diag] sat-dist hist bins=60 sat<0.05=0.0% mean=0.969 p10=0.966 p90=0.971
Iter 0000420: train nll 1.386, valid error 074.360%, best valid error 074.020%, avg grad norm   0.216, avg grad norm (post clip)   0.226, rho_Whh  0.95, Omega  0.00, alpha  0.000, steps in the past 0.000, valid nll 1.387
  [diag] log10|dL/dh_t| hist bins=60 range=(-12.00,-2.36) mean=-11.95 p50=-12.00 p05=-12.00 p95=-12.00
  [diag] sat-dist hist bins=60 sat<0.05=0.0% mean=0.977 p10=0.975 p90=0.978
Iter 0000440: train nll 1.387, valid error 074.320%, best valid error 074.020%, avg grad norm   0.173, avg grad norm (post clip)   0.184, rho_Whh  0.95, Omega  0.00, alpha  0.000, steps in the past 0.000, valid nll 1.387
  [diag] log10|dL/dh_t| hist bins=60 range=(-12.00,-2.36) mean=-11.95 p50=-12.00 p05=-12.00 p95=-12.00
  [diag] sat-dist hist bins=60 sat<0.05=0.0% mean=0.981 p10=0.980 p90=0.981
Iter 0000460: train nll 1.386, valid error 074.340%, best valid error 074.020%, avg grad norm   0.210, avg grad norm (post clip)   0.220, rho_Whh  0.95, Omega  0.00, alpha  0.000, steps in the past 0.000, valid nll 1.387
  [diag] log10|dL/dh_t| hist bins=60 range=(-12.00,-2.36) mean=-11.95 p50=-12.00 p05=-12.00 p95=-12.00
  [diag] sat-dist hist bins=60 sat<0.05=0.0% mean=0.980 p10=0.979 p90=0.980
Iter 0000480: train nll 1.386, valid error 075.000%, best valid error 074.020%, avg grad norm   0.192, avg grad norm (post clip)   0.203, rho_Whh  0.95, Omega  0.00, alpha  0.000, steps in the past 0.000, valid nll 1.387
  [diag] log10|dL/dh_t| hist bins=60 range=(-12.00,-2.36) mean=-11.95 p50=-12.00 p05=-12.00 p95=-12.00
  [diag] sat-dist hist bins=60 sat<0.05=0.0% mean=0.981 p10=0.980 p90=0.982
Iter 0000500: train nll 1.387, valid error 074.700%, best valid error 074.020%, avg grad norm   0.182, avg grad norm (post clip)   0.192, rho_Whh  0.95, Omega  0.00, alpha  0.000, steps in the past 0.000, valid nll 1.386
  [diag] log10|dL/dh_t| hist bins=60 range=(-12.00,-2.36) mean=-11.95 p50=-12.00 p05=-12.00 p95=-12.00
  [diag] sat-dist hist bins=60 sat<0.05=0.0% mean=0.979 p10=0.978 p90=0.981
Iter 0000520: train nll 1.387, valid error 074.700%, best valid error 074.020%, avg grad norm   0.185, avg grad norm (post clip)   0.194, rho_Whh  0.95, Omega  0.00, alpha  0.000, steps in the past 0.000, valid nll 1.386
  [diag] log10|dL/dh_t| hist bins=60 range=(-12.00,-2.36) mean=-11.95 p50=-12.00 p05=-12.00 p95=-12.00
  [diag] sat-dist hist bins=60 sat<0.05=0.0% mean=0.976 p10=0.974 p90=0.978
Iter 0000540: train nll 1.386, valid error 074.700%, best valid error 074.020%, avg grad norm   0.201, avg grad norm (post clip)   0.211, rho_Whh  0.95, Omega  0.00, alpha  0.000, steps in the past 0.000, valid nll 1.386
  [diag] log10|dL/dh_t| hist bins=60 range=(-12.00,-2.36) mean=-11.95 p50=-12.00 p05=-12.00 p95=-12.00
  [diag] sat-dist hist bins=60 sat<0.05=0.0% mean=0.977 p10=0.975 p90=0.979
Iter 0000560: train nll 1.387, valid error 074.700%, best valid error 074.020%, avg grad norm   0.178, avg grad norm (post clip)   0.188, rho_Whh  0.95, Omega  0.00, alpha  0.000, steps in the past 0.000, valid nll 1.386
  [diag] log10|dL/dh_t| hist bins=60 range=(-12.00,-2.36) mean=-11.95 p50=-12.00 p05=-12.00 p95=-12.00
  [diag] sat-dist hist bins=60 sat<0.05=0.0% mean=0.976 p10=0.974 p90=0.978
Iter 0000580: train nll 1.386, valid error 074.600%, best valid error 074.020%, avg grad norm   0.193, avg grad norm (post clip)   0.202, rho_Whh  0.95, Omega  0.00, alpha  0.000, steps in the past 0.000, valid nll 1.386
  [diag] log10|dL/dh_t| hist bins=60 range=(-12.00,-2.36) mean=-11.95 p50=-12.00 p05=-12.00 p95=-12.00
  [diag] sat-dist hist bins=60 sat<0.05=0.0% mean=0.979 p10=0.977 p90=0.981
Iter 0000600: train nll 1.387, valid error 075.040%, best valid error 074.020%, avg grad norm   0.211, avg grad norm (post clip)   0.221, rho_Whh  0.95, Omega  0.00, alpha  0.000, steps in the past 0.000, valid nll 1.386
  [diag] log10|dL/dh_t| hist bins=60 range=(-12.00,-2.36) mean=-11.95 p50=-12.00 p05=-12.00 p95=-12.00
  [diag] sat-dist hist bins=60 sat<0.05=0.0% mean=0.978 p10=0.976 p90=0.980
Iter 0000620: train nll 1.386, valid error 074.260%, best valid error 074.020%, avg grad norm   0.210, avg grad norm (post clip)   0.221, rho_Whh  0.95, Omega  0.00, alpha  0.000, steps in the past 0.000, valid nll 1.386
  [diag] log10|dL/dh_t| hist bins=60 range=(-12.00,-2.36) mean=-11.95 p50=-12.00 p05=-12.00 p95=-12.00
  [diag] sat-dist hist bins=60 sat<0.05=0.0% mean=0.979 p10=0.977 p90=0.980
Iter 0000640: train nll 1.387, valid error 074.880%, best valid error 074.020%, avg grad norm   0.200, avg grad norm (post clip)   0.211, rho_Whh  0.95, Omega  0.00, alpha  0.000, steps in the past 0.000, valid nll 1.386
  [diag] log10|dL/dh_t| hist bins=60 range=(-12.00,-2.36) mean=-11.95 p50=-12.00 p05=-12.00 p95=-12.00
  [diag] sat-dist hist bins=60 sat<0.05=0.0% mean=0.981 p10=0.980 p90=0.982
Iter 0000660: train nll 1.385, valid error 074.700%, best valid error 074.020%, avg grad norm   0.199, avg grad norm (post clip)   0.210, rho_Whh  0.95, Omega  0.00, alpha  0.000, steps in the past 0.000, valid nll 1.386
  [diag] log10|dL/dh_t| hist bins=60 range=(-12.00,-2.36) mean=-11.95 p50=-12.00 p05=-12.00 p95=-12.00
  [diag] sat-dist hist bins=60 sat<0.05=0.0% mean=0.981 p10=0.979 p90=0.982
Iter 0000680: train nll 1.387, valid error 074.700%, best valid error 074.020%, avg grad norm   0.154, avg grad norm (post clip)   0.164, rho_Whh  0.95, Omega  0.00, alpha  0.000, steps in the past 0.000, valid nll 1.386
  [diag] log10|dL/dh_t| hist bins=60 range=(-12.00,-2.36) mean=-11.95 p50=-12.00 p05=-12.00 p95=-12.00
  [diag] sat-dist hist bins=60 sat<0.05=0.0% mean=0.980 p10=0.979 p90=0.982
Iter 0000700: train nll 1.387, valid error 074.700%, best valid error 074.020%, avg grad norm   0.227, avg grad norm (post clip)   0.235, rho_Whh  0.95, Omega  0.00, alpha  0.000, steps in the past 0.000, valid nll 1.386
  [diag] log10|dL/dh_t| hist bins=60 range=(-12.00,-2.36) mean=-11.95 p50=-12.00 p05=-12.00 p95=-12.00
  [diag] sat-dist hist bins=60 sat<0.05=0.0% mean=0.981 p10=0.980 p90=0.982
Iter 0000720: train nll 1.387, valid error 074.700%, best valid error 074.020%, avg grad norm   0.192, avg grad norm (post clip)   0.204, rho_Whh  0.95, Omega  0.00, alpha  0.000, steps in the past 0.000, valid nll 1.386
  [diag] log10|dL/dh_t| hist bins=60 range=(-12.00,-2.36) mean=-11.95 p50=-12.00 p05=-12.00 p95=-12.00
  [diag] sat-dist hist bins=60 sat<0.05=0.0% mean=0.981 p10=0.980 p90=0.982
Iter 0000740: train nll 1.386, valid error 074.700%, best valid error 074.020%, avg grad norm   0.210, avg grad norm (post clip)   0.220, rho_Whh  0.95, Omega  0.00, alpha  0.000, steps in the past 0.000, valid nll 1.386
  [diag] log10|dL/dh_t| hist bins=60 range=(-12.00,-2.36) mean=-11.95 p50=-12.00 p05=-12.00 p95=-12.00
  [diag] sat-dist hist bins=60 sat<0.05=0.0% mean=0.979 p10=0.977 p90=0.980
Iter 0000760: train nll 1.386, valid error 074.700%, best valid error 074.020%, avg grad norm   0.189, avg grad norm (post clip)   0.200, rho_Whh  0.95, Omega  0.00, alpha  0.000, steps in the past 0.000, valid nll 1.386
  [diag] log10|dL/dh_t| hist bins=60 range=(-12.00,-2.36) mean=-11.95 p50=-12.00 p05=-12.00 p95=-12.00
  [diag] sat-dist hist bins=60 sat<0.05=0.0% mean=0.981 p10=0.981 p90=0.982
Iter 0000780: train nll 1.387, valid error 074.700%, best valid error 074.020%, avg grad norm   0.195, avg grad norm (post clip)   0.205, rho_Whh  0.95, Omega  0.00, alpha  0.000, steps in the past 0.000, valid nll 1.386
  [diag] log10|dL/dh_t| hist bins=60 range=(-12.00,-2.36) mean=-11.95 p50=-12.00 p05=-12.00 p95=-12.00
  [diag] sat-dist hist bins=60 sat<0.05=0.0% mean=0.981 p10=0.980 p90=0.982
Iter 0000800: train nll 1.386, valid error 074.700%, best valid error 074.020%, avg grad norm   0.187, avg grad norm (post clip)   0.197, rho_Whh  0.95, Omega  0.00, alpha  0.000, steps in the past 0.000, valid nll 1.386
  [diag] log10|dL/dh_t| hist bins=60 range=(-12.00,-2.36) mean=-11.95 p50=-12.00 p05=-12.00 p95=-12.00
  [diag] sat-dist hist bins=60 sat<0.05=0.0% mean=0.981 p10=0.980 p90=0.982
Iter 0000820: train nll 1.385, valid error 074.700%, best valid error 074.020%, avg grad norm   0.197, avg grad norm (post clip)   0.207, rho_Whh  0.95, Omega  0.00, alpha  0.000, steps in the past 0.000, valid nll 1.386
  [diag] log10|dL/dh_t| hist bins=60 range=(-12.00,-2.36) mean=-11.95 p50=-12.00 p05=-12.00 p95=-12.00
  [diag] sat-dist hist bins=60 sat<0.05=0.0% mean=0.979 p10=0.978 p90=0.980
Iter 0000840: train nll 1.387, valid error 074.700%, best valid error 074.020%, avg grad norm   0.181, avg grad norm (post clip)   0.191, rho_Whh  0.95, Omega  0.00, alpha  0.000, steps in the past 0.000, valid nll 1.386
  [diag] log10|dL/dh_t| hist bins=60 range=(-12.00,-2.36) mean=-11.95 p50=-12.00 p05=-12.00 p95=-12.00
  [diag] sat-dist hist bins=60 sat<0.05=0.0% mean=0.981 p10=0.980 p90=0.982
Iter 0000860: train nll 1.387, valid error 074.700%, best valid error 074.020%, avg grad norm   0.182, avg grad norm (post clip)   0.192, rho_Whh  0.95, Omega  0.00, alpha  0.000, steps in the past 0.000, valid nll 1.386
  [diag] log10|dL/dh_t| hist bins=60 range=(-12.00,-2.36) mean=-11.95 p50=-12.00 p05=-12.00 p95=-12.00
  [diag] sat-dist hist bins=60 sat<0.05=0.0% mean=0.981 p10=0.980 p90=0.982
Iter 0000880: train nll 1.386, valid error 074.720%, best valid error 074.020%, avg grad norm   0.188, avg grad norm (post clip)   0.197, rho_Whh  0.95, Omega  0.00, alpha  0.000, steps in the past 0.000, valid nll 1.386
  [diag] log10|dL/dh_t| hist bins=60 range=(-12.00,-2.36) mean=-11.95 p50=-12.00 p05=-12.00 p95=-12.00
  [diag] sat-dist hist bins=60 sat<0.05=0.0% mean=0.981 p10=0.980 p90=0.982
Iter 0000900: train nll 1.387, valid error 074.880%, best valid error 074.020%, avg grad norm   0.211, avg grad norm (post clip)   0.220, rho_Whh  0.95, Omega  0.00, alpha  0.000, steps in the past 0.000, valid nll 1.386
  [diag] log10|dL/dh_t| hist bins=60 range=(-12.00,-2.36) mean=-11.95 p50=-12.00 p05=-12.00 p95=-12.00
  [diag] sat-dist hist bins=60 sat<0.05=0.0% mean=0.980 p10=0.979 p90=0.982
Iter 0000920: train nll 1.387, valid error 074.960%, best valid error 074.020%, avg grad norm   0.216, avg grad norm (post clip)   0.227, rho_Whh  0.95, Omega  0.00, alpha  0.000, steps in the past 0.000, valid nll 1.386
  [diag] log10|dL/dh_t| hist bins=60 range=(-12.00,-2.36) mean=-11.95 p50=-12.00 p05=-12.00 p95=-12.00
  [diag] sat-dist hist bins=60 sat<0.05=0.0% mean=0.980 p10=0.978 p90=0.981
Iter 0000940: train nll 1.386, valid error 074.700%, best valid error 074.020%, avg grad norm   0.214, avg grad norm (post clip)   0.225, rho_Whh  0.95, Omega  0.00, alpha  0.000, steps in the past 0.000, valid nll 1.386
  [diag] log10|dL/dh_t| hist bins=60 range=(-12.00,-2.36) mean=-11.95 p50=-12.00 p05=-12.00 p95=-12.00
  [diag] sat-dist hist bins=60 sat<0.05=0.0% mean=0.981 p10=0.980 p90=0.982
Iter 0000960: train nll 1.387, valid error 074.700%, best valid error 074.020%, avg grad norm   0.231, avg grad norm (post clip)   0.242, rho_Whh  0.95, Omega  0.00, alpha  0.000, steps in the past 0.000, valid nll 1.386
  [diag] log10|dL/dh_t| hist bins=60 range=(-12.00,-2.36) mean=-11.95 p50=-12.00 p05=-12.00 p95=-12.00
  [diag] sat-dist hist bins=60 sat<0.05=0.0% mean=0.981 p10=0.980 p90=0.982
Iter 0000980: train nll 1.386, valid error 074.700%, best valid error 074.020%, avg grad norm   0.173, avg grad norm (post clip)   0.185, rho_Whh  0.95, Omega  0.00, alpha  0.000, steps in the past 0.000, valid nll 1.386
  [diag] log10|dL/dh_t| hist bins=60 range=(-12.00,-2.36) mean=-11.95 p50=-12.00 p05=-12.00 p95=-12.00
  [diag] sat-dist hist bins=60 sat<0.05=0.0% mean=0.981 p10=0.980 p90=0.982
Iter 0001000: train nll 1.386, valid error 074.700%, best valid error 074.020%, avg grad norm   0.224, avg grad norm (post clip)   0.233, rho_Whh  0.95, Omega  0.00, alpha  0.000, steps in the past 0.000, valid nll 1.386
  [diag] log10|dL/dh_t| hist bins=60 range=(-12.00,-2.36) mean=-11.95 p50=-12.00 p05=-12.00 p95=-12.00
  [diag] sat-dist hist bins=60 sat<0.05=0.0% mean=0.981 p10=0.980 p90=0.982
Iter 0001020: train nll 1.387, valid error 074.700%, best valid error 074.020%, avg grad norm   0.190, avg grad norm (post clip)   0.202, rho_Whh  0.95, Omega  0.00, alpha  0.000, steps in the past 0.000, valid nll 1.386
  [diag] log10|dL/dh_t| hist bins=60 range=(-12.00,-2.36) mean=-11.95 p50=-12.00 p05=-12.00 p95=-12.00
  [diag] sat-dist hist bins=60 sat<0.05=0.0% mean=0.980 p10=0.979 p90=0.981
Iter 0001040: train nll 1.386, valid error 074.720%, best valid error 074.020%, avg grad norm   0.215, avg grad norm (post clip)   0.225, rho_Whh  0.95, Omega  0.00, alpha  0.000, steps in the past 0.000, valid nll 1.387
  [diag] log10|dL/dh_t| hist bins=60 range=(-12.00,-2.36) mean=-11.95 p50=-12.00 p05=-12.00 p95=-12.00
  [diag] sat-dist hist bins=60 sat<0.05=0.0% mean=0.979 p10=0.978 p90=0.980
Iter 0001060: train nll 1.387, valid error 074.860%, best valid error 074.020%, avg grad norm   0.188, avg grad norm (post clip)   0.199, rho_Whh  0.95, Omega  0.00, alpha  0.000, steps in the past 0.000, valid nll 1.387
  [diag] log10|dL/dh_t| hist bins=60 range=(-12.00,-2.36) mean=-11.95 p50=-12.00 p05=-12.00 p95=-12.00
  [diag] sat-dist hist bins=60 sat<0.05=0.0% mean=0.977 p10=0.976 p90=0.978
Iter 0001080: train nll 1.385, valid error 074.800%, best valid error 074.020%, avg grad norm   0.201, avg grad norm (post clip)   0.211, rho_Whh  0.95, Omega  0.00, alpha  0.000, steps in the past 0.000, valid nll 1.387
  [diag] log10|dL/dh_t| hist bins=60 range=(-12.00,-2.36) mean=-11.95 p50=-12.00 p05=-12.00 p95=-12.00
  [diag] sat-dist hist bins=60 sat<0.05=0.0% mean=0.954 p10=0.950 p90=0.960
Iter 0001100: train nll 1.385, valid error 076.260%, best valid error 074.020%, avg grad norm   0.218, avg grad norm (post clip)   0.229, rho_Whh  0.95, Omega  0.00, alpha  0.000, steps in the past 0.000, valid nll 1.387
  [diag] log10|dL/dh_t| hist bins=60 range=(-12.00,-2.36) mean=-11.95 p50=-12.00 p05=-12.00 p95=-12.00
  [diag] sat-dist hist bins=60 sat<0.05=0.0% mean=0.960 p10=0.957 p90=0.964
Iter 0001120: train nll 1.386, valid error 076.260%, best valid error 074.020%, avg grad norm   0.213, avg grad norm (post clip)   0.224, rho_Whh  0.95, Omega  0.00, alpha  0.000, steps in the past 0.000, valid nll 1.387
  [diag] log10|dL/dh_t| hist bins=60 range=(-12.00,-2.36) mean=-11.95 p50=-12.00 p05=-12.00 p95=-12.00
  [diag] sat-dist hist bins=60 sat<0.05=0.0% mean=0.968 p10=0.966 p90=0.969
Iter 0001140: train nll 1.386, valid error 076.260%, best valid error 074.020%, avg grad norm   0.234, avg grad norm (post clip)   0.245, rho_Whh  0.95, Omega  0.00, alpha  0.000, steps in the past 0.000, valid nll 1.387
  [diag] log10|dL/dh_t| hist bins=60 range=(-12.00,-2.36) mean=-11.95 p50=-12.00 p05=-12.00 p95=-12.00
  [diag] sat-dist hist bins=60 sat<0.05=0.0% mean=0.981 p10=0.980 p90=0.981
Iter 0001160: train nll 1.389, valid error 075.180%, best valid error 074.020%, avg grad norm   0.216, avg grad norm (post clip)   0.229, rho_Whh  0.95, Omega  0.00, alpha  0.000, steps in the past 0.000, valid nll 1.387
  [diag] log10|dL/dh_t| hist bins=60 range=(-12.00,-2.36) mean=-11.95 p50=-12.00 p05=-12.00 p95=-12.00
  [diag] sat-dist hist bins=60 sat<0.05=0.0% mean=0.981 p10=0.980 p90=0.982
Iter 0001180: train nll 1.387, valid error 075.060%, best valid error 074.020%, avg grad norm   0.215, avg grad norm (post clip)   0.227, rho_Whh  0.95, Omega  0.00, alpha  0.000, steps in the past 0.000, valid nll 1.387
  [diag] log10|dL/dh_t| hist bins=60 range=(-12.00,-2.36) mean=-11.95 p50=-12.00 p05=-12.00 p95=-12.00
  [diag] sat-dist hist bins=60 sat<0.05=0.0% mean=0.982 p10=0.981 p90=0.982
Iter 0001200: train nll 1.386, valid error 074.820%, best valid error 074.020%, avg grad norm   0.157, avg grad norm (post clip)   0.168, rho_Whh  0.95, Omega  0.00, alpha  0.000, steps in the past 0.000, valid nll 1.387
  [diag] log10|dL/dh_t| hist bins=60 range=(-12.00,-2.36) mean=-11.95 p50=-12.00 p05=-12.00 p95=-12.00
  [diag] sat-dist hist bins=60 sat<0.05=0.0% mean=0.980 p10=0.979 p90=0.982
Iter 0001220: train nll 1.387, valid error 074.700%, best valid error 074.020%, avg grad norm   0.207, avg grad norm (post clip)   0.215, rho_Whh  0.95, Omega  0.00, alpha  0.000, steps in the past 0.000, valid nll 1.386
  [diag] log10|dL/dh_t| hist bins=60 range=(-12.00,-2.36) mean=-11.95 p50=-12.00 p05=-12.00 p95=-12.00
  [diag] sat-dist hist bins=60 sat<0.05=0.0% mean=0.982 p10=0.981 p90=0.982
Iter 0001240: train nll 1.387, valid error 074.900%, best valid error 074.020%, avg grad norm   0.203, avg grad norm (post clip)   0.214, rho_Whh  0.95, Omega  0.00, alpha  0.000, steps in the past 0.000, valid nll 1.387
  [diag] log10|dL/dh_t| hist bins=60 range=(-12.00,-2.36) mean=-11.95 p50=-12.00 p05=-12.00 p95=-12.00
  [diag] sat-dist hist bins=60 sat<0.05=0.0% mean=0.981 p10=0.980 p90=0.981
Iter 0001260: train nll 1.385, valid error 075.760%, best valid error 074.020%, avg grad norm   0.202, avg grad norm (post clip)   0.212, rho_Whh  0.95, Omega  0.00, alpha  0.000, steps in the past 0.000, valid nll 1.387
  [diag] log10|dL/dh_t| hist bins=60 range=(-12.00,-2.36) mean=-11.95 p50=-12.00 p05=-12.00 p95=-12.00
  [diag] sat-dist hist bins=60 sat<0.05=0.0% mean=0.980 p10=0.979 p90=0.981
Iter 0001280: train nll 1.386, valid error 076.140%, best valid error 074.020%, avg grad norm   0.207, avg grad norm (post clip)   0.218, rho_Whh  0.95, Omega  0.00, alpha  0.000, steps in the past 0.000, valid nll 1.387
  [diag] log10|dL/dh_t| hist bins=60 range=(-12.00,-2.36) mean=-11.95 p50=-12.00 p05=-12.00 p95=-12.00
  [diag] sat-dist hist bins=60 sat<0.05=0.0% mean=0.982 p10=0.981 p90=0.982
Iter 0001300: train nll 1.387, valid error 074.580%, best valid error 074.020%, avg grad norm   0.195, avg grad norm (post clip)   0.206, rho_Whh  0.95, Omega  0.00, alpha  0.000, steps in the past 0.000, valid nll 1.387
  [diag] log10|dL/dh_t| hist bins=60 range=(-12.00,-2.36) mean=-11.95 p50=-12.00 p05=-12.00 p95=-12.00
  [diag] sat-dist hist bins=60 sat<0.05=0.0% mean=0.982 p10=0.981 p90=0.982
Iter 0001320: train nll 1.386, valid error 074.820%, best valid error 074.020%, avg grad norm   0.208, avg grad norm (post clip)   0.219, rho_Whh  0.95, Omega  0.00, alpha  0.000, steps in the past 0.000, valid nll 1.387
  [diag] log10|dL/dh_t| hist bins=60 range=(-12.00,-2.36) mean=-11.95 p50=-12.00 p05=-12.00 p95=-12.00
  [diag] sat-dist hist bins=60 sat<0.05=0.0% mean=0.982 p10=0.981 p90=0.982
Iter 0001340: train nll 1.386, valid error 074.960%, best valid error 074.020%, avg grad norm   0.184, avg grad norm (post clip)   0.195, rho_Whh  0.95, Omega  0.00, alpha  0.000, steps in the past 0.000, valid nll 1.386
  [diag] log10|dL/dh_t| hist bins=60 range=(-12.00,-2.36) mean=-11.95 p50=-12.00 p05=-12.00 p95=-12.00
  [diag] sat-dist hist bins=60 sat<0.05=0.0% mean=0.982 p10=0.981 p90=0.982
Iter 0001360: train nll 1.387, valid error 074.840%, best valid error 074.020%, avg grad norm   0.191, avg grad norm (post clip)   0.201, rho_Whh  0.95, Omega  0.00, alpha  0.000, steps in the past 0.000, valid nll 1.386
  [diag] log10|dL/dh_t| hist bins=60 range=(-12.00,-2.36) mean=-11.95 p50=-12.00 p05=-12.00 p95=-12.00
  [diag] sat-dist hist bins=60 sat<0.05=0.0% mean=0.981 p10=0.980 p90=0.982
Iter 0001380: train nll 1.386, valid error 074.700%, best valid error 074.020%, avg grad norm   0.186, avg grad norm (post clip)   0.196, rho_Whh  0.95, Omega  0.00, alpha  0.000, steps in the past 0.000, valid nll 1.386
  [diag] log10|dL/dh_t| hist bins=60 range=(-12.00,-2.36) mean=-11.95 p50=-12.00 p05=-12.00 p95=-12.00
  [diag] sat-dist hist bins=60 sat<0.05=0.0% mean=0.981 p10=0.980 p90=0.982
Iter 0001400: train nll 1.386, valid error 074.700%, best valid error 074.020%, avg grad norm   0.172, avg grad norm (post clip)   0.182, rho_Whh  0.95, Omega  0.00, alpha  0.000, steps in the past 0.000, valid nll 1.386
  [diag] log10|dL/dh_t| hist bins=60 range=(-12.00,-2.36) mean=-11.95 p50=-12.00 p05=-12.00 p95=-12.00
  [diag] sat-dist hist bins=60 sat<0.05=0.0% mean=0.981 p10=0.980 p90=0.982
Iter 0001420: train nll 1.386, valid error 074.700%, best valid error 074.020%, avg grad norm   0.203, avg grad norm (post clip)   0.212, rho_Whh  0.95, Omega  0.00, alpha  0.000, steps in the past 0.000, valid nll 1.386
  [diag] log10|dL/dh_t| hist bins=60 range=(-12.00,-2.36) mean=-11.95 p50=-12.00 p05=-12.00 p95=-12.00
  [diag] sat-dist hist bins=60 sat<0.05=0.0% mean=0.982 p10=0.981 p90=0.982
Iter 0001440: train nll 1.387, valid error 075.760%, best valid error 074.020%, avg grad norm   0.229, avg grad norm (post clip)   0.240, rho_Whh  0.95, Omega  0.00, alpha  0.000, steps in the past 0.000, valid nll 1.387
  [diag] log10|dL/dh_t| hist bins=60 range=(-12.00,-2.36) mean=-11.95 p50=-12.00 p05=-12.00 p95=-12.00
  [diag] sat-dist hist bins=60 sat<0.05=0.0% mean=0.981 p10=0.980 p90=0.982
Iter 0001460: train nll 1.385, valid error 076.260%, best valid error 074.020%, avg grad norm   0.206, avg grad norm (post clip)   0.218, rho_Whh  0.95, Omega  0.00, alpha  0.000, steps in the past 0.000, valid nll 1.387
  [diag] log10|dL/dh_t| hist bins=60 range=(-12.00,-2.36) mean=-11.95 p50=-12.00 p05=-12.00 p95=-12.00
  [diag] sat-dist hist bins=60 sat<0.05=0.0% mean=0.982 p10=0.981 p90=0.982
Iter 0001480: train nll 1.388, valid error 076.260%, best valid error 074.020%, avg grad norm   0.203, avg grad norm (post clip)   0.214, rho_Whh  0.95, Omega  0.00, alpha  0.000, steps in the past 0.000, valid nll 1.387
  [diag] log10|dL/dh_t| hist bins=60 range=(-12.00,-2.36) mean=-11.95 p50=-12.00 p05=-12.00 p95=-12.00
  [diag] sat-dist hist bins=60 sat<0.05=0.0% mean=0.981 p10=0.981 p90=0.982
Iter 0001500: train nll 1.386, valid error 076.260%, best valid error 074.020%, avg grad norm   0.186, avg grad norm (post clip)   0.197, rho_Whh  0.95, Omega  0.00, alpha  0.000, steps in the past 0.000, valid nll 1.387
  [diag] log10|dL/dh_t| hist bins=60 range=(-12.00,-2.36) mean=-11.95 p50=-12.00 p05=-12.00 p95=-12.00
  [diag] sat-dist hist bins=60 sat<0.05=0.0% mean=0.981 p10=0.980 p90=0.982
Iter 0001520: train nll 1.386, valid error 076.260%, best valid error 074.020%, avg grad norm   0.193, avg grad norm (post clip)   0.202, rho_Whh  0.95, Omega  0.00, alpha  0.000, steps in the past 0.000, valid nll 1.387
  [diag] log10|dL/dh_t| hist bins=60 range=(-12.00,-2.36) mean=-11.95 p50=-12.00 p05=-12.00 p95=-12.00
  [diag] sat-dist hist bins=60 sat<0.05=0.0% mean=0.981 p10=0.981 p90=0.982
Iter 0001540: train nll 1.387, valid error 076.260%, best valid error 074.020%, avg grad norm   0.197, avg grad norm (post clip)   0.207, rho_Whh  0.95, Omega  0.00, alpha  0.000, steps in the past 0.000, valid nll 1.387
  [diag] log10|dL/dh_t| hist bins=60 range=(-12.00,-2.36) mean=-11.95 p50=-12.00 p05=-12.00 p95=-12.00
  [diag] sat-dist hist bins=60 sat<0.05=0.0% mean=0.981 p10=0.980 p90=0.981
Iter 0001560: train nll 1.386, valid error 076.260%, best valid error 074.020%, avg grad norm   0.199, avg grad norm (post clip)   0.210, rho_Whh  0.95, Omega  0.00, alpha  0.000, steps in the past 0.000, valid nll 1.387
  [diag] log10|dL/dh_t| hist bins=60 range=(-12.00,-2.36) mean=-11.95 p50=-12.00 p05=-12.00 p95=-12.00
  [diag] sat-dist hist bins=60 sat<0.05=0.0% mean=0.981 p10=0.980 p90=0.982
Iter 0001580: train nll 1.387, valid error 076.260%, best valid error 074.020%, avg grad norm   0.200, avg grad norm (post clip)   0.211, rho_Whh  0.95, Omega  0.00, alpha  0.000, steps in the past 0.000, valid nll 1.387
  [diag] log10|dL/dh_t| hist bins=60 range=(-12.00,-2.36) mean=-11.95 p50=-12.00 p05=-12.00 p95=-12.00
  [diag] sat-dist hist bins=60 sat<0.05=0.0% mean=0.981 p10=0.980 p90=0.982
Iter 0001600: train nll 1.386, valid error 076.260%, best valid error 074.020%, avg grad norm   0.193, avg grad norm (post clip)   0.203, rho_Whh  0.95, Omega  0.00, alpha  0.000, steps in the past 0.000, valid nll 1.387
  [diag] log10|dL/dh_t| hist bins=60 range=(-12.00,-2.36) mean=-11.95 p50=-12.00 p05=-12.00 p95=-12.00
  [diag] sat-dist hist bins=60 sat<0.05=0.0% mean=0.981 p10=0.981 p90=0.982
Iter 0001620: train nll 1.387, valid error 076.260%, best valid error 074.020%, avg grad norm   0.187, avg grad norm (post clip)   0.197, rho_Whh  0.95, Omega  0.00, alpha  0.000, steps in the past 0.000, valid nll 1.387
  [diag] log10|dL/dh_t| hist bins=60 range=(-12.00,-2.36) mean=-11.95 p50=-12.00 p05=-12.00 p95=-12.00
  [diag] sat-dist hist bins=60 sat<0.05=0.0% mean=0.981 p10=0.980 p90=0.982
Iter 0001640: train nll 1.387, valid error 076.280%, best valid error 074.020%, avg grad norm   0.170, avg grad norm (post clip)   0.180, rho_Whh  0.95, Omega  0.00, alpha  0.000, steps in the past 0.000, valid nll 1.386
  [diag] log10|dL/dh_t| hist bins=60 range=(-12.00,-2.36) mean=-11.95 p50=-12.00 p05=-12.00 p95=-12.00
  [diag] sat-dist hist bins=60 sat<0.05=0.0% mean=0.982 p10=0.981 p90=0.982
Iter 0001660: train nll 1.386, valid error 074.240%, best valid error 074.020%, avg grad norm   0.196, avg grad norm (post clip)   0.205, rho_Whh  0.95, Omega  0.00, alpha  0.000, steps in the past 0.000, valid nll 1.386
  [diag] log10|dL/dh_t| hist bins=60 range=(-12.00,-2.36) mean=-11.95 p50=-12.00 p05=-12.00 p95=-12.00
  [diag] sat-dist hist bins=60 sat<0.05=0.0% mean=0.982 p10=0.981 p90=0.982
Iter 0001680: train nll 1.385, valid error 074.680%, best valid error 074.020%, avg grad norm   0.184, avg grad norm (post clip)   0.194, rho_Whh  0.95, Omega  0.00, alpha  0.000, steps in the past 0.000, valid nll 1.386
  [diag] log10|dL/dh_t| hist bins=60 range=(-12.00,-2.36) mean=-11.95 p50=-12.00 p05=-12.00 p95=-12.00
  [diag] sat-dist hist bins=60 sat<0.05=0.0% mean=0.982 p10=0.981 p90=0.982
Iter 0001700: train nll 1.386, valid error 074.700%, best valid error 074.020%, avg grad norm   0.173, avg grad norm (post clip)   0.183, rho_Whh  0.95, Omega  0.00, alpha  0.000, steps in the past 0.000, valid nll 1.386
  [diag] log10|dL/dh_t| hist bins=60 range=(-12.00,-2.36) mean=-11.95 p50=-12.00 p05=-12.00 p95=-12.00
  [diag] sat-dist hist bins=60 sat<0.05=0.0% mean=0.982 p10=0.981 p90=0.982
Iter 0001720: train nll 1.387, valid error 074.700%, best valid error 074.020%, avg grad norm   0.202, avg grad norm (post clip)   0.211, rho_Whh  0.95, Omega  0.00, alpha  0.000, steps in the past 0.000, valid nll 1.386
  [diag] log10|dL/dh_t| hist bins=60 range=(-12.00,-2.36) mean=-11.95 p50=-12.00 p05=-12.00 p95=-12.00
  [diag] sat-dist hist bins=60 sat<0.05=0.0% mean=0.982 p10=0.981 p90=0.982
Iter 0001740: train nll 1.386, valid error 074.700%, best valid error 074.020%, avg grad norm   0.198, avg grad norm (post clip)   0.208, rho_Whh  0.95, Omega  0.00, alpha  0.000, steps in the past 0.000, valid nll 1.386
  [diag] log10|dL/dh_t| hist bins=60 range=(-12.00,-2.36) mean=-11.95 p50=-12.00 p05=-12.00 p95=-12.00
  [diag] sat-dist hist bins=60 sat<0.05=0.0% mean=0.982 p10=0.981 p90=0.982
Iter 0001760: train nll 1.387, valid error 074.480%, best valid error 074.020%, avg grad norm   0.196, avg grad norm (post clip)   0.206, rho_Whh  0.95, Omega  0.00, alpha  0.000, steps in the past 0.000, valid nll 1.386
  [diag] log10|dL/dh_t| hist bins=60 range=(-12.00,-2.36) mean=-11.95 p50=-12.00 p05=-12.00 p95=-12.00
  [diag] sat-dist hist bins=60 sat<0.05=0.0% mean=0.982 p10=0.981 p90=0.983
Iter 0001780: train nll 1.387, valid error 075.000%, best valid error 074.020%, avg grad norm   0.175, avg grad norm (post clip)   0.185, rho_Whh  0.95, Omega  0.00, alpha  0.000, steps in the past 0.000, valid nll 1.386
  [diag] log10|dL/dh_t| hist bins=60 range=(-12.00,-2.36) mean=-11.95 p50=-12.00 p05=-12.00 p95=-12.00
  [diag] sat-dist hist bins=60 sat<0.05=0.0% mean=0.982 p10=0.981 p90=0.983
Iter 0001800: train nll 1.387, valid error 075.120%, best valid error 074.020%, avg grad norm   0.179, avg grad norm (post clip)   0.189, rho_Whh  0.95, Omega  0.00, alpha  0.000, steps in the past 0.000, valid nll 1.386
  [diag] log10|dL/dh_t| hist bins=60 range=(-12.00,-2.36) mean=-11.95 p50=-12.00 p05=-12.00 p95=-12.00
  [diag] sat-dist hist bins=60 sat<0.05=0.0% mean=0.982 p10=0.981 p90=0.983
Iter 0001820: train nll 1.387, valid error 075.200%, best valid error 074.020%, avg grad norm   0.192, avg grad norm (post clip)   0.202, rho_Whh  0.95, Omega  0.00, alpha  0.000, steps in the past 0.000, valid nll 1.386
  [diag] log10|dL/dh_t| hist bins=60 range=(-12.00,-2.36) mean=-11.95 p50=-12.00 p05=-12.00 p95=-12.00
  [diag] sat-dist hist bins=60 sat<0.05=0.0% mean=0.982 p10=0.981 p90=0.982
Iter 0001840: train nll 1.386, valid error 074.980%, best valid error 074.020%, avg grad norm   0.215, avg grad norm (post clip)   0.225, rho_Whh  0.95, Omega  0.00, alpha  0.000, steps in the past 0.000, valid nll 1.386
  [diag] log10|dL/dh_t| hist bins=60 range=(-12.00,-2.36) mean=-11.95 p50=-12.00 p05=-12.00 p95=-12.00
  [diag] sat-dist hist bins=60 sat<0.05=0.0% mean=0.981 p10=0.980 p90=0.982
Iter 0001860: train nll 1.386, valid error 074.780%, best valid error 074.020%, avg grad norm   0.161, avg grad norm (post clip)   0.172, rho_Whh  0.95, Omega  0.00, alpha  0.000, steps in the past 0.000, valid nll 1.386
  [diag] log10|dL/dh_t| hist bins=60 range=(-12.00,-2.36) mean=-11.95 p50=-12.00 p05=-12.00 p95=-12.00
  [diag] sat-dist hist bins=60 sat<0.05=0.0% mean=0.982 p10=0.981 p90=0.982
Iter 0001880: train nll 1.386, valid error 074.700%, best valid error 074.020%, avg grad norm   0.171, avg grad norm (post clip)   0.179, rho_Whh  0.95, Omega  0.00, alpha  0.000, steps in the past 0.000, valid nll 1.386
  [diag] log10|dL/dh_t| hist bins=60 range=(-12.00,-2.36) mean=-11.95 p50=-12.00 p05=-12.00 p95=-12.00
  [diag] sat-dist hist bins=60 sat<0.05=0.0% mean=0.982 p10=0.981 p90=0.982
Iter 0001900: train nll 1.387, valid error 074.780%, best valid error 074.020%, avg grad norm   0.177, avg grad norm (post clip)   0.186, rho_Whh  0.95, Omega  0.00, alpha  0.000, steps in the past 0.000, valid nll 1.386
  [diag] log10|dL/dh_t| hist bins=60 range=(-12.00,-2.36) mean=-11.95 p50=-12.00 p05=-12.00 p95=-12.00
  [diag] sat-dist hist bins=60 sat<0.05=0.0% mean=0.981 p10=0.980 p90=0.982
Iter 0001920: train nll 1.386, valid error 074.980%, best valid error 074.020%, avg grad norm   0.190, avg grad norm (post clip)   0.200, rho_Whh  0.95, Omega  0.00, alpha  0.000, steps in the past 0.000, valid nll 1.386
  [diag] log10|dL/dh_t| hist bins=60 range=(-12.00,-2.36) mean=-11.95 p50=-12.00 p05=-12.00 p95=-12.00
  [diag] sat-dist hist bins=60 sat<0.05=0.0% mean=0.981 p10=0.979 p90=0.982
Iter 0001940: train nll 1.385, valid error 074.700%, best valid error 074.020%, avg grad norm   0.202, avg grad norm (post clip)   0.212, rho_Whh  0.95, Omega  0.00, alpha  0.000, steps in the past 0.000, valid nll 1.386
  [diag] log10|dL/dh_t| hist bins=60 range=(-12.00,-2.36) mean=-11.95 p50=-12.00 p05=-12.00 p95=-12.00
  [diag] sat-dist hist bins=60 sat<0.05=0.0% mean=0.981 p10=0.979 p90=0.982
Iter 0001960: train nll 1.386, valid error 074.720%, best valid error 074.020%, avg grad norm   0.171, avg grad norm (post clip)   0.182, rho_Whh  0.95, Omega  0.00, alpha  0.000, steps in the past 0.000, valid nll 1.386
  [diag] log10|dL/dh_t| hist bins=60 range=(-12.00,-2.36) mean=-11.95 p50=-12.00 p05=-12.00 p95=-12.00
  [diag] sat-dist hist bins=60 sat<0.05=0.0% mean=0.981 p10=0.979 p90=0.982
Iter 0001980: train nll 1.386, valid error 074.440%, best valid error 074.020%, avg grad norm   0.193, avg grad norm (post clip)   0.202, rho_Whh  0.95, Omega  0.00, alpha  0.000, steps in the past 0.000, valid nll 1.386
  [diag] log10|dL/dh_t| hist bins=60 range=(-12.00,-2.36) mean=-11.95 p50=-12.00 p05=-12.00 p95=-12.00
  [diag] sat-dist hist bins=60 sat<0.05=0.0% mean=0.981 p10=0.980 p90=0.982
Iter 0002000: train nll 1.387, valid error 074.740%, best valid error 074.020%, avg grad norm   0.191, avg grad norm (post clip)   0.201, rho_Whh  0.95, Omega  0.00, alpha  0.000, steps in the past 0.000, valid nll 1.386
  [diag] log10|dL/dh_t| hist bins=60 range=(-12.00,-2.36) mean=-11.95 p50=-12.00 p05=-12.00 p95=-12.00
  [diag] sat-dist hist bins=60 sat<0.05=0.0% mean=0.981 p10=0.980 p90=0.982
Iter 0002020: train nll 1.387, valid error 074.960%, best valid error 074.020%, avg grad norm   0.190, avg grad norm (post clip)   0.200, rho_Whh  0.95, Omega  0.00, alpha  0.000, steps in the past 0.000, valid nll 1.386
  [diag] log10|dL/dh_t| hist bins=60 range=(-12.00,-2.36) mean=-11.95 p50=-12.00 p05=-12.00 p95=-12.00
  [diag] sat-dist hist bins=60 sat<0.05=0.0% mean=0.981 p10=0.980 p90=0.982
Iter 0002040: train nll 1.386, valid error 074.960%, best valid error 074.020%, avg grad norm   0.201, avg grad norm (post clip)   0.211, rho_Whh  0.95, Omega  0.00, alpha  0.000, steps in the past 0.000, valid nll 1.386
  [diag] log10|dL/dh_t| hist bins=60 range=(-12.00,-2.36) mean=-11.95 p50=-12.00 p05=-12.00 p95=-12.00
  [diag] sat-dist hist bins=60 sat<0.05=0.0% mean=0.981 p10=0.980 p90=0.982
Iter 0002060: train nll 1.387, valid error 074.960%, best valid error 074.020%, avg grad norm   0.189, avg grad norm (post clip)   0.199, rho_Whh  0.95, Omega  0.00, alpha  0.000, steps in the past 0.000, valid nll 1.386
  [diag] log10|dL/dh_t| hist bins=60 range=(-12.00,-2.36) mean=-11.95 p50=-12.00 p05=-12.00 p95=-12.00
  [diag] sat-dist hist bins=60 sat<0.05=0.0% mean=0.982 p10=0.981 p90=0.983
Iter 0002080: train nll 1.387, valid error 074.960%, best valid error 074.020%, avg grad norm   0.175, avg grad norm (post clip)   0.185, rho_Whh  0.95, Omega  0.00, alpha  0.000, steps in the past 0.000, valid nll 1.386
  [diag] log10|dL/dh_t| hist bins=60 range=(-12.00,-2.36) mean=-11.95 p50=-12.00 p05=-12.00 p95=-12.00
  [diag] sat-dist hist bins=60 sat<0.05=0.0% mean=0.982 p10=0.980 p90=0.982
Iter 0002100: train nll 1.386, valid error 074.960%, best valid error 074.020%, avg grad norm   0.196, avg grad norm (post clip)   0.206, rho_Whh  0.95, Omega  0.00, alpha  0.000, steps in the past 0.000, valid nll 1.386
  [diag] log10|dL/dh_t| hist bins=60 range=(-12.00,-2.36) mean=-11.95 p50=-12.00 p05=-12.00 p95=-12.00
  [diag] sat-dist hist bins=60 sat<0.05=0.0% mean=0.982 p10=0.981 p90=0.983
Iter 0002120: train nll 1.387, valid error 074.960%, best valid error 074.020%, avg grad norm   0.193, avg grad norm (post clip)   0.203, rho_Whh  0.95, Omega  0.00, alpha  0.000, steps in the past 0.000, valid nll 1.386
  [diag] log10|dL/dh_t| hist bins=60 range=(-12.00,-2.36) mean=-11.95 p50=-12.00 p05=-12.00 p95=-12.00
  [diag] sat-dist hist bins=60 sat<0.05=0.0% mean=0.982 p10=0.981 p90=0.982
Iter 0002140: train nll 1.386, valid error 074.960%, best valid error 074.020%, avg grad norm   0.192, avg grad norm (post clip)   0.202, rho_Whh  0.95, Omega  0.00, alpha  0.000, steps in the past 0.000, valid nll 1.386
  [diag] log10|dL/dh_t| hist bins=60 range=(-12.00,-2.36) mean=-11.95 p50=-12.00 p05=-12.00 p95=-12.00
  [diag] sat-dist hist bins=60 sat<0.05=0.0% mean=0.981 p10=0.979 p90=0.982
Iter 0002160: train nll 1.386, valid error 074.960%, best valid error 074.020%, avg grad norm   0.196, avg grad norm (post clip)   0.206, rho_Whh  0.95, Omega  0.00, alpha  0.000, steps in the past 0.000, valid nll 1.386
  [diag] log10|dL/dh_t| hist bins=60 range=(-12.00,-2.36) mean=-11.95 p50=-12.00 p05=-12.00 p95=-12.00
  [diag] sat-dist hist bins=60 sat<0.05=0.0% mean=0.981 p10=0.979 p90=0.982
Iter 0002180: train nll 1.386, valid error 074.960%, best valid error 074.020%, avg grad norm   0.222, avg grad norm (post clip)   0.232, rho_Whh  0.95, Omega  0.00, alpha  0.000, steps in the past 0.000, valid nll 1.386
  [diag] log10|dL/dh_t| hist bins=60 range=(-12.00,-2.36) mean=-11.95 p50=-12.00 p05=-12.00 p95=-12.00
  [diag] sat-dist hist bins=60 sat<0.05=0.0% mean=0.980 p10=0.979 p90=0.982
Iter 0002200: train nll 1.385, valid error 074.960%, best valid error 074.020%, avg grad norm   0.197, avg grad norm (post clip)   0.208, rho_Whh  0.95, Omega  0.00, alpha  0.000, steps in the past 0.000, valid nll 1.386
  [diag] log10|dL/dh_t| hist bins=60 range=(-12.00,-2.36) mean=-11.95 p50=-12.00 p05=-12.00 p95=-12.00
  [diag] sat-dist hist bins=60 sat<0.05=0.0% mean=0.982 p10=0.981 p90=0.983
Iter 0002220: train nll 1.387, valid error 074.960%, best valid error 074.020%, avg grad norm   0.213, avg grad norm (post clip)   0.223, rho_Whh  0.95, Omega  0.00, alpha  0.000, steps in the past 0.000, valid nll 1.386
  [diag] log10|dL/dh_t| hist bins=60 range=(-12.00,-2.36) mean=-11.95 p50=-12.00 p05=-12.00 p95=-12.00
  [diag] sat-dist hist bins=60 sat<0.05=0.0% mean=0.982 p10=0.981 p90=0.983
Iter 0002240: train nll 1.387, valid error 074.960%, best valid error 074.020%, avg grad norm   0.200, avg grad norm (post clip)   0.211, rho_Whh  0.95, Omega  0.00, alpha  0.000, steps in the past 0.000, valid nll 1.386
  [diag] log10|dL/dh_t| hist bins=60 range=(-12.00,-2.36) mean=-11.95 p50=-12.00 p05=-12.00 p95=-12.00
  [diag] sat-dist hist bins=60 sat<0.05=0.0% mean=0.980 p10=0.979 p90=0.982
Iter 0002260: train nll 1.385, valid error 074.960%, best valid error 074.020%, avg grad norm   0.200, avg grad norm (post clip)   0.210, rho_Whh  0.95, Omega  0.00, alpha  0.000, steps in the past 0.000, valid nll 1.386
  [diag] log10|dL/dh_t| hist bins=60 range=(-12.00,-2.36) mean=-11.95 p50=-12.00 p05=-12.00 p95=-12.00
  [diag] sat-dist hist bins=60 sat<0.05=0.0% mean=0.981 p10=0.980 p90=0.982
Iter 0002280: train nll 1.388, valid error 074.960%, best valid error 074.020%, avg grad norm   0.192, avg grad norm (post clip)   0.203, rho_Whh  0.95, Omega  0.00, alpha  0.000, steps in the past 0.000, valid nll 1.386
  [diag] log10|dL/dh_t| hist bins=60 range=(-12.00,-2.36) mean=-11.95 p50=-12.00 p05=-12.00 p95=-12.00
  [diag] sat-dist hist bins=60 sat<0.05=0.0% mean=0.982 p10=0.981 p90=0.982
Iter 0002300: train nll 1.386, valid error 074.960%, best valid error 074.020%, avg grad norm   0.197, avg grad norm (post clip)   0.207, rho_Whh  0.95, Omega  0.00, alpha  0.000, steps in the past 0.000, valid nll 1.386
  [diag] log10|dL/dh_t| hist bins=60 range=(-12.00,-2.36) mean=-11.95 p50=-12.00 p05=-12.00 p95=-12.00
  [diag] sat-dist hist bins=60 sat<0.05=0.0% mean=0.982 p10=0.981 p90=0.983
Iter 0002320: train nll 1.387, valid error 074.960%, best valid error 074.020%, avg grad norm   0.184, avg grad norm (post clip)   0.195, rho_Whh  0.95, Omega  0.00, alpha  0.000, steps in the past 0.000, valid nll 1.386
  [diag] log10|dL/dh_t| hist bins=60 range=(-12.00,-2.36) mean=-11.95 p50=-12.00 p05=-12.00 p95=-12.00
  [diag] sat-dist hist bins=60 sat<0.05=0.0% mean=0.982 p10=0.981 p90=0.982
Iter 0002340: train nll 1.387, valid error 075.160%, best valid error 074.020%, avg grad norm   0.210, avg grad norm (post clip)   0.220, rho_Whh  0.95, Omega  0.00, alpha  0.000, steps in the past 0.000, valid nll 1.386
  [diag] log10|dL/dh_t| hist bins=60 range=(-12.00,-2.36) mean=-11.95 p50=-12.00 p05=-12.00 p95=-12.00
  [diag] sat-dist hist bins=60 sat<0.05=0.0% mean=0.982 p10=0.981 p90=0.983
Iter 0002360: train nll 1.386, valid error 074.960%, best valid error 074.020%, avg grad norm   0.194, avg grad norm (post clip)   0.205, rho_Whh  0.95, Omega  0.00, alpha  0.000, steps in the past 0.000, valid nll 1.386
  [diag] log10|dL/dh_t| hist bins=60 range=(-12.00,-2.36) mean=-11.95 p50=-12.00 p05=-12.00 p95=-12.00
  [diag] sat-dist hist bins=60 sat<0.05=0.0% mean=0.982 p10=0.981 p90=0.983
Iter 0002380: train nll 1.386, valid error 074.960%, best valid error 074.020%, avg grad norm   0.217, avg grad norm (post clip)   0.227, rho_Whh  0.95, Omega  0.00, alpha  0.000, steps in the past 0.000, valid nll 1.386
  [diag] log10|dL/dh_t| hist bins=60 range=(-12.00,-2.36) mean=-11.95 p50=-12.00 p05=-12.00 p95=-12.00
  [diag] sat-dist hist bins=60 sat<0.05=0.0% mean=0.982 p10=0.981 p90=0.982
Iter 0002400: train nll 1.387, valid error 074.960%, best valid error 074.020%, avg grad norm   0.190, avg grad norm (post clip)   0.201, rho_Whh  0.95, Omega  0.00, alpha  0.000, steps in the past 0.000, valid nll 1.386
  [diag] log10|dL/dh_t| hist bins=60 range=(-12.00,-2.36) mean=-11.95 p50=-12.00 p05=-12.00 p95=-12.00
  [diag] sat-dist hist bins=60 sat<0.05=0.0% mean=0.982 p10=0.981 p90=0.982
Iter 0002420: train nll 1.387, valid error 074.960%, best valid error 074.020%, avg grad norm   0.182, avg grad norm (post clip)   0.192, rho_Whh  0.95, Omega  0.00, alpha  0.000, steps in the past 0.000, valid nll 1.386
  [diag] log10|dL/dh_t| hist bins=60 range=(-12.00,-2.36) mean=-11.95 p50=-12.00 p05=-12.00 p95=-12.00
  [diag] sat-dist hist bins=60 sat<0.05=0.0% mean=0.981 p10=0.981 p90=0.982
Iter 0002440: train nll 1.386, valid error 074.960%, best valid error 074.020%, avg grad norm   0.208, avg grad norm (post clip)   0.218, rho_Whh  0.95, Omega  0.00, alpha  0.000, steps in the past 0.000, valid nll 1.387
  [diag] log10|dL/dh_t| hist bins=60 range=(-12.00,-2.36) mean=-11.95 p50=-12.00 p05=-12.00 p95=-12.00
  [diag] sat-dist hist bins=60 sat<0.05=0.0% mean=0.980 p10=0.979 p90=0.981
Iter 0002460: train nll 1.387, valid error 075.880%, best valid error 074.020%, avg grad norm   0.188, avg grad norm (post clip)   0.199, rho_Whh  0.95, Omega  0.00, alpha  0.000, steps in the past 0.000, valid nll 1.387
  [diag] log10|dL/dh_t| hist bins=60 range=(-12.00,-2.36) mean=-11.95 p50=-12.00 p05=-12.00 p95=-12.00
  [diag] sat-dist hist bins=60 sat<0.05=0.0% mean=0.982 p10=0.981 p90=0.982
Iter 0002480: train nll 1.386, valid error 074.960%, best valid error 074.020%, avg grad norm   0.181, avg grad norm (post clip)   0.191, rho_Whh  0.95, Omega  0.00, alpha  0.000, steps in the past 0.000, valid nll 1.387
  [diag] log10|dL/dh_t| hist bins=60 range=(-12.00,-2.36) mean=-11.95 p50=-12.00 p05=-12.00 p95=-12.00
  [diag] sat-dist hist bins=60 sat<0.05=0.0% mean=0.981 p10=0.980 p90=0.982
Iter 0002500: train nll 1.387, valid error 075.140%, best valid error 074.020%, avg grad norm   0.182, avg grad norm (post clip)   0.192, rho_Whh  0.95, Omega  0.00, alpha  0.000, steps in the past 0.000, valid nll 1.387
  [diag] log10|dL/dh_t| hist bins=60 range=(-12.00,-2.36) mean=-11.95 p50=-12.00 p05=-12.00 p95=-12.00
  [diag] sat-dist hist bins=60 sat<0.05=0.0% mean=0.981 p10=0.980 p90=0.982
Iter 0002520: train nll 1.387, valid error 075.000%, best valid error 074.020%, avg grad norm   0.194, avg grad norm (post clip)   0.204, rho_Whh  0.95, Omega  0.00, alpha  0.000, steps in the past 0.000, valid nll 1.386
  [diag] log10|dL/dh_t| hist bins=60 range=(-12.00,-2.36) mean=-11.95 p50=-12.00 p05=-12.00 p95=-12.00
  [diag] sat-dist hist bins=60 sat<0.05=0.0% mean=0.982 p10=0.981 p90=0.982
Iter 0002540: train nll 1.386, valid error 074.960%, best valid error 074.020%, avg grad norm   0.227, avg grad norm (post clip)   0.237, rho_Whh  0.95, Omega  0.00, alpha  0.000, steps in the past 0.000, valid nll 1.386
  [diag] log10|dL/dh_t| hist bins=60 range=(-12.00,-2.36) mean=-11.95 p50=-12.00 p05=-12.00 p95=-12.00
  [diag] sat-dist hist bins=60 sat<0.05=0.0% mean=0.982 p10=0.981 p90=0.982
Iter 0002560: train nll 1.386, valid error 074.960%, best valid error 074.020%, avg grad norm   0.199, avg grad norm (post clip)   0.210, rho_Whh  0.95, Omega  0.00, alpha  0.000, steps in the past 0.000, valid nll 1.386
  [diag] log10|dL/dh_t| hist bins=60 range=(-12.00,-2.36) mean=-11.95 p50=-12.00 p05=-12.00 p95=-12.00
  [diag] sat-dist hist bins=60 sat<0.05=0.0% mean=0.982 p10=0.981 p90=0.982
Iter 0002580: train nll 1.386, valid error 074.960%, best valid error 074.020%, avg grad norm   0.184, avg grad norm (post clip)   0.194, rho_Whh  0.95, Omega  0.00, alpha  0.000, steps in the past 0.000, valid nll 1.386
  [diag] log10|dL/dh_t| hist bins=60 range=(-12.00,-2.36) mean=-11.95 p50=-12.00 p05=-12.00 p95=-12.00
  [diag] sat-dist hist bins=60 sat<0.05=0.0% mean=0.982 p10=0.981 p90=0.982
Iter 0002600: train nll 1.386, valid error 074.960%, best valid error 074.020%, avg grad norm   0.171, avg grad norm (post clip)   0.180, rho_Whh  0.95, Omega  0.00, alpha  0.000, steps in the past 0.000, valid nll 1.386
  [diag] log10|dL/dh_t| hist bins=60 range=(-12.00,-2.36) mean=-11.95 p50=-12.00 p05=-12.00 p95=-12.00
  [diag] sat-dist hist bins=60 sat<0.05=0.0% mean=0.982 p10=0.981 p90=0.983
Iter 0002620: train nll 1.387, valid error 074.960%, best valid error 074.020%, avg grad norm   0.204, avg grad norm (post clip)   0.213, rho_Whh  0.95, Omega  0.00, alpha  0.000, steps in the past 0.000, valid nll 1.386
  [diag] log10|dL/dh_t| hist bins=60 range=(-12.00,-2.36) mean=-11.95 p50=-12.00 p05=-12.00 p95=-12.00
  [diag] sat-dist hist bins=60 sat<0.05=0.0% mean=0.982 p10=0.981 p90=0.982
Iter 0002640: train nll 1.387, valid error 074.960%, best valid error 074.020%, avg grad norm   0.214, avg grad norm (post clip)   0.225, rho_Whh  0.95, Omega  0.00, alpha  0.000, steps in the past 0.000, valid nll 1.386
  [diag] log10|dL/dh_t| hist bins=60 range=(-12.00,-2.36) mean=-11.95 p50=-12.00 p05=-12.00 p95=-12.00
  [diag] sat-dist hist bins=60 sat<0.05=0.0% mean=0.982 p10=0.981 p90=0.982
Iter 0002660: train nll 1.386, valid error 074.960%, best valid error 074.020%, avg grad norm   0.202, avg grad norm (post clip)   0.213, rho_Whh  0.95, Omega  0.00, alpha  0.000, steps in the past 0.000, valid nll 1.386
  [diag] log10|dL/dh_t| hist bins=60 range=(-12.00,-2.36) mean=-11.95 p50=-12.00 p05=-12.00 p95=-12.00
  [diag] sat-dist hist bins=60 sat<0.05=0.0% mean=0.982 p10=0.981 p90=0.982
Iter 0002680: train nll 1.387, valid error 074.960%, best valid error 074.020%, avg grad norm   0.181, avg grad norm (post clip)   0.192, rho_Whh  0.95, Omega  0.00, alpha  0.000, steps in the past 0.000, valid nll 1.386
  [diag] log10|dL/dh_t| hist bins=60 range=(-12.00,-2.36) mean=-11.95 p50=-12.00 p05=-12.00 p95=-12.00
  [diag] sat-dist hist bins=60 sat<0.05=0.0% mean=0.982 p10=0.981 p90=0.982
Iter 0002700: train nll 1.387, valid error 074.960%, best valid error 074.020%, avg grad norm   0.168, avg grad norm (post clip)   0.178, rho_Whh  0.95, Omega  0.00, alpha  0.000, steps in the past 0.000, valid nll 1.386
  [diag] log10|dL/dh_t| hist bins=60 range=(-12.00,-2.36) mean=-11.95 p50=-12.00 p05=-12.00 p95=-12.00
  [diag] sat-dist hist bins=60 sat<0.05=0.0% mean=0.981 p10=0.980 p90=0.981
Iter 0002720: train nll 1.387, valid error 074.880%, best valid error 074.020%, avg grad norm   0.183, avg grad norm (post clip)   0.192, rho_Whh  0.95, Omega  0.00, alpha  0.000, steps in the past 0.000, valid nll 1.386
  [diag] log10|dL/dh_t| hist bins=60 range=(-12.00,-2.36) mean=-11.95 p50=-12.00 p05=-12.00 p95=-12.00
  [diag] sat-dist hist bins=60 sat<0.05=0.0% mean=0.980 p10=0.979 p90=0.980
Iter 0002740: train nll 1.386, valid error 074.200%, best valid error 074.020%, avg grad norm   0.194, avg grad norm (post clip)   0.204, rho_Whh  0.95, Omega  0.00, alpha  0.000, steps in the past 0.000, valid nll 1.386
  [diag] log10|dL/dh_t| hist bins=60 range=(-12.00,-2.36) mean=-11.95 p50=-12.00 p05=-12.00 p95=-12.00
  [diag] sat-dist hist bins=60 sat<0.05=0.0% mean=0.981 p10=0.980 p90=0.981
Iter 0002760: train nll 1.386, valid error 074.960%, best valid error 074.020%, avg grad norm   0.187, avg grad norm (post clip)   0.197, rho_Whh  0.95, Omega  0.00, alpha  0.000, steps in the past 0.000, valid nll 1.386
  [diag] log10|dL/dh_t| hist bins=60 range=(-12.00,-2.36) mean=-11.95 p50=-12.00 p05=-12.00 p95=-12.00
  [diag] sat-dist hist bins=60 sat<0.05=0.0% mean=0.981 p10=0.980 p90=0.982
Iter 0002780: train nll 1.386, valid error 074.960%, best valid error 074.020%, avg grad norm   0.178, avg grad norm (post clip)   0.188, rho_Whh  0.95, Omega  0.00, alpha  0.000, steps in the past 0.000, valid nll 1.386
  [diag] log10|dL/dh_t| hist bins=60 range=(-12.00,-2.36) mean=-11.95 p50=-12.00 p05=-12.00 p95=-12.00
  [diag] sat-dist hist bins=60 sat<0.05=0.0% mean=0.981 p10=0.980 p90=0.982
Iter 0002800: train nll 1.386, valid error 074.880%, best valid error 074.020%, avg grad norm   0.190, avg grad norm (post clip)   0.199, rho_Whh  0.95, Omega  0.00, alpha  0.000, steps in the past 0.000, valid nll 1.386
  [diag] log10|dL/dh_t| hist bins=60 range=(-12.00,-2.36) mean=-11.95 p50=-12.00 p05=-12.00 p95=-12.00
  [diag] sat-dist hist bins=60 sat<0.05=0.0% mean=0.981 p10=0.981 p90=0.982
Iter 0002820: train nll 1.386, valid error 074.980%, best valid error 074.020%, avg grad norm   0.180, avg grad norm (post clip)   0.190, rho_Whh  0.95, Omega  0.00, alpha  0.000, steps in the past 0.000, valid nll 1.386
  [diag] log10|dL/dh_t| hist bins=60 range=(-12.00,-2.36) mean=-11.95 p50=-12.00 p05=-12.00 p95=-12.00
  [diag] sat-dist hist bins=60 sat<0.05=0.0% mean=0.981 p10=0.980 p90=0.981
Iter 0002840: train nll 1.387, valid error 074.500%, best valid error 074.020%, avg grad norm   0.172, avg grad norm (post clip)   0.182, rho_Whh  0.95, Omega  0.00, alpha  0.000, steps in the past 0.000, valid nll 1.386
  [diag] log10|dL/dh_t| hist bins=60 range=(-12.00,-2.36) mean=-11.95 p50=-12.00 p05=-12.00 p95=-12.00
  [diag] sat-dist hist bins=60 sat<0.05=0.0% mean=0.980 p10=0.979 p90=0.981
Iter 0002860: train nll 1.384, valid error 074.640%, best valid error 074.020%, avg grad norm   0.194, avg grad norm (post clip)   0.203, rho_Whh  0.95, Omega  0.00, alpha  0.000, steps in the past 0.000, valid nll 1.387
  [diag] log10|dL/dh_t| hist bins=60 range=(-12.00,-2.36) mean=-11.95 p50=-12.00 p05=-12.00 p95=-12.00
  [diag] sat-dist hist bins=60 sat<0.05=0.0% mean=0.979 p10=0.978 p90=0.979
Iter 0002880: train nll 1.385, valid error 074.700%, best valid error 074.020%, avg grad norm   0.194, avg grad norm (post clip)   0.204, rho_Whh  0.95, Omega  0.00, alpha  0.000, steps in the past 0.000, valid nll 1.387
  [diag] log10|dL/dh_t| hist bins=60 range=(-12.00,-2.36) mean=-11.95 p50=-12.00 p05=-12.00 p95=-12.00
  [diag] sat-dist hist bins=60 sat<0.05=0.0% mean=0.977 p10=0.976 p90=0.977
Iter 0002900: train nll 1.388, valid error 074.700%, best valid error 074.020%, avg grad norm   0.200, avg grad norm (post clip)   0.210, rho_Whh  0.95, Omega  0.00, alpha  0.000, steps in the past 0.000, valid nll 1.387
  [diag] log10|dL/dh_t| hist bins=60 range=(-12.00,-2.36) mean=-11.95 p50=-12.00 p05=-12.00 p95=-12.00
  [diag] sat-dist hist bins=60 sat<0.05=0.0% mean=0.977 p10=0.975 p90=0.977
Iter 0002920: train nll 1.387, valid error 074.700%, best valid error 074.020%, avg grad norm   0.204, avg grad norm (post clip)   0.215, rho_Whh  0.95, Omega  0.00, alpha  0.000, steps in the past 0.000, valid nll 1.387
  [diag] log10|dL/dh_t| hist bins=60 range=(-12.00,-2.36) mean=-11.95 p50=-12.00 p05=-12.00 p95=-12.00
  [diag] sat-dist hist bins=60 sat<0.05=0.0% mean=0.979 p10=0.978 p90=0.979
Iter 0002940: train nll 1.386, valid error 074.700%, best valid error 074.020%, avg grad norm   0.176, avg grad norm (post clip)   0.187, rho_Whh  0.95, Omega  0.00, alpha  0.000, steps in the past 0.000, valid nll 1.387
  [diag] log10|dL/dh_t| hist bins=60 range=(-12.00,-2.36) mean=-11.95 p50=-12.00 p05=-12.00 p95=-12.00
  [diag] sat-dist hist bins=60 sat<0.05=0.0% mean=0.977 p10=0.976 p90=0.978
Iter 0002960: train nll 1.386, valid error 074.700%, best valid error 074.020%, avg grad norm   0.178, avg grad norm (post clip)   0.188, rho_Whh  0.95, Omega  0.00, alpha  0.000, steps in the past 0.000, valid nll 1.387
  [diag] log10|dL/dh_t| hist bins=60 range=(-12.00,-2.36) mean=-11.95 p50=-12.00 p05=-12.00 p95=-12.00
  [diag] sat-dist hist bins=60 sat<0.05=0.0% mean=0.979 p10=0.978 p90=0.979
Iter 0002980: train nll 1.387, valid error 074.640%, best valid error 074.020%, avg grad norm   0.163, avg grad norm (post clip)   0.172, rho_Whh  0.95, Omega  0.00, alpha  0.000, steps in the past 0.000, valid nll 1.387
Done. solved=0 steps=2999 best_valid_error=74.0200%
=== DONE  EC_fair_s5_n100_lr001_cut05_a0 ===
=== START EC_fair_s6_n200_lr001_cut05_a0 ===
Starting to train (PyTorch).
  [diag] log10|dL/dh_t| hist bins=60 range=(-12.00,-2.22) mean=-11.95 p50=-12.00 p05=-12.00 p95=-12.00
  [diag] sat-dist hist bins=60 sat<0.05=0.0% mean=0.970 p10=0.969 p90=0.974
Iter 0000020: train nll 1.455, valid error 074.520%, best valid error 100.000%, avg grad norm   0.234, avg grad norm (post clip)   0.234, rho_Whh  0.95, Omega  0.00, alpha  0.000, steps in the past 0.000, valid nll 1.386
  [diag] log10|dL/dh_t| hist bins=60 range=(-12.00,-2.22) mean=-11.95 p50=-12.00 p05=-12.00 p95=-12.00
  [diag] sat-dist hist bins=60 sat<0.05=0.0% mean=0.973 p10=0.972 p90=0.975
Iter 0000040: train nll 1.386, valid error 074.720%, best valid error 074.520%, avg grad norm   0.251, avg grad norm (post clip)   0.262, rho_Whh  0.95, Omega  0.00, alpha  0.000, steps in the past 0.000, valid nll 1.386
  [diag] log10|dL/dh_t| hist bins=60 range=(-12.00,-2.22) mean=-11.95 p50=-12.00 p05=-12.00 p95=-12.00
  [diag] sat-dist hist bins=60 sat<0.05=0.0% mean=0.972 p10=0.971 p90=0.974
Iter 0000060: train nll 1.385, valid error 074.860%, best valid error 074.520%, avg grad norm   0.255, avg grad norm (post clip)   0.268, rho_Whh  0.95, Omega  0.00, alpha  0.000, steps in the past 0.000, valid nll 1.386
  [diag] log10|dL/dh_t| hist bins=60 range=(-12.00,-2.22) mean=-11.95 p50=-12.00 p05=-12.00 p95=-12.00
  [diag] sat-dist hist bins=60 sat<0.05=0.0% mean=0.975 p10=0.974 p90=0.976
Iter 0000080: train nll 1.388, valid error 074.880%, best valid error 074.520%, avg grad norm   0.259, avg grad norm (post clip)   0.269, rho_Whh  0.95, Omega  0.00, alpha  0.000, steps in the past 0.000, valid nll 1.386
  [diag] log10|dL/dh_t| hist bins=60 range=(-12.00,-2.22) mean=-11.95 p50=-12.00 p05=-12.00 p95=-12.00
  [diag] sat-dist hist bins=60 sat<0.05=0.0% mean=0.975 p10=0.973 p90=0.976
Iter 0000100: train nll 1.385, valid error 074.700%, best valid error 074.520%, avg grad norm   0.261, avg grad norm (post clip)   0.275, rho_Whh  0.95, Omega  0.00, alpha  0.000, steps in the past 0.000, valid nll 1.386
  [diag] log10|dL/dh_t| hist bins=60 range=(-12.00,-2.22) mean=-11.95 p50=-12.00 p05=-12.00 p95=-12.00
  [diag] sat-dist hist bins=60 sat<0.05=0.0% mean=0.975 p10=0.973 p90=0.976
Iter 0000120: train nll 1.386, valid error 074.700%, best valid error 074.520%, avg grad norm   0.249, avg grad norm (post clip)   0.263, rho_Whh  0.95, Omega  0.00, alpha  0.000, steps in the past 0.000, valid nll 1.386
  [diag] log10|dL/dh_t| hist bins=60 range=(-12.00,-2.22) mean=-11.95 p50=-12.00 p05=-12.00 p95=-12.00
  [diag] sat-dist hist bins=60 sat<0.05=0.0% mean=0.976 p10=0.975 p90=0.976
Iter 0000140: train nll 1.387, valid error 074.700%, best valid error 074.520%, avg grad norm   0.224, avg grad norm (post clip)   0.238, rho_Whh  0.95, Omega  0.00, alpha  0.000, steps in the past 0.000, valid nll 1.386
  [diag] log10|dL/dh_t| hist bins=60 range=(-12.00,-2.22) mean=-11.95 p50=-12.00 p05=-12.00 p95=-12.00
  [diag] sat-dist hist bins=60 sat<0.05=0.0% mean=0.977 p10=0.976 p90=0.977
Iter 0000160: train nll 1.387, valid error 074.700%, best valid error 074.520%, avg grad norm   0.238, avg grad norm (post clip)   0.250, rho_Whh  0.95, Omega  0.00, alpha  0.000, steps in the past 0.000, valid nll 1.386
  [diag] log10|dL/dh_t| hist bins=60 range=(-12.00,-2.22) mean=-11.95 p50=-12.00 p05=-12.00 p95=-12.00
  [diag] sat-dist hist bins=60 sat<0.05=0.0% mean=0.975 p10=0.974 p90=0.976
Iter 0000180: train nll 1.385, valid error 074.700%, best valid error 074.520%, avg grad norm   0.241, avg grad norm (post clip)   0.254, rho_Whh  0.95, Omega  0.00, alpha  0.000, steps in the past 0.000, valid nll 1.386
  [diag] log10|dL/dh_t| hist bins=60 range=(-12.00,-2.22) mean=-11.95 p50=-12.00 p05=-12.00 p95=-12.00
  [diag] sat-dist hist bins=60 sat<0.05=0.0% mean=0.975 p10=0.974 p90=0.976
Iter 0000200: train nll 1.385, valid error 074.700%, best valid error 074.520%, avg grad norm   0.209, avg grad norm (post clip)   0.221, rho_Whh  0.95, Omega  0.00, alpha  0.000, steps in the past 0.000, valid nll 1.386
  [diag] log10|dL/dh_t| hist bins=60 range=(-12.00,-2.22) mean=-11.95 p50=-12.00 p05=-12.00 p95=-12.00
  [diag] sat-dist hist bins=60 sat<0.05=0.0% mean=0.974 p10=0.973 p90=0.975
Iter 0000220: train nll 1.387, valid error 074.700%, best valid error 074.520%, avg grad norm   0.257, avg grad norm (post clip)   0.268, rho_Whh  0.95, Omega  0.00, alpha  0.000, steps in the past 0.000, valid nll 1.386
  [diag] log10|dL/dh_t| hist bins=60 range=(-12.00,-2.22) mean=-11.95 p50=-12.00 p05=-12.00 p95=-12.00
  [diag] sat-dist hist bins=60 sat<0.05=0.0% mean=0.975 p10=0.973 p90=0.976
Iter 0000240: train nll 1.387, valid error 074.700%, best valid error 074.520%, avg grad norm   0.251, avg grad norm (post clip)   0.265, rho_Whh  0.95, Omega  0.00, alpha  0.000, steps in the past 0.000, valid nll 1.386
  [diag] log10|dL/dh_t| hist bins=60 range=(-12.00,-2.22) mean=-11.95 p50=-12.00 p05=-12.00 p95=-12.00
  [diag] sat-dist hist bins=60 sat<0.05=0.0% mean=0.975 p10=0.974 p90=0.977
Iter 0000260: train nll 1.387, valid error 074.720%, best valid error 074.520%, avg grad norm   0.232, avg grad norm (post clip)   0.245, rho_Whh  0.95, Omega  0.00, alpha  0.000, steps in the past 0.000, valid nll 1.386
  [diag] log10|dL/dh_t| hist bins=60 range=(-12.00,-2.22) mean=-11.95 p50=-12.00 p05=-12.00 p95=-12.00
  [diag] sat-dist hist bins=60 sat<0.05=0.0% mean=0.976 p10=0.975 p90=0.977
Iter 0000280: train nll 1.387, valid error 074.740%, best valid error 074.520%, avg grad norm   0.231, avg grad norm (post clip)   0.244, rho_Whh  0.95, Omega  0.00, alpha  0.000, steps in the past 0.000, valid nll 1.386
  [diag] log10|dL/dh_t| hist bins=60 range=(-12.00,-2.22) mean=-11.95 p50=-12.00 p05=-12.00 p95=-12.00
  [diag] sat-dist hist bins=60 sat<0.05=0.0% mean=0.976 p10=0.975 p90=0.977
Iter 0000300: train nll 1.386, valid error 074.700%, best valid error 074.520%, avg grad norm   0.230, avg grad norm (post clip)   0.242, rho_Whh  0.95, Omega  0.00, alpha  0.000, steps in the past 0.000, valid nll 1.386
  [diag] log10|dL/dh_t| hist bins=60 range=(-12.00,-2.22) mean=-11.95 p50=-12.00 p05=-12.00 p95=-12.00
  [diag] sat-dist hist bins=60 sat<0.05=0.0% mean=0.975 p10=0.974 p90=0.976
Iter 0000320: train nll 1.385, valid error 074.700%, best valid error 074.520%, avg grad norm   0.244, avg grad norm (post clip)   0.257, rho_Whh  0.95, Omega  0.00, alpha  0.000, steps in the past 0.000, valid nll 1.386
  [diag] log10|dL/dh_t| hist bins=60 range=(-12.00,-2.22) mean=-11.95 p50=-12.00 p05=-12.00 p95=-12.00
  [diag] sat-dist hist bins=60 sat<0.05=0.0% mean=0.976 p10=0.975 p90=0.976
Iter 0000340: train nll 1.386, valid error 074.700%, best valid error 074.520%, avg grad norm   0.216, avg grad norm (post clip)   0.229, rho_Whh  0.95, Omega  0.00, alpha  0.000, steps in the past 0.000, valid nll 1.386
  [diag] log10|dL/dh_t| hist bins=60 range=(-12.00,-2.22) mean=-11.95 p50=-12.00 p05=-12.00 p95=-12.00
  [diag] sat-dist hist bins=60 sat<0.05=0.0% mean=0.976 p10=0.975 p90=0.977
Iter 0000360: train nll 1.387, valid error 074.700%, best valid error 074.520%, avg grad norm   0.254, avg grad norm (post clip)   0.265, rho_Whh  0.95, Omega  0.00, alpha  0.000, steps in the past 0.000, valid nll 1.386
  [diag] log10|dL/dh_t| hist bins=60 range=(-12.00,-2.22) mean=-11.95 p50=-12.00 p05=-12.00 p95=-12.00
  [diag] sat-dist hist bins=60 sat<0.05=0.0% mean=0.976 p10=0.975 p90=0.977
Iter 0000380: train nll 1.387, valid error 074.740%, best valid error 074.520%, avg grad norm   0.261, avg grad norm (post clip)   0.270, rho_Whh  0.95, Omega  0.00, alpha  0.000, steps in the past 0.000, valid nll 1.386
  [diag] log10|dL/dh_t| hist bins=60 range=(-12.00,-2.22) mean=-11.95 p50=-12.00 p05=-12.00 p95=-12.00
  [diag] sat-dist hist bins=60 sat<0.05=0.0% mean=0.977 p10=0.976 p90=0.978
Iter 0000400: train nll 1.388, valid error 074.700%, best valid error 074.520%, avg grad norm   0.253, avg grad norm (post clip)   0.266, rho_Whh  0.95, Omega  0.00, alpha  0.000, steps in the past 0.000, valid nll 1.386
  [diag] log10|dL/dh_t| hist bins=60 range=(-12.00,-2.22) mean=-11.95 p50=-12.00 p05=-12.00 p95=-12.00
  [diag] sat-dist hist bins=60 sat<0.05=0.0% mean=0.978 p10=0.977 p90=0.978
Iter 0000420: train nll 1.387, valid error 074.700%, best valid error 074.520%, avg grad norm   0.226, avg grad norm (post clip)   0.239, rho_Whh  0.95, Omega  0.00, alpha  0.000, steps in the past 0.000, valid nll 1.386
  [diag] log10|dL/dh_t| hist bins=60 range=(-12.00,-2.22) mean=-11.95 p50=-12.00 p05=-12.00 p95=-12.00
  [diag] sat-dist hist bins=60 sat<0.05=0.0% mean=0.977 p10=0.976 p90=0.978
Iter 0000440: train nll 1.386, valid error 074.700%, best valid error 074.520%, avg grad norm   0.224, avg grad norm (post clip)   0.236, rho_Whh  0.95, Omega  0.00, alpha  0.000, steps in the past 0.000, valid nll 1.386
  [diag] log10|dL/dh_t| hist bins=60 range=(-12.00,-2.22) mean=-11.95 p50=-12.00 p05=-12.00 p95=-12.00
  [diag] sat-dist hist bins=60 sat<0.05=0.0% mean=0.977 p10=0.976 p90=0.977
Iter 0000460: train nll 1.386, valid error 074.700%, best valid error 074.520%, avg grad norm   0.242, avg grad norm (post clip)   0.254, rho_Whh  0.95, Omega  0.00, alpha  0.000, steps in the past 0.000, valid nll 1.386
  [diag] log10|dL/dh_t| hist bins=60 range=(-12.00,-2.22) mean=-11.95 p50=-12.00 p05=-12.00 p95=-12.00
  [diag] sat-dist hist bins=60 sat<0.05=0.0% mean=0.977 p10=0.976 p90=0.977
Iter 0000480: train nll 1.386, valid error 074.700%, best valid error 074.520%, avg grad norm   0.232, avg grad norm (post clip)   0.245, rho_Whh  0.95, Omega  0.00, alpha  0.000, steps in the past 0.000, valid nll 1.387
  [diag] log10|dL/dh_t| hist bins=60 range=(-12.00,-2.22) mean=-11.95 p50=-12.00 p05=-12.00 p95=-12.00
  [diag] sat-dist hist bins=60 sat<0.05=0.0% mean=0.976 p10=0.975 p90=0.977
Iter 0000500: train nll 1.385, valid error 074.700%, best valid error 074.520%, avg grad norm   0.252, avg grad norm (post clip)   0.265, rho_Whh  0.95, Omega  0.00, alpha  0.000, steps in the past 0.000, valid nll 1.387
  [diag] log10|dL/dh_t| hist bins=60 range=(-12.00,-2.22) mean=-11.95 p50=-12.00 p05=-12.00 p95=-12.00
  [diag] sat-dist hist bins=60 sat<0.05=0.0% mean=0.977 p10=0.976 p90=0.977
Iter 0000520: train nll 1.386, valid error 074.240%, best valid error 074.520%, avg grad norm   0.256, avg grad norm (post clip)   0.269, rho_Whh  0.95, Omega  0.00, alpha  0.000, steps in the past 0.000, valid nll 1.387
  [diag] log10|dL/dh_t| hist bins=60 range=(-12.00,-2.22) mean=-11.95 p50=-12.00 p05=-12.00 p95=-12.00
  [diag] sat-dist hist bins=60 sat<0.05=0.0% mean=0.977 p10=0.976 p90=0.977
Iter 0000540: train nll 1.387, valid error 074.700%, best valid error 074.240%, avg grad norm   0.208, avg grad norm (post clip)   0.222, rho_Whh  0.95, Omega  0.00, alpha  0.000, steps in the past 0.000, valid nll 1.387
  [diag] log10|dL/dh_t| hist bins=60 range=(-12.00,-2.22) mean=-11.95 p50=-12.00 p05=-12.00 p95=-12.00
  [diag] sat-dist hist bins=60 sat<0.05=0.0% mean=0.977 p10=0.976 p90=0.978
Iter 0000560: train nll 1.387, valid error 074.860%, best valid error 074.240%, avg grad norm   0.238, avg grad norm (post clip)   0.249, rho_Whh  0.95, Omega  0.00, alpha  0.000, steps in the past 0.000, valid nll 1.387
  [diag] log10|dL/dh_t| hist bins=60 range=(-12.00,-2.22) mean=-11.95 p50=-12.00 p05=-12.00 p95=-12.00
  [diag] sat-dist hist bins=60 sat<0.05=0.0% mean=0.977 p10=0.976 p90=0.977
Iter 0000580: train nll 1.385, valid error 074.620%, best valid error 074.240%, avg grad norm   0.232, avg grad norm (post clip)   0.244, rho_Whh  0.95, Omega  0.00, alpha  0.000, steps in the past 0.000, valid nll 1.387
  [diag] log10|dL/dh_t| hist bins=60 range=(-12.00,-2.22) mean=-11.95 p50=-12.00 p05=-12.00 p95=-12.00
  [diag] sat-dist hist bins=60 sat<0.05=0.0% mean=0.977 p10=0.976 p90=0.978
Iter 0000600: train nll 1.387, valid error 074.220%, best valid error 074.240%, avg grad norm   0.226, avg grad norm (post clip)   0.238, rho_Whh  0.95, Omega  0.00, alpha  0.000, steps in the past 0.000, valid nll 1.387
  [diag] log10|dL/dh_t| hist bins=60 range=(-12.00,-2.22) mean=-11.95 p50=-12.00 p05=-12.00 p95=-12.00
  [diag] sat-dist hist bins=60 sat<0.05=0.0% mean=0.978 p10=0.977 p90=0.978
Iter 0000620: train nll 1.387, valid error 074.480%, best valid error 074.220%, avg grad norm   0.211, avg grad norm (post clip)   0.222, rho_Whh  0.95, Omega  0.00, alpha  0.000, steps in the past 0.000, valid nll 1.387
  [diag] log10|dL/dh_t| hist bins=60 range=(-12.00,-2.22) mean=-11.95 p50=-12.00 p05=-12.00 p95=-12.00
  [diag] sat-dist hist bins=60 sat<0.05=0.0% mean=0.978 p10=0.977 p90=0.978
Iter 0000640: train nll 1.387, valid error 073.980%, best valid error 074.220%, avg grad norm   0.221, avg grad norm (post clip)   0.233, rho_Whh  0.95, Omega  0.00, alpha  0.000, steps in the past 0.000, valid nll 1.386
  [diag] log10|dL/dh_t| hist bins=60 range=(-12.00,-2.22) mean=-11.95 p50=-12.00 p05=-12.00 p95=-12.00
  [diag] sat-dist hist bins=60 sat<0.05=0.0% mean=0.977 p10=0.976 p90=0.978
Iter 0000660: train nll 1.386, valid error 075.100%, best valid error 073.980%, avg grad norm   0.275, avg grad norm (post clip)   0.287, rho_Whh  0.95, Omega  0.00, alpha  0.000, steps in the past 0.000, valid nll 1.387
  [diag] log10|dL/dh_t| hist bins=60 range=(-12.00,-2.22) mean=-11.95 p50=-12.00 p05=-12.00 p95=-12.00
  [diag] sat-dist hist bins=60 sat<0.05=0.0% mean=0.977 p10=0.976 p90=0.978
Iter 0000680: train nll 1.386, valid error 074.360%, best valid error 073.980%, avg grad norm   0.235, avg grad norm (post clip)   0.249, rho_Whh  0.95, Omega  0.00, alpha  0.000, steps in the past 0.000, valid nll 1.387
  [diag] log10|dL/dh_t| hist bins=60 range=(-12.00,-2.22) mean=-11.95 p50=-12.00 p05=-12.00 p95=-12.00
  [diag] sat-dist hist bins=60 sat<0.05=0.0% mean=0.977 p10=0.976 p90=0.977
Iter 0000700: train nll 1.385, valid error 074.720%, best valid error 073.980%, avg grad norm   0.217, avg grad norm (post clip)   0.229, rho_Whh  0.95, Omega  0.00, alpha  0.000, steps in the past 0.000, valid nll 1.387
  [diag] log10|dL/dh_t| hist bins=60 range=(-12.00,-2.22) mean=-11.95 p50=-12.00 p05=-12.00 p95=-12.00
  [diag] sat-dist hist bins=60 sat<0.05=0.0% mean=0.977 p10=0.976 p90=0.977
Iter 0000720: train nll 1.387, valid error 075.140%, best valid error 073.980%, avg grad norm   0.249, avg grad norm (post clip)   0.261, rho_Whh  0.95, Omega  0.00, alpha  0.000, steps in the past 0.000, valid nll 1.387
  [diag] log10|dL/dh_t| hist bins=60 range=(-12.00,-2.22) mean=-11.95 p50=-12.00 p05=-12.00 p95=-12.00
  [diag] sat-dist hist bins=60 sat<0.05=0.0% mean=0.977 p10=0.976 p90=0.978
Iter 0000740: train nll 1.386, valid error 075.420%, best valid error 073.980%, avg grad norm   0.241, avg grad norm (post clip)   0.254, rho_Whh  0.95, Omega  0.00, alpha  0.000, steps in the past 0.000, valid nll 1.387
  [diag] log10|dL/dh_t| hist bins=60 range=(-12.00,-2.22) mean=-11.95 p50=-12.00 p05=-12.00 p95=-12.00
  [diag] sat-dist hist bins=60 sat<0.05=0.0% mean=0.978 p10=0.977 p90=0.978
Iter 0000760: train nll 1.388, valid error 074.320%, best valid error 073.980%, avg grad norm   0.240, avg grad norm (post clip)   0.253, rho_Whh  0.95, Omega  0.00, alpha  0.000, steps in the past 0.000, valid nll 1.387
  [diag] log10|dL/dh_t| hist bins=60 range=(-12.00,-2.22) mean=-11.95 p50=-12.00 p05=-12.00 p95=-12.00
  [diag] sat-dist hist bins=60 sat<0.05=0.0% mean=0.977 p10=0.976 p90=0.978
Iter 0000780: train nll 1.386, valid error 074.600%, best valid error 073.980%, avg grad norm   0.196, avg grad norm (post clip)   0.207, rho_Whh  0.95, Omega  0.00, alpha  0.000, steps in the past 0.000, valid nll 1.387
  [diag] log10|dL/dh_t| hist bins=60 range=(-12.00,-2.22) mean=-11.95 p50=-12.00 p05=-12.00 p95=-12.00
  [diag] sat-dist hist bins=60 sat<0.05=0.0% mean=0.977 p10=0.976 p90=0.978
Iter 0000800: train nll 1.387, valid error 074.760%, best valid error 073.980%, avg grad norm   0.241, avg grad norm (post clip)   0.251, rho_Whh  0.95, Omega  0.00, alpha  0.000, steps in the past 0.000, valid nll 1.387
  [diag] log10|dL/dh_t| hist bins=60 range=(-12.00,-2.22) mean=-11.95 p50=-12.00 p05=-12.00 p95=-12.00
  [diag] sat-dist hist bins=60 sat<0.05=0.0% mean=0.977 p10=0.976 p90=0.978
Iter 0000820: train nll 1.386, valid error 075.740%, best valid error 073.980%, avg grad norm   0.204, avg grad norm (post clip)   0.217, rho_Whh  0.95, Omega  0.00, alpha  0.000, steps in the past 0.000, valid nll 1.387
  [diag] log10|dL/dh_t| hist bins=60 range=(-12.00,-2.22) mean=-11.95 p50=-12.00 p05=-12.00 p95=-12.00
  [diag] sat-dist hist bins=60 sat<0.05=0.0% mean=0.977 p10=0.976 p90=0.978
Iter 0000840: train nll 1.386, valid error 076.260%, best valid error 073.980%, avg grad norm   0.218, avg grad norm (post clip)   0.228, rho_Whh  0.95, Omega  0.00, alpha  0.000, steps in the past 0.000, valid nll 1.387
  [diag] log10|dL/dh_t| hist bins=60 range=(-12.00,-2.22) mean=-11.95 p50=-12.00 p05=-12.00 p95=-12.00
  [diag] sat-dist hist bins=60 sat<0.05=0.0% mean=0.978 p10=0.977 p90=0.978
Iter 0000860: train nll 1.388, valid error 076.240%, best valid error 073.980%, avg grad norm   0.231, avg grad norm (post clip)   0.242, rho_Whh  0.95, Omega  0.00, alpha  0.000, steps in the past 0.000, valid nll 1.387
  [diag] log10|dL/dh_t| hist bins=60 range=(-12.00,-2.22) mean=-11.95 p50=-12.00 p05=-12.00 p95=-12.00
  [diag] sat-dist hist bins=60 sat<0.05=0.0% mean=0.978 p10=0.977 p90=0.978
Iter 0000880: train nll 1.386, valid error 076.160%, best valid error 073.980%, avg grad norm   0.214, avg grad norm (post clip)   0.226, rho_Whh  0.95, Omega  0.00, alpha  0.000, steps in the past 0.000, valid nll 1.387
  [diag] log10|dL/dh_t| hist bins=60 range=(-12.00,-2.22) mean=-11.95 p50=-12.00 p05=-12.00 p95=-12.00
  [diag] sat-dist hist bins=60 sat<0.05=0.0% mean=0.978 p10=0.977 p90=0.978
Iter 0000900: train nll 1.387, valid error 076.260%, best valid error 073.980%, avg grad norm   0.228, avg grad norm (post clip)   0.239, rho_Whh  0.95, Omega  0.00, alpha  0.000, steps in the past 0.000, valid nll 1.387
  [diag] log10|dL/dh_t| hist bins=60 range=(-12.00,-2.22) mean=-11.95 p50=-12.00 p05=-12.00 p95=-12.00
  [diag] sat-dist hist bins=60 sat<0.05=0.0% mean=0.978 p10=0.977 p90=0.978
Iter 0000920: train nll 1.387, valid error 076.120%, best valid error 073.980%, avg grad norm   0.232, avg grad norm (post clip)   0.244, rho_Whh  0.95, Omega  0.00, alpha  0.000, steps in the past 0.000, valid nll 1.387
  [diag] log10|dL/dh_t| hist bins=60 range=(-12.00,-2.22) mean=-11.95 p50=-12.00 p05=-12.00 p95=-12.00
  [diag] sat-dist hist bins=60 sat<0.05=0.0% mean=0.978 p10=0.977 p90=0.978
Iter 0000940: train nll 1.386, valid error 076.180%, best valid error 073.980%, avg grad norm   0.229, avg grad norm (post clip)   0.241, rho_Whh  0.95, Omega  0.00, alpha  0.000, steps in the past 0.000, valid nll 1.387
  [diag] log10|dL/dh_t| hist bins=60 range=(-12.00,-2.22) mean=-11.95 p50=-12.00 p05=-12.00 p95=-12.00
  [diag] sat-dist hist bins=60 sat<0.05=0.0% mean=0.978 p10=0.977 p90=0.978
Iter 0000960: train nll 1.388, valid error 076.080%, best valid error 073.980%, avg grad norm   0.255, avg grad norm (post clip)   0.267, rho_Whh  0.95, Omega  0.00, alpha  0.000, steps in the past 0.000, valid nll 1.387
  [diag] log10|dL/dh_t| hist bins=60 range=(-12.00,-2.22) mean=-11.95 p50=-12.00 p05=-12.00 p95=-12.00
  [diag] sat-dist hist bins=60 sat<0.05=0.0% mean=0.978 p10=0.977 p90=0.978
Iter 0000980: train nll 1.386, valid error 076.260%, best valid error 073.980%, avg grad norm   0.225, avg grad norm (post clip)   0.238, rho_Whh  0.96, Omega  0.00, alpha  0.000, steps in the past 0.000, valid nll 1.387
  [diag] log10|dL/dh_t| hist bins=60 range=(-12.00,-2.22) mean=-11.95 p50=-12.00 p05=-12.00 p95=-12.00
  [diag] sat-dist hist bins=60 sat<0.05=0.0% mean=0.978 p10=0.977 p90=0.978
Iter 0001000: train nll 1.386, valid error 076.260%, best valid error 073.980%, avg grad norm   0.211, avg grad norm (post clip)   0.222, rho_Whh  0.96, Omega  0.00, alpha  0.000, steps in the past 0.000, valid nll 1.387
  [diag] log10|dL/dh_t| hist bins=60 range=(-12.00,-2.22) mean=-11.95 p50=-12.00 p05=-12.00 p95=-12.00
  [diag] sat-dist hist bins=60 sat<0.05=0.0% mean=0.977 p10=0.976 p90=0.978
Iter 0001020: train nll 1.386, valid error 076.240%, best valid error 073.980%, avg grad norm   0.247, avg grad norm (post clip)   0.258, rho_Whh  0.96, Omega  0.00, alpha  0.000, steps in the past 0.000, valid nll 1.387
  [diag] log10|dL/dh_t| hist bins=60 range=(-12.00,-2.22) mean=-11.95 p50=-12.00 p05=-12.00 p95=-12.00
  [diag] sat-dist hist bins=60 sat<0.05=0.0% mean=0.977 p10=0.977 p90=0.978
Iter 0001040: train nll 1.387, valid error 076.240%, best valid error 073.980%, avg grad norm   0.258, avg grad norm (post clip)   0.271, rho_Whh  0.96, Omega  0.00, alpha  0.000, steps in the past 0.000, valid nll 1.387
  [diag] log10|dL/dh_t| hist bins=60 range=(-12.00,-2.22) mean=-11.95 p50=-12.00 p05=-12.00 p95=-12.00
  [diag] sat-dist hist bins=60 sat<0.05=0.0% mean=0.978 p10=0.977 p90=0.978
Iter 0001060: train nll 1.387, valid error 075.520%, best valid error 073.980%, avg grad norm   0.233, avg grad norm (post clip)   0.247, rho_Whh  0.96, Omega  0.00, alpha  0.000, steps in the past 0.000, valid nll 1.387
  [diag] log10|dL/dh_t| hist bins=60 range=(-12.00,-2.22) mean=-11.95 p50=-12.00 p05=-12.00 p95=-12.00
  [diag] sat-dist hist bins=60 sat<0.05=0.0% mean=0.977 p10=0.976 p90=0.978
Iter 0001080: train nll 1.386, valid error 076.260%, best valid error 073.980%, avg grad norm   0.236, avg grad norm (post clip)   0.249, rho_Whh  0.96, Omega  0.00, alpha  0.000, steps in the past 0.000, valid nll 1.387
  [diag] log10|dL/dh_t| hist bins=60 range=(-12.00,-2.22) mean=-11.95 p50=-12.00 p05=-12.00 p95=-12.00
  [diag] sat-dist hist bins=60 sat<0.05=0.0% mean=0.977 p10=0.976 p90=0.978
Iter 0001100: train nll 1.387, valid error 075.620%, best valid error 073.980%, avg grad norm   0.231, avg grad norm (post clip)   0.243, rho_Whh  0.96, Omega  0.00, alpha  0.000, steps in the past 0.000, valid nll 1.386
  [diag] log10|dL/dh_t| hist bins=60 range=(-12.00,-2.22) mean=-11.95 p50=-12.00 p05=-12.00 p95=-12.00
  [diag] sat-dist hist bins=60 sat<0.05=0.0% mean=0.977 p10=0.976 p90=0.978
Iter 0001120: train nll 1.386, valid error 076.220%, best valid error 073.980%, avg grad norm   0.245, avg grad norm (post clip)   0.257, rho_Whh  0.95, Omega  0.00, alpha  0.000, steps in the past 0.000, valid nll 1.387
  [diag] log10|dL/dh_t| hist bins=60 range=(-12.00,-2.22) mean=-11.95 p50=-12.00 p05=-12.00 p95=-12.00
  [diag] sat-dist hist bins=60 sat<0.05=0.0% mean=0.977 p10=0.976 p90=0.978
Iter 0001140: train nll 1.385, valid error 076.320%, best valid error 073.980%, avg grad norm   0.211, avg grad norm (post clip)   0.223, rho_Whh  0.96, Omega  0.00, alpha  0.000, steps in the past 0.000, valid nll 1.387
  [diag] log10|dL/dh_t| hist bins=60 range=(-12.00,-2.22) mean=-11.95 p50=-12.00 p05=-12.00 p95=-12.00
  [diag] sat-dist hist bins=60 sat<0.05=0.0% mean=0.977 p10=0.976 p90=0.978
Iter 0001160: train nll 1.386, valid error 075.560%, best valid error 073.980%, avg grad norm   0.216, avg grad norm (post clip)   0.227, rho_Whh  0.96, Omega  0.00, alpha  0.000, steps in the past 0.000, valid nll 1.387
  [diag] log10|dL/dh_t| hist bins=60 range=(-12.00,-2.22) mean=-11.95 p50=-12.00 p05=-12.00 p95=-12.00
  [diag] sat-dist hist bins=60 sat<0.05=0.0% mean=0.977 p10=0.976 p90=0.978
Iter 0001180: train nll 1.387, valid error 075.840%, best valid error 073.980%, avg grad norm   0.239, avg grad norm (post clip)   0.250, rho_Whh  0.96, Omega  0.00, alpha  0.000, steps in the past 0.000, valid nll 1.387
  [diag] log10|dL/dh_t| hist bins=60 range=(-12.00,-2.22) mean=-11.95 p50=-12.00 p05=-12.00 p95=-12.00
  [diag] sat-dist hist bins=60 sat<0.05=0.0% mean=0.978 p10=0.977 p90=0.978
Iter 0001200: train nll 1.387, valid error 076.320%, best valid error 073.980%, avg grad norm   0.236, avg grad norm (post clip)   0.248, rho_Whh  0.96, Omega  0.00, alpha  0.000, steps in the past 0.000, valid nll 1.387
  [diag] log10|dL/dh_t| hist bins=60 range=(-12.00,-2.22) mean=-11.95 p50=-12.00 p05=-12.00 p95=-12.00
  [diag] sat-dist hist bins=60 sat<0.05=0.0% mean=0.978 p10=0.977 p90=0.978
Iter 0001220: train nll 1.386, valid error 076.100%, best valid error 073.980%, avg grad norm   0.239, avg grad norm (post clip)   0.251, rho_Whh  0.96, Omega  0.00, alpha  0.000, steps in the past 0.000, valid nll 1.387
  [diag] log10|dL/dh_t| hist bins=60 range=(-12.00,-2.22) mean=-11.95 p50=-12.00 p05=-12.00 p95=-12.00
  [diag] sat-dist hist bins=60 sat<0.05=0.0% mean=0.978 p10=0.977 p90=0.978
Iter 0001240: train nll 1.386, valid error 076.140%, best valid error 073.980%, avg grad norm   0.236, avg grad norm (post clip)   0.248, rho_Whh  0.96, Omega  0.00, alpha  0.000, steps in the past 0.000, valid nll 1.387
  [diag] log10|dL/dh_t| hist bins=60 range=(-12.00,-2.22) mean=-11.95 p50=-12.00 p05=-12.00 p95=-12.00
  [diag] sat-dist hist bins=60 sat<0.05=0.0% mean=0.977 p10=0.976 p90=0.977
Iter 0001260: train nll 1.385, valid error 075.000%, best valid error 073.980%, avg grad norm   0.221, avg grad norm (post clip)   0.233, rho_Whh  0.96, Omega  0.00, alpha  0.000, steps in the past 0.000, valid nll 1.387
  [diag] log10|dL/dh_t| hist bins=60 range=(-12.00,-2.22) mean=-11.95 p50=-12.00 p05=-12.00 p95=-12.00
  [diag] sat-dist hist bins=60 sat<0.05=0.0% mean=0.977 p10=0.976 p90=0.978
Iter 0001280: train nll 1.386, valid error 076.260%, best valid error 073.980%, avg grad norm   0.235, avg grad norm (post clip)   0.247, rho_Whh  0.96, Omega  0.00, alpha  0.000, steps in the past 0.000, valid nll 1.387
  [diag] log10|dL/dh_t| hist bins=60 range=(-12.00,-2.22) mean=-11.95 p50=-12.00 p05=-12.00 p95=-12.00
  [diag] sat-dist hist bins=60 sat<0.05=0.0% mean=0.977 p10=0.976 p90=0.977
Iter 0001300: train nll 1.386, valid error 076.260%, best valid error 073.980%, avg grad norm   0.216, avg grad norm (post clip)   0.228, rho_Whh  0.96, Omega  0.00, alpha  0.000, steps in the past 0.000, valid nll 1.387
  [diag] log10|dL/dh_t| hist bins=60 range=(-12.00,-2.22) mean=-11.95 p50=-12.00 p05=-12.00 p95=-12.00
  [diag] sat-dist hist bins=60 sat<0.05=0.0% mean=0.977 p10=0.976 p90=0.977
Iter 0001320: train nll 1.386, valid error 076.280%, best valid error 073.980%, avg grad norm   0.208, avg grad norm (post clip)   0.220, rho_Whh  0.96, Omega  0.00, alpha  0.000, steps in the past 0.000, valid nll 1.387
  [diag] log10|dL/dh_t| hist bins=60 range=(-12.00,-2.22) mean=-11.95 p50=-12.00 p05=-12.00 p95=-12.00
  [diag] sat-dist hist bins=60 sat<0.05=0.0% mean=0.977 p10=0.976 p90=0.978
Iter 0001340: train nll 1.387, valid error 076.260%, best valid error 073.980%, avg grad norm   0.238, avg grad norm (post clip)   0.247, rho_Whh  0.96, Omega  0.00, alpha  0.000, steps in the past 0.000, valid nll 1.387
  [diag] log10|dL/dh_t| hist bins=60 range=(-12.00,-2.22) mean=-11.95 p50=-12.00 p05=-12.00 p95=-12.00
  [diag] sat-dist hist bins=60 sat<0.05=0.0% mean=0.977 p10=0.976 p90=0.978
Iter 0001360: train nll 1.387, valid error 076.260%, best valid error 073.980%, avg grad norm   0.241, avg grad norm (post clip)   0.253, rho_Whh  0.96, Omega  0.00, alpha  0.000, steps in the past 0.000, valid nll 1.387
  [diag] log10|dL/dh_t| hist bins=60 range=(-12.00,-2.22) mean=-11.95 p50=-12.00 p05=-12.00 p95=-12.00
  [diag] sat-dist hist bins=60 sat<0.05=0.0% mean=0.977 p10=0.976 p90=0.978
Iter 0001380: train nll 1.387, valid error 076.300%, best valid error 073.980%, avg grad norm   0.210, avg grad norm (post clip)   0.223, rho_Whh  0.96, Omega  0.00, alpha  0.000, steps in the past 0.000, valid nll 1.387
  [diag] log10|dL/dh_t| hist bins=60 range=(-12.00,-2.22) mean=-11.95 p50=-12.00 p05=-12.00 p95=-12.00
  [diag] sat-dist hist bins=60 sat<0.05=0.0% mean=0.977 p10=0.977 p90=0.978
Iter 0001400: train nll 1.386, valid error 076.260%, best valid error 073.980%, avg grad norm   0.249, avg grad norm (post clip)   0.259, rho_Whh  0.96, Omega  0.00, alpha  0.000, steps in the past 0.000, valid nll 1.387
  [diag] log10|dL/dh_t| hist bins=60 range=(-12.00,-2.22) mean=-11.95 p50=-12.00 p05=-12.00 p95=-12.00
  [diag] sat-dist hist bins=60 sat<0.05=0.0% mean=0.977 p10=0.976 p90=0.978
Iter 0001420: train nll 1.386, valid error 076.260%, best valid error 073.980%, avg grad norm   0.254, avg grad norm (post clip)   0.267, rho_Whh  0.96, Omega  0.00, alpha  0.000, steps in the past 0.000, valid nll 1.387
  [diag] log10|dL/dh_t| hist bins=60 range=(-12.00,-2.22) mean=-11.95 p50=-12.00 p05=-12.00 p95=-12.00
  [diag] sat-dist hist bins=60 sat<0.05=0.0% mean=0.977 p10=0.976 p90=0.978
Iter 0001440: train nll 1.387, valid error 076.180%, best valid error 073.980%, avg grad norm   0.209, avg grad norm (post clip)   0.222, rho_Whh  0.96, Omega  0.00, alpha  0.000, steps in the past 0.000, valid nll 1.387
  [diag] log10|dL/dh_t| hist bins=60 range=(-12.00,-2.22) mean=-11.95 p50=-12.00 p05=-12.00 p95=-12.00
  [diag] sat-dist hist bins=60 sat<0.05=0.0% mean=0.977 p10=0.976 p90=0.978
Iter 0001460: train nll 1.386, valid error 076.260%, best valid error 073.980%, avg grad norm   0.244, avg grad norm (post clip)   0.255, rho_Whh  0.96, Omega  0.00, alpha  0.000, steps in the past 0.000, valid nll 1.387
  [diag] log10|dL/dh_t| hist bins=60 range=(-12.00,-2.22) mean=-11.95 p50=-12.00 p05=-12.00 p95=-12.00
  [diag] sat-dist hist bins=60 sat<0.05=0.0% mean=0.978 p10=0.977 p90=0.978
Iter 0001480: train nll 1.388, valid error 076.280%, best valid error 073.980%, avg grad norm   0.224, avg grad norm (post clip)   0.237, rho_Whh  0.96, Omega  0.00, alpha  0.000, steps in the past 0.000, valid nll 1.387
  [diag] log10|dL/dh_t| hist bins=60 range=(-12.00,-2.22) mean=-11.95 p50=-12.00 p05=-12.00 p95=-12.00
  [diag] sat-dist hist bins=60 sat<0.05=0.0% mean=0.978 p10=0.977 p90=0.978
Iter 0001500: train nll 1.387, valid error 076.240%, best valid error 073.980%, avg grad norm   0.271, avg grad norm (post clip)   0.283, rho_Whh  0.96, Omega  0.00, alpha  0.000, steps in the past 0.000, valid nll 1.387
  [diag] log10|dL/dh_t| hist bins=60 range=(-12.00,-2.22) mean=-11.95 p50=-12.00 p05=-12.00 p95=-12.00
  [diag] sat-dist hist bins=60 sat<0.05=0.0% mean=0.978 p10=0.977 p90=0.978
Iter 0001520: train nll 1.387, valid error 075.720%, best valid error 073.980%, avg grad norm   0.227, avg grad norm (post clip)   0.242, rho_Whh  0.96, Omega  0.00, alpha  0.000, steps in the past 0.000, valid nll 1.386
  [diag] log10|dL/dh_t| hist bins=60 range=(-12.00,-2.22) mean=-11.95 p50=-12.00 p05=-12.00 p95=-12.00
  [diag] sat-dist hist bins=60 sat<0.05=0.0% mean=0.977 p10=0.977 p90=0.978
Iter 0001540: train nll 1.386, valid error 075.720%, best valid error 073.980%, avg grad norm   0.254, avg grad norm (post clip)   0.266, rho_Whh  0.96, Omega  0.00, alpha  0.000, steps in the past 0.000, valid nll 1.386
  [diag] log10|dL/dh_t| hist bins=60 range=(-12.00,-2.22) mean=-11.95 p50=-12.00 p05=-12.00 p95=-12.00
  [diag] sat-dist hist bins=60 sat<0.05=0.0% mean=0.977 p10=0.977 p90=0.978
Iter 0001560: train nll 1.386, valid error 075.340%, best valid error 073.980%, avg grad norm   0.234, avg grad norm (post clip)   0.247, rho_Whh  0.96, Omega  0.00, alpha  0.000, steps in the past 0.000, valid nll 1.387
  [diag] log10|dL/dh_t| hist bins=60 range=(-12.00,-2.22) mean=-11.95 p50=-12.00 p05=-12.00 p95=-12.00
  [diag] sat-dist hist bins=60 sat<0.05=0.0% mean=0.977 p10=0.976 p90=0.978
Iter 0001580: train nll 1.386, valid error 076.220%, best valid error 073.980%, avg grad norm   0.222, avg grad norm (post clip)   0.234, rho_Whh  0.96, Omega  0.00, alpha  0.000, steps in the past 0.000, valid nll 1.387
  [diag] log10|dL/dh_t| hist bins=60 range=(-12.00,-2.22) mean=-11.95 p50=-12.00 p05=-12.00 p95=-12.00
  [diag] sat-dist hist bins=60 sat<0.05=0.0% mean=0.977 p10=0.976 p90=0.978
Iter 0001600: train nll 1.387, valid error 075.840%, best valid error 073.980%, avg grad norm   0.242, avg grad norm (post clip)   0.254, rho_Whh  0.96, Omega  0.00, alpha  0.000, steps in the past 0.000, valid nll 1.387
  [diag] log10|dL/dh_t| hist bins=60 range=(-12.00,-2.22) mean=-11.95 p50=-12.00 p05=-12.00 p95=-12.00
  [diag] sat-dist hist bins=60 sat<0.05=0.0% mean=0.977 p10=0.976 p90=0.978
Iter 0001620: train nll 1.386, valid error 075.140%, best valid error 073.980%, avg grad norm   0.214, avg grad norm (post clip)   0.227, rho_Whh  0.96, Omega  0.00, alpha  0.000, steps in the past 0.000, valid nll 1.387
  [diag] log10|dL/dh_t| hist bins=60 range=(-12.00,-2.22) mean=-11.95 p50=-12.00 p05=-12.00 p95=-12.00
  [diag] sat-dist hist bins=60 sat<0.05=0.0% mean=0.977 p10=0.976 p90=0.977
Iter 0001640: train nll 1.385, valid error 074.080%, best valid error 073.980%, avg grad norm   0.220, avg grad norm (post clip)   0.231, rho_Whh  0.96, Omega  0.00, alpha  0.000, steps in the past 0.000, valid nll 1.387
  [diag] log10|dL/dh_t| hist bins=60 range=(-12.00,-2.22) mean=-11.95 p50=-12.00 p05=-12.00 p95=-12.00
  [diag] sat-dist hist bins=60 sat<0.05=0.0% mean=0.977 p10=0.976 p90=0.977
Iter 0001660: train nll 1.387, valid error 075.080%, best valid error 073.980%, avg grad norm   0.240, avg grad norm (post clip)   0.251, rho_Whh  0.96, Omega  0.00, alpha  0.000, steps in the past 0.000, valid nll 1.387
  [diag] log10|dL/dh_t| hist bins=60 range=(-12.00,-2.22) mean=-11.95 p50=-12.00 p05=-12.00 p95=-12.00
  [diag] sat-dist hist bins=60 sat<0.05=0.0% mean=0.977 p10=0.976 p90=0.977
Iter 0001680: train nll 1.386, valid error 075.300%, best valid error 073.980%, avg grad norm   0.237, avg grad norm (post clip)   0.249, rho_Whh  0.96, Omega  0.00, alpha  0.000, steps in the past 0.000, valid nll 1.387
  [diag] log10|dL/dh_t| hist bins=60 range=(-12.00,-2.22) mean=-11.95 p50=-12.00 p05=-12.00 p95=-12.00
  [diag] sat-dist hist bins=60 sat<0.05=0.0% mean=0.977 p10=0.976 p90=0.977
Iter 0001700: train nll 1.387, valid error 075.160%, best valid error 073.980%, avg grad norm   0.219, avg grad norm (post clip)   0.231, rho_Whh  0.96, Omega  0.00, alpha  0.000, steps in the past 0.000, valid nll 1.387
  [diag] log10|dL/dh_t| hist bins=60 range=(-12.00,-2.22) mean=-11.95 p50=-12.00 p05=-12.00 p95=-12.00
  [diag] sat-dist hist bins=60 sat<0.05=0.0% mean=0.977 p10=0.976 p90=0.978
Iter 0001720: train nll 1.386, valid error 074.940%, best valid error 073.980%, avg grad norm   0.228, avg grad norm (post clip)   0.239, rho_Whh  0.96, Omega  0.00, alpha  0.000, steps in the past 0.000, valid nll 1.387
  [diag] log10|dL/dh_t| hist bins=60 range=(-12.00,-2.22) mean=-11.95 p50=-12.00 p05=-12.00 p95=-12.00
  [diag] sat-dist hist bins=60 sat<0.05=0.0% mean=0.977 p10=0.976 p90=0.978
Iter 0001740: train nll 1.386, valid error 074.780%, best valid error 073.980%, avg grad norm   0.215, avg grad norm (post clip)   0.227, rho_Whh  0.96, Omega  0.00, alpha  0.000, steps in the past 0.000, valid nll 1.387
  [diag] log10|dL/dh_t| hist bins=60 range=(-12.00,-2.22) mean=-11.95 p50=-12.00 p05=-12.00 p95=-12.00
  [diag] sat-dist hist bins=60 sat<0.05=0.0% mean=0.977 p10=0.976 p90=0.977
Iter 0001760: train nll 1.386, valid error 074.960%, best valid error 073.980%, avg grad norm   0.256, avg grad norm (post clip)   0.267, rho_Whh  0.96, Omega  0.00, alpha  0.000, steps in the past 0.000, valid nll 1.387
  [diag] log10|dL/dh_t| hist bins=60 range=(-12.00,-2.22) mean=-11.95 p50=-12.00 p05=-12.00 p95=-12.00
  [diag] sat-dist hist bins=60 sat<0.05=0.0% mean=0.976 p10=0.975 p90=0.977
Iter 0001780: train nll 1.386, valid error 074.960%, best valid error 073.980%, avg grad norm   0.229, avg grad norm (post clip)   0.242, rho_Whh  0.96, Omega  0.00, alpha  0.000, steps in the past 0.000, valid nll 1.387
  [diag] log10|dL/dh_t| hist bins=60 range=(-12.00,-2.22) mean=-11.95 p50=-12.00 p05=-12.00 p95=-12.00
  [diag] sat-dist hist bins=60 sat<0.05=0.0% mean=0.977 p10=0.976 p90=0.977
Iter 0001800: train nll 1.387, valid error 074.960%, best valid error 073.980%, avg grad norm   0.200, avg grad norm (post clip)   0.212, rho_Whh  0.96, Omega  0.00, alpha  0.000, steps in the past 0.000, valid nll 1.387
  [diag] log10|dL/dh_t| hist bins=60 range=(-12.00,-2.22) mean=-11.95 p50=-12.00 p05=-12.00 p95=-12.00
  [diag] sat-dist hist bins=60 sat<0.05=0.0% mean=0.977 p10=0.976 p90=0.978
Iter 0001820: train nll 1.388, valid error 074.960%, best valid error 073.980%, avg grad norm   0.214, avg grad norm (post clip)   0.225, rho_Whh  0.96, Omega  0.00, alpha  0.000, steps in the past 0.000, valid nll 1.387
  [diag] log10|dL/dh_t| hist bins=60 range=(-12.00,-2.22) mean=-11.95 p50=-12.00 p05=-12.00 p95=-12.00
  [diag] sat-dist hist bins=60 sat<0.05=0.0% mean=0.977 p10=0.976 p90=0.977
Iter 0001840: train nll 1.386, valid error 074.900%, best valid error 073.980%, avg grad norm   0.222, avg grad norm (post clip)   0.233, rho_Whh  0.96, Omega  0.00, alpha  0.000, steps in the past 0.000, valid nll 1.387
  [diag] log10|dL/dh_t| hist bins=60 range=(-12.00,-2.22) mean=-11.95 p50=-12.00 p05=-12.00 p95=-12.00
  [diag] sat-dist hist bins=60 sat<0.05=0.0% mean=0.976 p10=0.975 p90=0.976
Iter 0001860: train nll 1.384, valid error 074.960%, best valid error 073.980%, avg grad norm   0.226, avg grad norm (post clip)   0.237, rho_Whh  0.96, Omega  0.00, alpha  0.000, steps in the past 0.000, valid nll 1.387
  [diag] log10|dL/dh_t| hist bins=60 range=(-12.00,-2.22) mean=-11.95 p50=-12.00 p05=-12.00 p95=-12.00
  [diag] sat-dist hist bins=60 sat<0.05=0.0% mean=0.976 p10=0.975 p90=0.976
Iter 0001880: train nll 1.386, valid error 074.960%, best valid error 073.980%, avg grad norm   0.227, avg grad norm (post clip)   0.239, rho_Whh  0.96, Omega  0.00, alpha  0.000, steps in the past 0.000, valid nll 1.387
  [diag] log10|dL/dh_t| hist bins=60 range=(-12.00,-2.22) mean=-11.95 p50=-12.00 p05=-12.00 p95=-12.00
  [diag] sat-dist hist bins=60 sat<0.05=0.0% mean=0.976 p10=0.975 p90=0.977
Iter 0001900: train nll 1.387, valid error 074.960%, best valid error 073.980%, avg grad norm   0.238, avg grad norm (post clip)   0.250, rho_Whh  0.96, Omega  0.00, alpha  0.000, steps in the past 0.000, valid nll 1.387
  [diag] log10|dL/dh_t| hist bins=60 range=(-12.00,-2.22) mean=-11.95 p50=-12.00 p05=-12.00 p95=-12.00
  [diag] sat-dist hist bins=60 sat<0.05=0.0% mean=0.976 p10=0.975 p90=0.977
Iter 0001920: train nll 1.385, valid error 074.960%, best valid error 073.980%, avg grad norm   0.221, avg grad norm (post clip)   0.233, rho_Whh  0.96, Omega  0.00, alpha  0.000, steps in the past 0.000, valid nll 1.387
  [diag] log10|dL/dh_t| hist bins=60 range=(-12.00,-2.22) mean=-11.95 p50=-12.00 p05=-12.00 p95=-12.00
  [diag] sat-dist hist bins=60 sat<0.05=0.0% mean=0.976 p10=0.975 p90=0.977
Iter 0001940: train nll 1.386, valid error 074.960%, best valid error 073.980%, avg grad norm   0.224, avg grad norm (post clip)   0.236, rho_Whh  0.96, Omega  0.00, alpha  0.000, steps in the past 0.000, valid nll 1.387
  [diag] log10|dL/dh_t| hist bins=60 range=(-12.00,-2.22) mean=-11.95 p50=-12.00 p05=-12.00 p95=-12.00
  [diag] sat-dist hist bins=60 sat<0.05=0.0% mean=0.976 p10=0.975 p90=0.977
Iter 0001960: train nll 1.386, valid error 074.960%, best valid error 073.980%, avg grad norm   0.232, avg grad norm (post clip)   0.244, rho_Whh  0.96, Omega  0.00, alpha  0.000, steps in the past 0.000, valid nll 1.387
  [diag] log10|dL/dh_t| hist bins=60 range=(-12.00,-2.22) mean=-11.95 p50=-12.00 p05=-12.00 p95=-12.00
  [diag] sat-dist hist bins=60 sat<0.05=0.0% mean=0.976 p10=0.975 p90=0.977
Iter 0001980: train nll 1.385, valid error 074.960%, best valid error 073.980%, avg grad norm   0.247, avg grad norm (post clip)   0.259, rho_Whh  0.96, Omega  0.00, alpha  0.000, steps in the past 0.000, valid nll 1.387
  [diag] log10|dL/dh_t| hist bins=60 range=(-12.00,-2.22) mean=-11.95 p50=-12.00 p05=-12.00 p95=-12.00
  [diag] sat-dist hist bins=60 sat<0.05=0.0% mean=0.977 p10=0.976 p90=0.977
Iter 0002000: train nll 1.387, valid error 074.960%, best valid error 073.980%, avg grad norm   0.226, avg grad norm (post clip)   0.239, rho_Whh  0.96, Omega  0.00, alpha  0.000, steps in the past 0.000, valid nll 1.387
  [diag] log10|dL/dh_t| hist bins=60 range=(-12.00,-2.22) mean=-11.95 p50=-12.00 p05=-12.00 p95=-12.00
  [diag] sat-dist hist bins=60 sat<0.05=0.0% mean=0.976 p10=0.975 p90=0.977
Iter 0002020: train nll 1.386, valid error 074.960%, best valid error 073.980%, avg grad norm   0.224, avg grad norm (post clip)   0.236, rho_Whh  0.96, Omega  0.00, alpha  0.000, steps in the past 0.000, valid nll 1.387
  [diag] log10|dL/dh_t| hist bins=60 range=(-12.00,-2.22) mean=-11.95 p50=-12.00 p05=-12.00 p95=-12.00
  [diag] sat-dist hist bins=60 sat<0.05=0.0% mean=0.977 p10=0.976 p90=0.977
Iter 0002040: train nll 1.388, valid error 074.960%, best valid error 073.980%, avg grad norm   0.231, avg grad norm (post clip)   0.243, rho_Whh  0.96, Omega  0.00, alpha  0.000, steps in the past 0.000, valid nll 1.387
  [diag] log10|dL/dh_t| hist bins=60 range=(-12.00,-2.22) mean=-11.95 p50=-12.00 p05=-12.00 p95=-12.00
  [diag] sat-dist hist bins=60 sat<0.05=0.0% mean=0.977 p10=0.976 p90=0.977
Iter 0002060: train nll 1.386, valid error 074.960%, best valid error 073.980%, avg grad norm   0.234, avg grad norm (post clip)   0.246, rho_Whh  0.96, Omega  0.00, alpha  0.000, steps in the past 0.000, valid nll 1.387
  [diag] log10|dL/dh_t| hist bins=60 range=(-12.00,-2.22) mean=-11.95 p50=-12.00 p05=-12.00 p95=-12.00
  [diag] sat-dist hist bins=60 sat<0.05=0.0% mean=0.976 p10=0.975 p90=0.977
Iter 0002080: train nll 1.386, valid error 074.960%, best valid error 073.980%, avg grad norm   0.224, avg grad norm (post clip)   0.236, rho_Whh  0.96, Omega  0.00, alpha  0.000, steps in the past 0.000, valid nll 1.387
  [diag] log10|dL/dh_t| hist bins=60 range=(-12.00,-2.22) mean=-11.95 p50=-12.00 p05=-12.00 p95=-12.00
  [diag] sat-dist hist bins=60 sat<0.05=0.0% mean=0.975 p10=0.974 p90=0.976
Iter 0002100: train nll 1.385, valid error 074.960%, best valid error 073.980%, avg grad norm   0.251, avg grad norm (post clip)   0.263, rho_Whh  0.96, Omega  0.00, alpha  0.000, steps in the past 0.000, valid nll 1.386
  [diag] log10|dL/dh_t| hist bins=60 range=(-12.00,-2.22) mean=-11.95 p50=-12.00 p05=-12.00 p95=-12.00
  [diag] sat-dist hist bins=60 sat<0.05=0.0% mean=0.975 p10=0.974 p90=0.975
Iter 0002120: train nll 1.385, valid error 074.960%, best valid error 073.980%, avg grad norm   0.255, avg grad norm (post clip)   0.268, rho_Whh  0.96, Omega  0.00, alpha  0.000, steps in the past 0.000, valid nll 1.386
  [diag] log10|dL/dh_t| hist bins=60 range=(-12.00,-2.22) mean=-11.95 p50=-12.00 p05=-12.00 p95=-12.00
  [diag] sat-dist hist bins=60 sat<0.05=0.0% mean=0.975 p10=0.974 p90=0.975
Iter 0002140: train nll 1.386, valid error 074.960%, best valid error 073.980%, avg grad norm   0.237, avg grad norm (post clip)   0.250, rho_Whh  0.96, Omega  0.00, alpha  0.000, steps in the past 0.000, valid nll 1.386
  [diag] log10|dL/dh_t| hist bins=60 range=(-12.00,-2.22) mean=-11.95 p50=-12.00 p05=-12.00 p95=-12.00
  [diag] sat-dist hist bins=60 sat<0.05=0.0% mean=0.977 p10=0.976 p90=0.977
Iter 0002160: train nll 1.390, valid error 075.020%, best valid error 073.980%, avg grad norm   0.259, avg grad norm (post clip)   0.272, rho_Whh  0.96, Omega  0.00, alpha  0.000, steps in the past 0.000, valid nll 1.386
  [diag] log10|dL/dh_t| hist bins=60 range=(-12.00,-2.22) mean=-11.95 p50=-12.00 p05=-12.00 p95=-12.00
  [diag] sat-dist hist bins=60 sat<0.05=0.0% mean=0.976 p10=0.975 p90=0.977
Iter 0002180: train nll 1.385, valid error 074.960%, best valid error 073.980%, avg grad norm   0.233, avg grad norm (post clip)   0.247, rho_Whh  0.96, Omega  0.00, alpha  0.000, steps in the past 0.000, valid nll 1.386
  [diag] log10|dL/dh_t| hist bins=60 range=(-12.00,-2.22) mean=-11.95 p50=-12.00 p05=-12.00 p95=-12.00
  [diag] sat-dist hist bins=60 sat<0.05=0.0% mean=0.976 p10=0.975 p90=0.976
Iter 0002200: train nll 1.386, valid error 074.960%, best valid error 073.980%, avg grad norm   0.235, avg grad norm (post clip)   0.247, rho_Whh  0.96, Omega  0.00, alpha  0.000, steps in the past 0.000, valid nll 1.387
  [diag] log10|dL/dh_t| hist bins=60 range=(-12.00,-2.22) mean=-11.95 p50=-12.00 p05=-12.00 p95=-12.00
  [diag] sat-dist hist bins=60 sat<0.05=0.0% mean=0.976 p10=0.975 p90=0.976
Iter 0002220: train nll 1.387, valid error 074.960%, best valid error 073.980%, avg grad norm   0.229, avg grad norm (post clip)   0.242, rho_Whh  0.96, Omega  0.00, alpha  0.000, steps in the past 0.000, valid nll 1.386
  [diag] log10|dL/dh_t| hist bins=60 range=(-12.00,-2.22) mean=-11.95 p50=-12.00 p05=-12.00 p95=-12.00
  [diag] sat-dist hist bins=60 sat<0.05=0.0% mean=0.976 p10=0.975 p90=0.977
Iter 0002240: train nll 1.387, valid error 074.980%, best valid error 073.980%, avg grad norm   0.238, avg grad norm (post clip)   0.250, rho_Whh  0.97, Omega  0.00, alpha  0.000, steps in the past 0.000, valid nll 1.387
  [diag] log10|dL/dh_t| hist bins=60 range=(-12.00,-2.22) mean=-11.95 p50=-12.00 p05=-12.00 p95=-12.00
  [diag] sat-dist hist bins=60 sat<0.05=0.0% mean=0.977 p10=0.976 p90=0.977
Iter 0002260: train nll 1.387, valid error 074.980%, best valid error 073.980%, avg grad norm   0.237, avg grad norm (post clip)   0.249, rho_Whh  0.97, Omega  0.00, alpha  0.000, steps in the past 0.000, valid nll 1.386
  [diag] log10|dL/dh_t| hist bins=60 range=(-12.00,-2.22) mean=-11.95 p50=-12.00 p05=-12.00 p95=-12.00
  [diag] sat-dist hist bins=60 sat<0.05=0.0% mean=0.976 p10=0.975 p90=0.977
Iter 0002280: train nll 1.386, valid error 074.920%, best valid error 073.980%, avg grad norm   0.225, avg grad norm (post clip)   0.237, rho_Whh  0.97, Omega  0.00, alpha  0.000, steps in the past 0.000, valid nll 1.386
  [diag] log10|dL/dh_t| hist bins=60 range=(-12.00,-2.22) mean=-11.95 p50=-12.00 p05=-12.00 p95=-12.00
  [diag] sat-dist hist bins=60 sat<0.05=0.0% mean=0.976 p10=0.975 p90=0.977
Iter 0002300: train nll 1.386, valid error 074.940%, best valid error 073.980%, avg grad norm   0.263, avg grad norm (post clip)   0.275, rho_Whh  0.97, Omega  0.00, alpha  0.000, steps in the past 0.000, valid nll 1.386
  [diag] log10|dL/dh_t| hist bins=60 range=(-12.00,-2.22) mean=-11.95 p50=-12.00 p05=-12.00 p95=-12.00
  [diag] sat-dist hist bins=60 sat<0.05=0.0% mean=0.977 p10=0.976 p90=0.978
Iter 0002320: train nll 1.388, valid error 074.960%, best valid error 073.980%, avg grad norm   0.246, avg grad norm (post clip)   0.259, rho_Whh  0.97, Omega  0.00, alpha  0.000, steps in the past 0.000, valid nll 1.386
  [diag] log10|dL/dh_t| hist bins=60 range=(-12.00,-2.22) mean=-11.95 p50=-12.00 p05=-12.00 p95=-12.00
  [diag] sat-dist hist bins=60 sat<0.05=0.0% mean=0.978 p10=0.977 p90=0.978
Iter 0002340: train nll 1.387, valid error 074.960%, best valid error 073.980%, avg grad norm   0.225, avg grad norm (post clip)   0.238, rho_Whh  0.97, Omega  0.00, alpha  0.000, steps in the past 0.000, valid nll 1.387
  [diag] log10|dL/dh_t| hist bins=60 range=(-12.00,-2.22) mean=-11.95 p50=-12.00 p05=-12.00 p95=-12.00
  [diag] sat-dist hist bins=60 sat<0.05=0.0% mean=0.978 p10=0.977 p90=0.979
Iter 0002360: train nll 1.386, valid error 074.820%, best valid error 073.980%, avg grad norm   0.226, avg grad norm (post clip)   0.238, rho_Whh  0.97, Omega  0.00, alpha  0.000, steps in the past 0.000, valid nll 1.387
  [diag] log10|dL/dh_t| hist bins=60 range=(-12.00,-2.22) mean=-11.95 p50=-12.00 p05=-12.00 p95=-12.00
  [diag] sat-dist hist bins=60 sat<0.05=0.0% mean=0.978 p10=0.977 p90=0.978
Iter 0002380: train nll 1.386, valid error 075.000%, best valid error 073.980%, avg grad norm   0.233, avg grad norm (post clip)   0.245, rho_Whh  0.97, Omega  0.00, alpha  0.000, steps in the past 0.000, valid nll 1.387
  [diag] log10|dL/dh_t| hist bins=60 range=(-12.00,-2.22) mean=-11.95 p50=-12.00 p05=-12.00 p95=-12.00
  [diag] sat-dist hist bins=60 sat<0.05=0.0% mean=0.978 p10=0.977 p90=0.978
Iter 0002400: train nll 1.387, valid error 075.040%, best valid error 073.980%, avg grad norm   0.228, avg grad norm (post clip)   0.240, rho_Whh  0.97, Omega  0.00, alpha  0.000, steps in the past 0.000, valid nll 1.387
  [diag] log10|dL/dh_t| hist bins=60 range=(-12.00,-2.22) mean=-11.95 p50=-12.00 p05=-12.00 p95=-12.00
  [diag] sat-dist hist bins=60 sat<0.05=0.0% mean=0.978 p10=0.977 p90=0.978
Iter 0002420: train nll 1.386, valid error 075.280%, best valid error 073.980%, avg grad norm   0.220, avg grad norm (post clip)   0.232, rho_Whh  0.97, Omega  0.00, alpha  0.000, steps in the past 0.000, valid nll 1.387
  [diag] log10|dL/dh_t| hist bins=60 range=(-12.00,-2.22) mean=-11.95 p50=-12.00 p05=-12.00 p95=-12.00
  [diag] sat-dist hist bins=60 sat<0.05=0.0% mean=0.978 p10=0.977 p90=0.978
Iter 0002440: train nll 1.387, valid error 075.940%, best valid error 073.980%, avg grad norm   0.226, avg grad norm (post clip)   0.237, rho_Whh  0.97, Omega  0.00, alpha  0.000, steps in the past 0.000, valid nll 1.387
  [diag] log10|dL/dh_t| hist bins=60 range=(-12.00,-2.22) mean=-11.95 p50=-12.00 p05=-12.00 p95=-12.00
  [diag] sat-dist hist bins=60 sat<0.05=0.0% mean=0.978 p10=0.977 p90=0.978
Iter 0002460: train nll 1.387, valid error 074.920%, best valid error 073.980%, avg grad norm   0.245, avg grad norm (post clip)   0.257, rho_Whh  0.97, Omega  0.00, alpha  0.000, steps in the past 0.000, valid nll 1.387
  [diag] log10|dL/dh_t| hist bins=60 range=(-12.00,-2.22) mean=-11.95 p50=-12.00 p05=-12.00 p95=-12.00
  [diag] sat-dist hist bins=60 sat<0.05=0.0% mean=0.978 p10=0.977 p90=0.978
Iter 0002480: train nll 1.386, valid error 074.960%, best valid error 073.980%, avg grad norm   0.236, avg grad norm (post clip)   0.249, rho_Whh  0.97, Omega  0.00, alpha  0.000, steps in the past 0.000, valid nll 1.387
  [diag] log10|dL/dh_t| hist bins=60 range=(-12.00,-2.22) mean=-11.95 p50=-12.00 p05=-12.00 p95=-12.00
  [diag] sat-dist hist bins=60 sat<0.05=0.0% mean=0.977 p10=0.976 p90=0.978
Iter 0002500: train nll 1.387, valid error 074.940%, best valid error 073.980%, avg grad norm   0.244, avg grad norm (post clip)   0.257, rho_Whh  0.97, Omega  0.00, alpha  0.000, steps in the past 0.000, valid nll 1.386
  [diag] log10|dL/dh_t| hist bins=60 range=(-12.00,-2.22) mean=-11.95 p50=-12.00 p05=-12.00 p95=-12.00
  [diag] sat-dist hist bins=60 sat<0.05=0.0% mean=0.977 p10=0.976 p90=0.977
Iter 0002520: train nll 1.385, valid error 074.960%, best valid error 073.980%, avg grad norm   0.220, avg grad norm (post clip)   0.233, rho_Whh  0.97, Omega  0.00, alpha  0.000, steps in the past 0.000, valid nll 1.386
  [diag] log10|dL/dh_t| hist bins=60 range=(-12.00,-2.22) mean=-11.95 p50=-12.00 p05=-12.00 p95=-12.00
  [diag] sat-dist hist bins=60 sat<0.05=0.0% mean=0.977 p10=0.976 p90=0.977
Iter 0002540: train nll 1.386, valid error 074.960%, best valid error 073.980%, avg grad norm   0.221, avg grad norm (post clip)   0.233, rho_Whh  0.97, Omega  0.00, alpha  0.000, steps in the past 0.000, valid nll 1.386
  [diag] log10|dL/dh_t| hist bins=60 range=(-12.00,-2.22) mean=-11.95 p50=-12.00 p05=-12.00 p95=-12.00
  [diag] sat-dist hist bins=60 sat<0.05=0.0% mean=0.977 p10=0.976 p90=0.977
Iter 0002560: train nll 1.387, valid error 074.960%, best valid error 073.980%, avg grad norm   0.255, avg grad norm (post clip)   0.267, rho_Whh  0.97, Omega  0.00, alpha  0.000, steps in the past 0.000, valid nll 1.386
  [diag] log10|dL/dh_t| hist bins=60 range=(-12.00,-2.22) mean=-11.95 p50=-12.00 p05=-12.00 p95=-12.00
  [diag] sat-dist hist bins=60 sat<0.05=0.0% mean=0.977 p10=0.976 p90=0.977
Iter 0002580: train nll 1.386, valid error 074.960%, best valid error 073.980%, avg grad norm   0.239, avg grad norm (post clip)   0.253, rho_Whh  0.97, Omega  0.00, alpha  0.000, steps in the past 0.000, valid nll 1.386
  [diag] log10|dL/dh_t| hist bins=60 range=(-12.00,-2.22) mean=-11.95 p50=-12.00 p05=-12.00 p95=-12.00
  [diag] sat-dist hist bins=60 sat<0.05=0.0% mean=0.977 p10=0.976 p90=0.978
Iter 0002600: train nll 1.386, valid error 074.920%, best valid error 073.980%, avg grad norm   0.235, avg grad norm (post clip)   0.248, rho_Whh  0.97, Omega  0.00, alpha  0.000, steps in the past 0.000, valid nll 1.386
  [diag] log10|dL/dh_t| hist bins=60 range=(-12.00,-2.22) mean=-11.95 p50=-12.00 p05=-12.00 p95=-12.00
  [diag] sat-dist hist bins=60 sat<0.05=0.0% mean=0.977 p10=0.976 p90=0.978
Iter 0002620: train nll 1.388, valid error 074.880%, best valid error 073.980%, avg grad norm   0.215, avg grad norm (post clip)   0.227, rho_Whh  0.97, Omega  0.00, alpha  0.000, steps in the past 0.000, valid nll 1.386
  [diag] log10|dL/dh_t| hist bins=60 range=(-12.00,-2.22) mean=-11.95 p50=-12.00 p05=-12.00 p95=-12.00
  [diag] sat-dist hist bins=60 sat<0.05=0.0% mean=0.977 p10=0.976 p90=0.978
Iter 0002640: train nll 1.387, valid error 074.960%, best valid error 073.980%, avg grad norm   0.219, avg grad norm (post clip)   0.230, rho_Whh  0.97, Omega  0.00, alpha  0.000, steps in the past 0.000, valid nll 1.386
  [diag] log10|dL/dh_t| hist bins=60 range=(-12.00,-2.22) mean=-11.95 p50=-12.00 p05=-12.00 p95=-12.00
  [diag] sat-dist hist bins=60 sat<0.05=0.0% mean=0.977 p10=0.976 p90=0.978
Iter 0002660: train nll 1.386, valid error 074.340%, best valid error 073.980%, avg grad norm   0.222, avg grad norm (post clip)   0.234, rho_Whh  0.97, Omega  0.00, alpha  0.000, steps in the past 0.000, valid nll 1.386
  [diag] log10|dL/dh_t| hist bins=60 range=(-12.00,-2.22) mean=-11.95 p50=-12.00 p05=-12.00 p95=-12.00
  [diag] sat-dist hist bins=60 sat<0.05=0.0% mean=0.977 p10=0.976 p90=0.978
Iter 0002680: train nll 1.386, valid error 074.780%, best valid error 073.980%, avg grad norm   0.223, avg grad norm (post clip)   0.235, rho_Whh  0.97, Omega  0.00, alpha  0.000, steps in the past 0.000, valid nll 1.387
  [diag] log10|dL/dh_t| hist bins=60 range=(-12.00,-2.22) mean=-11.95 p50=-12.00 p05=-12.00 p95=-12.00
  [diag] sat-dist hist bins=60 sat<0.05=0.0% mean=0.977 p10=0.976 p90=0.978
Iter 0002700: train nll 1.386, valid error 074.940%, best valid error 073.980%, avg grad norm   0.232, avg grad norm (post clip)   0.244, rho_Whh  0.97, Omega  0.00, alpha  0.000, steps in the past 0.000, valid nll 1.387
  [diag] log10|dL/dh_t| hist bins=60 range=(-12.00,-2.22) mean=-11.95 p50=-12.00 p05=-12.00 p95=-12.00
  [diag] sat-dist hist bins=60 sat<0.05=0.0% mean=0.977 p10=0.976 p90=0.978
Iter 0002720: train nll 1.386, valid error 074.860%, best valid error 073.980%, avg grad norm   0.224, avg grad norm (post clip)   0.237, rho_Whh  0.97, Omega  0.00, alpha  0.000, steps in the past 0.000, valid nll 1.387
  [diag] log10|dL/dh_t| hist bins=60 range=(-12.00,-2.22) mean=-11.95 p50=-12.00 p05=-12.00 p95=-12.00
  [diag] sat-dist hist bins=60 sat<0.05=0.0% mean=0.977 p10=0.976 p90=0.977
Iter 0002740: train nll 1.385, valid error 075.340%, best valid error 073.980%, avg grad norm   0.219, avg grad norm (post clip)   0.231, rho_Whh  0.97, Omega  0.00, alpha  0.000, steps in the past 0.000, valid nll 1.387
  [diag] log10|dL/dh_t| hist bins=60 range=(-12.00,-2.22) mean=-11.95 p50=-12.00 p05=-12.00 p95=-12.00
  [diag] sat-dist hist bins=60 sat<0.05=0.0% mean=0.977 p10=0.976 p90=0.978
Iter 0002760: train nll 1.387, valid error 075.200%, best valid error 073.980%, avg grad norm   0.236, avg grad norm (post clip)   0.248, rho_Whh  0.97, Omega  0.00, alpha  0.000, steps in the past 0.000, valid nll 1.386
  [diag] log10|dL/dh_t| hist bins=60 range=(-12.00,-2.22) mean=-11.95 p50=-12.00 p05=-12.00 p95=-12.00
  [diag] sat-dist hist bins=60 sat<0.05=0.0% mean=0.977 p10=0.976 p90=0.977
Iter 0002780: train nll 1.385, valid error 074.800%, best valid error 073.980%, avg grad norm   0.213, avg grad norm (post clip)   0.226, rho_Whh  0.97, Omega  0.00, alpha  0.000, steps in the past 0.000, valid nll 1.387
  [diag] log10|dL/dh_t| hist bins=60 range=(-12.00,-2.22) mean=-11.95 p50=-12.00 p05=-12.00 p95=-12.00
  [diag] sat-dist hist bins=60 sat<0.05=0.0% mean=0.976 p10=0.975 p90=0.977
Iter 0002800: train nll 1.385, valid error 074.620%, best valid error 073.980%, avg grad norm   0.217, avg grad norm (post clip)   0.229, rho_Whh  0.97, Omega  0.00, alpha  0.000, steps in the past 0.000, valid nll 1.387
  [diag] log10|dL/dh_t| hist bins=60 range=(-12.00,-2.22) mean=-11.95 p50=-12.00 p05=-12.00 p95=-12.00
  [diag] sat-dist hist bins=60 sat<0.05=0.0% mean=0.976 p10=0.975 p90=0.977
Iter 0002820: train nll 1.386, valid error 074.660%, best valid error 073.980%, avg grad norm   0.247, avg grad norm (post clip)   0.259, rho_Whh  0.97, Omega  0.00, alpha  0.000, steps in the past 0.000, valid nll 1.387
  [diag] log10|dL/dh_t| hist bins=60 range=(-12.00,-2.22) mean=-11.95 p50=-12.00 p05=-12.00 p95=-12.00
  [diag] sat-dist hist bins=60 sat<0.05=0.0% mean=0.976 p10=0.975 p90=0.977
Iter 0002840: train nll 1.387, valid error 074.620%, best valid error 073.980%, avg grad norm   0.231, avg grad norm (post clip)   0.244, rho_Whh  0.97, Omega  0.00, alpha  0.000, steps in the past 0.000, valid nll 1.387
  [diag] log10|dL/dh_t| hist bins=60 range=(-12.00,-2.22) mean=-11.95 p50=-12.00 p05=-12.00 p95=-12.00
  [diag] sat-dist hist bins=60 sat<0.05=0.0% mean=0.976 p10=0.975 p90=0.977
Iter 0002860: train nll 1.386, valid error 074.660%, best valid error 073.980%, avg grad norm   0.232, avg grad norm (post clip)   0.244, rho_Whh  0.97, Omega  0.00, alpha  0.000, steps in the past 0.000, valid nll 1.387
  [diag] log10|dL/dh_t| hist bins=60 range=(-12.00,-2.22) mean=-11.95 p50=-12.00 p05=-12.00 p95=-12.00
  [diag] sat-dist hist bins=60 sat<0.05=0.0% mean=0.976 p10=0.975 p90=0.977
Iter 0002880: train nll 1.387, valid error 074.660%, best valid error 073.980%, avg grad norm   0.213, avg grad norm (post clip)   0.226, rho_Whh  0.97, Omega  0.00, alpha  0.000, steps in the past 0.000, valid nll 1.387
  [diag] log10|dL/dh_t| hist bins=60 range=(-12.00,-2.22) mean=-11.95 p50=-12.00 p05=-12.00 p95=-12.00
  [diag] sat-dist hist bins=60 sat<0.05=0.0% mean=0.977 p10=0.976 p90=0.977
Iter 0002900: train nll 1.386, valid error 074.780%, best valid error 073.980%, avg grad norm   0.212, avg grad norm (post clip)   0.223, rho_Whh  0.97, Omega  0.00, alpha  0.000, steps in the past 0.000, valid nll 1.387
  [diag] log10|dL/dh_t| hist bins=60 range=(-12.00,-2.22) mean=-11.95 p50=-12.00 p05=-12.00 p95=-12.00
  [diag] sat-dist hist bins=60 sat<0.05=0.0% mean=0.977 p10=0.976 p90=0.977
Iter 0002920: train nll 1.386, valid error 074.840%, best valid error 073.980%, avg grad norm   0.236, avg grad norm (post clip)   0.247, rho_Whh  0.97, Omega  0.00, alpha  0.000, steps in the past 0.000, valid nll 1.387
  [diag] log10|dL/dh_t| hist bins=60 range=(-12.00,-2.22) mean=-11.95 p50=-12.00 p05=-12.00 p95=-12.00
  [diag] sat-dist hist bins=60 sat<0.05=0.0% mean=0.977 p10=0.976 p90=0.978
Iter 0002940: train nll 1.388, valid error 074.800%, best valid error 073.980%, avg grad norm   0.226, avg grad norm (post clip)   0.239, rho_Whh  0.97, Omega  0.00, alpha  0.000, steps in the past 0.000, valid nll 1.387
  [diag] log10|dL/dh_t| hist bins=60 range=(-12.00,-2.22) mean=-11.95 p50=-12.00 p05=-12.00 p95=-12.00
  [diag] sat-dist hist bins=60 sat<0.05=0.0% mean=0.977 p10=0.976 p90=0.978
Iter 0002960: train nll 1.387, valid error 074.580%, best valid error 073.980%, avg grad norm   0.235, avg grad norm (post clip)   0.246, rho_Whh  0.97, Omega  0.00, alpha  0.000, steps in the past 0.000, valid nll 1.387
  [diag] log10|dL/dh_t| hist bins=60 range=(-12.00,-2.22) mean=-11.95 p50=-12.00 p05=-12.00 p95=-12.00
  [diag] sat-dist hist bins=60 sat<0.05=0.0% mean=0.977 p10=0.976 p90=0.978
Iter 0002980: train nll 1.387, valid error 075.240%, best valid error 073.980%, avg grad norm   0.243, avg grad norm (post clip)   0.256, rho_Whh  0.97, Omega  0.00, alpha  0.000, steps in the past 0.000, valid nll 1.387
Done. solved=0 steps=2999 best_valid_error=73.9800%
=== DONE  EC_fair_s6_n200_lr001_cut05_a0 ===
=== START EC_fair_s7_n100_lr001_noclip_a0 ===
Starting to train (PyTorch).
  [diag] log10|dL/dh_t| hist bins=60 range=(-12.00,-2.36) mean=-11.95 p50=-12.00 p05=-12.00 p95=-12.00
  [diag] sat-dist hist bins=60 sat<0.05=0.0% mean=0.909 p10=0.898 p90=0.944
Iter 0000020: train nll 1.455, valid error 074.080%, best valid error 100.000%, avg grad norm   0.297, avg grad norm (post clip)   0.000, rho_Whh  0.95, Omega  0.00, alpha  0.000, steps in the past 0.000, valid nll 1.386
  [diag] log10|dL/dh_t| hist bins=60 range=(-12.00,-2.36) mean=-11.95 p50=-12.00 p05=-12.00 p95=-12.00
  [diag] sat-dist hist bins=60 sat<0.05=0.0% mean=0.963 p10=0.959 p90=0.972
Iter 0000040: train nll 1.387, valid error 074.080%, best valid error 074.080%, avg grad norm   0.280, avg grad norm (post clip)   0.000, rho_Whh  0.95, Omega  0.00, alpha  0.000, steps in the past 0.000, valid nll 1.386
  [diag] log10|dL/dh_t| hist bins=60 range=(-12.00,-2.36) mean=-11.95 p50=-12.00 p05=-12.00 p95=-12.00
  [diag] sat-dist hist bins=60 sat<0.05=0.0% mean=0.974 p10=0.971 p90=0.978
Iter 0000060: train nll 1.387, valid error 074.040%, best valid error 074.080%, avg grad norm   0.210, avg grad norm (post clip)   0.000, rho_Whh  0.95, Omega  0.00, alpha  0.000, steps in the past 0.000, valid nll 1.386
  [diag] log10|dL/dh_t| hist bins=60 range=(-12.00,-2.36) mean=-11.95 p50=-12.00 p05=-12.00 p95=-12.00
  [diag] sat-dist hist bins=60 sat<0.05=0.0% mean=0.981 p10=0.980 p90=0.982
Iter 0000080: train nll 1.386, valid error 075.360%, best valid error 074.040%, avg grad norm   0.177, avg grad norm (post clip)   0.000, rho_Whh  0.95, Omega  0.00, alpha  0.000, steps in the past 0.000, valid nll 1.386
  [diag] log10|dL/dh_t| hist bins=60 range=(-12.00,-2.36) mean=-11.95 p50=-12.00 p05=-12.00 p95=-12.00
  [diag] sat-dist hist bins=60 sat<0.05=0.0% mean=0.981 p10=0.980 p90=0.981
Iter 0000100: train nll 1.386, valid error 074.960%, best valid error 074.040%, avg grad norm   0.194, avg grad norm (post clip)   0.000, rho_Whh  0.95, Omega  0.00, alpha  0.000, steps in the past 0.000, valid nll 1.386
  [diag] log10|dL/dh_t| hist bins=60 range=(-12.00,-2.36) mean=-11.95 p50=-12.00 p05=-12.00 p95=-12.00
  [diag] sat-dist hist bins=60 sat<0.05=0.0% mean=0.974 p10=0.972 p90=0.976
Iter 0000120: train nll 1.386, valid error 075.880%, best valid error 074.040%, avg grad norm   0.204, avg grad norm (post clip)   0.000, rho_Whh  0.95, Omega  0.00, alpha  0.000, steps in the past 0.000, valid nll 1.386
  [diag] log10|dL/dh_t| hist bins=60 range=(-12.00,-2.36) mean=-11.95 p50=-12.00 p05=-12.00 p95=-12.00
  [diag] sat-dist hist bins=60 sat<0.05=0.0% mean=0.981 p10=0.980 p90=0.982
Iter 0000140: train nll 1.386, valid error 075.600%, best valid error 074.040%, avg grad norm   0.214, avg grad norm (post clip)   0.000, rho_Whh  0.95, Omega  0.00, alpha  0.000, steps in the past 0.000, valid nll 1.386
  [diag] log10|dL/dh_t| hist bins=60 range=(-12.00,-2.36) mean=-11.95 p50=-12.00 p05=-12.00 p95=-12.00
  [diag] sat-dist hist bins=60 sat<0.05=0.0% mean=0.975 p10=0.973 p90=0.976
Iter 0000160: train nll 1.386, valid error 075.680%, best valid error 074.040%, avg grad norm   0.190, avg grad norm (post clip)   0.000, rho_Whh  0.95, Omega  0.00, alpha  0.000, steps in the past 0.000, valid nll 1.387
  [diag] log10|dL/dh_t| hist bins=60 range=(-12.00,-2.36) mean=-11.95 p50=-12.00 p05=-12.00 p95=-12.00
  [diag] sat-dist hist bins=60 sat<0.05=0.0% mean=0.962 p10=0.959 p90=0.969
Iter 0000180: train nll 1.387, valid error 076.200%, best valid error 074.040%, avg grad norm   0.266, avg grad norm (post clip)   0.000, rho_Whh  0.95, Omega  0.00, alpha  0.000, steps in the past 0.000, valid nll 1.387
  [diag] log10|dL/dh_t| hist bins=60 range=(-12.00,-2.36) mean=-11.95 p50=-12.00 p05=-12.00 p95=-12.00
  [diag] sat-dist hist bins=60 sat<0.05=0.0% mean=0.955 p10=0.951 p90=0.964
Iter 0000200: train nll 1.386, valid error 074.200%, best valid error 074.040%, avg grad norm   0.226, avg grad norm (post clip)   0.000, rho_Whh  0.95, Omega  0.00, alpha  0.000, steps in the past 0.000, valid nll 1.386
  [diag] log10|dL/dh_t| hist bins=60 range=(-12.00,-2.36) mean=-11.95 p50=-12.00 p05=-12.00 p95=-12.00
  [diag] sat-dist hist bins=60 sat<0.05=0.0% mean=0.975 p10=0.973 p90=0.976
Iter 0000220: train nll 1.387, valid error 076.240%, best valid error 074.040%, avg grad norm   0.282, avg grad norm (post clip)   0.000, rho_Whh  0.95, Omega  0.00, alpha  0.000, steps in the past 0.000, valid nll 1.387
  [diag] log10|dL/dh_t| hist bins=60 range=(-12.00,-2.36) mean=-11.95 p50=-12.00 p05=-12.00 p95=-12.00
  [diag] sat-dist hist bins=60 sat<0.05=0.0% mean=0.980 p10=0.979 p90=0.981
Iter 0000240: train nll 1.386, valid error 074.500%, best valid error 074.040%, avg grad norm   0.203, avg grad norm (post clip)   0.000, rho_Whh  0.95, Omega  0.00, alpha  0.000, steps in the past 0.000, valid nll 1.387
  [diag] log10|dL/dh_t| hist bins=60 range=(-12.00,-2.36) mean=-11.95 p50=-12.00 p05=-12.00 p95=-12.00
  [diag] sat-dist hist bins=60 sat<0.05=0.0% mean=0.979 p10=0.978 p90=0.980
Iter 0000260: train nll 1.386, valid error 074.800%, best valid error 074.040%, avg grad norm   0.186, avg grad norm (post clip)   0.000, rho_Whh  0.95, Omega  0.00, alpha  0.000, steps in the past 0.000, valid nll 1.387
  [diag] log10|dL/dh_t| hist bins=60 range=(-12.00,-2.36) mean=-11.95 p50=-12.00 p05=-12.00 p95=-12.00
  [diag] sat-dist hist bins=60 sat<0.05=0.0% mean=0.980 p10=0.979 p90=0.980
Iter 0000280: train nll 1.387, valid error 075.560%, best valid error 074.040%, avg grad norm   0.222, avg grad norm (post clip)   0.000, rho_Whh  0.95, Omega  0.00, alpha  0.000, steps in the past 0.000, valid nll 1.387
  [diag] log10|dL/dh_t| hist bins=60 range=(-12.00,-2.36) mean=-11.95 p50=-12.00 p05=-12.00 p95=-12.00
  [diag] sat-dist hist bins=60 sat<0.05=0.0% mean=0.977 p10=0.976 p90=0.978
Iter 0000300: train nll 1.386, valid error 075.980%, best valid error 074.040%, avg grad norm   0.189, avg grad norm (post clip)   0.000, rho_Whh  0.95, Omega  0.00, alpha  0.000, steps in the past 0.000, valid nll 1.387
  [diag] log10|dL/dh_t| hist bins=60 range=(-12.00,-2.36) mean=-11.95 p50=-12.00 p05=-12.00 p95=-12.00
  [diag] sat-dist hist bins=60 sat<0.05=0.0% mean=0.980 p10=0.979 p90=0.982
Iter 0000320: train nll 1.387, valid error 074.620%, best valid error 074.040%, avg grad norm   0.211, avg grad norm (post clip)   0.000, rho_Whh  0.95, Omega  0.00, alpha  0.000, steps in the past 0.000, valid nll 1.387
  [diag] log10|dL/dh_t| hist bins=60 range=(-12.00,-2.36) mean=-11.95 p50=-12.00 p05=-12.00 p95=-12.00
  [diag] sat-dist hist bins=60 sat<0.05=0.0% mean=0.980 p10=0.978 p90=0.981
Iter 0000340: train nll 1.387, valid error 074.860%, best valid error 074.040%, avg grad norm   0.222, avg grad norm (post clip)   0.000, rho_Whh  0.95, Omega  0.00, alpha  0.000, steps in the past 0.000, valid nll 1.386
  [diag] log10|dL/dh_t| hist bins=60 range=(-12.00,-2.36) mean=-11.95 p50=-12.00 p05=-12.00 p95=-12.00
  [diag] sat-dist hist bins=60 sat<0.05=0.0% mean=0.980 p10=0.978 p90=0.981
Iter 0000360: train nll 1.387, valid error 074.580%, best valid error 074.040%, avg grad norm   0.206, avg grad norm (post clip)   0.000, rho_Whh  0.95, Omega  0.00, alpha  0.000, steps in the past 0.000, valid nll 1.386
  [diag] log10|dL/dh_t| hist bins=60 range=(-12.00,-2.36) mean=-11.95 p50=-12.00 p05=-12.00 p95=-12.00
  [diag] sat-dist hist bins=60 sat<0.05=0.0% mean=0.974 p10=0.972 p90=0.975
Iter 0000380: train nll 1.386, valid error 074.360%, best valid error 074.040%, avg grad norm   0.190, avg grad norm (post clip)   0.000, rho_Whh  0.95, Omega  0.00, alpha  0.000, steps in the past 0.000, valid nll 1.387
  [diag] log10|dL/dh_t| hist bins=60 range=(-12.00,-2.36) mean=-11.95 p50=-12.00 p05=-12.00 p95=-12.00
  [diag] sat-dist hist bins=60 sat<0.05=0.0% mean=0.972 p10=0.969 p90=0.974
Iter 0000400: train nll 1.386, valid error 076.040%, best valid error 074.040%, avg grad norm   0.186, avg grad norm (post clip)   0.000, rho_Whh  0.95, Omega  0.00, alpha  0.000, steps in the past 0.000, valid nll 1.387
  [diag] log10|dL/dh_t| hist bins=60 range=(-12.00,-2.36) mean=-11.95 p50=-12.00 p05=-12.00 p95=-12.00
  [diag] sat-dist hist bins=60 sat<0.05=0.0% mean=0.969 p10=0.966 p90=0.972
Iter 0000420: train nll 1.386, valid error 074.400%, best valid error 074.040%, avg grad norm   0.215, avg grad norm (post clip)   0.000, rho_Whh  0.95, Omega  0.00, alpha  0.000, steps in the past 0.000, valid nll 1.387
  [diag] log10|dL/dh_t| hist bins=60 range=(-12.00,-2.36) mean=-11.95 p50=-12.00 p05=-12.00 p95=-12.00
  [diag] sat-dist hist bins=60 sat<0.05=0.0% mean=0.977 p10=0.975 p90=0.978
Iter 0000440: train nll 1.387, valid error 074.280%, best valid error 074.040%, avg grad norm   0.172, avg grad norm (post clip)   0.000, rho_Whh  0.95, Omega  0.00, alpha  0.000, steps in the past 0.000, valid nll 1.387
  [diag] log10|dL/dh_t| hist bins=60 range=(-12.00,-2.36) mean=-11.95 p50=-12.00 p05=-12.00 p95=-12.00
  [diag] sat-dist hist bins=60 sat<0.05=0.0% mean=0.981 p10=0.980 p90=0.981
Iter 0000460: train nll 1.386, valid error 074.280%, best valid error 074.040%, avg grad norm   0.210, avg grad norm (post clip)   0.000, rho_Whh  0.95, Omega  0.00, alpha  0.000, steps in the past 0.000, valid nll 1.387
  [diag] log10|dL/dh_t| hist bins=60 range=(-12.00,-2.36) mean=-11.95 p50=-12.00 p05=-12.00 p95=-12.00
  [diag] sat-dist hist bins=60 sat<0.05=0.0% mean=0.980 p10=0.979 p90=0.980
Iter 0000480: train nll 1.386, valid error 074.980%, best valid error 074.040%, avg grad norm   0.192, avg grad norm (post clip)   0.000, rho_Whh  0.95, Omega  0.00, alpha  0.000, steps in the past 0.000, valid nll 1.387
  [diag] log10|dL/dh_t| hist bins=60 range=(-12.00,-2.36) mean=-11.95 p50=-12.00 p05=-12.00 p95=-12.00
  [diag] sat-dist hist bins=60 sat<0.05=0.0% mean=0.981 p10=0.980 p90=0.982
Iter 0000500: train nll 1.387, valid error 074.700%, best valid error 074.040%, avg grad norm   0.182, avg grad norm (post clip)   0.000, rho_Whh  0.95, Omega  0.00, alpha  0.000, steps in the past 0.000, valid nll 1.386
  [diag] log10|dL/dh_t| hist bins=60 range=(-12.00,-2.36) mean=-11.95 p50=-12.00 p05=-12.00 p95=-12.00
  [diag] sat-dist hist bins=60 sat<0.05=0.0% mean=0.980 p10=0.978 p90=0.981
Iter 0000520: train nll 1.387, valid error 074.700%, best valid error 074.040%, avg grad norm   0.184, avg grad norm (post clip)   0.000, rho_Whh  0.95, Omega  0.00, alpha  0.000, steps in the past 0.000, valid nll 1.386
  [diag] log10|dL/dh_t| hist bins=60 range=(-12.00,-2.36) mean=-11.95 p50=-12.00 p05=-12.00 p95=-12.00
  [diag] sat-dist hist bins=60 sat<0.05=0.0% mean=0.977 p10=0.975 p90=0.979
Iter 0000540: train nll 1.386, valid error 074.700%, best valid error 074.040%, avg grad norm   0.201, avg grad norm (post clip)   0.000, rho_Whh  0.95, Omega  0.00, alpha  0.000, steps in the past 0.000, valid nll 1.386
  [diag] log10|dL/dh_t| hist bins=60 range=(-12.00,-2.36) mean=-11.95 p50=-12.00 p05=-12.00 p95=-12.00
  [diag] sat-dist hist bins=60 sat<0.05=0.0% mean=0.978 p10=0.976 p90=0.979
Iter 0000560: train nll 1.387, valid error 074.700%, best valid error 074.040%, avg grad norm   0.177, avg grad norm (post clip)   0.000, rho_Whh  0.95, Omega  0.00, alpha  0.000, steps in the past 0.000, valid nll 1.386
  [diag] log10|dL/dh_t| hist bins=60 range=(-12.00,-2.36) mean=-11.95 p50=-12.00 p05=-12.00 p95=-12.00
  [diag] sat-dist hist bins=60 sat<0.05=0.0% mean=0.977 p10=0.974 p90=0.979
Iter 0000580: train nll 1.386, valid error 074.360%, best valid error 074.040%, avg grad norm   0.192, avg grad norm (post clip)   0.000, rho_Whh  0.95, Omega  0.00, alpha  0.000, steps in the past 0.000, valid nll 1.386
  [diag] log10|dL/dh_t| hist bins=60 range=(-12.00,-2.36) mean=-11.95 p50=-12.00 p05=-12.00 p95=-12.00
  [diag] sat-dist hist bins=60 sat<0.05=0.0% mean=0.979 p10=0.977 p90=0.981
Iter 0000600: train nll 1.387, valid error 074.900%, best valid error 074.040%, avg grad norm   0.210, avg grad norm (post clip)   0.000, rho_Whh  0.95, Omega  0.00, alpha  0.000, steps in the past 0.000, valid nll 1.386
  [diag] log10|dL/dh_t| hist bins=60 range=(-12.00,-2.36) mean=-11.95 p50=-12.00 p05=-12.00 p95=-12.00
  [diag] sat-dist hist bins=60 sat<0.05=0.0% mean=0.978 p10=0.976 p90=0.980
Iter 0000620: train nll 1.386, valid error 074.520%, best valid error 074.040%, avg grad norm   0.210, avg grad norm (post clip)   0.000, rho_Whh  0.95, Omega  0.00, alpha  0.000, steps in the past 0.000, valid nll 1.386
  [diag] log10|dL/dh_t| hist bins=60 range=(-12.00,-2.36) mean=-11.95 p50=-12.00 p05=-12.00 p95=-12.00
  [diag] sat-dist hist bins=60 sat<0.05=0.0% mean=0.979 p10=0.977 p90=0.981
Iter 0000640: train nll 1.387, valid error 074.820%, best valid error 074.040%, avg grad norm   0.200, avg grad norm (post clip)   0.000, rho_Whh  0.95, Omega  0.00, alpha  0.000, steps in the past 0.000, valid nll 1.386
  [diag] log10|dL/dh_t| hist bins=60 range=(-12.00,-2.36) mean=-11.95 p50=-12.00 p05=-12.00 p95=-12.00
  [diag] sat-dist hist bins=60 sat<0.05=0.0% mean=0.981 p10=0.980 p90=0.982
Iter 0000660: train nll 1.385, valid error 074.700%, best valid error 074.040%, avg grad norm   0.199, avg grad norm (post clip)   0.000, rho_Whh  0.95, Omega  0.00, alpha  0.000, steps in the past 0.000, valid nll 1.386
  [diag] log10|dL/dh_t| hist bins=60 range=(-12.00,-2.36) mean=-11.95 p50=-12.00 p05=-12.00 p95=-12.00
  [diag] sat-dist hist bins=60 sat<0.05=0.0% mean=0.981 p10=0.980 p90=0.982
Iter 0000680: train nll 1.387, valid error 074.700%, best valid error 074.040%, avg grad norm   0.153, avg grad norm (post clip)   0.000, rho_Whh  0.95, Omega  0.00, alpha  0.000, steps in the past 0.000, valid nll 1.386
  [diag] log10|dL/dh_t| hist bins=60 range=(-12.00,-2.36) mean=-11.95 p50=-12.00 p05=-12.00 p95=-12.00
  [diag] sat-dist hist bins=60 sat<0.05=0.0% mean=0.981 p10=0.979 p90=0.982
Iter 0000700: train nll 1.387, valid error 074.700%, best valid error 074.040%, avg grad norm   0.226, avg grad norm (post clip)   0.000, rho_Whh  0.95, Omega  0.00, alpha  0.000, steps in the past 0.000, valid nll 1.386
  [diag] log10|dL/dh_t| hist bins=60 range=(-12.00,-2.36) mean=-11.95 p50=-12.00 p05=-12.00 p95=-12.00
  [diag] sat-dist hist bins=60 sat<0.05=0.0% mean=0.981 p10=0.980 p90=0.982
Iter 0000720: train nll 1.387, valid error 074.720%, best valid error 074.040%, avg grad norm   0.192, avg grad norm (post clip)   0.000, rho_Whh  0.95, Omega  0.00, alpha  0.000, steps in the past 0.000, valid nll 1.386
  [diag] log10|dL/dh_t| hist bins=60 range=(-12.00,-2.36) mean=-11.95 p50=-12.00 p05=-12.00 p95=-12.00
  [diag] sat-dist hist bins=60 sat<0.05=0.0% mean=0.981 p10=0.980 p90=0.982
Iter 0000740: train nll 1.386, valid error 074.700%, best valid error 074.040%, avg grad norm   0.210, avg grad norm (post clip)   0.000, rho_Whh  0.95, Omega  0.00, alpha  0.000, steps in the past 0.000, valid nll 1.386
  [diag] log10|dL/dh_t| hist bins=60 range=(-12.00,-2.36) mean=-11.95 p50=-12.00 p05=-12.00 p95=-12.00
  [diag] sat-dist hist bins=60 sat<0.05=0.0% mean=0.979 p10=0.977 p90=0.981
Iter 0000760: train nll 1.386, valid error 074.700%, best valid error 074.040%, avg grad norm   0.189, avg grad norm (post clip)   0.000, rho_Whh  0.95, Omega  0.00, alpha  0.000, steps in the past 0.000, valid nll 1.386
  [diag] log10|dL/dh_t| hist bins=60 range=(-12.00,-2.36) mean=-11.95 p50=-12.00 p05=-12.00 p95=-12.00
  [diag] sat-dist hist bins=60 sat<0.05=0.0% mean=0.981 p10=0.981 p90=0.982
Iter 0000780: train nll 1.387, valid error 074.700%, best valid error 074.040%, avg grad norm   0.195, avg grad norm (post clip)   0.000, rho_Whh  0.95, Omega  0.00, alpha  0.000, steps in the past 0.000, valid nll 1.386
  [diag] log10|dL/dh_t| hist bins=60 range=(-12.00,-2.36) mean=-11.95 p50=-12.00 p05=-12.00 p95=-12.00
  [diag] sat-dist hist bins=60 sat<0.05=0.0% mean=0.981 p10=0.980 p90=0.982
Iter 0000800: train nll 1.386, valid error 074.700%, best valid error 074.040%, avg grad norm   0.187, avg grad norm (post clip)   0.000, rho_Whh  0.95, Omega  0.00, alpha  0.000, steps in the past 0.000, valid nll 1.386
  [diag] log10|dL/dh_t| hist bins=60 range=(-12.00,-2.36) mean=-11.95 p50=-12.00 p05=-12.00 p95=-12.00
  [diag] sat-dist hist bins=60 sat<0.05=0.0% mean=0.981 p10=0.980 p90=0.982
Iter 0000820: train nll 1.385, valid error 074.700%, best valid error 074.040%, avg grad norm   0.197, avg grad norm (post clip)   0.000, rho_Whh  0.95, Omega  0.00, alpha  0.000, steps in the past 0.000, valid nll 1.386
  [diag] log10|dL/dh_t| hist bins=60 range=(-12.00,-2.36) mean=-11.95 p50=-12.00 p05=-12.00 p95=-12.00
  [diag] sat-dist hist bins=60 sat<0.05=0.0% mean=0.979 p10=0.978 p90=0.980
Iter 0000840: train nll 1.387, valid error 074.700%, best valid error 074.040%, avg grad norm   0.180, avg grad norm (post clip)   0.000, rho_Whh  0.95, Omega  0.00, alpha  0.000, steps in the past 0.000, valid nll 1.386
  [diag] log10|dL/dh_t| hist bins=60 range=(-12.00,-2.36) mean=-11.95 p50=-12.00 p05=-12.00 p95=-12.00
  [diag] sat-dist hist bins=60 sat<0.05=0.0% mean=0.981 p10=0.980 p90=0.982
Iter 0000860: train nll 1.387, valid error 074.700%, best valid error 074.040%, avg grad norm   0.182, avg grad norm (post clip)   0.000, rho_Whh  0.95, Omega  0.00, alpha  0.000, steps in the past 0.000, valid nll 1.386
  [diag] log10|dL/dh_t| hist bins=60 range=(-12.00,-2.36) mean=-11.95 p50=-12.00 p05=-12.00 p95=-12.00
  [diag] sat-dist hist bins=60 sat<0.05=0.0% mean=0.981 p10=0.980 p90=0.982
Iter 0000880: train nll 1.386, valid error 074.720%, best valid error 074.040%, avg grad norm   0.188, avg grad norm (post clip)   0.000, rho_Whh  0.95, Omega  0.00, alpha  0.000, steps in the past 0.000, valid nll 1.386
  [diag] log10|dL/dh_t| hist bins=60 range=(-12.00,-2.36) mean=-11.95 p50=-12.00 p05=-12.00 p95=-12.00
  [diag] sat-dist hist bins=60 sat<0.05=0.0% mean=0.981 p10=0.980 p90=0.982
Iter 0000900: train nll 1.387, valid error 074.900%, best valid error 074.040%, avg grad norm   0.211, avg grad norm (post clip)   0.000, rho_Whh  0.95, Omega  0.00, alpha  0.000, steps in the past 0.000, valid nll 1.386
  [diag] log10|dL/dh_t| hist bins=60 range=(-12.00,-2.36) mean=-11.95 p50=-12.00 p05=-12.00 p95=-12.00
  [diag] sat-dist hist bins=60 sat<0.05=0.0% mean=0.980 p10=0.979 p90=0.982
Iter 0000920: train nll 1.387, valid error 074.900%, best valid error 074.040%, avg grad norm   0.216, avg grad norm (post clip)   0.000, rho_Whh  0.95, Omega  0.00, alpha  0.000, steps in the past 0.000, valid nll 1.386
  [diag] log10|dL/dh_t| hist bins=60 range=(-12.00,-2.36) mean=-11.95 p50=-12.00 p05=-12.00 p95=-12.00
  [diag] sat-dist hist bins=60 sat<0.05=0.0% mean=0.980 p10=0.979 p90=0.981
Iter 0000940: train nll 1.386, valid error 074.700%, best valid error 074.040%, avg grad norm   0.214, avg grad norm (post clip)   0.000, rho_Whh  0.95, Omega  0.00, alpha  0.000, steps in the past 0.000, valid nll 1.386
  [diag] log10|dL/dh_t| hist bins=60 range=(-12.00,-2.36) mean=-11.95 p50=-12.00 p05=-12.00 p95=-12.00
  [diag] sat-dist hist bins=60 sat<0.05=0.0% mean=0.981 p10=0.980 p90=0.982
Iter 0000960: train nll 1.387, valid error 074.700%, best valid error 074.040%, avg grad norm   0.231, avg grad norm (post clip)   0.000, rho_Whh  0.95, Omega  0.00, alpha  0.000, steps in the past 0.000, valid nll 1.386
  [diag] log10|dL/dh_t| hist bins=60 range=(-12.00,-2.36) mean=-11.95 p50=-12.00 p05=-12.00 p95=-12.00
  [diag] sat-dist hist bins=60 sat<0.05=0.0% mean=0.981 p10=0.980 p90=0.982
Iter 0000980: train nll 1.386, valid error 074.700%, best valid error 074.040%, avg grad norm   0.172, avg grad norm (post clip)   0.000, rho_Whh  0.95, Omega  0.00, alpha  0.000, steps in the past 0.000, valid nll 1.386
  [diag] log10|dL/dh_t| hist bins=60 range=(-12.00,-2.36) mean=-11.95 p50=-12.00 p05=-12.00 p95=-12.00
  [diag] sat-dist hist bins=60 sat<0.05=0.0% mean=0.981 p10=0.980 p90=0.982
Iter 0001000: train nll 1.386, valid error 074.700%, best valid error 074.040%, avg grad norm   0.223, avg grad norm (post clip)   0.000, rho_Whh  0.95, Omega  0.00, alpha  0.000, steps in the past 0.000, valid nll 1.386
  [diag] log10|dL/dh_t| hist bins=60 range=(-12.00,-2.36) mean=-11.95 p50=-12.00 p05=-12.00 p95=-12.00
  [diag] sat-dist hist bins=60 sat<0.05=0.0% mean=0.981 p10=0.980 p90=0.982
Iter 0001020: train nll 1.387, valid error 074.700%, best valid error 074.040%, avg grad norm   0.190, avg grad norm (post clip)   0.000, rho_Whh  0.95, Omega  0.00, alpha  0.000, steps in the past 0.000, valid nll 1.386
  [diag] log10|dL/dh_t| hist bins=60 range=(-12.00,-2.36) mean=-11.95 p50=-12.00 p05=-12.00 p95=-12.00
  [diag] sat-dist hist bins=60 sat<0.05=0.0% mean=0.980 p10=0.979 p90=0.981
Iter 0001040: train nll 1.386, valid error 074.720%, best valid error 074.040%, avg grad norm   0.215, avg grad norm (post clip)   0.000, rho_Whh  0.95, Omega  0.00, alpha  0.000, steps in the past 0.000, valid nll 1.387
  [diag] log10|dL/dh_t| hist bins=60 range=(-12.00,-2.36) mean=-11.95 p50=-12.00 p05=-12.00 p95=-12.00
  [diag] sat-dist hist bins=60 sat<0.05=0.0% mean=0.979 p10=0.978 p90=0.980
Iter 0001060: train nll 1.387, valid error 074.860%, best valid error 074.040%, avg grad norm   0.188, avg grad norm (post clip)   0.000, rho_Whh  0.95, Omega  0.00, alpha  0.000, steps in the past 0.000, valid nll 1.387
  [diag] log10|dL/dh_t| hist bins=60 range=(-12.00,-2.36) mean=-11.95 p50=-12.00 p05=-12.00 p95=-12.00
  [diag] sat-dist hist bins=60 sat<0.05=0.0% mean=0.977 p10=0.976 p90=0.978
Iter 0001080: train nll 1.385, valid error 074.720%, best valid error 074.040%, avg grad norm   0.201, avg grad norm (post clip)   0.000, rho_Whh  0.95, Omega  0.00, alpha  0.000, steps in the past 0.000, valid nll 1.387
  [diag] log10|dL/dh_t| hist bins=60 range=(-12.00,-2.36) mean=-11.95 p50=-12.00 p05=-12.00 p95=-12.00
  [diag] sat-dist hist bins=60 sat<0.05=0.0% mean=0.954 p10=0.950 p90=0.960
Iter 0001100: train nll 1.385, valid error 076.260%, best valid error 074.040%, avg grad norm   0.218, avg grad norm (post clip)   0.000, rho_Whh  0.95, Omega  0.00, alpha  0.000, steps in the past 0.000, valid nll 1.387
  [diag] log10|dL/dh_t| hist bins=60 range=(-12.00,-2.36) mean=-11.95 p50=-12.00 p05=-12.00 p95=-12.00
  [diag] sat-dist hist bins=60 sat<0.05=0.0% mean=0.961 p10=0.957 p90=0.964
Iter 0001120: train nll 1.386, valid error 076.260%, best valid error 074.040%, avg grad norm   0.213, avg grad norm (post clip)   0.000, rho_Whh  0.95, Omega  0.00, alpha  0.000, steps in the past 0.000, valid nll 1.387
  [diag] log10|dL/dh_t| hist bins=60 range=(-12.00,-2.36) mean=-11.95 p50=-12.00 p05=-12.00 p95=-12.00
  [diag] sat-dist hist bins=60 sat<0.05=0.0% mean=0.968 p10=0.966 p90=0.970
Iter 0001140: train nll 1.386, valid error 076.260%, best valid error 074.040%, avg grad norm   0.233, avg grad norm (post clip)   0.000, rho_Whh  0.95, Omega  0.00, alpha  0.000, steps in the past 0.000, valid nll 1.387
  [diag] log10|dL/dh_t| hist bins=60 range=(-12.00,-2.36) mean=-11.95 p50=-12.00 p05=-12.00 p95=-12.00
  [diag] sat-dist hist bins=60 sat<0.05=0.0% mean=0.981 p10=0.980 p90=0.981
Iter 0001160: train nll 1.389, valid error 075.200%, best valid error 074.040%, avg grad norm   0.216, avg grad norm (post clip)   0.000, rho_Whh  0.95, Omega  0.00, alpha  0.000, steps in the past 0.000, valid nll 1.387
  [diag] log10|dL/dh_t| hist bins=60 range=(-12.00,-2.36) mean=-11.95 p50=-12.00 p05=-12.00 p95=-12.00
  [diag] sat-dist hist bins=60 sat<0.05=0.0% mean=0.981 p10=0.980 p90=0.982
Iter 0001180: train nll 1.387, valid error 075.060%, best valid error 074.040%, avg grad norm   0.215, avg grad norm (post clip)   0.000, rho_Whh  0.95, Omega  0.00, alpha  0.000, steps in the past 0.000, valid nll 1.387
  [diag] log10|dL/dh_t| hist bins=60 range=(-12.00,-2.36) mean=-11.95 p50=-12.00 p05=-12.00 p95=-12.00
  [diag] sat-dist hist bins=60 sat<0.05=0.0% mean=0.981 p10=0.980 p90=0.982
Iter 0001200: train nll 1.386, valid error 074.820%, best valid error 074.040%, avg grad norm   0.157, avg grad norm (post clip)   0.000, rho_Whh  0.95, Omega  0.00, alpha  0.000, steps in the past 0.000, valid nll 1.387
  [diag] log10|dL/dh_t| hist bins=60 range=(-12.00,-2.36) mean=-11.95 p50=-12.00 p05=-12.00 p95=-12.00
  [diag] sat-dist hist bins=60 sat<0.05=0.0% mean=0.980 p10=0.979 p90=0.981
Iter 0001220: train nll 1.387, valid error 074.700%, best valid error 074.040%, avg grad norm   0.207, avg grad norm (post clip)   0.000, rho_Whh  0.95, Omega  0.00, alpha  0.000, steps in the past 0.000, valid nll 1.386
  [diag] log10|dL/dh_t| hist bins=60 range=(-12.00,-2.36) mean=-11.95 p50=-12.00 p05=-12.00 p95=-12.00
  [diag] sat-dist hist bins=60 sat<0.05=0.0% mean=0.982 p10=0.981 p90=0.982
Iter 0001240: train nll 1.387, valid error 074.860%, best valid error 074.040%, avg grad norm   0.203, avg grad norm (post clip)   0.000, rho_Whh  0.95, Omega  0.00, alpha  0.000, steps in the past 0.000, valid nll 1.387
  [diag] log10|dL/dh_t| hist bins=60 range=(-12.00,-2.36) mean=-11.95 p50=-12.00 p05=-12.00 p95=-12.00
  [diag] sat-dist hist bins=60 sat<0.05=0.0% mean=0.981 p10=0.980 p90=0.981
Iter 0001260: train nll 1.385, valid error 075.760%, best valid error 074.040%, avg grad norm   0.202, avg grad norm (post clip)   0.000, rho_Whh  0.95, Omega  0.00, alpha  0.000, steps in the past 0.000, valid nll 1.387
  [diag] log10|dL/dh_t| hist bins=60 range=(-12.00,-2.36) mean=-11.95 p50=-12.00 p05=-12.00 p95=-12.00
  [diag] sat-dist hist bins=60 sat<0.05=0.0% mean=0.980 p10=0.979 p90=0.981
Iter 0001280: train nll 1.386, valid error 076.120%, best valid error 074.040%, avg grad norm   0.207, avg grad norm (post clip)   0.000, rho_Whh  0.95, Omega  0.00, alpha  0.000, steps in the past 0.000, valid nll 1.387
  [diag] log10|dL/dh_t| hist bins=60 range=(-12.00,-2.36) mean=-11.95 p50=-12.00 p05=-12.00 p95=-12.00
  [diag] sat-dist hist bins=60 sat<0.05=0.0% mean=0.982 p10=0.981 p90=0.982
Iter 0001300: train nll 1.387, valid error 074.600%, best valid error 074.040%, avg grad norm   0.195, avg grad norm (post clip)   0.000, rho_Whh  0.95, Omega  0.00, alpha  0.000, steps in the past 0.000, valid nll 1.387
  [diag] log10|dL/dh_t| hist bins=60 range=(-12.00,-2.36) mean=-11.95 p50=-12.00 p05=-12.00 p95=-12.00
  [diag] sat-dist hist bins=60 sat<0.05=0.0% mean=0.982 p10=0.981 p90=0.982
Iter 0001320: train nll 1.386, valid error 074.800%, best valid error 074.040%, avg grad norm   0.208, avg grad norm (post clip)   0.000, rho_Whh  0.95, Omega  0.00, alpha  0.000, steps in the past 0.000, valid nll 1.387
  [diag] log10|dL/dh_t| hist bins=60 range=(-12.00,-2.36) mean=-11.95 p50=-12.00 p05=-12.00 p95=-12.00
  [diag] sat-dist hist bins=60 sat<0.05=0.0% mean=0.982 p10=0.981 p90=0.982
Iter 0001340: train nll 1.386, valid error 074.980%, best valid error 074.040%, avg grad norm   0.184, avg grad norm (post clip)   0.000, rho_Whh  0.95, Omega  0.00, alpha  0.000, steps in the past 0.000, valid nll 1.386
  [diag] log10|dL/dh_t| hist bins=60 range=(-12.00,-2.36) mean=-11.95 p50=-12.00 p05=-12.00 p95=-12.00
  [diag] sat-dist hist bins=60 sat<0.05=0.0% mean=0.981 p10=0.981 p90=0.982
Iter 0001360: train nll 1.387, valid error 074.820%, best valid error 074.040%, avg grad norm   0.191, avg grad norm (post clip)   0.000, rho_Whh  0.95, Omega  0.00, alpha  0.000, steps in the past 0.000, valid nll 1.386
  [diag] log10|dL/dh_t| hist bins=60 range=(-12.00,-2.36) mean=-11.95 p50=-12.00 p05=-12.00 p95=-12.00
  [diag] sat-dist hist bins=60 sat<0.05=0.0% mean=0.981 p10=0.980 p90=0.982
Iter 0001380: train nll 1.386, valid error 074.720%, best valid error 074.040%, avg grad norm   0.186, avg grad norm (post clip)   0.000, rho_Whh  0.95, Omega  0.00, alpha  0.000, steps in the past 0.000, valid nll 1.386
  [diag] log10|dL/dh_t| hist bins=60 range=(-12.00,-2.36) mean=-11.95 p50=-12.00 p05=-12.00 p95=-12.00
  [diag] sat-dist hist bins=60 sat<0.05=0.0% mean=0.981 p10=0.980 p90=0.982
Iter 0001400: train nll 1.386, valid error 074.700%, best valid error 074.040%, avg grad norm   0.172, avg grad norm (post clip)   0.000, rho_Whh  0.95, Omega  0.00, alpha  0.000, steps in the past 0.000, valid nll 1.386
  [diag] log10|dL/dh_t| hist bins=60 range=(-12.00,-2.36) mean=-11.95 p50=-12.00 p05=-12.00 p95=-12.00
  [diag] sat-dist hist bins=60 sat<0.05=0.0% mean=0.981 p10=0.980 p90=0.982
Iter 0001420: train nll 1.386, valid error 074.700%, best valid error 074.040%, avg grad norm   0.203, avg grad norm (post clip)   0.000, rho_Whh  0.95, Omega  0.00, alpha  0.000, steps in the past 0.000, valid nll 1.386
  [diag] log10|dL/dh_t| hist bins=60 range=(-12.00,-2.36) mean=-11.95 p50=-12.00 p05=-12.00 p95=-12.00
  [diag] sat-dist hist bins=60 sat<0.05=0.0% mean=0.982 p10=0.981 p90=0.982
Iter 0001440: train nll 1.387, valid error 075.780%, best valid error 074.040%, avg grad norm   0.229, avg grad norm (post clip)   0.000, rho_Whh  0.95, Omega  0.00, alpha  0.000, steps in the past 0.000, valid nll 1.387
  [diag] log10|dL/dh_t| hist bins=60 range=(-12.00,-2.36) mean=-11.95 p50=-12.00 p05=-12.00 p95=-12.00
  [diag] sat-dist hist bins=60 sat<0.05=0.0% mean=0.981 p10=0.981 p90=0.982
Iter 0001460: train nll 1.385, valid error 076.260%, best valid error 074.040%, avg grad norm   0.206, avg grad norm (post clip)   0.000, rho_Whh  0.95, Omega  0.00, alpha  0.000, steps in the past 0.000, valid nll 1.387
  [diag] log10|dL/dh_t| hist bins=60 range=(-12.00,-2.36) mean=-11.95 p50=-12.00 p05=-12.00 p95=-12.00
  [diag] sat-dist hist bins=60 sat<0.05=0.0% mean=0.982 p10=0.981 p90=0.982
Iter 0001480: train nll 1.388, valid error 076.260%, best valid error 074.040%, avg grad norm   0.203, avg grad norm (post clip)   0.000, rho_Whh  0.95, Omega  0.00, alpha  0.000, steps in the past 0.000, valid nll 1.387
  [diag] log10|dL/dh_t| hist bins=60 range=(-12.00,-2.36) mean=-11.95 p50=-12.00 p05=-12.00 p95=-12.00
  [diag] sat-dist hist bins=60 sat<0.05=0.0% mean=0.982 p10=0.981 p90=0.982
Iter 0001500: train nll 1.386, valid error 076.260%, best valid error 074.040%, avg grad norm   0.186, avg grad norm (post clip)   0.000, rho_Whh  0.95, Omega  0.00, alpha  0.000, steps in the past 0.000, valid nll 1.387
  [diag] log10|dL/dh_t| hist bins=60 range=(-12.00,-2.36) mean=-11.95 p50=-12.00 p05=-12.00 p95=-12.00
  [diag] sat-dist hist bins=60 sat<0.05=0.0% mean=0.981 p10=0.980 p90=0.982
Iter 0001520: train nll 1.386, valid error 076.260%, best valid error 074.040%, avg grad norm   0.193, avg grad norm (post clip)   0.000, rho_Whh  0.95, Omega  0.00, alpha  0.000, steps in the past 0.000, valid nll 1.387
  [diag] log10|dL/dh_t| hist bins=60 range=(-12.00,-2.36) mean=-11.95 p50=-12.00 p05=-12.00 p95=-12.00
  [diag] sat-dist hist bins=60 sat<0.05=0.0% mean=0.981 p10=0.981 p90=0.982
Iter 0001540: train nll 1.387, valid error 076.260%, best valid error 074.040%, avg grad norm   0.197, avg grad norm (post clip)   0.000, rho_Whh  0.95, Omega  0.00, alpha  0.000, steps in the past 0.000, valid nll 1.387
  [diag] log10|dL/dh_t| hist bins=60 range=(-12.00,-2.36) mean=-11.95 p50=-12.00 p05=-12.00 p95=-12.00
  [diag] sat-dist hist bins=60 sat<0.05=0.0% mean=0.981 p10=0.980 p90=0.981
Iter 0001560: train nll 1.386, valid error 076.260%, best valid error 074.040%, avg grad norm   0.199, avg grad norm (post clip)   0.000, rho_Whh  0.95, Omega  0.00, alpha  0.000, steps in the past 0.000, valid nll 1.387
  [diag] log10|dL/dh_t| hist bins=60 range=(-12.00,-2.36) mean=-11.95 p50=-12.00 p05=-12.00 p95=-12.00
  [diag] sat-dist hist bins=60 sat<0.05=0.0% mean=0.981 p10=0.980 p90=0.982
Iter 0001580: train nll 1.387, valid error 076.260%, best valid error 074.040%, avg grad norm   0.200, avg grad norm (post clip)   0.000, rho_Whh  0.95, Omega  0.00, alpha  0.000, steps in the past 0.000, valid nll 1.387
  [diag] log10|dL/dh_t| hist bins=60 range=(-12.00,-2.36) mean=-11.95 p50=-12.00 p05=-12.00 p95=-12.00
  [diag] sat-dist hist bins=60 sat<0.05=0.0% mean=0.981 p10=0.980 p90=0.982
Iter 0001600: train nll 1.386, valid error 076.260%, best valid error 074.040%, avg grad norm   0.193, avg grad norm (post clip)   0.000, rho_Whh  0.95, Omega  0.00, alpha  0.000, steps in the past 0.000, valid nll 1.387
  [diag] log10|dL/dh_t| hist bins=60 range=(-12.00,-2.36) mean=-11.95 p50=-12.00 p05=-12.00 p95=-12.00
  [diag] sat-dist hist bins=60 sat<0.05=0.0% mean=0.981 p10=0.981 p90=0.982
Iter 0001620: train nll 1.387, valid error 076.260%, best valid error 074.040%, avg grad norm   0.187, avg grad norm (post clip)   0.000, rho_Whh  0.95, Omega  0.00, alpha  0.000, steps in the past 0.000, valid nll 1.387
  [diag] log10|dL/dh_t| hist bins=60 range=(-12.00,-2.36) mean=-11.95 p50=-12.00 p05=-12.00 p95=-12.00
  [diag] sat-dist hist bins=60 sat<0.05=0.0% mean=0.981 p10=0.980 p90=0.982
Iter 0001640: train nll 1.387, valid error 076.300%, best valid error 074.040%, avg grad norm   0.170, avg grad norm (post clip)   0.000, rho_Whh  0.95, Omega  0.00, alpha  0.000, steps in the past 0.000, valid nll 1.386
  [diag] log10|dL/dh_t| hist bins=60 range=(-12.00,-2.36) mean=-11.95 p50=-12.00 p05=-12.00 p95=-12.00
  [diag] sat-dist hist bins=60 sat<0.05=0.0% mean=0.982 p10=0.981 p90=0.982
Iter 0001660: train nll 1.386, valid error 074.200%, best valid error 074.040%, avg grad norm   0.196, avg grad norm (post clip)   0.000, rho_Whh  0.95, Omega  0.00, alpha  0.000, steps in the past 0.000, valid nll 1.386
  [diag] log10|dL/dh_t| hist bins=60 range=(-12.00,-2.36) mean=-11.95 p50=-12.00 p05=-12.00 p95=-12.00
  [diag] sat-dist hist bins=60 sat<0.05=0.0% mean=0.982 p10=0.981 p90=0.982
Iter 0001680: train nll 1.385, valid error 074.680%, best valid error 074.040%, avg grad norm   0.184, avg grad norm (post clip)   0.000, rho_Whh  0.95, Omega  0.00, alpha  0.000, steps in the past 0.000, valid nll 1.386
  [diag] log10|dL/dh_t| hist bins=60 range=(-12.00,-2.36) mean=-11.95 p50=-12.00 p05=-12.00 p95=-12.00
  [diag] sat-dist hist bins=60 sat<0.05=0.0% mean=0.982 p10=0.981 p90=0.982
Iter 0001700: train nll 1.386, valid error 074.700%, best valid error 074.040%, avg grad norm   0.173, avg grad norm (post clip)   0.000, rho_Whh  0.95, Omega  0.00, alpha  0.000, steps in the past 0.000, valid nll 1.386
  [diag] log10|dL/dh_t| hist bins=60 range=(-12.00,-2.36) mean=-11.95 p50=-12.00 p05=-12.00 p95=-12.00
  [diag] sat-dist hist bins=60 sat<0.05=0.0% mean=0.982 p10=0.981 p90=0.982
Iter 0001720: train nll 1.387, valid error 074.700%, best valid error 074.040%, avg grad norm   0.202, avg grad norm (post clip)   0.000, rho_Whh  0.95, Omega  0.00, alpha  0.000, steps in the past 0.000, valid nll 1.386
  [diag] log10|dL/dh_t| hist bins=60 range=(-12.00,-2.36) mean=-11.95 p50=-12.00 p05=-12.00 p95=-12.00
  [diag] sat-dist hist bins=60 sat<0.05=0.0% mean=0.982 p10=0.981 p90=0.982
Iter 0001740: train nll 1.386, valid error 074.700%, best valid error 074.040%, avg grad norm   0.198, avg grad norm (post clip)   0.000, rho_Whh  0.95, Omega  0.00, alpha  0.000, steps in the past 0.000, valid nll 1.386
  [diag] log10|dL/dh_t| hist bins=60 range=(-12.00,-2.36) mean=-11.95 p50=-12.00 p05=-12.00 p95=-12.00
  [diag] sat-dist hist bins=60 sat<0.05=0.0% mean=0.982 p10=0.981 p90=0.982
Iter 0001760: train nll 1.387, valid error 074.520%, best valid error 074.040%, avg grad norm   0.196, avg grad norm (post clip)   0.000, rho_Whh  0.95, Omega  0.00, alpha  0.000, steps in the past 0.000, valid nll 1.386
  [diag] log10|dL/dh_t| hist bins=60 range=(-12.00,-2.36) mean=-11.95 p50=-12.00 p05=-12.00 p95=-12.00
  [diag] sat-dist hist bins=60 sat<0.05=0.0% mean=0.982 p10=0.981 p90=0.983
Iter 0001780: train nll 1.387, valid error 075.000%, best valid error 074.040%, avg grad norm   0.175, avg grad norm (post clip)   0.000, rho_Whh  0.95, Omega  0.00, alpha  0.000, steps in the past 0.000, valid nll 1.386
  [diag] log10|dL/dh_t| hist bins=60 range=(-12.00,-2.36) mean=-11.95 p50=-12.00 p05=-12.00 p95=-12.00
  [diag] sat-dist hist bins=60 sat<0.05=0.0% mean=0.982 p10=0.981 p90=0.983
Iter 0001800: train nll 1.387, valid error 075.140%, best valid error 074.040%, avg grad norm   0.179, avg grad norm (post clip)   0.000, rho_Whh  0.95, Omega  0.00, alpha  0.000, steps in the past 0.000, valid nll 1.386
  [diag] log10|dL/dh_t| hist bins=60 range=(-12.00,-2.36) mean=-11.95 p50=-12.00 p05=-12.00 p95=-12.00
  [diag] sat-dist hist bins=60 sat<0.05=0.0% mean=0.982 p10=0.981 p90=0.983
Iter 0001820: train nll 1.387, valid error 075.160%, best valid error 074.040%, avg grad norm   0.192, avg grad norm (post clip)   0.000, rho_Whh  0.95, Omega  0.00, alpha  0.000, steps in the past 0.000, valid nll 1.386
  [diag] log10|dL/dh_t| hist bins=60 range=(-12.00,-2.36) mean=-11.95 p50=-12.00 p05=-12.00 p95=-12.00
  [diag] sat-dist hist bins=60 sat<0.05=0.0% mean=0.982 p10=0.981 p90=0.983
Iter 0001840: train nll 1.386, valid error 075.000%, best valid error 074.040%, avg grad norm   0.215, avg grad norm (post clip)   0.000, rho_Whh  0.95, Omega  0.00, alpha  0.000, steps in the past 0.000, valid nll 1.386
  [diag] log10|dL/dh_t| hist bins=60 range=(-12.00,-2.36) mean=-11.95 p50=-12.00 p05=-12.00 p95=-12.00
  [diag] sat-dist hist bins=60 sat<0.05=0.0% mean=0.982 p10=0.981 p90=0.982
Iter 0001860: train nll 1.386, valid error 074.820%, best valid error 074.040%, avg grad norm   0.161, avg grad norm (post clip)   0.000, rho_Whh  0.95, Omega  0.00, alpha  0.000, steps in the past 0.000, valid nll 1.386
  [diag] log10|dL/dh_t| hist bins=60 range=(-12.00,-2.36) mean=-11.95 p50=-12.00 p05=-12.00 p95=-12.00
  [diag] sat-dist hist bins=60 sat<0.05=0.0% mean=0.982 p10=0.981 p90=0.982
Iter 0001880: train nll 1.386, valid error 074.700%, best valid error 074.040%, avg grad norm   0.171, avg grad norm (post clip)   0.000, rho_Whh  0.95, Omega  0.00, alpha  0.000, steps in the past 0.000, valid nll 1.386
  [diag] log10|dL/dh_t| hist bins=60 range=(-12.00,-2.36) mean=-11.95 p50=-12.00 p05=-12.00 p95=-12.00
  [diag] sat-dist hist bins=60 sat<0.05=0.0% mean=0.982 p10=0.981 p90=0.982
Iter 0001900: train nll 1.387, valid error 074.740%, best valid error 074.040%, avg grad norm   0.177, avg grad norm (post clip)   0.000, rho_Whh  0.95, Omega  0.00, alpha  0.000, steps in the past 0.000, valid nll 1.386
  [diag] log10|dL/dh_t| hist bins=60 range=(-12.00,-2.36) mean=-11.95 p50=-12.00 p05=-12.00 p95=-12.00
  [diag] sat-dist hist bins=60 sat<0.05=0.0% mean=0.982 p10=0.981 p90=0.982
Iter 0001920: train nll 1.386, valid error 075.000%, best valid error 074.040%, avg grad norm   0.190, avg grad norm (post clip)   0.000, rho_Whh  0.95, Omega  0.00, alpha  0.000, steps in the past 0.000, valid nll 1.386
  [diag] log10|dL/dh_t| hist bins=60 range=(-12.00,-2.36) mean=-11.95 p50=-12.00 p05=-12.00 p95=-12.00
  [diag] sat-dist hist bins=60 sat<0.05=0.0% mean=0.981 p10=0.980 p90=0.982
Iter 0001940: train nll 1.385, valid error 074.700%, best valid error 074.040%, avg grad norm   0.201, avg grad norm (post clip)   0.000, rho_Whh  0.95, Omega  0.00, alpha  0.000, steps in the past 0.000, valid nll 1.386
  [diag] log10|dL/dh_t| hist bins=60 range=(-12.00,-2.36) mean=-11.95 p50=-12.00 p05=-12.00 p95=-12.00
  [diag] sat-dist hist bins=60 sat<0.05=0.0% mean=0.981 p10=0.980 p90=0.982
Iter 0001960: train nll 1.386, valid error 074.720%, best valid error 074.040%, avg grad norm   0.171, avg grad norm (post clip)   0.000, rho_Whh  0.95, Omega  0.00, alpha  0.000, steps in the past 0.000, valid nll 1.386
  [diag] log10|dL/dh_t| hist bins=60 range=(-12.00,-2.36) mean=-11.95 p50=-12.00 p05=-12.00 p95=-12.00
  [diag] sat-dist hist bins=60 sat<0.05=0.0% mean=0.981 p10=0.980 p90=0.982
Iter 0001980: train nll 1.386, valid error 074.400%, best valid error 074.040%, avg grad norm   0.192, avg grad norm (post clip)   0.000, rho_Whh  0.95, Omega  0.00, alpha  0.000, steps in the past 0.000, valid nll 1.386
  [diag] log10|dL/dh_t| hist bins=60 range=(-12.00,-2.36) mean=-11.95 p50=-12.00 p05=-12.00 p95=-12.00
  [diag] sat-dist hist bins=60 sat<0.05=0.0% mean=0.981 p10=0.980 p90=0.982
Iter 0002000: train nll 1.387, valid error 074.780%, best valid error 074.040%, avg grad norm   0.191, avg grad norm (post clip)   0.000, rho_Whh  0.95, Omega  0.00, alpha  0.000, steps in the past 0.000, valid nll 1.386
  [diag] log10|dL/dh_t| hist bins=60 range=(-12.00,-2.36) mean=-11.95 p50=-12.00 p05=-12.00 p95=-12.00
  [diag] sat-dist hist bins=60 sat<0.05=0.0% mean=0.982 p10=0.981 p90=0.983
Iter 0002020: train nll 1.387, valid error 074.960%, best valid error 074.040%, avg grad norm   0.190, avg grad norm (post clip)   0.000, rho_Whh  0.95, Omega  0.00, alpha  0.000, steps in the past 0.000, valid nll 1.386
  [diag] log10|dL/dh_t| hist bins=60 range=(-12.00,-2.36) mean=-11.95 p50=-12.00 p05=-12.00 p95=-12.00
  [diag] sat-dist hist bins=60 sat<0.05=0.0% mean=0.981 p10=0.981 p90=0.982
Iter 0002040: train nll 1.386, valid error 074.960%, best valid error 074.040%, avg grad norm   0.201, avg grad norm (post clip)   0.000, rho_Whh  0.95, Omega  0.00, alpha  0.000, steps in the past 0.000, valid nll 1.386
  [diag] log10|dL/dh_t| hist bins=60 range=(-12.00,-2.36) mean=-11.95 p50=-12.00 p05=-12.00 p95=-12.00
  [diag] sat-dist hist bins=60 sat<0.05=0.0% mean=0.982 p10=0.981 p90=0.982
Iter 0002060: train nll 1.387, valid error 074.960%, best valid error 074.040%, avg grad norm   0.188, avg grad norm (post clip)   0.000, rho_Whh  0.95, Omega  0.00, alpha  0.000, steps in the past 0.000, valid nll 1.386
  [diag] log10|dL/dh_t| hist bins=60 range=(-12.00,-2.36) mean=-11.95 p50=-12.00 p05=-12.00 p95=-12.00
  [diag] sat-dist hist bins=60 sat<0.05=0.0% mean=0.982 p10=0.981 p90=0.983
Iter 0002080: train nll 1.387, valid error 074.960%, best valid error 074.040%, avg grad norm   0.175, avg grad norm (post clip)   0.000, rho_Whh  0.95, Omega  0.00, alpha  0.000, steps in the past 0.000, valid nll 1.386
  [diag] log10|dL/dh_t| hist bins=60 range=(-12.00,-2.36) mean=-11.95 p50=-12.00 p05=-12.00 p95=-12.00
  [diag] sat-dist hist bins=60 sat<0.05=0.0% mean=0.982 p10=0.980 p90=0.982
Iter 0002100: train nll 1.386, valid error 074.960%, best valid error 074.040%, avg grad norm   0.196, avg grad norm (post clip)   0.000, rho_Whh  0.95, Omega  0.00, alpha  0.000, steps in the past 0.000, valid nll 1.386
  [diag] log10|dL/dh_t| hist bins=60 range=(-12.00,-2.36) mean=-11.95 p50=-12.00 p05=-12.00 p95=-12.00
  [diag] sat-dist hist bins=60 sat<0.05=0.0% mean=0.982 p10=0.981 p90=0.983
Iter 0002120: train nll 1.387, valid error 074.960%, best valid error 074.040%, avg grad norm   0.193, avg grad norm (post clip)   0.000, rho_Whh  0.95, Omega  0.00, alpha  0.000, steps in the past 0.000, valid nll 1.386
  [diag] log10|dL/dh_t| hist bins=60 range=(-12.00,-2.36) mean=-11.95 p50=-12.00 p05=-12.00 p95=-12.00
  [diag] sat-dist hist bins=60 sat<0.05=0.0% mean=0.981 p10=0.980 p90=0.982
Iter 0002140: train nll 1.386, valid error 074.960%, best valid error 074.040%, avg grad norm   0.192, avg grad norm (post clip)   0.000, rho_Whh  0.95, Omega  0.00, alpha  0.000, steps in the past 0.000, valid nll 1.386
  [diag] log10|dL/dh_t| hist bins=60 range=(-12.00,-2.36) mean=-11.95 p50=-12.00 p05=-12.00 p95=-12.00
  [diag] sat-dist hist bins=60 sat<0.05=0.0% mean=0.980 p10=0.979 p90=0.981
Iter 0002160: train nll 1.386, valid error 074.960%, best valid error 074.040%, avg grad norm   0.196, avg grad norm (post clip)   0.000, rho_Whh  0.95, Omega  0.00, alpha  0.000, steps in the past 0.000, valid nll 1.386
  [diag] log10|dL/dh_t| hist bins=60 range=(-12.00,-2.36) mean=-11.95 p50=-12.00 p05=-12.00 p95=-12.00
  [diag] sat-dist hist bins=60 sat<0.05=0.0% mean=0.980 p10=0.979 p90=0.982
Iter 0002180: train nll 1.386, valid error 074.960%, best valid error 074.040%, avg grad norm   0.222, avg grad norm (post clip)   0.000, rho_Whh  0.95, Omega  0.00, alpha  0.000, steps in the past 0.000, valid nll 1.386
  [diag] log10|dL/dh_t| hist bins=60 range=(-12.00,-2.36) mean=-11.95 p50=-12.00 p05=-12.00 p95=-12.00
  [diag] sat-dist hist bins=60 sat<0.05=0.0% mean=0.980 p10=0.978 p90=0.981
Iter 0002200: train nll 1.385, valid error 074.960%, best valid error 074.040%, avg grad norm   0.197, avg grad norm (post clip)   0.000, rho_Whh  0.95, Omega  0.00, alpha  0.000, steps in the past 0.000, valid nll 1.386
  [diag] log10|dL/dh_t| hist bins=60 range=(-12.00,-2.36) mean=-11.95 p50=-12.00 p05=-12.00 p95=-12.00
  [diag] sat-dist hist bins=60 sat<0.05=0.0% mean=0.981 p10=0.980 p90=0.982
Iter 0002220: train nll 1.387, valid error 074.960%, best valid error 074.040%, avg grad norm   0.213, avg grad norm (post clip)   0.000, rho_Whh  0.95, Omega  0.00, alpha  0.000, steps in the past 0.000, valid nll 1.386
  [diag] log10|dL/dh_t| hist bins=60 range=(-12.00,-2.36) mean=-11.95 p50=-12.00 p05=-12.00 p95=-12.00
  [diag] sat-dist hist bins=60 sat<0.05=0.0% mean=0.982 p10=0.981 p90=0.983
Iter 0002240: train nll 1.387, valid error 074.960%, best valid error 074.040%, avg grad norm   0.200, avg grad norm (post clip)   0.000, rho_Whh  0.95, Omega  0.00, alpha  0.000, steps in the past 0.000, valid nll 1.386
  [diag] log10|dL/dh_t| hist bins=60 range=(-12.00,-2.36) mean=-11.95 p50=-12.00 p05=-12.00 p95=-12.00
  [diag] sat-dist hist bins=60 sat<0.05=0.0% mean=0.980 p10=0.979 p90=0.982
Iter 0002260: train nll 1.385, valid error 074.960%, best valid error 074.040%, avg grad norm   0.200, avg grad norm (post clip)   0.000, rho_Whh  0.95, Omega  0.00, alpha  0.000, steps in the past 0.000, valid nll 1.386
  [diag] log10|dL/dh_t| hist bins=60 range=(-12.00,-2.36) mean=-11.95 p50=-12.00 p05=-12.00 p95=-12.00
  [diag] sat-dist hist bins=60 sat<0.05=0.0% mean=0.981 p10=0.980 p90=0.982
Iter 0002280: train nll 1.388, valid error 074.960%, best valid error 074.040%, avg grad norm   0.192, avg grad norm (post clip)   0.000, rho_Whh  0.95, Omega  0.00, alpha  0.000, steps in the past 0.000, valid nll 1.386
  [diag] log10|dL/dh_t| hist bins=60 range=(-12.00,-2.36) mean=-11.95 p50=-12.00 p05=-12.00 p95=-12.00
  [diag] sat-dist hist bins=60 sat<0.05=0.0% mean=0.981 p10=0.980 p90=0.982
Iter 0002300: train nll 1.386, valid error 074.960%, best valid error 074.040%, avg grad norm   0.197, avg grad norm (post clip)   0.000, rho_Whh  0.95, Omega  0.00, alpha  0.000, steps in the past 0.000, valid nll 1.386
  [diag] log10|dL/dh_t| hist bins=60 range=(-12.00,-2.36) mean=-11.95 p50=-12.00 p05=-12.00 p95=-12.00
  [diag] sat-dist hist bins=60 sat<0.05=0.0% mean=0.982 p10=0.981 p90=0.983
Iter 0002320: train nll 1.387, valid error 074.960%, best valid error 074.040%, avg grad norm   0.184, avg grad norm (post clip)   0.000, rho_Whh  0.95, Omega  0.00, alpha  0.000, steps in the past 0.000, valid nll 1.386
  [diag] log10|dL/dh_t| hist bins=60 range=(-12.00,-2.36) mean=-11.95 p50=-12.00 p05=-12.00 p95=-12.00
  [diag] sat-dist hist bins=60 sat<0.05=0.0% mean=0.982 p10=0.981 p90=0.982
Iter 0002340: train nll 1.387, valid error 075.100%, best valid error 074.040%, avg grad norm   0.210, avg grad norm (post clip)   0.000, rho_Whh  0.95, Omega  0.00, alpha  0.000, steps in the past 0.000, valid nll 1.386
  [diag] log10|dL/dh_t| hist bins=60 range=(-12.00,-2.36) mean=-11.95 p50=-12.00 p05=-12.00 p95=-12.00
  [diag] sat-dist hist bins=60 sat<0.05=0.0% mean=0.982 p10=0.981 p90=0.983
Iter 0002360: train nll 1.386, valid error 074.960%, best valid error 074.040%, avg grad norm   0.194, avg grad norm (post clip)   0.000, rho_Whh  0.95, Omega  0.00, alpha  0.000, steps in the past 0.000, valid nll 1.386
  [diag] log10|dL/dh_t| hist bins=60 range=(-12.00,-2.36) mean=-11.95 p50=-12.00 p05=-12.00 p95=-12.00
  [diag] sat-dist hist bins=60 sat<0.05=0.0% mean=0.982 p10=0.981 p90=0.983
Iter 0002380: train nll 1.386, valid error 074.960%, best valid error 074.040%, avg grad norm   0.217, avg grad norm (post clip)   0.000, rho_Whh  0.95, Omega  0.00, alpha  0.000, steps in the past 0.000, valid nll 1.386
  [diag] log10|dL/dh_t| hist bins=60 range=(-12.00,-2.36) mean=-11.95 p50=-12.00 p05=-12.00 p95=-12.00
  [diag] sat-dist hist bins=60 sat<0.05=0.0% mean=0.982 p10=0.981 p90=0.982
Iter 0002400: train nll 1.387, valid error 074.960%, best valid error 074.040%, avg grad norm   0.190, avg grad norm (post clip)   0.000, rho_Whh  0.95, Omega  0.00, alpha  0.000, steps in the past 0.000, valid nll 1.386
  [diag] log10|dL/dh_t| hist bins=60 range=(-12.00,-2.36) mean=-11.95 p50=-12.00 p05=-12.00 p95=-12.00
  [diag] sat-dist hist bins=60 sat<0.05=0.0% mean=0.982 p10=0.981 p90=0.982
Iter 0002420: train nll 1.387, valid error 074.960%, best valid error 074.040%, avg grad norm   0.181, avg grad norm (post clip)   0.000, rho_Whh  0.95, Omega  0.00, alpha  0.000, steps in the past 0.000, valid nll 1.386
  [diag] log10|dL/dh_t| hist bins=60 range=(-12.00,-2.36) mean=-11.95 p50=-12.00 p05=-12.00 p95=-12.00
  [diag] sat-dist hist bins=60 sat<0.05=0.0% mean=0.981 p10=0.981 p90=0.982
Iter 0002440: train nll 1.386, valid error 074.960%, best valid error 074.040%, avg grad norm   0.208, avg grad norm (post clip)   0.000, rho_Whh  0.95, Omega  0.00, alpha  0.000, steps in the past 0.000, valid nll 1.387
  [diag] log10|dL/dh_t| hist bins=60 range=(-12.00,-2.36) mean=-11.95 p50=-12.00 p05=-12.00 p95=-12.00
  [diag] sat-dist hist bins=60 sat<0.05=0.0% mean=0.981 p10=0.980 p90=0.981
Iter 0002460: train nll 1.387, valid error 075.920%, best valid error 074.040%, avg grad norm   0.188, avg grad norm (post clip)   0.000, rho_Whh  0.95, Omega  0.00, alpha  0.000, steps in the past 0.000, valid nll 1.387
  [diag] log10|dL/dh_t| hist bins=60 range=(-12.00,-2.36) mean=-11.95 p50=-12.00 p05=-12.00 p95=-12.00
  [diag] sat-dist hist bins=60 sat<0.05=0.0% mean=0.982 p10=0.981 p90=0.982
Iter 0002480: train nll 1.386, valid error 074.960%, best valid error 074.040%, avg grad norm   0.181, avg grad norm (post clip)   0.000, rho_Whh  0.95, Omega  0.00, alpha  0.000, steps in the past 0.000, valid nll 1.387
  [diag] log10|dL/dh_t| hist bins=60 range=(-12.00,-2.36) mean=-11.95 p50=-12.00 p05=-12.00 p95=-12.00
  [diag] sat-dist hist bins=60 sat<0.05=0.0% mean=0.981 p10=0.980 p90=0.982
Iter 0002500: train nll 1.387, valid error 075.120%, best valid error 074.040%, avg grad norm   0.182, avg grad norm (post clip)   0.000, rho_Whh  0.95, Omega  0.00, alpha  0.000, steps in the past 0.000, valid nll 1.387
  [diag] log10|dL/dh_t| hist bins=60 range=(-12.00,-2.36) mean=-11.95 p50=-12.00 p05=-12.00 p95=-12.00
  [diag] sat-dist hist bins=60 sat<0.05=0.0% mean=0.981 p10=0.980 p90=0.982
Iter 0002520: train nll 1.387, valid error 075.000%, best valid error 074.040%, avg grad norm   0.194, avg grad norm (post clip)   0.000, rho_Whh  0.95, Omega  0.00, alpha  0.000, steps in the past 0.000, valid nll 1.386
  [diag] log10|dL/dh_t| hist bins=60 range=(-12.00,-2.36) mean=-11.95 p50=-12.00 p05=-12.00 p95=-12.00
  [diag] sat-dist hist bins=60 sat<0.05=0.0% mean=0.982 p10=0.981 p90=0.982
Iter 0002540: train nll 1.386, valid error 074.960%, best valid error 074.040%, avg grad norm   0.227, avg grad norm (post clip)   0.000, rho_Whh  0.95, Omega  0.00, alpha  0.000, steps in the past 0.000, valid nll 1.386
  [diag] log10|dL/dh_t| hist bins=60 range=(-12.00,-2.36) mean=-11.95 p50=-12.00 p05=-12.00 p95=-12.00
  [diag] sat-dist hist bins=60 sat<0.05=0.0% mean=0.982 p10=0.981 p90=0.982
Iter 0002560: train nll 1.386, valid error 074.960%, best valid error 074.040%, avg grad norm   0.199, avg grad norm (post clip)   0.000, rho_Whh  0.95, Omega  0.00, alpha  0.000, steps in the past 0.000, valid nll 1.386
  [diag] log10|dL/dh_t| hist bins=60 range=(-12.00,-2.36) mean=-11.95 p50=-12.00 p05=-12.00 p95=-12.00
  [diag] sat-dist hist bins=60 sat<0.05=0.0% mean=0.982 p10=0.981 p90=0.982
Iter 0002580: train nll 1.386, valid error 074.960%, best valid error 074.040%, avg grad norm   0.184, avg grad norm (post clip)   0.000, rho_Whh  0.95, Omega  0.00, alpha  0.000, steps in the past 0.000, valid nll 1.386
  [diag] log10|dL/dh_t| hist bins=60 range=(-12.00,-2.36) mean=-11.95 p50=-12.00 p05=-12.00 p95=-12.00
  [diag] sat-dist hist bins=60 sat<0.05=0.0% mean=0.982 p10=0.981 p90=0.983
Iter 0002600: train nll 1.386, valid error 074.960%, best valid error 074.040%, avg grad norm   0.171, avg grad norm (post clip)   0.000, rho_Whh  0.95, Omega  0.00, alpha  0.000, steps in the past 0.000, valid nll 1.386
  [diag] log10|dL/dh_t| hist bins=60 range=(-12.00,-2.36) mean=-11.95 p50=-12.00 p05=-12.00 p95=-12.00
  [diag] sat-dist hist bins=60 sat<0.05=0.0% mean=0.982 p10=0.981 p90=0.983
Iter 0002620: train nll 1.387, valid error 074.960%, best valid error 074.040%, avg grad norm   0.204, avg grad norm (post clip)   0.000, rho_Whh  0.95, Omega  0.00, alpha  0.000, steps in the past 0.000, valid nll 1.386
  [diag] log10|dL/dh_t| hist bins=60 range=(-12.00,-2.36) mean=-11.95 p50=-12.00 p05=-12.00 p95=-12.00
  [diag] sat-dist hist bins=60 sat<0.05=0.0% mean=0.982 p10=0.981 p90=0.982
Iter 0002640: train nll 1.387, valid error 074.960%, best valid error 074.040%, avg grad norm   0.214, avg grad norm (post clip)   0.000, rho_Whh  0.95, Omega  0.00, alpha  0.000, steps in the past 0.000, valid nll 1.386
  [diag] log10|dL/dh_t| hist bins=60 range=(-12.00,-2.36) mean=-11.95 p50=-12.00 p05=-12.00 p95=-12.00
  [diag] sat-dist hist bins=60 sat<0.05=0.0% mean=0.982 p10=0.981 p90=0.982
Iter 0002660: train nll 1.386, valid error 074.960%, best valid error 074.040%, avg grad norm   0.202, avg grad norm (post clip)   0.000, rho_Whh  0.95, Omega  0.00, alpha  0.000, steps in the past 0.000, valid nll 1.386
  [diag] log10|dL/dh_t| hist bins=60 range=(-12.00,-2.36) mean=-11.95 p50=-12.00 p05=-12.00 p95=-12.00
  [diag] sat-dist hist bins=60 sat<0.05=0.0% mean=0.982 p10=0.981 p90=0.982
Iter 0002680: train nll 1.387, valid error 074.960%, best valid error 074.040%, avg grad norm   0.181, avg grad norm (post clip)   0.000, rho_Whh  0.95, Omega  0.00, alpha  0.000, steps in the past 0.000, valid nll 1.386
  [diag] log10|dL/dh_t| hist bins=60 range=(-12.00,-2.36) mean=-11.95 p50=-12.00 p05=-12.00 p95=-12.00
  [diag] sat-dist hist bins=60 sat<0.05=0.0% mean=0.982 p10=0.981 p90=0.982
Iter 0002700: train nll 1.387, valid error 074.960%, best valid error 074.040%, avg grad norm   0.168, avg grad norm (post clip)   0.000, rho_Whh  0.95, Omega  0.00, alpha  0.000, steps in the past 0.000, valid nll 1.386
  [diag] log10|dL/dh_t| hist bins=60 range=(-12.00,-2.36) mean=-11.95 p50=-12.00 p05=-12.00 p95=-12.00
  [diag] sat-dist hist bins=60 sat<0.05=0.0% mean=0.981 p10=0.980 p90=0.981
Iter 0002720: train nll 1.387, valid error 074.900%, best valid error 074.040%, avg grad norm   0.183, avg grad norm (post clip)   0.000, rho_Whh  0.95, Omega  0.00, alpha  0.000, steps in the past 0.000, valid nll 1.386
  [diag] log10|dL/dh_t| hist bins=60 range=(-12.00,-2.36) mean=-11.95 p50=-12.00 p05=-12.00 p95=-12.00
  [diag] sat-dist hist bins=60 sat<0.05=0.0% mean=0.980 p10=0.979 p90=0.980
Iter 0002740: train nll 1.386, valid error 074.220%, best valid error 074.040%, avg grad norm   0.194, avg grad norm (post clip)   0.000, rho_Whh  0.95, Omega  0.00, alpha  0.000, steps in the past 0.000, valid nll 1.386
  [diag] log10|dL/dh_t| hist bins=60 range=(-12.00,-2.36) mean=-11.95 p50=-12.00 p05=-12.00 p95=-12.00
  [diag] sat-dist hist bins=60 sat<0.05=0.0% mean=0.981 p10=0.980 p90=0.981
Iter 0002760: train nll 1.386, valid error 074.960%, best valid error 074.040%, avg grad norm   0.187, avg grad norm (post clip)   0.000, rho_Whh  0.95, Omega  0.00, alpha  0.000, steps in the past 0.000, valid nll 1.386
  [diag] log10|dL/dh_t| hist bins=60 range=(-12.00,-2.36) mean=-11.95 p50=-12.00 p05=-12.00 p95=-12.00
  [diag] sat-dist hist bins=60 sat<0.05=0.0% mean=0.981 p10=0.980 p90=0.982
Iter 0002780: train nll 1.386, valid error 074.960%, best valid error 074.040%, avg grad norm   0.178, avg grad norm (post clip)   0.000, rho_Whh  0.95, Omega  0.00, alpha  0.000, steps in the past 0.000, valid nll 1.386
  [diag] log10|dL/dh_t| hist bins=60 range=(-12.00,-2.36) mean=-11.95 p50=-12.00 p05=-12.00 p95=-12.00
  [diag] sat-dist hist bins=60 sat<0.05=0.0% mean=0.981 p10=0.980 p90=0.982
Iter 0002800: train nll 1.386, valid error 074.880%, best valid error 074.040%, avg grad norm   0.190, avg grad norm (post clip)   0.000, rho_Whh  0.95, Omega  0.00, alpha  0.000, steps in the past 0.000, valid nll 1.386
  [diag] log10|dL/dh_t| hist bins=60 range=(-12.00,-2.36) mean=-11.95 p50=-12.00 p05=-12.00 p95=-12.00
  [diag] sat-dist hist bins=60 sat<0.05=0.0% mean=0.981 p10=0.980 p90=0.982
Iter 0002820: train nll 1.386, valid error 074.960%, best valid error 074.040%, avg grad norm   0.180, avg grad norm (post clip)   0.000, rho_Whh  0.95, Omega  0.00, alpha  0.000, steps in the past 0.000, valid nll 1.386
  [diag] log10|dL/dh_t| hist bins=60 range=(-12.00,-2.36) mean=-11.95 p50=-12.00 p05=-12.00 p95=-12.00
  [diag] sat-dist hist bins=60 sat<0.05=0.0% mean=0.981 p10=0.980 p90=0.981
Iter 0002840: train nll 1.387, valid error 074.420%, best valid error 074.040%, avg grad norm   0.172, avg grad norm (post clip)   0.000, rho_Whh  0.95, Omega  0.00, alpha  0.000, steps in the past 0.000, valid nll 1.386
  [diag] log10|dL/dh_t| hist bins=60 range=(-12.00,-2.36) mean=-11.95 p50=-12.00 p05=-12.00 p95=-12.00
  [diag] sat-dist hist bins=60 sat<0.05=0.0% mean=0.979 p10=0.978 p90=0.980
Iter 0002860: train nll 1.384, valid error 074.640%, best valid error 074.040%, avg grad norm   0.194, avg grad norm (post clip)   0.000, rho_Whh  0.95, Omega  0.00, alpha  0.000, steps in the past 0.000, valid nll 1.387
  [diag] log10|dL/dh_t| hist bins=60 range=(-12.00,-2.36) mean=-11.95 p50=-12.00 p05=-12.00 p95=-12.00
  [diag] sat-dist hist bins=60 sat<0.05=0.0% mean=0.977 p10=0.976 p90=0.978
Iter 0002880: train nll 1.385, valid error 074.700%, best valid error 074.040%, avg grad norm   0.194, avg grad norm (post clip)   0.000, rho_Whh  0.95, Omega  0.00, alpha  0.000, steps in the past 0.000, valid nll 1.387
  [diag] log10|dL/dh_t| hist bins=60 range=(-12.00,-2.36) mean=-11.95 p50=-12.00 p05=-12.00 p95=-12.00
  [diag] sat-dist hist bins=60 sat<0.05=0.0% mean=0.976 p10=0.975 p90=0.976
Iter 0002900: train nll 1.388, valid error 074.700%, best valid error 074.040%, avg grad norm   0.201, avg grad norm (post clip)   0.000, rho_Whh  0.95, Omega  0.00, alpha  0.000, steps in the past 0.000, valid nll 1.387
  [diag] log10|dL/dh_t| hist bins=60 range=(-12.00,-2.36) mean=-11.95 p50=-12.00 p05=-12.00 p95=-12.00
  [diag] sat-dist hist bins=60 sat<0.05=0.0% mean=0.976 p10=0.975 p90=0.977
Iter 0002920: train nll 1.387, valid error 074.700%, best valid error 074.040%, avg grad norm   0.205, avg grad norm (post clip)   0.000, rho_Whh  0.95, Omega  0.00, alpha  0.000, steps in the past 0.000, valid nll 1.387
  [diag] log10|dL/dh_t| hist bins=60 range=(-12.00,-2.36) mean=-11.95 p50=-12.00 p05=-12.00 p95=-12.00
  [diag] sat-dist hist bins=60 sat<0.05=0.0% mean=0.978 p10=0.977 p90=0.979
Iter 0002940: train nll 1.386, valid error 074.700%, best valid error 074.040%, avg grad norm   0.177, avg grad norm (post clip)   0.000, rho_Whh  0.95, Omega  0.00, alpha  0.000, steps in the past 0.000, valid nll 1.387
  [diag] log10|dL/dh_t| hist bins=60 range=(-12.00,-2.36) mean=-11.95 p50=-12.00 p05=-12.00 p95=-12.00
  [diag] sat-dist hist bins=60 sat<0.05=0.0% mean=0.977 p10=0.975 p90=0.977
Iter 0002960: train nll 1.386, valid error 074.700%, best valid error 074.040%, avg grad norm   0.179, avg grad norm (post clip)   0.000, rho_Whh  0.95, Omega  0.00, alpha  0.000, steps in the past 0.000, valid nll 1.387
  [diag] log10|dL/dh_t| hist bins=60 range=(-12.00,-2.36) mean=-11.95 p50=-12.00 p05=-12.00 p95=-12.00
  [diag] sat-dist hist bins=60 sat<0.05=0.0% mean=0.978 p10=0.977 p90=0.979
Iter 0002980: train nll 1.387, valid error 074.640%, best valid error 074.040%, avg grad norm   0.163, avg grad norm (post clip)   0.000, rho_Whh  0.95, Omega  0.00, alpha  0.000, steps in the past 0.000, valid nll 1.387
Done. solved=0 steps=2999 best_valid_error=74.0400%
=== DONE  EC_fair_s7_n100_lr001_noclip_a0 ===
