=== START EC_s0_alpha2_cut005_lr001 ===
Starting to train (PyTorch).
  [diag] log10|dL/dh_t| hist bins=60 range=(-12.00,-2.48) mean=-11.95 p50=-12.00 p05=-12.00 p95=-12.00
  [diag] sat-dist hist bins=60 sat<0.05=0.0% mean=0.982 p10=0.982 p90=0.983
Iter 0000020: train nll 1.456, valid error 075.400%, best valid error 100.000%, avg grad norm   1.180, avg grad norm (post clip)   0.052, rho_Whh  0.95, Omega  0.09, alpha  2.000, steps in the past 0.011, valid nll 1.386
  [diag] log10|dL/dh_t| hist bins=60 range=(-12.00,-2.48) mean=-11.95 p50=-12.00 p05=-12.00 p95=-12.00
  [diag] sat-dist hist bins=60 sat<0.05=0.0% mean=0.982 p10=0.982 p90=0.983
Iter 0000040: train nll 1.386, valid error 074.650%, best valid error 075.400%, avg grad norm   1.046, avg grad norm (post clip)   0.053, rho_Whh  0.95, Omega  0.08, alpha  2.000, steps in the past 0.009, valid nll 1.386
  [diag] log10|dL/dh_t| hist bins=60 range=(-12.00,-2.48) mean=-11.95 p50=-12.00 p05=-12.00 p95=-12.00
  [diag] sat-dist hist bins=60 sat<0.05=0.0% mean=0.982 p10=0.982 p90=0.983
Iter 0000060: train nll 1.386, valid error 074.450%, best valid error 074.650%, avg grad norm   1.053, avg grad norm (post clip)   0.053, rho_Whh  0.95, Omega  0.07, alpha  2.000, steps in the past 0.008, valid nll 1.386
  [diag] log10|dL/dh_t| hist bins=60 range=(-12.00,-2.48) mean=-11.95 p50=-12.00 p05=-12.00 p95=-12.00
  [diag] sat-dist hist bins=60 sat<0.05=0.0% mean=0.982 p10=0.982 p90=0.983
Iter 0000080: train nll 1.386, valid error 074.300%, best valid error 074.450%, avg grad norm   1.046, avg grad norm (post clip)   0.053, rho_Whh  0.95, Omega  0.07, alpha  2.000, steps in the past 0.009, valid nll 1.386
  [diag] log10|dL/dh_t| hist bins=60 range=(-12.00,-2.48) mean=-11.95 p50=-12.00 p05=-12.00 p95=-12.00
  [diag] sat-dist hist bins=60 sat<0.05=0.0% mean=0.982 p10=0.982 p90=0.983
Iter 0000100: train nll 1.386, valid error 074.000%, best valid error 074.300%, avg grad norm   1.055, avg grad norm (post clip)   0.053, rho_Whh  0.95, Omega  0.07, alpha  2.000, steps in the past 0.008, valid nll 1.386
  [diag] log10|dL/dh_t| hist bins=60 range=(-12.00,-2.48) mean=-11.95 p50=-12.00 p05=-12.00 p95=-12.00
  [diag] sat-dist hist bins=60 sat<0.05=0.0% mean=0.982 p10=0.982 p90=0.983
Iter 0000120: train nll 1.386, valid error 074.500%, best valid error 074.000%, avg grad norm   0.993, avg grad norm (post clip)   0.053, rho_Whh  0.95, Omega  0.06, alpha  2.000, steps in the past 0.009, valid nll 1.386
  [diag] log10|dL/dh_t| hist bins=60 range=(-12.00,-2.48) mean=-11.95 p50=-12.00 p05=-12.00 p95=-12.00
  [diag] sat-dist hist bins=60 sat<0.05=0.0% mean=0.982 p10=0.981 p90=0.983
Iter 0000140: train nll 1.386, valid error 074.150%, best valid error 074.000%, avg grad norm   0.884, avg grad norm (post clip)   0.053, rho_Whh  0.95, Omega  0.05, alpha  2.000, steps in the past 0.009, valid nll 1.386
  [diag] log10|dL/dh_t| hist bins=60 range=(-12.00,-2.48) mean=-11.95 p50=-12.00 p05=-12.00 p95=-12.00
  [diag] sat-dist hist bins=60 sat<0.05=0.0% mean=0.982 p10=0.981 p90=0.982
Iter 0000160: train nll 1.386, valid error 074.400%, best valid error 074.000%, avg grad norm   0.906, avg grad norm (post clip)   0.053, rho_Whh  0.95, Omega  0.05, alpha  2.000, steps in the past 0.009, valid nll 1.386
  [diag] log10|dL/dh_t| hist bins=60 range=(-12.00,-2.48) mean=-11.95 p50=-12.00 p05=-12.00 p95=-12.00
  [diag] sat-dist hist bins=60 sat<0.05=0.0% mean=0.982 p10=0.981 p90=0.982
Iter 0000180: train nll 1.386, valid error 074.450%, best valid error 074.000%, avg grad norm   0.875, avg grad norm (post clip)   0.053, rho_Whh  0.95, Omega  0.05, alpha  2.000, steps in the past 0.010, valid nll 1.386
  [diag] log10|dL/dh_t| hist bins=60 range=(-12.00,-2.48) mean=-11.95 p50=-12.00 p05=-12.00 p95=-12.00
  [diag] sat-dist hist bins=60 sat<0.05=0.0% mean=0.982 p10=0.981 p90=0.982
Iter 0000200: train nll 1.386, valid error 074.200%, best valid error 074.000%, avg grad norm   0.867, avg grad norm (post clip)   0.053, rho_Whh  0.95, Omega  0.05, alpha  2.000, steps in the past 0.009, valid nll 1.386
  [diag] log10|dL/dh_t| hist bins=60 range=(-12.00,-2.48) mean=-11.95 p50=-12.00 p05=-12.00 p95=-12.00
  [diag] sat-dist hist bins=60 sat<0.05=0.0% mean=0.982 p10=0.981 p90=0.982
Iter 0000220: train nll 1.386, valid error 074.250%, best valid error 074.000%, avg grad norm   0.826, avg grad norm (post clip)   0.053, rho_Whh  0.95, Omega  0.04, alpha  2.000, steps in the past 0.010, valid nll 1.386
  [diag] log10|dL/dh_t| hist bins=60 range=(-12.00,-2.48) mean=-11.95 p50=-12.00 p05=-12.00 p95=-12.00
  [diag] sat-dist hist bins=60 sat<0.05=0.0% mean=0.982 p10=0.981 p90=0.982
Iter 0000240: train nll 1.386, valid error 074.350%, best valid error 074.000%, avg grad norm   0.801, avg grad norm (post clip)   0.053, rho_Whh  0.95, Omega  0.04, alpha  2.000, steps in the past 0.010, valid nll 1.386
  [diag] log10|dL/dh_t| hist bins=60 range=(-12.00,-2.48) mean=-11.95 p50=-12.00 p05=-12.00 p95=-12.00
  [diag] sat-dist hist bins=60 sat<0.05=0.0% mean=0.982 p10=0.981 p90=0.982
Iter 0000260: train nll 1.386, valid error 074.300%, best valid error 074.000%, avg grad norm   0.773, avg grad norm (post clip)   0.053, rho_Whh  0.95, Omega  0.03, alpha  2.000, steps in the past 0.011, valid nll 1.386
  [diag] log10|dL/dh_t| hist bins=60 range=(-12.00,-2.48) mean=-11.95 p50=-12.00 p05=-12.00 p95=-12.00
  [diag] sat-dist hist bins=60 sat<0.05=0.0% mean=0.982 p10=0.981 p90=0.982
Iter 0000280: train nll 1.386, valid error 074.200%, best valid error 074.000%, avg grad norm   0.780, avg grad norm (post clip)   0.053, rho_Whh  0.95, Omega  0.04, alpha  2.000, steps in the past 0.010, valid nll 1.386
  [diag] log10|dL/dh_t| hist bins=60 range=(-12.00,-2.48) mean=-11.95 p50=-12.00 p05=-12.00 p95=-12.00
  [diag] sat-dist hist bins=60 sat<0.05=0.0% mean=0.982 p10=0.981 p90=0.982
Iter 0000300: train nll 1.386, valid error 074.250%, best valid error 074.000%, avg grad norm   0.659, avg grad norm (post clip)   0.053, rho_Whh  0.95, Omega  0.03, alpha  2.000, steps in the past 0.009, valid nll 1.386
  [diag] log10|dL/dh_t| hist bins=60 range=(-12.00,-2.48) mean=-11.95 p50=-12.00 p05=-12.00 p95=-12.00
  [diag] sat-dist hist bins=60 sat<0.05=0.0% mean=0.982 p10=0.981 p90=0.982
Iter 0000320: train nll 1.387, valid error 074.350%, best valid error 074.000%, avg grad norm   0.705, avg grad norm (post clip)   0.053, rho_Whh  0.95, Omega  0.03, alpha  2.000, steps in the past 0.012, valid nll 1.386
  [diag] log10|dL/dh_t| hist bins=60 range=(-12.00,-2.48) mean=-11.95 p50=-12.00 p05=-12.00 p95=-12.00
  [diag] sat-dist hist bins=60 sat<0.05=0.0% mean=0.982 p10=0.981 p90=0.982
Iter 0000340: train nll 1.386, valid error 074.350%, best valid error 074.000%, avg grad norm   0.645, avg grad norm (post clip)   0.053, rho_Whh  0.95, Omega  0.02, alpha  2.000, steps in the past 0.009, valid nll 1.386
  [diag] log10|dL/dh_t| hist bins=60 range=(-12.00,-2.48) mean=-11.95 p50=-12.00 p05=-12.00 p95=-12.00
  [diag] sat-dist hist bins=60 sat<0.05=0.0% mean=0.982 p10=0.981 p90=0.982
Iter 0000360: train nll 1.386, valid error 074.350%, best valid error 074.000%, avg grad norm   0.609, avg grad norm (post clip)   0.053, rho_Whh  0.95, Omega  0.02, alpha  2.000, steps in the past 0.009, valid nll 1.386
  [diag] log10|dL/dh_t| hist bins=60 range=(-12.00,-2.48) mean=-11.95 p50=-12.00 p05=-12.00 p95=-12.00
  [diag] sat-dist hist bins=60 sat<0.05=0.0% mean=0.982 p10=0.981 p90=0.982
Iter 0000380: train nll 1.386, valid error 074.350%, best valid error 074.000%, avg grad norm   0.616, avg grad norm (post clip)   0.053, rho_Whh  0.95, Omega  0.02, alpha  2.000, steps in the past 0.009, valid nll 1.386
  [diag] log10|dL/dh_t| hist bins=60 range=(-12.00,-2.48) mean=-11.95 p50=-12.00 p05=-12.00 p95=-12.00
  [diag] sat-dist hist bins=60 sat<0.05=0.0% mean=0.982 p10=0.981 p90=0.982
Iter 0000400: train nll 1.386, valid error 074.550%, best valid error 074.000%, avg grad norm   0.533, avg grad norm (post clip)   0.053, rho_Whh  0.95, Omega  0.02, alpha  2.000, steps in the past 0.009, valid nll 1.386
  [diag] log10|dL/dh_t| hist bins=60 range=(-12.00,-2.48) mean=-11.95 p50=-12.00 p05=-12.00 p95=-12.00
  [diag] sat-dist hist bins=60 sat<0.05=0.0% mean=0.982 p10=0.981 p90=0.982
Iter 0000420: train nll 1.387, valid error 074.300%, best valid error 074.000%, avg grad norm   0.541, avg grad norm (post clip)   0.053, rho_Whh  0.95, Omega  0.02, alpha  2.000, steps in the past 0.009, valid nll 1.386
  [diag] log10|dL/dh_t| hist bins=60 range=(-12.00,-2.48) mean=-11.95 p50=-12.00 p05=-12.00 p95=-12.00
  [diag] sat-dist hist bins=60 sat<0.05=0.0% mean=0.981 p10=0.981 p90=0.982
Iter 0000440: train nll 1.386, valid error 074.200%, best valid error 074.000%, avg grad norm   0.484, avg grad norm (post clip)   0.053, rho_Whh  0.94, Omega  0.01, alpha  2.000, steps in the past 0.010, valid nll 1.386
  [diag] log10|dL/dh_t| hist bins=60 range=(-12.00,-2.48) mean=-11.95 p50=-12.00 p05=-12.00 p95=-12.00
  [diag] sat-dist hist bins=60 sat<0.05=0.0% mean=0.981 p10=0.981 p90=0.982
Iter 0000460: train nll 1.386, valid error 074.250%, best valid error 074.000%, avg grad norm   0.446, avg grad norm (post clip)   0.053, rho_Whh  0.94, Omega  0.01, alpha  2.000, steps in the past 0.011, valid nll 1.386
  [diag] log10|dL/dh_t| hist bins=60 range=(-12.00,-2.48) mean=-11.95 p50=-12.00 p05=-12.00 p95=-12.00
  [diag] sat-dist hist bins=60 sat<0.05=0.0% mean=0.981 p10=0.981 p90=0.982
Iter 0000480: train nll 1.387, valid error 074.400%, best valid error 074.000%, avg grad norm   0.457, avg grad norm (post clip)   0.053, rho_Whh  0.94, Omega  0.01, alpha  2.000, steps in the past 0.009, valid nll 1.386
  [diag] log10|dL/dh_t| hist bins=60 range=(-12.00,-2.48) mean=-11.95 p50=-12.00 p05=-12.00 p95=-12.00
  [diag] sat-dist hist bins=60 sat<0.05=0.0% mean=0.982 p10=0.981 p90=0.982
Iter 0000500: train nll 1.386, valid error 074.400%, best valid error 074.000%, avg grad norm   0.399, avg grad norm (post clip)   0.053, rho_Whh  0.94, Omega  0.01, alpha  2.000, steps in the past 0.009, valid nll 1.386
  [diag] log10|dL/dh_t| hist bins=60 range=(-12.00,-2.48) mean=-11.95 p50=-12.00 p05=-12.00 p95=-12.00
  [diag] sat-dist hist bins=60 sat<0.05=0.0% mean=0.982 p10=0.981 p90=0.982
Iter 0000520: train nll 1.387, valid error 074.550%, best valid error 074.000%, avg grad norm   0.394, avg grad norm (post clip)   0.053, rho_Whh  0.94, Omega  0.01, alpha  2.000, steps in the past 0.009, valid nll 1.386
  [diag] log10|dL/dh_t| hist bins=60 range=(-12.00,-2.48) mean=-11.95 p50=-12.00 p05=-12.00 p95=-12.00
  [diag] sat-dist hist bins=60 sat<0.05=0.0% mean=0.982 p10=0.981 p90=0.982
Iter 0000540: train nll 1.386, valid error 074.450%, best valid error 074.000%, avg grad norm   0.348, avg grad norm (post clip)   0.053, rho_Whh  0.94, Omega  0.01, alpha  2.000, steps in the past 0.010, valid nll 1.386
  [diag] log10|dL/dh_t| hist bins=60 range=(-12.00,-2.48) mean=-11.95 p50=-12.00 p05=-12.00 p95=-12.00
  [diag] sat-dist hist bins=60 sat<0.05=0.0% mean=0.982 p10=0.981 p90=0.982
Iter 0000560: train nll 1.386, valid error 074.500%, best valid error 074.000%, avg grad norm   0.351, avg grad norm (post clip)   0.053, rho_Whh  0.94, Omega  0.00, alpha  2.000, steps in the past 0.009, valid nll 1.386
  [diag] log10|dL/dh_t| hist bins=60 range=(-12.00,-2.48) mean=-11.95 p50=-12.00 p05=-12.00 p95=-12.00
  [diag] sat-dist hist bins=60 sat<0.05=0.0% mean=0.981 p10=0.980 p90=0.982
Iter 0000580: train nll 1.386, valid error 074.500%, best valid error 074.000%, avg grad norm   0.302, avg grad norm (post clip)   0.053, rho_Whh  0.94, Omega  0.00, alpha  2.000, steps in the past 0.008, valid nll 1.386
  [diag] log10|dL/dh_t| hist bins=60 range=(-12.00,-2.48) mean=-11.95 p50=-12.00 p05=-12.00 p95=-12.00
  [diag] sat-dist hist bins=60 sat<0.05=0.0% mean=0.982 p10=0.981 p90=0.982
Iter 0000600: train nll 1.387, valid error 074.500%, best valid error 074.000%, avg grad norm   0.270, avg grad norm (post clip)   0.053, rho_Whh  0.94, Omega  0.00, alpha  2.000, steps in the past 0.008, valid nll 1.386
  [diag] log10|dL/dh_t| hist bins=60 range=(-12.00,-2.48) mean=-11.95 p50=-12.00 p05=-12.00 p95=-12.00
  [diag] sat-dist hist bins=60 sat<0.05=0.0% mean=0.981 p10=0.981 p90=0.982
Iter 0000620: train nll 1.386, valid error 074.500%, best valid error 074.000%, avg grad norm   0.264, avg grad norm (post clip)   0.053, rho_Whh  0.94, Omega  0.00, alpha  2.000, steps in the past 0.009, valid nll 1.386
  [diag] log10|dL/dh_t| hist bins=60 range=(-12.00,-2.48) mean=-11.95 p50=-12.00 p05=-12.00 p95=-12.00
  [diag] sat-dist hist bins=60 sat<0.05=0.0% mean=0.981 p10=0.981 p90=0.982
Iter 0000640: train nll 1.386, valid error 074.500%, best valid error 074.000%, avg grad norm   0.249, avg grad norm (post clip)   0.053, rho_Whh  0.94, Omega  0.00, alpha  2.000, steps in the past 0.009, valid nll 1.386
  [diag] log10|dL/dh_t| hist bins=60 range=(-12.00,-2.48) mean=-11.95 p50=-12.00 p05=-12.00 p95=-12.00
  [diag] sat-dist hist bins=60 sat<0.05=0.0% mean=0.981 p10=0.980 p90=0.981
Iter 0000660: train nll 1.386, valid error 074.500%, best valid error 074.000%, avg grad norm   0.221, avg grad norm (post clip)   0.053, rho_Whh  0.94, Omega  0.00, alpha  2.000, steps in the past 0.010, valid nll 1.386
  [diag] log10|dL/dh_t| hist bins=60 range=(-12.00,-2.48) mean=-11.95 p50=-12.00 p05=-12.00 p95=-12.00
  [diag] sat-dist hist bins=60 sat<0.05=0.0% mean=0.981 p10=0.980 p90=0.981
Iter 0000680: train nll 1.386, valid error 074.500%, best valid error 074.000%, avg grad norm   0.201, avg grad norm (post clip)   0.053, rho_Whh  0.94, Omega  0.00, alpha  2.000, steps in the past 0.009, valid nll 1.386
  [diag] log10|dL/dh_t| hist bins=60 range=(-12.00,-2.48) mean=-11.95 p50=-12.00 p05=-12.00 p95=-12.00
  [diag] sat-dist hist bins=60 sat<0.05=0.0% mean=0.981 p10=0.980 p90=0.981
Iter 0000700: train nll 1.387, valid error 074.500%, best valid error 074.000%, avg grad norm   0.209, avg grad norm (post clip)   0.053, rho_Whh  0.94, Omega  0.00, alpha  2.000, steps in the past 0.009, valid nll 1.386
  [diag] log10|dL/dh_t| hist bins=60 range=(-12.00,-2.48) mean=-11.95 p50=-12.00 p05=-12.00 p95=-12.00
  [diag] sat-dist hist bins=60 sat<0.05=0.0% mean=0.981 p10=0.980 p90=0.982
Iter 0000720: train nll 1.387, valid error 074.500%, best valid error 074.000%, avg grad norm   0.258, avg grad norm (post clip)   0.053, rho_Whh  0.94, Omega  0.00, alpha  2.000, steps in the past 0.009, valid nll 1.386
  [diag] log10|dL/dh_t| hist bins=60 range=(-12.00,-2.48) mean=-11.95 p50=-12.00 p05=-12.00 p95=-12.00
  [diag] sat-dist hist bins=60 sat<0.05=0.0% mean=0.981 p10=0.980 p90=0.982
Iter 0000740: train nll 1.386, valid error 074.500%, best valid error 074.000%, avg grad norm   0.203, avg grad norm (post clip)   0.053, rho_Whh  0.94, Omega  0.00, alpha  2.000, steps in the past 0.009, valid nll 1.386
  [diag] log10|dL/dh_t| hist bins=60 range=(-12.00,-2.48) mean=-11.95 p50=-12.00 p05=-12.00 p95=-12.00
  [diag] sat-dist hist bins=60 sat<0.05=0.0% mean=0.981 p10=0.981 p90=0.982
Iter 0000760: train nll 1.386, valid error 074.500%, best valid error 074.000%, avg grad norm   0.184, avg grad norm (post clip)   0.053, rho_Whh  0.94, Omega  0.00, alpha  2.000, steps in the past 0.008, valid nll 1.386
  [diag] log10|dL/dh_t| hist bins=60 range=(-12.00,-2.48) mean=-11.95 p50=-12.00 p05=-12.00 p95=-12.00
  [diag] sat-dist hist bins=60 sat<0.05=0.0% mean=0.981 p10=0.981 p90=0.982
Iter 0000780: train nll 1.386, valid error 074.500%, best valid error 074.000%, avg grad norm   0.206, avg grad norm (post clip)   0.053, rho_Whh  0.94, Omega  0.00, alpha  2.000, steps in the past 0.010, valid nll 1.386
  [diag] log10|dL/dh_t| hist bins=60 range=(-12.00,-2.48) mean=-11.95 p50=-12.00 p05=-12.00 p95=-12.00
  [diag] sat-dist hist bins=60 sat<0.05=0.0% mean=0.982 p10=0.981 p90=0.982
Iter 0000800: train nll 1.386, valid error 074.500%, best valid error 074.000%, avg grad norm   0.205, avg grad norm (post clip)   0.053, rho_Whh  0.94, Omega  0.00, alpha  2.000, steps in the past 0.009, valid nll 1.386
  [diag] log10|dL/dh_t| hist bins=60 range=(-12.00,-2.48) mean=-11.95 p50=-12.00 p05=-12.00 p95=-12.00
  [diag] sat-dist hist bins=60 sat<0.05=0.0% mean=0.982 p10=0.981 p90=0.982
Iter 0000820: train nll 1.387, valid error 074.450%, best valid error 074.000%, avg grad norm   0.212, avg grad norm (post clip)   0.053, rho_Whh  0.94, Omega  0.00, alpha  2.000, steps in the past 0.009, valid nll 1.386
  [diag] log10|dL/dh_t| hist bins=60 range=(-12.00,-2.48) mean=-11.95 p50=-12.00 p05=-12.00 p95=-12.00
  [diag] sat-dist hist bins=60 sat<0.05=0.0% mean=0.982 p10=0.981 p90=0.982
Iter 0000840: train nll 1.386, valid error 074.500%, best valid error 074.000%, avg grad norm   0.149, avg grad norm (post clip)   0.053, rho_Whh  0.94, Omega  0.00, alpha  2.000, steps in the past 0.010, valid nll 1.386
  [diag] log10|dL/dh_t| hist bins=60 range=(-12.00,-2.48) mean=-11.95 p50=-12.00 p05=-12.00 p95=-12.00
  [diag] sat-dist hist bins=60 sat<0.05=0.0% mean=0.982 p10=0.982 p90=0.983
Iter 0000860: train nll 1.387, valid error 074.900%, best valid error 074.000%, avg grad norm   0.193, avg grad norm (post clip)   0.053, rho_Whh  0.94, Omega  0.00, alpha  2.000, steps in the past 0.009, valid nll 1.386
  [diag] log10|dL/dh_t| hist bins=60 range=(-12.00,-2.48) mean=-11.95 p50=-12.00 p05=-12.00 p95=-12.00
  [diag] sat-dist hist bins=60 sat<0.05=0.0% mean=0.982 p10=0.982 p90=0.983
Iter 0000880: train nll 1.386, valid error 074.700%, best valid error 074.000%, avg grad norm   0.160, avg grad norm (post clip)   0.052, rho_Whh  0.94, Omega  0.00, alpha  2.000, steps in the past 0.009, valid nll 1.386
  [diag] log10|dL/dh_t| hist bins=60 range=(-12.00,-2.48) mean=-11.95 p50=-12.00 p05=-12.00 p95=-12.00
  [diag] sat-dist hist bins=60 sat<0.05=0.0% mean=0.983 p10=0.982 p90=0.983
Iter 0000900: train nll 1.386, valid error 074.800%, best valid error 074.000%, avg grad norm   0.179, avg grad norm (post clip)   0.053, rho_Whh  0.94, Omega  0.00, alpha  2.000, steps in the past 0.009, valid nll 1.386
  [diag] log10|dL/dh_t| hist bins=60 range=(-12.00,-2.48) mean=-11.95 p50=-12.00 p05=-12.00 p95=-12.00
  [diag] sat-dist hist bins=60 sat<0.05=0.0% mean=0.982 p10=0.981 p90=0.982
Iter 0000920: train nll 1.386, valid error 074.850%, best valid error 074.000%, avg grad norm   0.172, avg grad norm (post clip)   0.053, rho_Whh  0.94, Omega  0.00, alpha  2.000, steps in the past 0.008, valid nll 1.386
  [diag] log10|dL/dh_t| hist bins=60 range=(-12.00,-2.48) mean=-11.95 p50=-12.00 p05=-12.00 p95=-12.00
  [diag] sat-dist hist bins=60 sat<0.05=0.0% mean=0.982 p10=0.981 p90=0.982
Iter 0000940: train nll 1.387, valid error 074.850%, best valid error 074.000%, avg grad norm   0.188, avg grad norm (post clip)   0.053, rho_Whh  0.94, Omega  0.00, alpha  2.000, steps in the past 0.008, valid nll 1.386
  [diag] log10|dL/dh_t| hist bins=60 range=(-12.00,-2.48) mean=-11.95 p50=-12.00 p05=-12.00 p95=-12.00
  [diag] sat-dist hist bins=60 sat<0.05=0.0% mean=0.982 p10=0.981 p90=0.982
Iter 0000960: train nll 1.386, valid error 075.750%, best valid error 074.000%, avg grad norm   0.177, avg grad norm (post clip)   0.053, rho_Whh  0.94, Omega  0.00, alpha  2.000, steps in the past 0.009, valid nll 1.386
  [diag] log10|dL/dh_t| hist bins=60 range=(-12.00,-2.48) mean=-11.95 p50=-12.00 p05=-12.00 p95=-12.00
  [diag] sat-dist hist bins=60 sat<0.05=0.0% mean=0.982 p10=0.981 p90=0.983
Iter 0000980: train nll 1.387, valid error 076.000%, best valid error 074.000%, avg grad norm   0.199, avg grad norm (post clip)   0.053, rho_Whh  0.94, Omega  0.00, alpha  2.000, steps in the past 0.010, valid nll 1.386
  [diag] log10|dL/dh_t| hist bins=60 range=(-12.00,-2.48) mean=-11.95 p50=-12.00 p05=-12.00 p95=-12.00
  [diag] sat-dist hist bins=60 sat<0.05=0.0% mean=0.982 p10=0.982 p90=0.983
Iter 0001000: train nll 1.386, valid error 074.800%, best valid error 074.000%, avg grad norm   0.172, avg grad norm (post clip)   0.053, rho_Whh  0.94, Omega  0.00, alpha  2.000, steps in the past 0.010, valid nll 1.386
  [diag] log10|dL/dh_t| hist bins=60 range=(-12.00,-2.48) mean=-11.95 p50=-12.00 p05=-12.00 p95=-12.00
  [diag] sat-dist hist bins=60 sat<0.05=0.0% mean=0.982 p10=0.981 p90=0.982
Iter 0001020: train nll 1.386, valid error 076.000%, best valid error 074.000%, avg grad norm   0.217, avg grad norm (post clip)   0.053, rho_Whh  0.94, Omega  0.00, alpha  2.000, steps in the past 0.009, valid nll 1.386
  [diag] log10|dL/dh_t| hist bins=60 range=(-12.00,-2.48) mean=-11.95 p50=-12.00 p05=-12.00 p95=-12.00
  [diag] sat-dist hist bins=60 sat<0.05=0.0% mean=0.982 p10=0.981 p90=0.982
Iter 0001040: train nll 1.386, valid error 075.900%, best valid error 074.000%, avg grad norm   0.179, avg grad norm (post clip)   0.053, rho_Whh  0.94, Omega  0.00, alpha  2.000, steps in the past 0.009, valid nll 1.386
  [diag] log10|dL/dh_t| hist bins=60 range=(-12.00,-2.48) mean=-11.95 p50=-12.00 p05=-12.00 p95=-12.00
  [diag] sat-dist hist bins=60 sat<0.05=0.0% mean=0.983 p10=0.982 p90=0.983
Iter 0001060: train nll 1.386, valid error 075.550%, best valid error 074.000%, avg grad norm   0.171, avg grad norm (post clip)   0.053, rho_Whh  0.94, Omega  0.00, alpha  2.000, steps in the past 0.010, valid nll 1.386
  [diag] log10|dL/dh_t| hist bins=60 range=(-12.00,-2.48) mean=-11.95 p50=-12.00 p05=-12.00 p95=-12.00
  [diag] sat-dist hist bins=60 sat<0.05=0.0% mean=0.983 p10=0.982 p90=0.984
Iter 0001080: train nll 1.387, valid error 075.950%, best valid error 074.000%, avg grad norm   0.199, avg grad norm (post clip)   0.053, rho_Whh  0.94, Omega  0.00, alpha  2.000, steps in the past 0.010, valid nll 1.386
  [diag] log10|dL/dh_t| hist bins=60 range=(-12.00,-2.48) mean=-11.95 p50=-12.00 p05=-12.00 p95=-12.00
  [diag] sat-dist hist bins=60 sat<0.05=0.0% mean=0.983 p10=0.982 p90=0.984
Iter 0001100: train nll 1.386, valid error 075.950%, best valid error 074.000%, avg grad norm   0.216, avg grad norm (post clip)   0.053, rho_Whh  0.94, Omega  0.00, alpha  2.000, steps in the past 0.010, valid nll 1.386
  [diag] log10|dL/dh_t| hist bins=60 range=(-12.00,-2.48) mean=-11.95 p50=-12.00 p05=-12.00 p95=-12.00
  [diag] sat-dist hist bins=60 sat<0.05=0.0% mean=0.983 p10=0.982 p90=0.983
Iter 0001120: train nll 1.386, valid error 075.400%, best valid error 074.000%, avg grad norm   0.184, avg grad norm (post clip)   0.053, rho_Whh  0.94, Omega  0.00, alpha  2.000, steps in the past 0.009, valid nll 1.386
  [diag] log10|dL/dh_t| hist bins=60 range=(-12.00,-2.48) mean=-11.95 p50=-12.00 p05=-12.00 p95=-12.00
  [diag] sat-dist hist bins=60 sat<0.05=0.0% mean=0.983 p10=0.982 p90=0.984
Iter 0001140: train nll 1.386, valid error 075.650%, best valid error 074.000%, avg grad norm   0.194, avg grad norm (post clip)   0.052, rho_Whh  0.94, Omega  0.00, alpha  2.000, steps in the past 0.011, valid nll 1.386
  [diag] log10|dL/dh_t| hist bins=60 range=(-12.00,-2.48) mean=-11.95 p50=-12.00 p05=-12.00 p95=-12.00
  [diag] sat-dist hist bins=60 sat<0.05=0.0% mean=0.983 p10=0.982 p90=0.983
Iter 0001160: train nll 1.386, valid error 075.850%, best valid error 074.000%, avg grad norm   0.194, avg grad norm (post clip)   0.053, rho_Whh  0.94, Omega  0.00, alpha  2.000, steps in the past 0.008, valid nll 1.386
  [diag] log10|dL/dh_t| hist bins=60 range=(-12.00,-2.48) mean=-11.95 p50=-12.00 p05=-12.00 p95=-12.00
  [diag] sat-dist hist bins=60 sat<0.05=0.0% mean=0.983 p10=0.982 p90=0.984
Iter 0001180: train nll 1.386, valid error 075.450%, best valid error 074.000%, avg grad norm   0.200, avg grad norm (post clip)   0.053, rho_Whh  0.94, Omega  0.00, alpha  2.000, steps in the past 0.009, valid nll 1.386
  [diag] log10|dL/dh_t| hist bins=60 range=(-12.00,-2.48) mean=-11.95 p50=-12.00 p05=-12.00 p95=-12.00
  [diag] sat-dist hist bins=60 sat<0.05=0.0% mean=0.983 p10=0.982 p90=0.983
Iter 0001200: train nll 1.386, valid error 075.900%, best valid error 074.000%, avg grad norm   0.162, avg grad norm (post clip)   0.053, rho_Whh  0.94, Omega  0.00, alpha  2.000, steps in the past 0.009, valid nll 1.386
  [diag] log10|dL/dh_t| hist bins=60 range=(-12.00,-2.48) mean=-11.95 p50=-12.00 p05=-12.00 p95=-12.00
  [diag] sat-dist hist bins=60 sat<0.05=0.0% mean=0.983 p10=0.982 p90=0.983
Iter 0001220: train nll 1.386, valid error 075.550%, best valid error 074.000%, avg grad norm   0.161, avg grad norm (post clip)   0.052, rho_Whh  0.94, Omega  0.00, alpha  2.000, steps in the past 0.008, valid nll 1.386
  [diag] log10|dL/dh_t| hist bins=60 range=(-12.00,-2.48) mean=-11.95 p50=-12.00 p05=-12.00 p95=-12.00
  [diag] sat-dist hist bins=60 sat<0.05=0.0% mean=0.983 p10=0.982 p90=0.983
Iter 0001240: train nll 1.386, valid error 075.650%, best valid error 074.000%, avg grad norm   0.208, avg grad norm (post clip)   0.053, rho_Whh  0.94, Omega  0.00, alpha  2.000, steps in the past 0.009, valid nll 1.386
  [diag] log10|dL/dh_t| hist bins=60 range=(-12.00,-2.48) mean=-11.95 p50=-12.00 p05=-12.00 p95=-12.00
  [diag] sat-dist hist bins=60 sat<0.05=0.0% mean=0.983 p10=0.982 p90=0.983
Iter 0001260: train nll 1.387, valid error 075.450%, best valid error 074.000%, avg grad norm   0.182, avg grad norm (post clip)   0.053, rho_Whh  0.94, Omega  0.00, alpha  2.000, steps in the past 0.009, valid nll 1.386
  [diag] log10|dL/dh_t| hist bins=60 range=(-12.00,-2.48) mean=-11.95 p50=-12.00 p05=-12.00 p95=-12.00
  [diag] sat-dist hist bins=60 sat<0.05=0.0% mean=0.983 p10=0.982 p90=0.983
Iter 0001280: train nll 1.386, valid error 075.500%, best valid error 074.000%, avg grad norm   0.199, avg grad norm (post clip)   0.053, rho_Whh  0.94, Omega  0.00, alpha  2.000, steps in the past 0.008, valid nll 1.386
  [diag] log10|dL/dh_t| hist bins=60 range=(-12.00,-2.48) mean=-11.95 p50=-12.00 p05=-12.00 p95=-12.00
  [diag] sat-dist hist bins=60 sat<0.05=0.0% mean=0.983 p10=0.982 p90=0.983
Iter 0001300: train nll 1.386, valid error 076.000%, best valid error 074.000%, avg grad norm   0.201, avg grad norm (post clip)   0.053, rho_Whh  0.94, Omega  0.00, alpha  2.000, steps in the past 0.010, valid nll 1.386
  [diag] log10|dL/dh_t| hist bins=60 range=(-12.00,-2.48) mean=-11.95 p50=-12.00 p05=-12.00 p95=-12.00
  [diag] sat-dist hist bins=60 sat<0.05=0.0% mean=0.983 p10=0.982 p90=0.983
Iter 0001320: train nll 1.386, valid error 075.550%, best valid error 074.000%, avg grad norm   0.181, avg grad norm (post clip)   0.052, rho_Whh  0.94, Omega  0.00, alpha  2.000, steps in the past 0.008, valid nll 1.386
  [diag] log10|dL/dh_t| hist bins=60 range=(-12.00,-2.48) mean=-11.95 p50=-12.00 p05=-12.00 p95=-12.00
  [diag] sat-dist hist bins=60 sat<0.05=0.0% mean=0.983 p10=0.982 p90=0.984
Iter 0001340: train nll 1.386, valid error 075.450%, best valid error 074.000%, avg grad norm   0.171, avg grad norm (post clip)   0.053, rho_Whh  0.94, Omega  0.00, alpha  2.000, steps in the past 0.010, valid nll 1.386
  [diag] log10|dL/dh_t| hist bins=60 range=(-12.00,-2.48) mean=-11.95 p50=-12.00 p05=-12.00 p95=-12.00
  [diag] sat-dist hist bins=60 sat<0.05=0.0% mean=0.984 p10=0.983 p90=0.984
Iter 0001360: train nll 1.386, valid error 076.000%, best valid error 074.000%, avg grad norm   0.183, avg grad norm (post clip)   0.053, rho_Whh  0.94, Omega  0.00, alpha  2.000, steps in the past 0.009, valid nll 1.387
  [diag] log10|dL/dh_t| hist bins=60 range=(-12.00,-2.48) mean=-11.95 p50=-12.00 p05=-12.00 p95=-12.00
  [diag] sat-dist hist bins=60 sat<0.05=0.0% mean=0.983 p10=0.983 p90=0.984
Iter 0001380: train nll 1.386, valid error 075.950%, best valid error 074.000%, avg grad norm   0.173, avg grad norm (post clip)   0.053, rho_Whh  0.94, Omega  0.00, alpha  2.000, steps in the past 0.010, valid nll 1.387
  [diag] log10|dL/dh_t| hist bins=60 range=(-12.00,-2.48) mean=-11.95 p50=-12.00 p05=-12.00 p95=-12.00
  [diag] sat-dist hist bins=60 sat<0.05=0.0% mean=0.983 p10=0.982 p90=0.984
Iter 0001400: train nll 1.386, valid error 076.000%, best valid error 074.000%, avg grad norm   0.182, avg grad norm (post clip)   0.053, rho_Whh  0.94, Omega  0.00, alpha  2.000, steps in the past 0.010, valid nll 1.387
  [diag] log10|dL/dh_t| hist bins=60 range=(-12.00,-2.48) mean=-11.95 p50=-12.00 p05=-12.00 p95=-12.00
  [diag] sat-dist hist bins=60 sat<0.05=0.0% mean=0.983 p10=0.982 p90=0.983
Iter 0001420: train nll 1.386, valid error 075.900%, best valid error 074.000%, avg grad norm   0.182, avg grad norm (post clip)   0.053, rho_Whh  0.94, Omega  0.00, alpha  2.000, steps in the past 0.009, valid nll 1.387
  [diag] log10|dL/dh_t| hist bins=60 range=(-12.00,-2.48) mean=-11.95 p50=-12.00 p05=-12.00 p95=-12.00
  [diag] sat-dist hist bins=60 sat<0.05=0.0% mean=0.983 p10=0.982 p90=0.984
Iter 0001440: train nll 1.387, valid error 075.950%, best valid error 074.000%, avg grad norm   0.174, avg grad norm (post clip)   0.053, rho_Whh  0.94, Omega  0.00, alpha  2.000, steps in the past 0.010, valid nll 1.386
  [diag] log10|dL/dh_t| hist bins=60 range=(-12.00,-2.48) mean=-11.95 p50=-12.00 p05=-12.00 p95=-12.00
  [diag] sat-dist hist bins=60 sat<0.05=0.0% mean=0.983 p10=0.982 p90=0.984
Iter 0001460: train nll 1.386, valid error 076.000%, best valid error 074.000%, avg grad norm   0.190, avg grad norm (post clip)   0.053, rho_Whh  0.94, Omega  0.00, alpha  2.000, steps in the past 0.010, valid nll 1.386
  [diag] log10|dL/dh_t| hist bins=60 range=(-12.00,-2.48) mean=-11.95 p50=-12.00 p05=-12.00 p95=-12.00
  [diag] sat-dist hist bins=60 sat<0.05=0.0% mean=0.983 p10=0.982 p90=0.984
Iter 0001480: train nll 1.386, valid error 076.000%, best valid error 074.000%, avg grad norm   0.223, avg grad norm (post clip)   0.053, rho_Whh  0.94, Omega  0.00, alpha  2.000, steps in the past 0.008, valid nll 1.386
  [diag] log10|dL/dh_t| hist bins=60 range=(-12.00,-2.48) mean=-11.95 p50=-12.00 p05=-12.00 p95=-12.00
  [diag] sat-dist hist bins=60 sat<0.05=0.0% mean=0.983 p10=0.982 p90=0.984
Iter 0001500: train nll 1.387, valid error 075.650%, best valid error 074.000%, avg grad norm   0.166, avg grad norm (post clip)   0.053, rho_Whh  0.94, Omega  0.00, alpha  2.000, steps in the past 0.010, valid nll 1.386
  [diag] log10|dL/dh_t| hist bins=60 range=(-12.00,-2.48) mean=-11.95 p50=-12.00 p05=-12.00 p95=-12.00
  [diag] sat-dist hist bins=60 sat<0.05=0.0% mean=0.983 p10=0.983 p90=0.984
Iter 0001520: train nll 1.386, valid error 076.000%, best valid error 074.000%, avg grad norm   0.179, avg grad norm (post clip)   0.052, rho_Whh  0.94, Omega  0.00, alpha  2.000, steps in the past 0.010, valid nll 1.386
  [diag] log10|dL/dh_t| hist bins=60 range=(-12.00,-2.48) mean=-11.95 p50=-12.00 p05=-12.00 p95=-12.00
  [diag] sat-dist hist bins=60 sat<0.05=0.0% mean=0.983 p10=0.982 p90=0.984
Iter 0001540: train nll 1.386, valid error 075.950%, best valid error 074.000%, avg grad norm   0.197, avg grad norm (post clip)   0.053, rho_Whh  0.94, Omega  0.00, alpha  2.000, steps in the past 0.009, valid nll 1.386
  [diag] log10|dL/dh_t| hist bins=60 range=(-12.00,-2.48) mean=-11.95 p50=-12.00 p05=-12.00 p95=-12.00
  [diag] sat-dist hist bins=60 sat<0.05=0.0% mean=0.983 p10=0.982 p90=0.984
Iter 0001560: train nll 1.387, valid error 075.950%, best valid error 074.000%, avg grad norm   0.227, avg grad norm (post clip)   0.053, rho_Whh  0.94, Omega  0.00, alpha  2.000, steps in the past 0.010, valid nll 1.386
  [diag] log10|dL/dh_t| hist bins=60 range=(-12.00,-2.48) mean=-11.95 p50=-12.00 p05=-12.00 p95=-12.00
  [diag] sat-dist hist bins=60 sat<0.05=0.0% mean=0.984 p10=0.983 p90=0.984
Iter 0001580: train nll 1.387, valid error 076.000%, best valid error 074.000%, avg grad norm   0.179, avg grad norm (post clip)   0.053, rho_Whh  0.94, Omega  0.00, alpha  2.000, steps in the past 0.010, valid nll 1.386
  [diag] log10|dL/dh_t| hist bins=60 range=(-12.00,-2.48) mean=-11.95 p50=-12.00 p05=-12.00 p95=-12.00
  [diag] sat-dist hist bins=60 sat<0.05=0.0% mean=0.984 p10=0.983 p90=0.984
Iter 0001600: train nll 1.386, valid error 075.900%, best valid error 074.000%, avg grad norm   0.204, avg grad norm (post clip)   0.053, rho_Whh  0.94, Omega  0.00, alpha  2.000, steps in the past 0.009, valid nll 1.386
  [diag] log10|dL/dh_t| hist bins=60 range=(-12.00,-2.48) mean=-11.95 p50=-12.00 p05=-12.00 p95=-12.00
  [diag] sat-dist hist bins=60 sat<0.05=0.0% mean=0.984 p10=0.983 p90=0.985
Iter 0001620: train nll 1.386, valid error 075.950%, best valid error 074.000%, avg grad norm   0.185, avg grad norm (post clip)   0.052, rho_Whh  0.94, Omega  0.00, alpha  2.000, steps in the past 0.008, valid nll 1.386
  [diag] log10|dL/dh_t| hist bins=60 range=(-12.00,-2.48) mean=-11.95 p50=-12.00 p05=-12.00 p95=-12.00
  [diag] sat-dist hist bins=60 sat<0.05=0.0% mean=0.984 p10=0.984 p90=0.985
Iter 0001640: train nll 1.386, valid error 075.950%, best valid error 074.000%, avg grad norm   0.183, avg grad norm (post clip)   0.053, rho_Whh  0.94, Omega  0.00, alpha  2.000, steps in the past 0.009, valid nll 1.386
  [diag] log10|dL/dh_t| hist bins=60 range=(-12.00,-2.48) mean=-11.95 p50=-12.00 p05=-12.00 p95=-12.00
  [diag] sat-dist hist bins=60 sat<0.05=0.0% mean=0.984 p10=0.983 p90=0.985
Iter 0001660: train nll 1.386, valid error 075.950%, best valid error 074.000%, avg grad norm   0.200, avg grad norm (post clip)   0.053, rho_Whh  0.94, Omega  0.00, alpha  2.000, steps in the past 0.009, valid nll 1.386
  [diag] log10|dL/dh_t| hist bins=60 range=(-12.00,-2.48) mean=-11.95 p50=-12.00 p05=-12.00 p95=-12.00
  [diag] sat-dist hist bins=60 sat<0.05=0.0% mean=0.984 p10=0.983 p90=0.985
Iter 0001680: train nll 1.386, valid error 075.950%, best valid error 074.000%, avg grad norm   0.174, avg grad norm (post clip)   0.053, rho_Whh  0.94, Omega  0.00, alpha  2.000, steps in the past 0.008, valid nll 1.386
  [diag] log10|dL/dh_t| hist bins=60 range=(-12.00,-2.48) mean=-11.95 p50=-12.00 p05=-12.00 p95=-12.00
  [diag] sat-dist hist bins=60 sat<0.05=0.0% mean=0.984 p10=0.983 p90=0.984
Iter 0001700: train nll 1.386, valid error 075.950%, best valid error 074.000%, avg grad norm   0.159, avg grad norm (post clip)   0.051, rho_Whh  0.94, Omega  0.00, alpha  2.000, steps in the past 0.007, valid nll 1.386
  [diag] log10|dL/dh_t| hist bins=60 range=(-12.00,-2.48) mean=-11.95 p50=-12.00 p05=-12.00 p95=-12.00
  [diag] sat-dist hist bins=60 sat<0.05=0.0% mean=0.984 p10=0.983 p90=0.984
Iter 0001720: train nll 1.386, valid error 075.950%, best valid error 074.000%, avg grad norm   0.201, avg grad norm (post clip)   0.053, rho_Whh  0.94, Omega  0.00, alpha  2.000, steps in the past 0.011, valid nll 1.386
  [diag] log10|dL/dh_t| hist bins=60 range=(-12.00,-2.48) mean=-11.95 p50=-12.00 p05=-12.00 p95=-12.00
  [diag] sat-dist hist bins=60 sat<0.05=0.0% mean=0.984 p10=0.983 p90=0.984
Iter 0001740: train nll 1.386, valid error 075.950%, best valid error 074.000%, avg grad norm   0.182, avg grad norm (post clip)   0.053, rho_Whh  0.94, Omega  0.00, alpha  2.000, steps in the past 0.009, valid nll 1.386
  [diag] log10|dL/dh_t| hist bins=60 range=(-12.00,-2.48) mean=-11.95 p50=-12.00 p05=-12.00 p95=-12.00
  [diag] sat-dist hist bins=60 sat<0.05=0.0% mean=0.983 p10=0.983 p90=0.984
Iter 0001760: train nll 1.386, valid error 075.850%, best valid error 074.000%, avg grad norm   0.187, avg grad norm (post clip)   0.053, rho_Whh  0.94, Omega  0.00, alpha  2.000, steps in the past 0.009, valid nll 1.386
  [diag] log10|dL/dh_t| hist bins=60 range=(-12.00,-2.48) mean=-11.95 p50=-12.00 p05=-12.00 p95=-12.00
  [diag] sat-dist hist bins=60 sat<0.05=0.0% mean=0.983 p10=0.983 p90=0.984
Iter 0001780: train nll 1.386, valid error 075.950%, best valid error 074.000%, avg grad norm   0.186, avg grad norm (post clip)   0.053, rho_Whh  0.94, Omega  0.00, alpha  2.000, steps in the past 0.009, valid nll 1.386
  [diag] log10|dL/dh_t| hist bins=60 range=(-12.00,-2.48) mean=-11.95 p50=-12.00 p05=-12.00 p95=-12.00
  [diag] sat-dist hist bins=60 sat<0.05=0.0% mean=0.983 p10=0.983 p90=0.984
Iter 0001800: train nll 1.386, valid error 075.950%, best valid error 074.000%, avg grad norm   0.153, avg grad norm (post clip)   0.051, rho_Whh  0.94, Omega  0.00, alpha  2.000, steps in the past 0.011, valid nll 1.386
  [diag] log10|dL/dh_t| hist bins=60 range=(-12.00,-2.48) mean=-11.95 p50=-12.00 p05=-12.00 p95=-12.00
  [diag] sat-dist hist bins=60 sat<0.05=0.0% mean=0.983 p10=0.982 p90=0.983
Iter 0001820: train nll 1.386, valid error 075.600%, best valid error 074.000%, avg grad norm   0.220, avg grad norm (post clip)   0.053, rho_Whh  0.94, Omega  0.00, alpha  2.000, steps in the past 0.009, valid nll 1.386
  [diag] log10|dL/dh_t| hist bins=60 range=(-12.00,-2.48) mean=-11.95 p50=-12.00 p05=-12.00 p95=-12.00
  [diag] sat-dist hist bins=60 sat<0.05=0.0% mean=0.983 p10=0.982 p90=0.983
Iter 0001840: train nll 1.386, valid error 074.800%, best valid error 074.000%, avg grad norm   0.179, avg grad norm (post clip)   0.053, rho_Whh  0.94, Omega  0.00, alpha  2.000, steps in the past 0.008, valid nll 1.386
  [diag] log10|dL/dh_t| hist bins=60 range=(-12.00,-2.48) mean=-11.95 p50=-12.00 p05=-12.00 p95=-12.00
  [diag] sat-dist hist bins=60 sat<0.05=0.0% mean=0.983 p10=0.982 p90=0.984
Iter 0001860: train nll 1.386, valid error 075.650%, best valid error 074.000%, avg grad norm   0.158, avg grad norm (post clip)   0.053, rho_Whh  0.94, Omega  0.00, alpha  2.000, steps in the past 0.008, valid nll 1.386
  [diag] log10|dL/dh_t| hist bins=60 range=(-12.00,-2.48) mean=-11.95 p50=-12.00 p05=-12.00 p95=-12.00
  [diag] sat-dist hist bins=60 sat<0.05=0.0% mean=0.983 p10=0.983 p90=0.984
Iter 0001880: train nll 1.386, valid error 076.000%, best valid error 074.000%, avg grad norm   0.173, avg grad norm (post clip)   0.053, rho_Whh  0.94, Omega  0.00, alpha  2.000, steps in the past 0.008, valid nll 1.386
  [diag] log10|dL/dh_t| hist bins=60 range=(-12.00,-2.48) mean=-11.95 p50=-12.00 p05=-12.00 p95=-12.00
  [diag] sat-dist hist bins=60 sat<0.05=0.0% mean=0.983 p10=0.982 p90=0.984
Iter 0001900: train nll 1.387, valid error 075.750%, best valid error 074.000%, avg grad norm   0.173, avg grad norm (post clip)   0.053, rho_Whh  0.94, Omega  0.00, alpha  2.000, steps in the past 0.009, valid nll 1.386
  [diag] log10|dL/dh_t| hist bins=60 range=(-12.00,-2.48) mean=-11.95 p50=-12.00 p05=-12.00 p95=-12.00
  [diag] sat-dist hist bins=60 sat<0.05=0.0% mean=0.983 p10=0.982 p90=0.984
Iter 0001920: train nll 1.386, valid error 076.000%, best valid error 074.000%, avg grad norm   0.183, avg grad norm (post clip)   0.053, rho_Whh  0.94, Omega  0.00, alpha  2.000, steps in the past 0.009, valid nll 1.386
  [diag] log10|dL/dh_t| hist bins=60 range=(-12.00,-2.48) mean=-11.95 p50=-12.00 p05=-12.00 p95=-12.00
  [diag] sat-dist hist bins=60 sat<0.05=0.0% mean=0.983 p10=0.982 p90=0.984
Iter 0001940: train nll 1.386, valid error 075.450%, best valid error 074.000%, avg grad norm   0.184, avg grad norm (post clip)   0.053, rho_Whh  0.94, Omega  0.00, alpha  2.000, steps in the past 0.009, valid nll 1.386
  [diag] log10|dL/dh_t| hist bins=60 range=(-12.00,-2.48) mean=-11.95 p50=-12.00 p05=-12.00 p95=-12.00
  [diag] sat-dist hist bins=60 sat<0.05=0.0% mean=0.983 p10=0.982 p90=0.984
Iter 0001960: train nll 1.386, valid error 075.100%, best valid error 074.000%, avg grad norm   0.187, avg grad norm (post clip)   0.053, rho_Whh  0.94, Omega  0.00, alpha  2.000, steps in the past 0.011, valid nll 1.386
  [diag] log10|dL/dh_t| hist bins=60 range=(-12.00,-2.48) mean=-11.95 p50=-12.00 p05=-12.00 p95=-12.00
  [diag] sat-dist hist bins=60 sat<0.05=0.0% mean=0.983 p10=0.982 p90=0.984
Iter 0001980: train nll 1.386, valid error 075.100%, best valid error 074.000%, avg grad norm   0.171, avg grad norm (post clip)   0.053, rho_Whh  0.94, Omega  0.00, alpha  2.000, steps in the past 0.009, valid nll 1.386
  [diag] log10|dL/dh_t| hist bins=60 range=(-12.00,-2.48) mean=-11.95 p50=-12.00 p05=-12.00 p95=-12.00
  [diag] sat-dist hist bins=60 sat<0.05=0.0% mean=0.983 p10=0.982 p90=0.984
Iter 0002000: train nll 1.386, valid error 075.300%, best valid error 074.000%, avg grad norm   0.184, avg grad norm (post clip)   0.053, rho_Whh  0.94, Omega  0.00, alpha  2.000, steps in the past 0.011, valid nll 1.386
  [diag] log10|dL/dh_t| hist bins=60 range=(-12.00,-2.48) mean=-11.95 p50=-12.00 p05=-12.00 p95=-12.00
  [diag] sat-dist hist bins=60 sat<0.05=0.0% mean=0.983 p10=0.982 p90=0.983
Iter 0002020: train nll 1.386, valid error 074.750%, best valid error 074.000%, avg grad norm   0.190, avg grad norm (post clip)   0.053, rho_Whh  0.94, Omega  0.00, alpha  2.000, steps in the past 0.011, valid nll 1.386
  [diag] log10|dL/dh_t| hist bins=60 range=(-12.00,-2.48) mean=-11.95 p50=-12.00 p05=-12.00 p95=-12.00
  [diag] sat-dist hist bins=60 sat<0.05=0.0% mean=0.983 p10=0.982 p90=0.983
Iter 0002040: train nll 1.386, valid error 074.650%, best valid error 074.000%, avg grad norm   0.202, avg grad norm (post clip)   0.053, rho_Whh  0.94, Omega  0.00, alpha  2.000, steps in the past 0.009, valid nll 1.386
  [diag] log10|dL/dh_t| hist bins=60 range=(-12.00,-2.48) mean=-11.95 p50=-12.00 p05=-12.00 p95=-12.00
  [diag] sat-dist hist bins=60 sat<0.05=0.0% mean=0.983 p10=0.982 p90=0.983
Iter 0002060: train nll 1.387, valid error 076.050%, best valid error 074.000%, avg grad norm   0.182, avg grad norm (post clip)   0.053, rho_Whh  0.94, Omega  0.00, alpha  2.000, steps in the past 0.010, valid nll 1.386
  [diag] log10|dL/dh_t| hist bins=60 range=(-12.00,-2.48) mean=-11.95 p50=-12.00 p05=-12.00 p95=-12.00
  [diag] sat-dist hist bins=60 sat<0.05=0.0% mean=0.983 p10=0.982 p90=0.983
Iter 0002080: train nll 1.386, valid error 075.150%, best valid error 074.000%, avg grad norm   0.171, avg grad norm (post clip)   0.053, rho_Whh  0.94, Omega  0.00, alpha  2.000, steps in the past 0.008, valid nll 1.386
  [diag] log10|dL/dh_t| hist bins=60 range=(-12.00,-2.48) mean=-11.95 p50=-12.00 p05=-12.00 p95=-12.00
  [diag] sat-dist hist bins=60 sat<0.05=0.0% mean=0.983 p10=0.982 p90=0.983
Iter 0002100: train nll 1.387, valid error 075.550%, best valid error 074.000%, avg grad norm   0.191, avg grad norm (post clip)   0.053, rho_Whh  0.94, Omega  0.00, alpha  2.000, steps in the past 0.009, valid nll 1.386
  [diag] log10|dL/dh_t| hist bins=60 range=(-12.00,-2.48) mean=-11.95 p50=-12.00 p05=-12.00 p95=-12.00
  [diag] sat-dist hist bins=60 sat<0.05=0.0% mean=0.983 p10=0.982 p90=0.983
Iter 0002120: train nll 1.386, valid error 075.650%, best valid error 074.000%, avg grad norm   0.179, avg grad norm (post clip)   0.053, rho_Whh  0.94, Omega  0.00, alpha  2.000, steps in the past 0.009, valid nll 1.386
  [diag] log10|dL/dh_t| hist bins=60 range=(-12.00,-2.48) mean=-11.95 p50=-12.00 p05=-12.00 p95=-12.00
  [diag] sat-dist hist bins=60 sat<0.05=0.0% mean=0.982 p10=0.981 p90=0.983
Iter 0002140: train nll 1.387, valid error 074.800%, best valid error 074.000%, avg grad norm   0.192, avg grad norm (post clip)   0.053, rho_Whh  0.94, Omega  0.00, alpha  2.000, steps in the past 0.010, valid nll 1.386
  [diag] log10|dL/dh_t| hist bins=60 range=(-12.00,-2.48) mean=-11.95 p50=-12.00 p05=-12.00 p95=-12.00
  [diag] sat-dist hist bins=60 sat<0.05=0.0% mean=0.982 p10=0.981 p90=0.982
Iter 0002160: train nll 1.387, valid error 074.500%, best valid error 074.000%, avg grad norm   0.201, avg grad norm (post clip)   0.053, rho_Whh  0.94, Omega  0.00, alpha  2.000, steps in the past 0.010, valid nll 1.386
  [diag] log10|dL/dh_t| hist bins=60 range=(-12.00,-2.48) mean=-11.95 p50=-12.00 p05=-12.00 p95=-12.00
  [diag] sat-dist hist bins=60 sat<0.05=0.0% mean=0.981 p10=0.980 p90=0.981
Iter 0002180: train nll 1.386, valid error 074.500%, best valid error 074.000%, avg grad norm   0.209, avg grad norm (post clip)   0.053, rho_Whh  0.94, Omega  0.00, alpha  2.000, steps in the past 0.009, valid nll 1.386
  [diag] log10|dL/dh_t| hist bins=60 range=(-12.00,-2.48) mean=-11.95 p50=-12.00 p05=-12.00 p95=-12.00
  [diag] sat-dist hist bins=60 sat<0.05=0.0% mean=0.981 p10=0.980 p90=0.981
Iter 0002200: train nll 1.386, valid error 074.500%, best valid error 074.000%, avg grad norm   0.199, avg grad norm (post clip)   0.053, rho_Whh  0.94, Omega  0.00, alpha  2.000, steps in the past 0.010, valid nll 1.386
  [diag] log10|dL/dh_t| hist bins=60 range=(-12.00,-2.48) mean=-11.95 p50=-12.00 p05=-12.00 p95=-12.00
  [diag] sat-dist hist bins=60 sat<0.05=0.0% mean=0.981 p10=0.981 p90=0.982
Iter 0002220: train nll 1.387, valid error 074.500%, best valid error 074.000%, avg grad norm   0.197, avg grad norm (post clip)   0.053, rho_Whh  0.94, Omega  0.00, alpha  2.000, steps in the past 0.009, valid nll 1.386
  [diag] log10|dL/dh_t| hist bins=60 range=(-12.00,-2.48) mean=-11.95 p50=-12.00 p05=-12.00 p95=-12.00
  [diag] sat-dist hist bins=60 sat<0.05=0.0% mean=0.981 p10=0.980 p90=0.982
Iter 0002240: train nll 1.386, valid error 074.500%, best valid error 074.000%, avg grad norm   0.196, avg grad norm (post clip)   0.053, rho_Whh  0.94, Omega  0.00, alpha  2.000, steps in the past 0.009, valid nll 1.386
  [diag] log10|dL/dh_t| hist bins=60 range=(-12.00,-2.48) mean=-11.95 p50=-12.00 p05=-12.00 p95=-12.00
  [diag] sat-dist hist bins=60 sat<0.05=0.0% mean=0.981 p10=0.980 p90=0.981
Iter 0002260: train nll 1.386, valid error 074.500%, best valid error 074.000%, avg grad norm   0.175, avg grad norm (post clip)   0.053, rho_Whh  0.94, Omega  0.00, alpha  2.000, steps in the past 0.008, valid nll 1.386
  [diag] log10|dL/dh_t| hist bins=60 range=(-12.00,-2.48) mean=-11.95 p50=-12.00 p05=-12.00 p95=-12.00
  [diag] sat-dist hist bins=60 sat<0.05=0.0% mean=0.981 p10=0.980 p90=0.982
Iter 0002280: train nll 1.387, valid error 074.500%, best valid error 074.000%, avg grad norm   0.198, avg grad norm (post clip)   0.053, rho_Whh  0.94, Omega  0.00, alpha  2.000, steps in the past 0.008, valid nll 1.386
  [diag] log10|dL/dh_t| hist bins=60 range=(-12.00,-2.48) mean=-11.95 p50=-12.00 p05=-12.00 p95=-12.00
  [diag] sat-dist hist bins=60 sat<0.05=0.0% mean=0.981 p10=0.980 p90=0.981
Iter 0002300: train nll 1.386, valid error 074.500%, best valid error 074.000%, avg grad norm   0.187, avg grad norm (post clip)   0.053, rho_Whh  0.94, Omega  0.00, alpha  2.000, steps in the past 0.009, valid nll 1.386
  [diag] log10|dL/dh_t| hist bins=60 range=(-12.00,-2.48) mean=-11.95 p50=-12.00 p05=-12.00 p95=-12.00
  [diag] sat-dist hist bins=60 sat<0.05=0.0% mean=0.981 p10=0.980 p90=0.982
Iter 0002320: train nll 1.387, valid error 074.500%, best valid error 074.000%, avg grad norm   0.198, avg grad norm (post clip)   0.053, rho_Whh  0.94, Omega  0.00, alpha  2.000, steps in the past 0.009, valid nll 1.386
  [diag] log10|dL/dh_t| hist bins=60 range=(-12.00,-2.48) mean=-11.95 p50=-12.00 p05=-12.00 p95=-12.00
  [diag] sat-dist hist bins=60 sat<0.05=0.0% mean=0.981 p10=0.980 p90=0.982
Iter 0002340: train nll 1.387, valid error 074.500%, best valid error 074.000%, avg grad norm   0.175, avg grad norm (post clip)   0.052, rho_Whh  0.94, Omega  0.00, alpha  2.000, steps in the past 0.010, valid nll 1.386
  [diag] log10|dL/dh_t| hist bins=60 range=(-12.00,-2.48) mean=-11.95 p50=-12.00 p05=-12.00 p95=-12.00
  [diag] sat-dist hist bins=60 sat<0.05=0.0% mean=0.981 p10=0.980 p90=0.981
Iter 0002360: train nll 1.386, valid error 074.500%, best valid error 074.000%, avg grad norm   0.222, avg grad norm (post clip)   0.053, rho_Whh  0.94, Omega  0.00, alpha  2.000, steps in the past 0.010, valid nll 1.386
  [diag] log10|dL/dh_t| hist bins=60 range=(-12.00,-2.48) mean=-11.95 p50=-12.00 p05=-12.00 p95=-12.00
  [diag] sat-dist hist bins=60 sat<0.05=0.0% mean=0.981 p10=0.980 p90=0.982
Iter 0002380: train nll 1.387, valid error 074.500%, best valid error 074.000%, avg grad norm   0.204, avg grad norm (post clip)   0.053, rho_Whh  0.94, Omega  0.00, alpha  2.000, steps in the past 0.010, valid nll 1.386
  [diag] log10|dL/dh_t| hist bins=60 range=(-12.00,-2.48) mean=-11.95 p50=-12.00 p05=-12.00 p95=-12.00
  [diag] sat-dist hist bins=60 sat<0.05=0.0% mean=0.982 p10=0.981 p90=0.982
Iter 0002400: train nll 1.386, valid error 074.500%, best valid error 074.000%, avg grad norm   0.177, avg grad norm (post clip)   0.052, rho_Whh  0.94, Omega  0.00, alpha  2.000, steps in the past 0.009, valid nll 1.386
  [diag] log10|dL/dh_t| hist bins=60 range=(-12.00,-2.48) mean=-11.95 p50=-12.00 p05=-12.00 p95=-12.00
  [diag] sat-dist hist bins=60 sat<0.05=0.0% mean=0.982 p10=0.981 p90=0.982
Iter 0002420: train nll 1.386, valid error 074.550%, best valid error 074.000%, avg grad norm   0.165, avg grad norm (post clip)   0.052, rho_Whh  0.94, Omega  0.00, alpha  2.000, steps in the past 0.010, valid nll 1.386
  [diag] log10|dL/dh_t| hist bins=60 range=(-12.00,-2.48) mean=-11.95 p50=-12.00 p05=-12.00 p95=-12.00
  [diag] sat-dist hist bins=60 sat<0.05=0.0% mean=0.982 p10=0.981 p90=0.982
Iter 0002440: train nll 1.386, valid error 074.750%, best valid error 074.000%, avg grad norm   0.202, avg grad norm (post clip)   0.053, rho_Whh  0.94, Omega  0.00, alpha  2.000, steps in the past 0.010, valid nll 1.386
  [diag] log10|dL/dh_t| hist bins=60 range=(-12.00,-2.48) mean=-11.95 p50=-12.00 p05=-12.00 p95=-12.00
  [diag] sat-dist hist bins=60 sat<0.05=0.0% mean=0.982 p10=0.981 p90=0.983
Iter 0002460: train nll 1.386, valid error 075.000%, best valid error 074.000%, avg grad norm   0.189, avg grad norm (post clip)   0.052, rho_Whh  0.94, Omega  0.00, alpha  2.000, steps in the past 0.009, valid nll 1.386
  [diag] log10|dL/dh_t| hist bins=60 range=(-12.00,-2.48) mean=-11.95 p50=-12.00 p05=-12.00 p95=-12.00
  [diag] sat-dist hist bins=60 sat<0.05=0.0% mean=0.982 p10=0.981 p90=0.982
Iter 0002480: train nll 1.386, valid error 074.800%, best valid error 074.000%, avg grad norm   0.171, avg grad norm (post clip)   0.053, rho_Whh  0.94, Omega  0.00, alpha  2.000, steps in the past 0.010, valid nll 1.386
  [diag] log10|dL/dh_t| hist bins=60 range=(-12.00,-2.48) mean=-11.95 p50=-12.00 p05=-12.00 p95=-12.00
  [diag] sat-dist hist bins=60 sat<0.05=0.0% mean=0.983 p10=0.982 p90=0.983
Iter 0002500: train nll 1.387, valid error 076.100%, best valid error 074.000%, avg grad norm   0.194, avg grad norm (post clip)   0.053, rho_Whh  0.94, Omega  0.00, alpha  2.000, steps in the past 0.009, valid nll 1.386
  [diag] log10|dL/dh_t| hist bins=60 range=(-12.00,-2.48) mean=-11.95 p50=-12.00 p05=-12.00 p95=-12.00
  [diag] sat-dist hist bins=60 sat<0.05=0.0% mean=0.983 p10=0.982 p90=0.983
Iter 0002520: train nll 1.387, valid error 075.250%, best valid error 074.000%, avg grad norm   0.166, avg grad norm (post clip)   0.052, rho_Whh  0.94, Omega  0.00, alpha  2.000, steps in the past 0.009, valid nll 1.386
  [diag] log10|dL/dh_t| hist bins=60 range=(-12.00,-2.48) mean=-11.95 p50=-12.00 p05=-12.00 p95=-12.00
  [diag] sat-dist hist bins=60 sat<0.05=0.0% mean=0.982 p10=0.981 p90=0.983
Iter 0002540: train nll 1.386, valid error 074.500%, best valid error 074.000%, avg grad norm   0.214, avg grad norm (post clip)   0.053, rho_Whh  0.94, Omega  0.00, alpha  2.000, steps in the past 0.009, valid nll 1.386
  [diag] log10|dL/dh_t| hist bins=60 range=(-12.00,-2.48) mean=-11.95 p50=-12.00 p05=-12.00 p95=-12.00
  [diag] sat-dist hist bins=60 sat<0.05=0.0% mean=0.983 p10=0.982 p90=0.983
Iter 0002560: train nll 1.387, valid error 074.500%, best valid error 074.000%, avg grad norm   0.199, avg grad norm (post clip)   0.053, rho_Whh  0.94, Omega  0.00, alpha  2.000, steps in the past 0.010, valid nll 1.386
  [diag] log10|dL/dh_t| hist bins=60 range=(-12.00,-2.48) mean=-11.95 p50=-12.00 p05=-12.00 p95=-12.00
  [diag] sat-dist hist bins=60 sat<0.05=0.0% mean=0.982 p10=0.981 p90=0.982
Iter 0002580: train nll 1.386, valid error 074.500%, best valid error 074.000%, avg grad norm   0.176, avg grad norm (post clip)   0.052, rho_Whh  0.94, Omega  0.00, alpha  2.000, steps in the past 0.010, valid nll 1.386
  [diag] log10|dL/dh_t| hist bins=60 range=(-12.00,-2.48) mean=-11.95 p50=-12.00 p05=-12.00 p95=-12.00
  [diag] sat-dist hist bins=60 sat<0.05=0.0% mean=0.982 p10=0.981 p90=0.982
Iter 0002600: train nll 1.386, valid error 074.500%, best valid error 074.000%, avg grad norm   0.177, avg grad norm (post clip)   0.053, rho_Whh  0.94, Omega  0.00, alpha  2.000, steps in the past 0.010, valid nll 1.386
  [diag] log10|dL/dh_t| hist bins=60 range=(-12.00,-2.48) mean=-11.95 p50=-12.00 p05=-12.00 p95=-12.00
  [diag] sat-dist hist bins=60 sat<0.05=0.0% mean=0.982 p10=0.981 p90=0.982
Iter 0002620: train nll 1.387, valid error 074.500%, best valid error 074.000%, avg grad norm   0.215, avg grad norm (post clip)   0.053, rho_Whh  0.94, Omega  0.00, alpha  2.000, steps in the past 0.009, valid nll 1.386
  [diag] log10|dL/dh_t| hist bins=60 range=(-12.00,-2.48) mean=-11.95 p50=-12.00 p05=-12.00 p95=-12.00
  [diag] sat-dist hist bins=60 sat<0.05=0.0% mean=0.982 p10=0.981 p90=0.982
Iter 0002640: train nll 1.386, valid error 074.500%, best valid error 074.000%, avg grad norm   0.192, avg grad norm (post clip)   0.053, rho_Whh  0.94, Omega  0.00, alpha  2.000, steps in the past 0.010, valid nll 1.386
  [diag] log10|dL/dh_t| hist bins=60 range=(-12.00,-2.48) mean=-11.95 p50=-12.00 p05=-12.00 p95=-12.00
  [diag] sat-dist hist bins=60 sat<0.05=0.0% mean=0.982 p10=0.981 p90=0.982
Iter 0002660: train nll 1.386, valid error 074.500%, best valid error 074.000%, avg grad norm   0.192, avg grad norm (post clip)   0.053, rho_Whh  0.94, Omega  0.00, alpha  2.000, steps in the past 0.010, valid nll 1.386
  [diag] log10|dL/dh_t| hist bins=60 range=(-12.00,-2.48) mean=-11.95 p50=-12.00 p05=-12.00 p95=-12.00
  [diag] sat-dist hist bins=60 sat<0.05=0.0% mean=0.982 p10=0.982 p90=0.983
Iter 0002680: train nll 1.386, valid error 074.500%, best valid error 074.000%, avg grad norm   0.170, avg grad norm (post clip)   0.053, rho_Whh  0.94, Omega  0.00, alpha  2.000, steps in the past 0.009, valid nll 1.386
  [diag] log10|dL/dh_t| hist bins=60 range=(-12.00,-2.48) mean=-11.95 p50=-12.00 p05=-12.00 p95=-12.00
  [diag] sat-dist hist bins=60 sat<0.05=0.0% mean=0.982 p10=0.982 p90=0.983
Iter 0002700: train nll 1.387, valid error 074.500%, best valid error 074.000%, avg grad norm   0.162, avg grad norm (post clip)   0.053, rho_Whh  0.94, Omega  0.00, alpha  2.000, steps in the past 0.009, valid nll 1.386
  [diag] log10|dL/dh_t| hist bins=60 range=(-12.00,-2.48) mean=-11.95 p50=-12.00 p05=-12.00 p95=-12.00
  [diag] sat-dist hist bins=60 sat<0.05=0.0% mean=0.983 p10=0.982 p90=0.984
Iter 0002720: train nll 1.386, valid error 074.650%, best valid error 074.000%, avg grad norm   0.178, avg grad norm (post clip)   0.053, rho_Whh  0.94, Omega  0.00, alpha  2.000, steps in the past 0.010, valid nll 1.386
  [diag] log10|dL/dh_t| hist bins=60 range=(-12.00,-2.48) mean=-11.95 p50=-12.00 p05=-12.00 p95=-12.00
  [diag] sat-dist hist bins=60 sat<0.05=0.0% mean=0.983 p10=0.982 p90=0.983
Iter 0002740: train nll 1.386, valid error 074.500%, best valid error 074.000%, avg grad norm   0.171, avg grad norm (post clip)   0.053, rho_Whh  0.94, Omega  0.00, alpha  2.000, steps in the past 0.009, valid nll 1.386
  [diag] log10|dL/dh_t| hist bins=60 range=(-12.00,-2.48) mean=-11.95 p50=-12.00 p05=-12.00 p95=-12.00
  [diag] sat-dist hist bins=60 sat<0.05=0.0% mean=0.983 p10=0.982 p90=0.983
Iter 0002760: train nll 1.386, valid error 074.500%, best valid error 074.000%, avg grad norm   0.187, avg grad norm (post clip)   0.053, rho_Whh  0.94, Omega  0.00, alpha  2.000, steps in the past 0.009, valid nll 1.386
  [diag] log10|dL/dh_t| hist bins=60 range=(-12.00,-2.48) mean=-11.95 p50=-12.00 p05=-12.00 p95=-12.00
  [diag] sat-dist hist bins=60 sat<0.05=0.0% mean=0.983 p10=0.982 p90=0.983
Iter 0002780: train nll 1.386, valid error 074.500%, best valid error 074.000%, avg grad norm   0.176, avg grad norm (post clip)   0.053, rho_Whh  0.94, Omega  0.00, alpha  2.000, steps in the past 0.012, valid nll 1.386
  [diag] log10|dL/dh_t| hist bins=60 range=(-12.00,-2.48) mean=-11.95 p50=-12.00 p05=-12.00 p95=-12.00
  [diag] sat-dist hist bins=60 sat<0.05=0.0% mean=0.983 p10=0.982 p90=0.983
Iter 0002800: train nll 1.386, valid error 074.500%, best valid error 074.000%, avg grad norm   0.182, avg grad norm (post clip)   0.052, rho_Whh  0.94, Omega  0.00, alpha  2.000, steps in the past 0.009, valid nll 1.386
  [diag] log10|dL/dh_t| hist bins=60 range=(-12.00,-2.48) mean=-11.95 p50=-12.00 p05=-12.00 p95=-12.00
  [diag] sat-dist hist bins=60 sat<0.05=0.0% mean=0.982 p10=0.982 p90=0.983
Iter 0002820: train nll 1.387, valid error 074.500%, best valid error 074.000%, avg grad norm   0.173, avg grad norm (post clip)   0.053, rho_Whh  0.94, Omega  0.00, alpha  2.000, steps in the past 0.010, valid nll 1.386
  [diag] log10|dL/dh_t| hist bins=60 range=(-12.00,-2.48) mean=-11.95 p50=-12.00 p05=-12.00 p95=-12.00
  [diag] sat-dist hist bins=60 sat<0.05=0.0% mean=0.983 p10=0.982 p90=0.983
Iter 0002840: train nll 1.386, valid error 074.500%, best valid error 074.000%, avg grad norm   0.164, avg grad norm (post clip)   0.053, rho_Whh  0.94, Omega  0.00, alpha  2.000, steps in the past 0.010, valid nll 1.386
  [diag] log10|dL/dh_t| hist bins=60 range=(-12.00,-2.48) mean=-11.95 p50=-12.00 p05=-12.00 p95=-12.00
  [diag] sat-dist hist bins=60 sat<0.05=0.0% mean=0.983 p10=0.982 p90=0.984
Iter 0002860: train nll 1.385, valid error 074.550%, best valid error 074.000%, avg grad norm   0.182, avg grad norm (post clip)   0.053, rho_Whh  0.94, Omega  0.00, alpha  2.000, steps in the past 0.008, valid nll 1.386
  [diag] log10|dL/dh_t| hist bins=60 range=(-12.00,-2.48) mean=-11.95 p50=-12.00 p05=-12.00 p95=-12.00
  [diag] sat-dist hist bins=60 sat<0.05=0.0% mean=0.983 p10=0.983 p90=0.984
Iter 0002880: train nll 1.386, valid error 073.950%, best valid error 074.000%, avg grad norm   0.192, avg grad norm (post clip)   0.053, rho_Whh  0.94, Omega  0.00, alpha  2.000, steps in the past 0.010, valid nll 1.386
  [diag] log10|dL/dh_t| hist bins=60 range=(-12.00,-2.48) mean=-11.95 p50=-12.00 p05=-12.00 p95=-12.00
  [diag] sat-dist hist bins=60 sat<0.05=0.0% mean=0.983 p10=0.983 p90=0.984
Iter 0002900: train nll 1.386, valid error 074.450%, best valid error 073.950%, avg grad norm   0.183, avg grad norm (post clip)   0.053, rho_Whh  0.94, Omega  0.00, alpha  2.000, steps in the past 0.008, valid nll 1.386
  [diag] log10|dL/dh_t| hist bins=60 range=(-12.00,-2.48) mean=-11.95 p50=-12.00 p05=-12.00 p95=-12.00
  [diag] sat-dist hist bins=60 sat<0.05=0.0% mean=0.984 p10=0.983 p90=0.984
Iter 0002920: train nll 1.386, valid error 073.950%, best valid error 073.950%, avg grad norm   0.191, avg grad norm (post clip)   0.052, rho_Whh  0.94, Omega  0.00, alpha  2.000, steps in the past 0.009, valid nll 1.386
  [diag] log10|dL/dh_t| hist bins=60 range=(-12.00,-2.48) mean=-11.95 p50=-12.00 p05=-12.00 p95=-12.00
  [diag] sat-dist hist bins=60 sat<0.05=0.0% mean=0.984 p10=0.983 p90=0.984
Iter 0002940: train nll 1.386, valid error 073.300%, best valid error 073.950%, avg grad norm   0.160, avg grad norm (post clip)   0.052, rho_Whh  0.94, Omega  0.00, alpha  2.000, steps in the past 0.009, valid nll 1.386
  [diag] log10|dL/dh_t| hist bins=60 range=(-12.00,-2.48) mean=-11.95 p50=-12.00 p05=-12.00 p95=-12.00
  [diag] sat-dist hist bins=60 sat<0.05=0.0% mean=0.984 p10=0.983 p90=0.984
Iter 0002960: train nll 1.386, valid error 074.250%, best valid error 073.300%, avg grad norm   0.165, avg grad norm (post clip)   0.052, rho_Whh  0.94, Omega  0.00, alpha  2.000, steps in the past 0.008, valid nll 1.386
  [diag] log10|dL/dh_t| hist bins=60 range=(-12.00,-2.48) mean=-11.95 p50=-12.00 p05=-12.00 p95=-12.00
  [diag] sat-dist hist bins=60 sat<0.05=0.0% mean=0.983 p10=0.983 p90=0.984
Iter 0002980: train nll 1.386, valid error 074.350%, best valid error 073.300%, avg grad norm   0.192, avg grad norm (post clip)   0.053, rho_Whh  0.94, Omega  0.00, alpha  2.000, steps in the past 0.010, valid nll 1.386
Done. solved=0 steps=2999 best_valid_error=73.3000%
=== DONE  EC_s0_alpha2_cut005_lr001 ===
=== START EC_s1_alpha1_cut005_lr001 ===
Starting to train (PyTorch).
  [diag] log10|dL/dh_t| hist bins=60 range=(-12.00,-2.48) mean=-11.95 p50=-12.00 p05=-12.00 p95=-12.00
  [diag] sat-dist hist bins=60 sat<0.05=0.0% mean=0.982 p10=0.982 p90=0.983
Iter 0000020: train nll 1.456, valid error 074.650%, best valid error 100.000%, avg grad norm   0.616, avg grad norm (post clip)   0.052, rho_Whh  0.95, Omega  0.09, alpha  1.000, steps in the past 0.011, valid nll 1.386
  [diag] log10|dL/dh_t| hist bins=60 range=(-12.00,-2.48) mean=-11.95 p50=-12.00 p05=-12.00 p95=-12.00
  [diag] sat-dist hist bins=60 sat<0.05=0.0% mean=0.982 p10=0.982 p90=0.983
Iter 0000040: train nll 1.386, valid error 074.250%, best valid error 074.650%, avg grad norm   0.548, avg grad norm (post clip)   0.053, rho_Whh  0.95, Omega  0.08, alpha  1.000, steps in the past 0.009, valid nll 1.386
  [diag] log10|dL/dh_t| hist bins=60 range=(-12.00,-2.48) mean=-11.95 p50=-12.00 p05=-12.00 p95=-12.00
  [diag] sat-dist hist bins=60 sat<0.05=0.0% mean=0.982 p10=0.981 p90=0.983
Iter 0000060: train nll 1.386, valid error 074.400%, best valid error 074.250%, avg grad norm   0.557, avg grad norm (post clip)   0.053, rho_Whh  0.95, Omega  0.07, alpha  1.000, steps in the past 0.008, valid nll 1.386
  [diag] log10|dL/dh_t| hist bins=60 range=(-12.00,-2.48) mean=-11.95 p50=-12.00 p05=-12.00 p95=-12.00
  [diag] sat-dist hist bins=60 sat<0.05=0.0% mean=0.982 p10=0.981 p90=0.982
Iter 0000080: train nll 1.386, valid error 074.150%, best valid error 074.250%, avg grad norm   0.550, avg grad norm (post clip)   0.053, rho_Whh  0.95, Omega  0.07, alpha  1.000, steps in the past 0.009, valid nll 1.386
  [diag] log10|dL/dh_t| hist bins=60 range=(-12.00,-2.48) mean=-11.95 p50=-12.00 p05=-12.00 p95=-12.00
  [diag] sat-dist hist bins=60 sat<0.05=0.0% mean=0.982 p10=0.981 p90=0.983
Iter 0000100: train nll 1.386, valid error 074.450%, best valid error 074.150%, avg grad norm   0.556, avg grad norm (post clip)   0.053, rho_Whh  0.95, Omega  0.07, alpha  1.000, steps in the past 0.008, valid nll 1.386
  [diag] log10|dL/dh_t| hist bins=60 range=(-12.00,-2.48) mean=-11.95 p50=-12.00 p05=-12.00 p95=-12.00
  [diag] sat-dist hist bins=60 sat<0.05=0.0% mean=0.982 p10=0.981 p90=0.983
Iter 0000120: train nll 1.386, valid error 073.850%, best valid error 074.150%, avg grad norm   0.527, avg grad norm (post clip)   0.053, rho_Whh  0.95, Omega  0.06, alpha  1.000, steps in the past 0.009, valid nll 1.386
  [diag] log10|dL/dh_t| hist bins=60 range=(-12.00,-2.48) mean=-11.95 p50=-12.00 p05=-12.00 p95=-12.00
  [diag] sat-dist hist bins=60 sat<0.05=0.0% mean=0.982 p10=0.981 p90=0.982
Iter 0000140: train nll 1.386, valid error 074.250%, best valid error 073.850%, avg grad norm   0.473, avg grad norm (post clip)   0.053, rho_Whh  0.95, Omega  0.05, alpha  1.000, steps in the past 0.009, valid nll 1.386
  [diag] log10|dL/dh_t| hist bins=60 range=(-12.00,-2.48) mean=-11.95 p50=-12.00 p05=-12.00 p95=-12.00
  [diag] sat-dist hist bins=60 sat<0.05=0.0% mean=0.982 p10=0.981 p90=0.982
Iter 0000160: train nll 1.386, valid error 074.400%, best valid error 073.850%, avg grad norm   0.484, avg grad norm (post clip)   0.053, rho_Whh  0.95, Omega  0.05, alpha  1.000, steps in the past 0.009, valid nll 1.386
  [diag] log10|dL/dh_t| hist bins=60 range=(-12.00,-2.48) mean=-11.95 p50=-12.00 p05=-12.00 p95=-12.00
  [diag] sat-dist hist bins=60 sat<0.05=0.0% mean=0.982 p10=0.981 p90=0.982
Iter 0000180: train nll 1.386, valid error 074.250%, best valid error 073.850%, avg grad norm   0.478, avg grad norm (post clip)   0.053, rho_Whh  0.95, Omega  0.05, alpha  1.000, steps in the past 0.010, valid nll 1.386
  [diag] log10|dL/dh_t| hist bins=60 range=(-12.00,-2.48) mean=-11.95 p50=-12.00 p05=-12.00 p95=-12.00
  [diag] sat-dist hist bins=60 sat<0.05=0.0% mean=0.981 p10=0.981 p90=0.982
Iter 0000200: train nll 1.386, valid error 074.350%, best valid error 073.850%, avg grad norm   0.474, avg grad norm (post clip)   0.053, rho_Whh  0.95, Omega  0.05, alpha  1.000, steps in the past 0.009, valid nll 1.386
  [diag] log10|dL/dh_t| hist bins=60 range=(-12.00,-2.48) mean=-11.95 p50=-12.00 p05=-12.00 p95=-12.00
  [diag] sat-dist hist bins=60 sat<0.05=0.0% mean=0.981 p10=0.981 p90=0.982
Iter 0000220: train nll 1.386, valid error 074.350%, best valid error 073.850%, avg grad norm   0.452, avg grad norm (post clip)   0.053, rho_Whh  0.95, Omega  0.04, alpha  1.000, steps in the past 0.010, valid nll 1.386
  [diag] log10|dL/dh_t| hist bins=60 range=(-12.00,-2.48) mean=-11.95 p50=-12.00 p05=-12.00 p95=-12.00
  [diag] sat-dist hist bins=60 sat<0.05=0.0% mean=0.981 p10=0.981 p90=0.982
Iter 0000240: train nll 1.386, valid error 074.300%, best valid error 073.850%, avg grad norm   0.444, avg grad norm (post clip)   0.053, rho_Whh  0.95, Omega  0.04, alpha  1.000, steps in the past 0.010, valid nll 1.386
  [diag] log10|dL/dh_t| hist bins=60 range=(-12.00,-2.48) mean=-11.95 p50=-12.00 p05=-12.00 p95=-12.00
  [diag] sat-dist hist bins=60 sat<0.05=0.0% mean=0.981 p10=0.981 p90=0.982
Iter 0000260: train nll 1.386, valid error 074.300%, best valid error 073.850%, avg grad norm   0.441, avg grad norm (post clip)   0.053, rho_Whh  0.95, Omega  0.04, alpha  1.000, steps in the past 0.011, valid nll 1.386
  [diag] log10|dL/dh_t| hist bins=60 range=(-12.00,-2.48) mean=-11.95 p50=-12.00 p05=-12.00 p95=-12.00
  [diag] sat-dist hist bins=60 sat<0.05=0.0% mean=0.981 p10=0.981 p90=0.982
Iter 0000280: train nll 1.386, valid error 074.500%, best valid error 073.850%, avg grad norm   0.434, avg grad norm (post clip)   0.053, rho_Whh  0.95, Omega  0.04, alpha  1.000, steps in the past 0.010, valid nll 1.386
  [diag] log10|dL/dh_t| hist bins=60 range=(-12.00,-2.48) mean=-11.95 p50=-12.00 p05=-12.00 p95=-12.00
  [diag] sat-dist hist bins=60 sat<0.05=0.0% mean=0.981 p10=0.980 p90=0.981
Iter 0000300: train nll 1.386, valid error 074.500%, best valid error 073.850%, avg grad norm   0.382, avg grad norm (post clip)   0.053, rho_Whh  0.95, Omega  0.03, alpha  1.000, steps in the past 0.009, valid nll 1.386
  [diag] log10|dL/dh_t| hist bins=60 range=(-12.00,-2.48) mean=-11.95 p50=-12.00 p05=-12.00 p95=-12.00
  [diag] sat-dist hist bins=60 sat<0.05=0.0% mean=0.981 p10=0.980 p90=0.982
Iter 0000320: train nll 1.387, valid error 074.500%, best valid error 073.850%, avg grad norm   0.405, avg grad norm (post clip)   0.053, rho_Whh  0.95, Omega  0.03, alpha  1.000, steps in the past 0.012, valid nll 1.386
  [diag] log10|dL/dh_t| hist bins=60 range=(-12.00,-2.48) mean=-11.95 p50=-12.00 p05=-12.00 p95=-12.00
  [diag] sat-dist hist bins=60 sat<0.05=0.0% mean=0.981 p10=0.980 p90=0.982
Iter 0000340: train nll 1.386, valid error 074.500%, best valid error 073.850%, avg grad norm   0.380, avg grad norm (post clip)   0.053, rho_Whh  0.95, Omega  0.03, alpha  1.000, steps in the past 0.009, valid nll 1.386
  [diag] log10|dL/dh_t| hist bins=60 range=(-12.00,-2.48) mean=-11.95 p50=-12.00 p05=-12.00 p95=-12.00
  [diag] sat-dist hist bins=60 sat<0.05=0.0% mean=0.981 p10=0.980 p90=0.982
Iter 0000360: train nll 1.386, valid error 074.500%, best valid error 073.850%, avg grad norm   0.363, avg grad norm (post clip)   0.053, rho_Whh  0.95, Omega  0.02, alpha  1.000, steps in the past 0.009, valid nll 1.386
  [diag] log10|dL/dh_t| hist bins=60 range=(-12.00,-2.48) mean=-11.95 p50=-12.00 p05=-12.00 p95=-12.00
  [diag] sat-dist hist bins=60 sat<0.05=0.0% mean=0.981 p10=0.980 p90=0.982
Iter 0000380: train nll 1.386, valid error 074.500%, best valid error 073.850%, avg grad norm   0.372, avg grad norm (post clip)   0.053, rho_Whh  0.95, Omega  0.02, alpha  1.000, steps in the past 0.009, valid nll 1.386
  [diag] log10|dL/dh_t| hist bins=60 range=(-12.00,-2.48) mean=-11.95 p50=-12.00 p05=-12.00 p95=-12.00
  [diag] sat-dist hist bins=60 sat<0.05=0.0% mean=0.981 p10=0.980 p90=0.982
Iter 0000400: train nll 1.386, valid error 074.500%, best valid error 073.850%, avg grad norm   0.336, avg grad norm (post clip)   0.053, rho_Whh  0.95, Omega  0.02, alpha  1.000, steps in the past 0.009, valid nll 1.386
  [diag] log10|dL/dh_t| hist bins=60 range=(-12.00,-2.48) mean=-11.95 p50=-12.00 p05=-12.00 p95=-12.00
  [diag] sat-dist hist bins=60 sat<0.05=0.0% mean=0.981 p10=0.980 p90=0.982
Iter 0000420: train nll 1.387, valid error 074.500%, best valid error 073.850%, avg grad norm   0.341, avg grad norm (post clip)   0.053, rho_Whh  0.95, Omega  0.02, alpha  1.000, steps in the past 0.009, valid nll 1.386
  [diag] log10|dL/dh_t| hist bins=60 range=(-12.00,-2.48) mean=-11.95 p50=-12.00 p05=-12.00 p95=-12.00
  [diag] sat-dist hist bins=60 sat<0.05=0.0% mean=0.981 p10=0.980 p90=0.981
Iter 0000440: train nll 1.386, valid error 074.500%, best valid error 073.850%, avg grad norm   0.334, avg grad norm (post clip)   0.053, rho_Whh  0.95, Omega  0.01, alpha  1.000, steps in the past 0.010, valid nll 1.386
  [diag] log10|dL/dh_t| hist bins=60 range=(-12.00,-2.48) mean=-11.95 p50=-12.00 p05=-12.00 p95=-12.00
  [diag] sat-dist hist bins=60 sat<0.05=0.0% mean=0.981 p10=0.980 p90=0.981
Iter 0000460: train nll 1.386, valid error 074.500%, best valid error 073.850%, avg grad norm   0.302, avg grad norm (post clip)   0.053, rho_Whh  0.95, Omega  0.01, alpha  1.000, steps in the past 0.011, valid nll 1.386
  [diag] log10|dL/dh_t| hist bins=60 range=(-12.00,-2.48) mean=-11.95 p50=-12.00 p05=-12.00 p95=-12.00
  [diag] sat-dist hist bins=60 sat<0.05=0.0% mean=0.981 p10=0.980 p90=0.982
Iter 0000480: train nll 1.387, valid error 074.500%, best valid error 073.850%, avg grad norm   0.313, avg grad norm (post clip)   0.053, rho_Whh  0.94, Omega  0.01, alpha  1.000, steps in the past 0.009, valid nll 1.386
  [diag] log10|dL/dh_t| hist bins=60 range=(-12.00,-2.48) mean=-11.95 p50=-12.00 p05=-12.00 p95=-12.00
  [diag] sat-dist hist bins=60 sat<0.05=0.0% mean=0.981 p10=0.981 p90=0.982
Iter 0000500: train nll 1.386, valid error 074.500%, best valid error 073.850%, avg grad norm   0.281, avg grad norm (post clip)   0.053, rho_Whh  0.94, Omega  0.01, alpha  1.000, steps in the past 0.009, valid nll 1.386
  [diag] log10|dL/dh_t| hist bins=60 range=(-12.00,-2.48) mean=-11.95 p50=-12.00 p05=-12.00 p95=-12.00
  [diag] sat-dist hist bins=60 sat<0.05=0.0% mean=0.982 p10=0.981 p90=0.982
Iter 0000520: train nll 1.386, valid error 074.500%, best valid error 073.850%, avg grad norm   0.290, avg grad norm (post clip)   0.053, rho_Whh  0.94, Omega  0.01, alpha  1.000, steps in the past 0.009, valid nll 1.386
  [diag] log10|dL/dh_t| hist bins=60 range=(-12.00,-2.48) mean=-11.95 p50=-12.00 p05=-12.00 p95=-12.00
  [diag] sat-dist hist bins=60 sat<0.05=0.0% mean=0.981 p10=0.981 p90=0.982
Iter 0000540: train nll 1.386, valid error 074.500%, best valid error 073.850%, avg grad norm   0.269, avg grad norm (post clip)   0.053, rho_Whh  0.94, Omega  0.01, alpha  1.000, steps in the past 0.010, valid nll 1.386
  [diag] log10|dL/dh_t| hist bins=60 range=(-12.00,-2.48) mean=-11.95 p50=-12.00 p05=-12.00 p95=-12.00
  [diag] sat-dist hist bins=60 sat<0.05=0.0% mean=0.981 p10=0.981 p90=0.982
Iter 0000560: train nll 1.386, valid error 074.500%, best valid error 073.850%, avg grad norm   0.280, avg grad norm (post clip)   0.053, rho_Whh  0.94, Omega  0.01, alpha  1.000, steps in the past 0.009, valid nll 1.386
  [diag] log10|dL/dh_t| hist bins=60 range=(-12.00,-2.48) mean=-11.95 p50=-12.00 p05=-12.00 p95=-12.00
  [diag] sat-dist hist bins=60 sat<0.05=0.0% mean=0.981 p10=0.980 p90=0.982
Iter 0000580: train nll 1.386, valid error 074.500%, best valid error 073.850%, avg grad norm   0.255, avg grad norm (post clip)   0.053, rho_Whh  0.94, Omega  0.01, alpha  1.000, steps in the past 0.008, valid nll 1.386
  [diag] log10|dL/dh_t| hist bins=60 range=(-12.00,-2.48) mean=-11.95 p50=-12.00 p05=-12.00 p95=-12.00
  [diag] sat-dist hist bins=60 sat<0.05=0.0% mean=0.981 p10=0.981 p90=0.982
Iter 0000600: train nll 1.387, valid error 074.500%, best valid error 073.850%, avg grad norm   0.226, avg grad norm (post clip)   0.053, rho_Whh  0.94, Omega  0.01, alpha  1.000, steps in the past 0.008, valid nll 1.386
  [diag] log10|dL/dh_t| hist bins=60 range=(-12.00,-2.48) mean=-11.95 p50=-12.00 p05=-12.00 p95=-12.00
  [diag] sat-dist hist bins=60 sat<0.05=0.0% mean=0.981 p10=0.981 p90=0.982
Iter 0000620: train nll 1.386, valid error 074.500%, best valid error 073.850%, avg grad norm   0.238, avg grad norm (post clip)   0.053, rho_Whh  0.94, Omega  0.00, alpha  1.000, steps in the past 0.009, valid nll 1.386
  [diag] log10|dL/dh_t| hist bins=60 range=(-12.00,-2.48) mean=-11.95 p50=-12.00 p05=-12.00 p95=-12.00
  [diag] sat-dist hist bins=60 sat<0.05=0.0% mean=0.981 p10=0.981 p90=0.982
Iter 0000640: train nll 1.386, valid error 074.500%, best valid error 073.850%, avg grad norm   0.226, avg grad norm (post clip)   0.053, rho_Whh  0.94, Omega  0.00, alpha  1.000, steps in the past 0.009, valid nll 1.386
  [diag] log10|dL/dh_t| hist bins=60 range=(-12.00,-2.48) mean=-11.95 p50=-12.00 p05=-12.00 p95=-12.00
  [diag] sat-dist hist bins=60 sat<0.05=0.0% mean=0.981 p10=0.980 p90=0.981
Iter 0000660: train nll 1.386, valid error 074.500%, best valid error 073.850%, avg grad norm   0.209, avg grad norm (post clip)   0.053, rho_Whh  0.94, Omega  0.00, alpha  1.000, steps in the past 0.010, valid nll 1.386
  [diag] log10|dL/dh_t| hist bins=60 range=(-12.00,-2.48) mean=-11.95 p50=-12.00 p05=-12.00 p95=-12.00
  [diag] sat-dist hist bins=60 sat<0.05=0.0% mean=0.981 p10=0.980 p90=0.981
Iter 0000680: train nll 1.386, valid error 074.500%, best valid error 073.850%, avg grad norm   0.194, avg grad norm (post clip)   0.053, rho_Whh  0.94, Omega  0.00, alpha  1.000, steps in the past 0.009, valid nll 1.386
  [diag] log10|dL/dh_t| hist bins=60 range=(-12.00,-2.48) mean=-11.95 p50=-12.00 p05=-12.00 p95=-12.00
  [diag] sat-dist hist bins=60 sat<0.05=0.0% mean=0.981 p10=0.980 p90=0.981
Iter 0000700: train nll 1.387, valid error 074.500%, best valid error 073.850%, avg grad norm   0.207, avg grad norm (post clip)   0.053, rho_Whh  0.94, Omega  0.00, alpha  1.000, steps in the past 0.009, valid nll 1.386
  [diag] log10|dL/dh_t| hist bins=60 range=(-12.00,-2.48) mean=-11.95 p50=-12.00 p05=-12.00 p95=-12.00
  [diag] sat-dist hist bins=60 sat<0.05=0.0% mean=0.981 p10=0.980 p90=0.981
Iter 0000720: train nll 1.387, valid error 074.500%, best valid error 073.850%, avg grad norm   0.259, avg grad norm (post clip)   0.053, rho_Whh  0.94, Omega  0.00, alpha  1.000, steps in the past 0.009, valid nll 1.386
  [diag] log10|dL/dh_t| hist bins=60 range=(-12.00,-2.48) mean=-11.95 p50=-12.00 p05=-12.00 p95=-12.00
  [diag] sat-dist hist bins=60 sat<0.05=0.0% mean=0.981 p10=0.980 p90=0.982
Iter 0000740: train nll 1.386, valid error 074.500%, best valid error 073.850%, avg grad norm   0.207, avg grad norm (post clip)   0.053, rho_Whh  0.94, Omega  0.00, alpha  1.000, steps in the past 0.009, valid nll 1.386
  [diag] log10|dL/dh_t| hist bins=60 range=(-12.00,-2.48) mean=-11.95 p50=-12.00 p05=-12.00 p95=-12.00
  [diag] sat-dist hist bins=60 sat<0.05=0.0% mean=0.981 p10=0.981 p90=0.982
Iter 0000760: train nll 1.386, valid error 074.500%, best valid error 073.850%, avg grad norm   0.190, avg grad norm (post clip)   0.053, rho_Whh  0.94, Omega  0.00, alpha  1.000, steps in the past 0.008, valid nll 1.386
  [diag] log10|dL/dh_t| hist bins=60 range=(-12.00,-2.48) mean=-11.95 p50=-12.00 p05=-12.00 p95=-12.00
  [diag] sat-dist hist bins=60 sat<0.05=0.0% mean=0.981 p10=0.981 p90=0.982
Iter 0000780: train nll 1.386, valid error 074.500%, best valid error 073.850%, avg grad norm   0.211, avg grad norm (post clip)   0.053, rho_Whh  0.94, Omega  0.00, alpha  1.000, steps in the past 0.010, valid nll 1.386
  [diag] log10|dL/dh_t| hist bins=60 range=(-12.00,-2.48) mean=-11.95 p50=-12.00 p05=-12.00 p95=-12.00
  [diag] sat-dist hist bins=60 sat<0.05=0.0% mean=0.981 p10=0.981 p90=0.982
Iter 0000800: train nll 1.386, valid error 074.500%, best valid error 073.850%, avg grad norm   0.211, avg grad norm (post clip)   0.053, rho_Whh  0.94, Omega  0.00, alpha  1.000, steps in the past 0.009, valid nll 1.386
  [diag] log10|dL/dh_t| hist bins=60 range=(-12.00,-2.48) mean=-11.95 p50=-12.00 p05=-12.00 p95=-12.00
  [diag] sat-dist hist bins=60 sat<0.05=0.0% mean=0.981 p10=0.981 p90=0.982
Iter 0000820: train nll 1.387, valid error 074.500%, best valid error 073.850%, avg grad norm   0.217, avg grad norm (post clip)   0.053, rho_Whh  0.94, Omega  0.00, alpha  1.000, steps in the past 0.009, valid nll 1.386
  [diag] log10|dL/dh_t| hist bins=60 range=(-12.00,-2.48) mean=-11.95 p50=-12.00 p05=-12.00 p95=-12.00
  [diag] sat-dist hist bins=60 sat<0.05=0.0% mean=0.982 p10=0.981 p90=0.982
Iter 0000840: train nll 1.386, valid error 074.500%, best valid error 073.850%, avg grad norm   0.156, avg grad norm (post clip)   0.053, rho_Whh  0.94, Omega  0.00, alpha  1.000, steps in the past 0.010, valid nll 1.386
  [diag] log10|dL/dh_t| hist bins=60 range=(-12.00,-2.48) mean=-11.95 p50=-12.00 p05=-12.00 p95=-12.00
  [diag] sat-dist hist bins=60 sat<0.05=0.0% mean=0.982 p10=0.981 p90=0.983
Iter 0000860: train nll 1.387, valid error 074.500%, best valid error 073.850%, avg grad norm   0.198, avg grad norm (post clip)   0.053, rho_Whh  0.94, Omega  0.00, alpha  1.000, steps in the past 0.009, valid nll 1.386
  [diag] log10|dL/dh_t| hist bins=60 range=(-12.00,-2.48) mean=-11.95 p50=-12.00 p05=-12.00 p95=-12.00
  [diag] sat-dist hist bins=60 sat<0.05=0.0% mean=0.982 p10=0.981 p90=0.983
Iter 0000880: train nll 1.386, valid error 074.500%, best valid error 073.850%, avg grad norm   0.164, avg grad norm (post clip)   0.053, rho_Whh  0.94, Omega  0.00, alpha  1.000, steps in the past 0.009, valid nll 1.386
  [diag] log10|dL/dh_t| hist bins=60 range=(-12.00,-2.48) mean=-11.95 p50=-12.00 p05=-12.00 p95=-12.00
  [diag] sat-dist hist bins=60 sat<0.05=0.0% mean=0.982 p10=0.982 p90=0.983
Iter 0000900: train nll 1.387, valid error 075.500%, best valid error 073.850%, avg grad norm   0.182, avg grad norm (post clip)   0.053, rho_Whh  0.94, Omega  0.00, alpha  1.000, steps in the past 0.009, valid nll 1.386
  [diag] log10|dL/dh_t| hist bins=60 range=(-12.00,-2.48) mean=-11.95 p50=-12.00 p05=-12.00 p95=-12.00
  [diag] sat-dist hist bins=60 sat<0.05=0.0% mean=0.982 p10=0.981 p90=0.982
Iter 0000920: train nll 1.386, valid error 074.500%, best valid error 073.850%, avg grad norm   0.174, avg grad norm (post clip)   0.053, rho_Whh  0.94, Omega  0.00, alpha  1.000, steps in the past 0.008, valid nll 1.386
  [diag] log10|dL/dh_t| hist bins=60 range=(-12.00,-2.48) mean=-11.95 p50=-12.00 p05=-12.00 p95=-12.00
  [diag] sat-dist hist bins=60 sat<0.05=0.0% mean=0.982 p10=0.981 p90=0.982
Iter 0000940: train nll 1.387, valid error 074.550%, best valid error 073.850%, avg grad norm   0.190, avg grad norm (post clip)   0.053, rho_Whh  0.94, Omega  0.00, alpha  1.000, steps in the past 0.008, valid nll 1.386
  [diag] log10|dL/dh_t| hist bins=60 range=(-12.00,-2.48) mean=-11.95 p50=-12.00 p05=-12.00 p95=-12.00
  [diag] sat-dist hist bins=60 sat<0.05=0.0% mean=0.982 p10=0.981 p90=0.982
Iter 0000960: train nll 1.386, valid error 075.000%, best valid error 073.850%, avg grad norm   0.179, avg grad norm (post clip)   0.053, rho_Whh  0.94, Omega  0.00, alpha  1.000, steps in the past 0.009, valid nll 1.386
  [diag] log10|dL/dh_t| hist bins=60 range=(-12.00,-2.48) mean=-11.95 p50=-12.00 p05=-12.00 p95=-12.00
  [diag] sat-dist hist bins=60 sat<0.05=0.0% mean=0.982 p10=0.981 p90=0.982
Iter 0000980: train nll 1.387, valid error 075.050%, best valid error 073.850%, avg grad norm   0.201, avg grad norm (post clip)   0.053, rho_Whh  0.94, Omega  0.00, alpha  1.000, steps in the past 0.010, valid nll 1.386
  [diag] log10|dL/dh_t| hist bins=60 range=(-12.00,-2.48) mean=-11.95 p50=-12.00 p05=-12.00 p95=-12.00
  [diag] sat-dist hist bins=60 sat<0.05=0.0% mean=0.982 p10=0.982 p90=0.983
Iter 0001000: train nll 1.386, valid error 076.050%, best valid error 073.850%, avg grad norm   0.174, avg grad norm (post clip)   0.053, rho_Whh  0.94, Omega  0.00, alpha  1.000, steps in the past 0.010, valid nll 1.386
  [diag] log10|dL/dh_t| hist bins=60 range=(-12.00,-2.48) mean=-11.95 p50=-12.00 p05=-12.00 p95=-12.00
  [diag] sat-dist hist bins=60 sat<0.05=0.0% mean=0.982 p10=0.981 p90=0.982
Iter 0001020: train nll 1.386, valid error 074.950%, best valid error 073.850%, avg grad norm   0.218, avg grad norm (post clip)   0.053, rho_Whh  0.94, Omega  0.00, alpha  1.000, steps in the past 0.009, valid nll 1.386
  [diag] log10|dL/dh_t| hist bins=60 range=(-12.00,-2.48) mean=-11.95 p50=-12.00 p05=-12.00 p95=-12.00
  [diag] sat-dist hist bins=60 sat<0.05=0.0% mean=0.982 p10=0.981 p90=0.982
Iter 0001040: train nll 1.386, valid error 075.050%, best valid error 073.850%, avg grad norm   0.180, avg grad norm (post clip)   0.053, rho_Whh  0.94, Omega  0.00, alpha  1.000, steps in the past 0.009, valid nll 1.386
  [diag] log10|dL/dh_t| hist bins=60 range=(-12.00,-2.48) mean=-11.95 p50=-12.00 p05=-12.00 p95=-12.00
  [diag] sat-dist hist bins=60 sat<0.05=0.0% mean=0.982 p10=0.982 p90=0.983
Iter 0001060: train nll 1.386, valid error 075.650%, best valid error 073.850%, avg grad norm   0.173, avg grad norm (post clip)   0.053, rho_Whh  0.94, Omega  0.00, alpha  1.000, steps in the past 0.010, valid nll 1.386
  [diag] log10|dL/dh_t| hist bins=60 range=(-12.00,-2.48) mean=-11.95 p50=-12.00 p05=-12.00 p95=-12.00
  [diag] sat-dist hist bins=60 sat<0.05=0.0% mean=0.983 p10=0.982 p90=0.983
Iter 0001080: train nll 1.387, valid error 075.500%, best valid error 073.850%, avg grad norm   0.200, avg grad norm (post clip)   0.053, rho_Whh  0.94, Omega  0.00, alpha  1.000, steps in the past 0.010, valid nll 1.386
  [diag] log10|dL/dh_t| hist bins=60 range=(-12.00,-2.48) mean=-11.95 p50=-12.00 p05=-12.00 p95=-12.00
  [diag] sat-dist hist bins=60 sat<0.05=0.0% mean=0.983 p10=0.982 p90=0.983
Iter 0001100: train nll 1.386, valid error 075.400%, best valid error 073.850%, avg grad norm   0.217, avg grad norm (post clip)   0.053, rho_Whh  0.94, Omega  0.00, alpha  1.000, steps in the past 0.010, valid nll 1.386
  [diag] log10|dL/dh_t| hist bins=60 range=(-12.00,-2.48) mean=-11.95 p50=-12.00 p05=-12.00 p95=-12.00
  [diag] sat-dist hist bins=60 sat<0.05=0.0% mean=0.983 p10=0.982 p90=0.983
Iter 0001120: train nll 1.386, valid error 074.650%, best valid error 073.850%, avg grad norm   0.185, avg grad norm (post clip)   0.053, rho_Whh  0.94, Omega  0.00, alpha  1.000, steps in the past 0.009, valid nll 1.386
  [diag] log10|dL/dh_t| hist bins=60 range=(-12.00,-2.48) mean=-11.95 p50=-12.00 p05=-12.00 p95=-12.00
  [diag] sat-dist hist bins=60 sat<0.05=0.0% mean=0.983 p10=0.982 p90=0.983
Iter 0001140: train nll 1.386, valid error 075.450%, best valid error 073.850%, avg grad norm   0.195, avg grad norm (post clip)   0.052, rho_Whh  0.94, Omega  0.00, alpha  1.000, steps in the past 0.011, valid nll 1.386
  [diag] log10|dL/dh_t| hist bins=60 range=(-12.00,-2.48) mean=-11.95 p50=-12.00 p05=-12.00 p95=-12.00
  [diag] sat-dist hist bins=60 sat<0.05=0.0% mean=0.983 p10=0.982 p90=0.983
Iter 0001160: train nll 1.386, valid error 075.450%, best valid error 073.850%, avg grad norm   0.194, avg grad norm (post clip)   0.053, rho_Whh  0.94, Omega  0.00, alpha  1.000, steps in the past 0.008, valid nll 1.386
  [diag] log10|dL/dh_t| hist bins=60 range=(-12.00,-2.48) mean=-11.95 p50=-12.00 p05=-12.00 p95=-12.00
  [diag] sat-dist hist bins=60 sat<0.05=0.0% mean=0.983 p10=0.982 p90=0.984
Iter 0001180: train nll 1.386, valid error 075.950%, best valid error 073.850%, avg grad norm   0.200, avg grad norm (post clip)   0.053, rho_Whh  0.94, Omega  0.00, alpha  1.000, steps in the past 0.009, valid nll 1.386
  [diag] log10|dL/dh_t| hist bins=60 range=(-12.00,-2.48) mean=-11.95 p50=-12.00 p05=-12.00 p95=-12.00
  [diag] sat-dist hist bins=60 sat<0.05=0.0% mean=0.983 p10=0.982 p90=0.983
Iter 0001200: train nll 1.386, valid error 075.850%, best valid error 073.850%, avg grad norm   0.162, avg grad norm (post clip)   0.053, rho_Whh  0.94, Omega  0.00, alpha  1.000, steps in the past 0.009, valid nll 1.386
  [diag] log10|dL/dh_t| hist bins=60 range=(-12.00,-2.48) mean=-11.95 p50=-12.00 p05=-12.00 p95=-12.00
  [diag] sat-dist hist bins=60 sat<0.05=0.0% mean=0.983 p10=0.982 p90=0.983
Iter 0001220: train nll 1.386, valid error 075.650%, best valid error 073.850%, avg grad norm   0.162, avg grad norm (post clip)   0.052, rho_Whh  0.94, Omega  0.00, alpha  1.000, steps in the past 0.008, valid nll 1.386
  [diag] log10|dL/dh_t| hist bins=60 range=(-12.00,-2.48) mean=-11.95 p50=-12.00 p05=-12.00 p95=-12.00
  [diag] sat-dist hist bins=60 sat<0.05=0.0% mean=0.983 p10=0.982 p90=0.983
Iter 0001240: train nll 1.386, valid error 075.550%, best valid error 073.850%, avg grad norm   0.208, avg grad norm (post clip)   0.053, rho_Whh  0.94, Omega  0.00, alpha  1.000, steps in the past 0.009, valid nll 1.386
  [diag] log10|dL/dh_t| hist bins=60 range=(-12.00,-2.48) mean=-11.95 p50=-12.00 p05=-12.00 p95=-12.00
  [diag] sat-dist hist bins=60 sat<0.05=0.0% mean=0.983 p10=0.982 p90=0.983
Iter 0001260: train nll 1.387, valid error 075.900%, best valid error 073.850%, avg grad norm   0.182, avg grad norm (post clip)   0.053, rho_Whh  0.94, Omega  0.00, alpha  1.000, steps in the past 0.009, valid nll 1.386
  [diag] log10|dL/dh_t| hist bins=60 range=(-12.00,-2.48) mean=-11.95 p50=-12.00 p05=-12.00 p95=-12.00
  [diag] sat-dist hist bins=60 sat<0.05=0.0% mean=0.983 p10=0.982 p90=0.983
Iter 0001280: train nll 1.386, valid error 075.450%, best valid error 073.850%, avg grad norm   0.200, avg grad norm (post clip)   0.053, rho_Whh  0.94, Omega  0.00, alpha  1.000, steps in the past 0.008, valid nll 1.386
  [diag] log10|dL/dh_t| hist bins=60 range=(-12.00,-2.48) mean=-11.95 p50=-12.00 p05=-12.00 p95=-12.00
  [diag] sat-dist hist bins=60 sat<0.05=0.0% mean=0.982 p10=0.982 p90=0.983
Iter 0001300: train nll 1.386, valid error 075.750%, best valid error 073.850%, avg grad norm   0.201, avg grad norm (post clip)   0.053, rho_Whh  0.94, Omega  0.00, alpha  1.000, steps in the past 0.010, valid nll 1.386
  [diag] log10|dL/dh_t| hist bins=60 range=(-12.00,-2.48) mean=-11.95 p50=-12.00 p05=-12.00 p95=-12.00
  [diag] sat-dist hist bins=60 sat<0.05=0.0% mean=0.983 p10=0.982 p90=0.983
Iter 0001320: train nll 1.386, valid error 075.400%, best valid error 073.850%, avg grad norm   0.182, avg grad norm (post clip)   0.052, rho_Whh  0.94, Omega  0.00, alpha  1.000, steps in the past 0.008, valid nll 1.386
  [diag] log10|dL/dh_t| hist bins=60 range=(-12.00,-2.48) mean=-11.95 p50=-12.00 p05=-12.00 p95=-12.00
  [diag] sat-dist hist bins=60 sat<0.05=0.0% mean=0.983 p10=0.982 p90=0.983
Iter 0001340: train nll 1.386, valid error 075.900%, best valid error 073.850%, avg grad norm   0.171, avg grad norm (post clip)   0.053, rho_Whh  0.94, Omega  0.00, alpha  1.000, steps in the past 0.010, valid nll 1.386
  [diag] log10|dL/dh_t| hist bins=60 range=(-12.00,-2.48) mean=-11.95 p50=-12.00 p05=-12.00 p95=-12.00
  [diag] sat-dist hist bins=60 sat<0.05=0.0% mean=0.983 p10=0.983 p90=0.984
Iter 0001360: train nll 1.386, valid error 075.950%, best valid error 073.850%, avg grad norm   0.183, avg grad norm (post clip)   0.053, rho_Whh  0.94, Omega  0.00, alpha  1.000, steps in the past 0.009, valid nll 1.387
  [diag] log10|dL/dh_t| hist bins=60 range=(-12.00,-2.48) mean=-11.95 p50=-12.00 p05=-12.00 p95=-12.00
  [diag] sat-dist hist bins=60 sat<0.05=0.0% mean=0.983 p10=0.982 p90=0.984
Iter 0001380: train nll 1.386, valid error 076.000%, best valid error 073.850%, avg grad norm   0.173, avg grad norm (post clip)   0.053, rho_Whh  0.94, Omega  0.00, alpha  1.000, steps in the past 0.010, valid nll 1.387
  [diag] log10|dL/dh_t| hist bins=60 range=(-12.00,-2.48) mean=-11.95 p50=-12.00 p05=-12.00 p95=-12.00
  [diag] sat-dist hist bins=60 sat<0.05=0.0% mean=0.983 p10=0.982 p90=0.984
Iter 0001400: train nll 1.386, valid error 075.950%, best valid error 073.850%, avg grad norm   0.182, avg grad norm (post clip)   0.053, rho_Whh  0.94, Omega  0.00, alpha  1.000, steps in the past 0.010, valid nll 1.387
  [diag] log10|dL/dh_t| hist bins=60 range=(-12.00,-2.48) mean=-11.95 p50=-12.00 p05=-12.00 p95=-12.00
  [diag] sat-dist hist bins=60 sat<0.05=0.0% mean=0.983 p10=0.982 p90=0.983
Iter 0001420: train nll 1.386, valid error 076.000%, best valid error 073.850%, avg grad norm   0.182, avg grad norm (post clip)   0.053, rho_Whh  0.94, Omega  0.00, alpha  1.000, steps in the past 0.009, valid nll 1.386
  [diag] log10|dL/dh_t| hist bins=60 range=(-12.00,-2.48) mean=-11.95 p50=-12.00 p05=-12.00 p95=-12.00
  [diag] sat-dist hist bins=60 sat<0.05=0.0% mean=0.983 p10=0.982 p90=0.983
Iter 0001440: train nll 1.387, valid error 076.000%, best valid error 073.850%, avg grad norm   0.174, avg grad norm (post clip)   0.053, rho_Whh  0.94, Omega  0.00, alpha  1.000, steps in the past 0.010, valid nll 1.386
  [diag] log10|dL/dh_t| hist bins=60 range=(-12.00,-2.48) mean=-11.95 p50=-12.00 p05=-12.00 p95=-12.00
  [diag] sat-dist hist bins=60 sat<0.05=0.0% mean=0.983 p10=0.982 p90=0.984
Iter 0001460: train nll 1.386, valid error 075.950%, best valid error 073.850%, avg grad norm   0.189, avg grad norm (post clip)   0.053, rho_Whh  0.94, Omega  0.00, alpha  1.000, steps in the past 0.010, valid nll 1.386
  [diag] log10|dL/dh_t| hist bins=60 range=(-12.00,-2.48) mean=-11.95 p50=-12.00 p05=-12.00 p95=-12.00
  [diag] sat-dist hist bins=60 sat<0.05=0.0% mean=0.983 p10=0.982 p90=0.984
Iter 0001480: train nll 1.386, valid error 075.950%, best valid error 073.850%, avg grad norm   0.223, avg grad norm (post clip)   0.053, rho_Whh  0.94, Omega  0.00, alpha  1.000, steps in the past 0.008, valid nll 1.386
  [diag] log10|dL/dh_t| hist bins=60 range=(-12.00,-2.48) mean=-11.95 p50=-12.00 p05=-12.00 p95=-12.00
  [diag] sat-dist hist bins=60 sat<0.05=0.0% mean=0.983 p10=0.982 p90=0.983
Iter 0001500: train nll 1.387, valid error 075.900%, best valid error 073.850%, avg grad norm   0.166, avg grad norm (post clip)   0.053, rho_Whh  0.94, Omega  0.00, alpha  1.000, steps in the past 0.010, valid nll 1.386
  [diag] log10|dL/dh_t| hist bins=60 range=(-12.00,-2.48) mean=-11.95 p50=-12.00 p05=-12.00 p95=-12.00
  [diag] sat-dist hist bins=60 sat<0.05=0.0% mean=0.983 p10=0.982 p90=0.984
Iter 0001520: train nll 1.386, valid error 076.000%, best valid error 073.850%, avg grad norm   0.179, avg grad norm (post clip)   0.052, rho_Whh  0.94, Omega  0.00, alpha  1.000, steps in the past 0.010, valid nll 1.386
  [diag] log10|dL/dh_t| hist bins=60 range=(-12.00,-2.48) mean=-11.95 p50=-12.00 p05=-12.00 p95=-12.00
  [diag] sat-dist hist bins=60 sat<0.05=0.0% mean=0.983 p10=0.982 p90=0.983
Iter 0001540: train nll 1.386, valid error 075.950%, best valid error 073.850%, avg grad norm   0.197, avg grad norm (post clip)   0.053, rho_Whh  0.94, Omega  0.00, alpha  1.000, steps in the past 0.009, valid nll 1.386
  [diag] log10|dL/dh_t| hist bins=60 range=(-12.00,-2.48) mean=-11.95 p50=-12.00 p05=-12.00 p95=-12.00
  [diag] sat-dist hist bins=60 sat<0.05=0.0% mean=0.983 p10=0.982 p90=0.983
Iter 0001560: train nll 1.387, valid error 076.000%, best valid error 073.850%, avg grad norm   0.227, avg grad norm (post clip)   0.053, rho_Whh  0.94, Omega  0.00, alpha  1.000, steps in the past 0.010, valid nll 1.386
  [diag] log10|dL/dh_t| hist bins=60 range=(-12.00,-2.48) mean=-11.95 p50=-12.00 p05=-12.00 p95=-12.00
  [diag] sat-dist hist bins=60 sat<0.05=0.0% mean=0.983 p10=0.983 p90=0.984
Iter 0001580: train nll 1.387, valid error 076.000%, best valid error 073.850%, avg grad norm   0.179, avg grad norm (post clip)   0.053, rho_Whh  0.94, Omega  0.00, alpha  1.000, steps in the past 0.010, valid nll 1.386
  [diag] log10|dL/dh_t| hist bins=60 range=(-12.00,-2.48) mean=-11.95 p50=-12.00 p05=-12.00 p95=-12.00
  [diag] sat-dist hist bins=60 sat<0.05=0.0% mean=0.983 p10=0.983 p90=0.984
Iter 0001600: train nll 1.387, valid error 076.000%, best valid error 073.850%, avg grad norm   0.204, avg grad norm (post clip)   0.053, rho_Whh  0.94, Omega  0.00, alpha  1.000, steps in the past 0.009, valid nll 1.386
  [diag] log10|dL/dh_t| hist bins=60 range=(-12.00,-2.48) mean=-11.95 p50=-12.00 p05=-12.00 p95=-12.00
  [diag] sat-dist hist bins=60 sat<0.05=0.0% mean=0.984 p10=0.983 p90=0.985
Iter 0001620: train nll 1.386, valid error 075.950%, best valid error 073.850%, avg grad norm   0.185, avg grad norm (post clip)   0.052, rho_Whh  0.94, Omega  0.00, alpha  1.000, steps in the past 0.008, valid nll 1.386
  [diag] log10|dL/dh_t| hist bins=60 range=(-12.00,-2.48) mean=-11.95 p50=-12.00 p05=-12.00 p95=-12.00
  [diag] sat-dist hist bins=60 sat<0.05=0.0% mean=0.984 p10=0.984 p90=0.985
Iter 0001640: train nll 1.386, valid error 075.950%, best valid error 073.850%, avg grad norm   0.183, avg grad norm (post clip)   0.053, rho_Whh  0.94, Omega  0.00, alpha  1.000, steps in the past 0.009, valid nll 1.386
  [diag] log10|dL/dh_t| hist bins=60 range=(-12.00,-2.48) mean=-11.95 p50=-12.00 p05=-12.00 p95=-12.00
  [diag] sat-dist hist bins=60 sat<0.05=0.0% mean=0.984 p10=0.983 p90=0.985
Iter 0001660: train nll 1.386, valid error 075.950%, best valid error 073.850%, avg grad norm   0.200, avg grad norm (post clip)   0.053, rho_Whh  0.94, Omega  0.00, alpha  1.000, steps in the past 0.009, valid nll 1.386
  [diag] log10|dL/dh_t| hist bins=60 range=(-12.00,-2.48) mean=-11.95 p50=-12.00 p05=-12.00 p95=-12.00
  [diag] sat-dist hist bins=60 sat<0.05=0.0% mean=0.984 p10=0.983 p90=0.984
Iter 0001680: train nll 1.386, valid error 075.950%, best valid error 073.850%, avg grad norm   0.174, avg grad norm (post clip)   0.053, rho_Whh  0.94, Omega  0.00, alpha  1.000, steps in the past 0.008, valid nll 1.386
  [diag] log10|dL/dh_t| hist bins=60 range=(-12.00,-2.48) mean=-11.95 p50=-12.00 p05=-12.00 p95=-12.00
  [diag] sat-dist hist bins=60 sat<0.05=0.0% mean=0.984 p10=0.983 p90=0.984
Iter 0001700: train nll 1.386, valid error 075.950%, best valid error 073.850%, avg grad norm   0.159, avg grad norm (post clip)   0.051, rho_Whh  0.94, Omega  0.00, alpha  1.000, steps in the past 0.007, valid nll 1.386
  [diag] log10|dL/dh_t| hist bins=60 range=(-12.00,-2.48) mean=-11.95 p50=-12.00 p05=-12.00 p95=-12.00
  [diag] sat-dist hist bins=60 sat<0.05=0.0% mean=0.984 p10=0.983 p90=0.984
Iter 0001720: train nll 1.386, valid error 075.950%, best valid error 073.850%, avg grad norm   0.201, avg grad norm (post clip)   0.053, rho_Whh  0.94, Omega  0.00, alpha  1.000, steps in the past 0.011, valid nll 1.386
  [diag] log10|dL/dh_t| hist bins=60 range=(-12.00,-2.48) mean=-11.95 p50=-12.00 p05=-12.00 p95=-12.00
  [diag] sat-dist hist bins=60 sat<0.05=0.0% mean=0.984 p10=0.983 p90=0.984
Iter 0001740: train nll 1.386, valid error 075.900%, best valid error 073.850%, avg grad norm   0.182, avg grad norm (post clip)   0.053, rho_Whh  0.94, Omega  0.00, alpha  1.000, steps in the past 0.009, valid nll 1.386
  [diag] log10|dL/dh_t| hist bins=60 range=(-12.00,-2.48) mean=-11.95 p50=-12.00 p05=-12.00 p95=-12.00
  [diag] sat-dist hist bins=60 sat<0.05=0.0% mean=0.983 p10=0.983 p90=0.984
Iter 0001760: train nll 1.386, valid error 075.950%, best valid error 073.850%, avg grad norm   0.187, avg grad norm (post clip)   0.053, rho_Whh  0.94, Omega  0.00, alpha  1.000, steps in the past 0.009, valid nll 1.386
  [diag] log10|dL/dh_t| hist bins=60 range=(-12.00,-2.48) mean=-11.95 p50=-12.00 p05=-12.00 p95=-12.00
  [diag] sat-dist hist bins=60 sat<0.05=0.0% mean=0.983 p10=0.982 p90=0.984
Iter 0001780: train nll 1.386, valid error 075.900%, best valid error 073.850%, avg grad norm   0.186, avg grad norm (post clip)   0.053, rho_Whh  0.94, Omega  0.00, alpha  1.000, steps in the past 0.009, valid nll 1.386
  [diag] log10|dL/dh_t| hist bins=60 range=(-12.00,-2.48) mean=-11.95 p50=-12.00 p05=-12.00 p95=-12.00
  [diag] sat-dist hist bins=60 sat<0.05=0.0% mean=0.983 p10=0.983 p90=0.984
Iter 0001800: train nll 1.386, valid error 075.950%, best valid error 073.850%, avg grad norm   0.153, avg grad norm (post clip)   0.051, rho_Whh  0.94, Omega  0.00, alpha  1.000, steps in the past 0.011, valid nll 1.386
  [diag] log10|dL/dh_t| hist bins=60 range=(-12.00,-2.48) mean=-11.95 p50=-12.00 p05=-12.00 p95=-12.00
  [diag] sat-dist hist bins=60 sat<0.05=0.0% mean=0.983 p10=0.982 p90=0.983
Iter 0001820: train nll 1.386, valid error 075.800%, best valid error 073.850%, avg grad norm   0.220, avg grad norm (post clip)   0.053, rho_Whh  0.94, Omega  0.00, alpha  1.000, steps in the past 0.009, valid nll 1.386
  [diag] log10|dL/dh_t| hist bins=60 range=(-12.00,-2.48) mean=-11.95 p50=-12.00 p05=-12.00 p95=-12.00
  [diag] sat-dist hist bins=60 sat<0.05=0.0% mean=0.983 p10=0.982 p90=0.983
Iter 0001840: train nll 1.386, valid error 075.250%, best valid error 073.850%, avg grad norm   0.179, avg grad norm (post clip)   0.053, rho_Whh  0.94, Omega  0.00, alpha  1.000, steps in the past 0.008, valid nll 1.386
  [diag] log10|dL/dh_t| hist bins=60 range=(-12.00,-2.48) mean=-11.95 p50=-12.00 p05=-12.00 p95=-12.00
  [diag] sat-dist hist bins=60 sat<0.05=0.0% mean=0.983 p10=0.982 p90=0.984
Iter 0001860: train nll 1.386, valid error 075.750%, best valid error 073.850%, avg grad norm   0.158, avg grad norm (post clip)   0.053, rho_Whh  0.94, Omega  0.00, alpha  1.000, steps in the past 0.008, valid nll 1.386
  [diag] log10|dL/dh_t| hist bins=60 range=(-12.00,-2.48) mean=-11.95 p50=-12.00 p05=-12.00 p95=-12.00
  [diag] sat-dist hist bins=60 sat<0.05=0.0% mean=0.983 p10=0.982 p90=0.984
Iter 0001880: train nll 1.386, valid error 075.500%, best valid error 073.850%, avg grad norm   0.173, avg grad norm (post clip)   0.053, rho_Whh  0.94, Omega  0.00, alpha  1.000, steps in the past 0.008, valid nll 1.386
  [diag] log10|dL/dh_t| hist bins=60 range=(-12.00,-2.48) mean=-11.95 p50=-12.00 p05=-12.00 p95=-12.00
  [diag] sat-dist hist bins=60 sat<0.05=0.0% mean=0.983 p10=0.982 p90=0.984
Iter 0001900: train nll 1.387, valid error 075.500%, best valid error 073.850%, avg grad norm   0.173, avg grad norm (post clip)   0.053, rho_Whh  0.94, Omega  0.00, alpha  1.000, steps in the past 0.009, valid nll 1.386
  [diag] log10|dL/dh_t| hist bins=60 range=(-12.00,-2.48) mean=-11.95 p50=-12.00 p05=-12.00 p95=-12.00
  [diag] sat-dist hist bins=60 sat<0.05=0.0% mean=0.983 p10=0.982 p90=0.983
Iter 0001920: train nll 1.386, valid error 075.200%, best valid error 073.850%, avg grad norm   0.183, avg grad norm (post clip)   0.053, rho_Whh  0.94, Omega  0.00, alpha  1.000, steps in the past 0.009, valid nll 1.386
  [diag] log10|dL/dh_t| hist bins=60 range=(-12.00,-2.48) mean=-11.95 p50=-12.00 p05=-12.00 p95=-12.00
  [diag] sat-dist hist bins=60 sat<0.05=0.0% mean=0.983 p10=0.982 p90=0.984
Iter 0001940: train nll 1.386, valid error 075.200%, best valid error 073.850%, avg grad norm   0.184, avg grad norm (post clip)   0.053, rho_Whh  0.94, Omega  0.00, alpha  1.000, steps in the past 0.009, valid nll 1.386
  [diag] log10|dL/dh_t| hist bins=60 range=(-12.00,-2.48) mean=-11.95 p50=-12.00 p05=-12.00 p95=-12.00
  [diag] sat-dist hist bins=60 sat<0.05=0.0% mean=0.983 p10=0.982 p90=0.983
Iter 0001960: train nll 1.386, valid error 074.850%, best valid error 073.850%, avg grad norm   0.187, avg grad norm (post clip)   0.053, rho_Whh  0.94, Omega  0.00, alpha  1.000, steps in the past 0.011, valid nll 1.386
  [diag] log10|dL/dh_t| hist bins=60 range=(-12.00,-2.48) mean=-11.95 p50=-12.00 p05=-12.00 p95=-12.00
  [diag] sat-dist hist bins=60 sat<0.05=0.0% mean=0.983 p10=0.982 p90=0.983
Iter 0001980: train nll 1.386, valid error 075.100%, best valid error 073.850%, avg grad norm   0.171, avg grad norm (post clip)   0.053, rho_Whh  0.94, Omega  0.00, alpha  1.000, steps in the past 0.009, valid nll 1.386
  [diag] log10|dL/dh_t| hist bins=60 range=(-12.00,-2.48) mean=-11.95 p50=-12.00 p05=-12.00 p95=-12.00
  [diag] sat-dist hist bins=60 sat<0.05=0.0% mean=0.983 p10=0.982 p90=0.983
Iter 0002000: train nll 1.386, valid error 075.000%, best valid error 073.850%, avg grad norm   0.184, avg grad norm (post clip)   0.053, rho_Whh  0.94, Omega  0.00, alpha  1.000, steps in the past 0.011, valid nll 1.386
  [diag] log10|dL/dh_t| hist bins=60 range=(-12.00,-2.48) mean=-11.95 p50=-12.00 p05=-12.00 p95=-12.00
  [diag] sat-dist hist bins=60 sat<0.05=0.0% mean=0.982 p10=0.982 p90=0.983
Iter 0002020: train nll 1.386, valid error 074.550%, best valid error 073.850%, avg grad norm   0.190, avg grad norm (post clip)   0.053, rho_Whh  0.94, Omega  0.00, alpha  1.000, steps in the past 0.011, valid nll 1.386
  [diag] log10|dL/dh_t| hist bins=60 range=(-12.00,-2.48) mean=-11.95 p50=-12.00 p05=-12.00 p95=-12.00
  [diag] sat-dist hist bins=60 sat<0.05=0.0% mean=0.983 p10=0.982 p90=0.983
Iter 0002040: train nll 1.386, valid error 074.550%, best valid error 073.850%, avg grad norm   0.202, avg grad norm (post clip)   0.053, rho_Whh  0.94, Omega  0.00, alpha  1.000, steps in the past 0.009, valid nll 1.386
  [diag] log10|dL/dh_t| hist bins=60 range=(-12.00,-2.48) mean=-11.95 p50=-12.00 p05=-12.00 p95=-12.00
  [diag] sat-dist hist bins=60 sat<0.05=0.0% mean=0.983 p10=0.982 p90=0.983
Iter 0002060: train nll 1.387, valid error 075.350%, best valid error 073.850%, avg grad norm   0.182, avg grad norm (post clip)   0.053, rho_Whh  0.94, Omega  0.00, alpha  1.000, steps in the past 0.010, valid nll 1.386
  [diag] log10|dL/dh_t| hist bins=60 range=(-12.00,-2.48) mean=-11.95 p50=-12.00 p05=-12.00 p95=-12.00
  [diag] sat-dist hist bins=60 sat<0.05=0.0% mean=0.983 p10=0.982 p90=0.983
Iter 0002080: train nll 1.386, valid error 074.750%, best valid error 073.850%, avg grad norm   0.171, avg grad norm (post clip)   0.053, rho_Whh  0.94, Omega  0.00, alpha  1.000, steps in the past 0.008, valid nll 1.386
  [diag] log10|dL/dh_t| hist bins=60 range=(-12.00,-2.48) mean=-11.95 p50=-12.00 p05=-12.00 p95=-12.00
  [diag] sat-dist hist bins=60 sat<0.05=0.0% mean=0.983 p10=0.982 p90=0.983
Iter 0002100: train nll 1.387, valid error 075.150%, best valid error 073.850%, avg grad norm   0.191, avg grad norm (post clip)   0.053, rho_Whh  0.94, Omega  0.00, alpha  1.000, steps in the past 0.009, valid nll 1.386
  [diag] log10|dL/dh_t| hist bins=60 range=(-12.00,-2.48) mean=-11.95 p50=-12.00 p05=-12.00 p95=-12.00
  [diag] sat-dist hist bins=60 sat<0.05=0.0% mean=0.983 p10=0.982 p90=0.983
Iter 0002120: train nll 1.386, valid error 075.400%, best valid error 073.850%, avg grad norm   0.179, avg grad norm (post clip)   0.053, rho_Whh  0.94, Omega  0.00, alpha  1.000, steps in the past 0.009, valid nll 1.386
  [diag] log10|dL/dh_t| hist bins=60 range=(-12.00,-2.48) mean=-11.95 p50=-12.00 p05=-12.00 p95=-12.00
  [diag] sat-dist hist bins=60 sat<0.05=0.0% mean=0.982 p10=0.981 p90=0.983
Iter 0002140: train nll 1.387, valid error 074.600%, best valid error 073.850%, avg grad norm   0.192, avg grad norm (post clip)   0.053, rho_Whh  0.94, Omega  0.00, alpha  1.000, steps in the past 0.010, valid nll 1.386
  [diag] log10|dL/dh_t| hist bins=60 range=(-12.00,-2.48) mean=-11.95 p50=-12.00 p05=-12.00 p95=-12.00
  [diag] sat-dist hist bins=60 sat<0.05=0.0% mean=0.982 p10=0.981 p90=0.982
Iter 0002160: train nll 1.387, valid error 074.500%, best valid error 073.850%, avg grad norm   0.201, avg grad norm (post clip)   0.053, rho_Whh  0.94, Omega  0.00, alpha  1.000, steps in the past 0.010, valid nll 1.386
  [diag] log10|dL/dh_t| hist bins=60 range=(-12.00,-2.48) mean=-11.95 p50=-12.00 p05=-12.00 p95=-12.00
  [diag] sat-dist hist bins=60 sat<0.05=0.0% mean=0.981 p10=0.980 p90=0.981
Iter 0002180: train nll 1.386, valid error 074.500%, best valid error 073.850%, avg grad norm   0.209, avg grad norm (post clip)   0.053, rho_Whh  0.94, Omega  0.00, alpha  1.000, steps in the past 0.009, valid nll 1.386
  [diag] log10|dL/dh_t| hist bins=60 range=(-12.00,-2.48) mean=-11.95 p50=-12.00 p05=-12.00 p95=-12.00
  [diag] sat-dist hist bins=60 sat<0.05=0.0% mean=0.981 p10=0.980 p90=0.981
Iter 0002200: train nll 1.386, valid error 074.500%, best valid error 073.850%, avg grad norm   0.198, avg grad norm (post clip)   0.053, rho_Whh  0.94, Omega  0.00, alpha  1.000, steps in the past 0.010, valid nll 1.386
  [diag] log10|dL/dh_t| hist bins=60 range=(-12.00,-2.48) mean=-11.95 p50=-12.00 p05=-12.00 p95=-12.00
  [diag] sat-dist hist bins=60 sat<0.05=0.0% mean=0.981 p10=0.980 p90=0.982
Iter 0002220: train nll 1.387, valid error 074.500%, best valid error 073.850%, avg grad norm   0.197, avg grad norm (post clip)   0.053, rho_Whh  0.94, Omega  0.00, alpha  1.000, steps in the past 0.009, valid nll 1.386
  [diag] log10|dL/dh_t| hist bins=60 range=(-12.00,-2.48) mean=-11.95 p50=-12.00 p05=-12.00 p95=-12.00
  [diag] sat-dist hist bins=60 sat<0.05=0.0% mean=0.981 p10=0.980 p90=0.982
Iter 0002240: train nll 1.386, valid error 074.500%, best valid error 073.850%, avg grad norm   0.196, avg grad norm (post clip)   0.053, rho_Whh  0.94, Omega  0.00, alpha  1.000, steps in the past 0.009, valid nll 1.386
  [diag] log10|dL/dh_t| hist bins=60 range=(-12.00,-2.48) mean=-11.95 p50=-12.00 p05=-12.00 p95=-12.00
  [diag] sat-dist hist bins=60 sat<0.05=0.0% mean=0.981 p10=0.980 p90=0.981
Iter 0002260: train nll 1.386, valid error 074.500%, best valid error 073.850%, avg grad norm   0.175, avg grad norm (post clip)   0.053, rho_Whh  0.94, Omega  0.00, alpha  1.000, steps in the past 0.008, valid nll 1.386
  [diag] log10|dL/dh_t| hist bins=60 range=(-12.00,-2.48) mean=-11.95 p50=-12.00 p05=-12.00 p95=-12.00
  [diag] sat-dist hist bins=60 sat<0.05=0.0% mean=0.981 p10=0.980 p90=0.982
Iter 0002280: train nll 1.387, valid error 074.500%, best valid error 073.850%, avg grad norm   0.198, avg grad norm (post clip)   0.053, rho_Whh  0.94, Omega  0.00, alpha  1.000, steps in the past 0.008, valid nll 1.386
  [diag] log10|dL/dh_t| hist bins=60 range=(-12.00,-2.48) mean=-11.95 p50=-12.00 p05=-12.00 p95=-12.00
  [diag] sat-dist hist bins=60 sat<0.05=0.0% mean=0.981 p10=0.980 p90=0.981
Iter 0002300: train nll 1.386, valid error 074.500%, best valid error 073.850%, avg grad norm   0.187, avg grad norm (post clip)   0.053, rho_Whh  0.94, Omega  0.00, alpha  1.000, steps in the past 0.009, valid nll 1.386
  [diag] log10|dL/dh_t| hist bins=60 range=(-12.00,-2.48) mean=-11.95 p50=-12.00 p05=-12.00 p95=-12.00
  [diag] sat-dist hist bins=60 sat<0.05=0.0% mean=0.981 p10=0.980 p90=0.982
Iter 0002320: train nll 1.387, valid error 074.500%, best valid error 073.850%, avg grad norm   0.198, avg grad norm (post clip)   0.053, rho_Whh  0.94, Omega  0.00, alpha  1.000, steps in the past 0.009, valid nll 1.386
  [diag] log10|dL/dh_t| hist bins=60 range=(-12.00,-2.48) mean=-11.95 p50=-12.00 p05=-12.00 p95=-12.00
  [diag] sat-dist hist bins=60 sat<0.05=0.0% mean=0.981 p10=0.980 p90=0.982
Iter 0002340: train nll 1.387, valid error 074.500%, best valid error 073.850%, avg grad norm   0.175, avg grad norm (post clip)   0.052, rho_Whh  0.94, Omega  0.00, alpha  1.000, steps in the past 0.010, valid nll 1.386
  [diag] log10|dL/dh_t| hist bins=60 range=(-12.00,-2.48) mean=-11.95 p50=-12.00 p05=-12.00 p95=-12.00
  [diag] sat-dist hist bins=60 sat<0.05=0.0% mean=0.981 p10=0.980 p90=0.981
Iter 0002360: train nll 1.386, valid error 074.500%, best valid error 073.850%, avg grad norm   0.222, avg grad norm (post clip)   0.053, rho_Whh  0.94, Omega  0.00, alpha  1.000, steps in the past 0.010, valid nll 1.386
  [diag] log10|dL/dh_t| hist bins=60 range=(-12.00,-2.48) mean=-11.95 p50=-12.00 p05=-12.00 p95=-12.00
  [diag] sat-dist hist bins=60 sat<0.05=0.0% mean=0.981 p10=0.980 p90=0.982
Iter 0002380: train nll 1.387, valid error 074.500%, best valid error 073.850%, avg grad norm   0.204, avg grad norm (post clip)   0.053, rho_Whh  0.94, Omega  0.00, alpha  1.000, steps in the past 0.010, valid nll 1.386
  [diag] log10|dL/dh_t| hist bins=60 range=(-12.00,-2.48) mean=-11.95 p50=-12.00 p05=-12.00 p95=-12.00
  [diag] sat-dist hist bins=60 sat<0.05=0.0% mean=0.981 p10=0.981 p90=0.982
Iter 0002400: train nll 1.386, valid error 074.500%, best valid error 073.850%, avg grad norm   0.177, avg grad norm (post clip)   0.052, rho_Whh  0.94, Omega  0.00, alpha  1.000, steps in the past 0.009, valid nll 1.386
  [diag] log10|dL/dh_t| hist bins=60 range=(-12.00,-2.48) mean=-11.95 p50=-12.00 p05=-12.00 p95=-12.00
  [diag] sat-dist hist bins=60 sat<0.05=0.0% mean=0.982 p10=0.981 p90=0.982
Iter 0002420: train nll 1.386, valid error 074.500%, best valid error 073.850%, avg grad norm   0.165, avg grad norm (post clip)   0.052, rho_Whh  0.94, Omega  0.00, alpha  1.000, steps in the past 0.010, valid nll 1.386
  [diag] log10|dL/dh_t| hist bins=60 range=(-12.00,-2.48) mean=-11.95 p50=-12.00 p05=-12.00 p95=-12.00
  [diag] sat-dist hist bins=60 sat<0.05=0.0% mean=0.982 p10=0.981 p90=0.982
Iter 0002440: train nll 1.386, valid error 074.550%, best valid error 073.850%, avg grad norm   0.202, avg grad norm (post clip)   0.053, rho_Whh  0.94, Omega  0.00, alpha  1.000, steps in the past 0.010, valid nll 1.386
  [diag] log10|dL/dh_t| hist bins=60 range=(-12.00,-2.48) mean=-11.95 p50=-12.00 p05=-12.00 p95=-12.00
  [diag] sat-dist hist bins=60 sat<0.05=0.0% mean=0.982 p10=0.981 p90=0.982
Iter 0002460: train nll 1.386, valid error 074.750%, best valid error 073.850%, avg grad norm   0.190, avg grad norm (post clip)   0.052, rho_Whh  0.94, Omega  0.00, alpha  1.000, steps in the past 0.009, valid nll 1.386
  [diag] log10|dL/dh_t| hist bins=60 range=(-12.00,-2.48) mean=-11.95 p50=-12.00 p05=-12.00 p95=-12.00
  [diag] sat-dist hist bins=60 sat<0.05=0.0% mean=0.982 p10=0.981 p90=0.982
Iter 0002480: train nll 1.386, valid error 074.650%, best valid error 073.850%, avg grad norm   0.171, avg grad norm (post clip)   0.053, rho_Whh  0.94, Omega  0.00, alpha  1.000, steps in the past 0.010, valid nll 1.386
  [diag] log10|dL/dh_t| hist bins=60 range=(-12.00,-2.48) mean=-11.95 p50=-12.00 p05=-12.00 p95=-12.00
  [diag] sat-dist hist bins=60 sat<0.05=0.0% mean=0.982 p10=0.982 p90=0.983
Iter 0002500: train nll 1.387, valid error 074.900%, best valid error 073.850%, avg grad norm   0.194, avg grad norm (post clip)   0.053, rho_Whh  0.94, Omega  0.00, alpha  1.000, steps in the past 0.009, valid nll 1.386
  [diag] log10|dL/dh_t| hist bins=60 range=(-12.00,-2.48) mean=-11.95 p50=-12.00 p05=-12.00 p95=-12.00
  [diag] sat-dist hist bins=60 sat<0.05=0.0% mean=0.983 p10=0.982 p90=0.983
Iter 0002520: train nll 1.387, valid error 074.950%, best valid error 073.850%, avg grad norm   0.166, avg grad norm (post clip)   0.052, rho_Whh  0.94, Omega  0.00, alpha  1.000, steps in the past 0.009, valid nll 1.386
  [diag] log10|dL/dh_t| hist bins=60 range=(-12.00,-2.48) mean=-11.95 p50=-12.00 p05=-12.00 p95=-12.00
  [diag] sat-dist hist bins=60 sat<0.05=0.0% mean=0.982 p10=0.981 p90=0.983
Iter 0002540: train nll 1.386, valid error 074.500%, best valid error 073.850%, avg grad norm   0.214, avg grad norm (post clip)   0.053, rho_Whh  0.94, Omega  0.00, alpha  1.000, steps in the past 0.009, valid nll 1.386
  [diag] log10|dL/dh_t| hist bins=60 range=(-12.00,-2.48) mean=-11.95 p50=-12.00 p05=-12.00 p95=-12.00
  [diag] sat-dist hist bins=60 sat<0.05=0.0% mean=0.983 p10=0.982 p90=0.983
Iter 0002560: train nll 1.387, valid error 074.450%, best valid error 073.850%, avg grad norm   0.199, avg grad norm (post clip)   0.053, rho_Whh  0.94, Omega  0.00, alpha  1.000, steps in the past 0.010, valid nll 1.386
  [diag] log10|dL/dh_t| hist bins=60 range=(-12.00,-2.48) mean=-11.95 p50=-12.00 p05=-12.00 p95=-12.00
  [diag] sat-dist hist bins=60 sat<0.05=0.0% mean=0.982 p10=0.981 p90=0.982
Iter 0002580: train nll 1.386, valid error 074.500%, best valid error 073.850%, avg grad norm   0.176, avg grad norm (post clip)   0.052, rho_Whh  0.94, Omega  0.00, alpha  1.000, steps in the past 0.010, valid nll 1.386
  [diag] log10|dL/dh_t| hist bins=60 range=(-12.00,-2.48) mean=-11.95 p50=-12.00 p05=-12.00 p95=-12.00
  [diag] sat-dist hist bins=60 sat<0.05=0.0% mean=0.982 p10=0.981 p90=0.982
Iter 0002600: train nll 1.386, valid error 074.500%, best valid error 073.850%, avg grad norm   0.177, avg grad norm (post clip)   0.053, rho_Whh  0.94, Omega  0.00, alpha  1.000, steps in the past 0.010, valid nll 1.386
  [diag] log10|dL/dh_t| hist bins=60 range=(-12.00,-2.48) mean=-11.95 p50=-12.00 p05=-12.00 p95=-12.00
  [diag] sat-dist hist bins=60 sat<0.05=0.0% mean=0.982 p10=0.981 p90=0.982
Iter 0002620: train nll 1.387, valid error 074.500%, best valid error 073.850%, avg grad norm   0.215, avg grad norm (post clip)   0.053, rho_Whh  0.94, Omega  0.00, alpha  1.000, steps in the past 0.009, valid nll 1.386
  [diag] log10|dL/dh_t| hist bins=60 range=(-12.00,-2.48) mean=-11.95 p50=-12.00 p05=-12.00 p95=-12.00
  [diag] sat-dist hist bins=60 sat<0.05=0.0% mean=0.982 p10=0.981 p90=0.982
Iter 0002640: train nll 1.387, valid error 074.500%, best valid error 073.850%, avg grad norm   0.192, avg grad norm (post clip)   0.053, rho_Whh  0.94, Omega  0.00, alpha  1.000, steps in the past 0.010, valid nll 1.386
  [diag] log10|dL/dh_t| hist bins=60 range=(-12.00,-2.48) mean=-11.95 p50=-12.00 p05=-12.00 p95=-12.00
  [diag] sat-dist hist bins=60 sat<0.05=0.0% mean=0.982 p10=0.981 p90=0.982
Iter 0002660: train nll 1.386, valid error 074.500%, best valid error 073.850%, avg grad norm   0.191, avg grad norm (post clip)   0.053, rho_Whh  0.94, Omega  0.00, alpha  1.000, steps in the past 0.010, valid nll 1.386
  [diag] log10|dL/dh_t| hist bins=60 range=(-12.00,-2.48) mean=-11.95 p50=-12.00 p05=-12.00 p95=-12.00
  [diag] sat-dist hist bins=60 sat<0.05=0.0% mean=0.982 p10=0.982 p90=0.983
Iter 0002680: train nll 1.386, valid error 074.500%, best valid error 073.850%, avg grad norm   0.170, avg grad norm (post clip)   0.053, rho_Whh  0.94, Omega  0.00, alpha  1.000, steps in the past 0.009, valid nll 1.386
  [diag] log10|dL/dh_t| hist bins=60 range=(-12.00,-2.48) mean=-11.95 p50=-12.00 p05=-12.00 p95=-12.00
  [diag] sat-dist hist bins=60 sat<0.05=0.0% mean=0.982 p10=0.982 p90=0.983
Iter 0002700: train nll 1.387, valid error 074.500%, best valid error 073.850%, avg grad norm   0.162, avg grad norm (post clip)   0.053, rho_Whh  0.94, Omega  0.00, alpha  1.000, steps in the past 0.009, valid nll 1.386
  [diag] log10|dL/dh_t| hist bins=60 range=(-12.00,-2.48) mean=-11.95 p50=-12.00 p05=-12.00 p95=-12.00
  [diag] sat-dist hist bins=60 sat<0.05=0.0% mean=0.983 p10=0.982 p90=0.984
Iter 0002720: train nll 1.386, valid error 074.500%, best valid error 073.850%, avg grad norm   0.178, avg grad norm (post clip)   0.053, rho_Whh  0.94, Omega  0.00, alpha  1.000, steps in the past 0.010, valid nll 1.386
  [diag] log10|dL/dh_t| hist bins=60 range=(-12.00,-2.48) mean=-11.95 p50=-12.00 p05=-12.00 p95=-12.00
  [diag] sat-dist hist bins=60 sat<0.05=0.0% mean=0.983 p10=0.982 p90=0.983
Iter 0002740: train nll 1.386, valid error 074.500%, best valid error 073.850%, avg grad norm   0.171, avg grad norm (post clip)   0.053, rho_Whh  0.94, Omega  0.00, alpha  1.000, steps in the past 0.009, valid nll 1.386
  [diag] log10|dL/dh_t| hist bins=60 range=(-12.00,-2.48) mean=-11.95 p50=-12.00 p05=-12.00 p95=-12.00
  [diag] sat-dist hist bins=60 sat<0.05=0.0% mean=0.983 p10=0.982 p90=0.983
Iter 0002760: train nll 1.386, valid error 074.500%, best valid error 073.850%, avg grad norm   0.187, avg grad norm (post clip)   0.053, rho_Whh  0.94, Omega  0.00, alpha  1.000, steps in the past 0.009, valid nll 1.386
  [diag] log10|dL/dh_t| hist bins=60 range=(-12.00,-2.48) mean=-11.95 p50=-12.00 p05=-12.00 p95=-12.00
  [diag] sat-dist hist bins=60 sat<0.05=0.0% mean=0.983 p10=0.982 p90=0.983
Iter 0002780: train nll 1.386, valid error 074.500%, best valid error 073.850%, avg grad norm   0.176, avg grad norm (post clip)   0.053, rho_Whh  0.94, Omega  0.00, alpha  1.000, steps in the past 0.012, valid nll 1.386
  [diag] log10|dL/dh_t| hist bins=60 range=(-12.00,-2.48) mean=-11.95 p50=-12.00 p05=-12.00 p95=-12.00
  [diag] sat-dist hist bins=60 sat<0.05=0.0% mean=0.983 p10=0.982 p90=0.983
Iter 0002800: train nll 1.386, valid error 074.500%, best valid error 073.850%, avg grad norm   0.182, avg grad norm (post clip)   0.052, rho_Whh  0.94, Omega  0.00, alpha  1.000, steps in the past 0.009, valid nll 1.386
  [diag] log10|dL/dh_t| hist bins=60 range=(-12.00,-2.48) mean=-11.95 p50=-12.00 p05=-12.00 p95=-12.00
  [diag] sat-dist hist bins=60 sat<0.05=0.0% mean=0.982 p10=0.982 p90=0.983
Iter 0002820: train nll 1.387, valid error 074.500%, best valid error 073.850%, avg grad norm   0.173, avg grad norm (post clip)   0.053, rho_Whh  0.94, Omega  0.00, alpha  1.000, steps in the past 0.010, valid nll 1.386
  [diag] log10|dL/dh_t| hist bins=60 range=(-12.00,-2.48) mean=-11.95 p50=-12.00 p05=-12.00 p95=-12.00
  [diag] sat-dist hist bins=60 sat<0.05=0.0% mean=0.983 p10=0.982 p90=0.983
Iter 0002840: train nll 1.386, valid error 074.500%, best valid error 073.850%, avg grad norm   0.164, avg grad norm (post clip)   0.053, rho_Whh  0.94, Omega  0.00, alpha  1.000, steps in the past 0.010, valid nll 1.386
  [diag] log10|dL/dh_t| hist bins=60 range=(-12.00,-2.48) mean=-11.95 p50=-12.00 p05=-12.00 p95=-12.00
  [diag] sat-dist hist bins=60 sat<0.05=0.0% mean=0.983 p10=0.982 p90=0.984
Iter 0002860: train nll 1.385, valid error 074.500%, best valid error 073.850%, avg grad norm   0.182, avg grad norm (post clip)   0.053, rho_Whh  0.94, Omega  0.00, alpha  1.000, steps in the past 0.008, valid nll 1.386
  [diag] log10|dL/dh_t| hist bins=60 range=(-12.00,-2.48) mean=-11.95 p50=-12.00 p05=-12.00 p95=-12.00
  [diag] sat-dist hist bins=60 sat<0.05=0.0% mean=0.983 p10=0.983 p90=0.984
Iter 0002880: train nll 1.386, valid error 074.300%, best valid error 073.850%, avg grad norm   0.192, avg grad norm (post clip)   0.053, rho_Whh  0.94, Omega  0.00, alpha  1.000, steps in the past 0.010, valid nll 1.386
  [diag] log10|dL/dh_t| hist bins=60 range=(-12.00,-2.48) mean=-11.95 p50=-12.00 p05=-12.00 p95=-12.00
  [diag] sat-dist hist bins=60 sat<0.05=0.0% mean=0.983 p10=0.983 p90=0.984
Iter 0002900: train nll 1.386, valid error 074.200%, best valid error 073.850%, avg grad norm   0.183, avg grad norm (post clip)   0.053, rho_Whh  0.94, Omega  0.00, alpha  1.000, steps in the past 0.008, valid nll 1.386
  [diag] log10|dL/dh_t| hist bins=60 range=(-12.00,-2.48) mean=-11.95 p50=-12.00 p05=-12.00 p95=-12.00
  [diag] sat-dist hist bins=60 sat<0.05=0.0% mean=0.984 p10=0.983 p90=0.984
Iter 0002920: train nll 1.387, valid error 074.500%, best valid error 073.850%, avg grad norm   0.191, avg grad norm (post clip)   0.052, rho_Whh  0.94, Omega  0.00, alpha  1.000, steps in the past 0.009, valid nll 1.386
  [diag] log10|dL/dh_t| hist bins=60 range=(-12.00,-2.48) mean=-11.95 p50=-12.00 p05=-12.00 p95=-12.00
  [diag] sat-dist hist bins=60 sat<0.05=0.0% mean=0.984 p10=0.983 p90=0.984
Iter 0002940: train nll 1.386, valid error 073.400%, best valid error 073.850%, avg grad norm   0.160, avg grad norm (post clip)   0.052, rho_Whh  0.94, Omega  0.00, alpha  1.000, steps in the past 0.009, valid nll 1.386
  [diag] log10|dL/dh_t| hist bins=60 range=(-12.00,-2.48) mean=-11.95 p50=-12.00 p05=-12.00 p95=-12.00
  [diag] sat-dist hist bins=60 sat<0.05=0.0% mean=0.984 p10=0.983 p90=0.984
Iter 0002960: train nll 1.386, valid error 074.300%, best valid error 073.400%, avg grad norm   0.165, avg grad norm (post clip)   0.052, rho_Whh  0.94, Omega  0.00, alpha  1.000, steps in the past 0.008, valid nll 1.386
  [diag] log10|dL/dh_t| hist bins=60 range=(-12.00,-2.48) mean=-11.95 p50=-12.00 p05=-12.00 p95=-12.00
  [diag] sat-dist hist bins=60 sat<0.05=0.0% mean=0.983 p10=0.983 p90=0.984
Iter 0002980: train nll 1.386, valid error 074.250%, best valid error 073.400%, avg grad norm   0.192, avg grad norm (post clip)   0.053, rho_Whh  0.94, Omega  0.00, alpha  1.000, steps in the past 0.010, valid nll 1.386
Done. solved=0 steps=2999 best_valid_error=73.4000%
=== DONE  EC_s1_alpha1_cut005_lr001 ===
=== START EC_s2_alpha05_cut005_lr001 ===
Starting to train (PyTorch).
  [diag] log10|dL/dh_t| hist bins=60 range=(-12.00,-2.48) mean=-11.95 p50=-12.00 p05=-12.00 p95=-12.00
  [diag] sat-dist hist bins=60 sat<0.05=0.0% mean=0.982 p10=0.982 p90=0.983
Iter 0000020: train nll 1.456, valid error 074.400%, best valid error 100.000%, avg grad norm   0.353, avg grad norm (post clip)   0.052, rho_Whh  0.95, Omega  0.09, alpha  0.500, steps in the past 0.011, valid nll 1.386
  [diag] log10|dL/dh_t| hist bins=60 range=(-12.00,-2.48) mean=-11.95 p50=-12.00 p05=-12.00 p95=-12.00
  [diag] sat-dist hist bins=60 sat<0.05=0.0% mean=0.982 p10=0.981 p90=0.983
Iter 0000040: train nll 1.386, valid error 074.750%, best valid error 074.400%, avg grad norm   0.317, avg grad norm (post clip)   0.053, rho_Whh  0.95, Omega  0.08, alpha  0.500, steps in the past 0.009, valid nll 1.386
  [diag] log10|dL/dh_t| hist bins=60 range=(-12.00,-2.48) mean=-11.95 p50=-12.00 p05=-12.00 p95=-12.00
  [diag] sat-dist hist bins=60 sat<0.05=0.0% mean=0.982 p10=0.981 p90=0.982
Iter 0000060: train nll 1.386, valid error 074.700%, best valid error 074.400%, avg grad norm   0.330, avg grad norm (post clip)   0.053, rho_Whh  0.95, Omega  0.08, alpha  0.500, steps in the past 0.008, valid nll 1.386
  [diag] log10|dL/dh_t| hist bins=60 range=(-12.00,-2.48) mean=-11.95 p50=-12.00 p05=-12.00 p95=-12.00
  [diag] sat-dist hist bins=60 sat<0.05=0.0% mean=0.982 p10=0.981 p90=0.982
Iter 0000080: train nll 1.386, valid error 074.450%, best valid error 074.400%, avg grad norm   0.320, avg grad norm (post clip)   0.053, rho_Whh  0.95, Omega  0.08, alpha  0.500, steps in the past 0.009, valid nll 1.386
  [diag] log10|dL/dh_t| hist bins=60 range=(-12.00,-2.48) mean=-11.95 p50=-12.00 p05=-12.00 p95=-12.00
  [diag] sat-dist hist bins=60 sat<0.05=0.0% mean=0.982 p10=0.981 p90=0.983
Iter 0000100: train nll 1.386, valid error 074.250%, best valid error 074.400%, avg grad norm   0.327, avg grad norm (post clip)   0.053, rho_Whh  0.95, Omega  0.07, alpha  0.500, steps in the past 0.008, valid nll 1.386
  [diag] log10|dL/dh_t| hist bins=60 range=(-12.00,-2.48) mean=-11.95 p50=-12.00 p05=-12.00 p95=-12.00
  [diag] sat-dist hist bins=60 sat<0.05=0.0% mean=0.982 p10=0.981 p90=0.982
Iter 0000120: train nll 1.386, valid error 074.200%, best valid error 074.250%, avg grad norm   0.315, avg grad norm (post clip)   0.053, rho_Whh  0.95, Omega  0.07, alpha  0.500, steps in the past 0.009, valid nll 1.386
  [diag] log10|dL/dh_t| hist bins=60 range=(-12.00,-2.48) mean=-11.95 p50=-12.00 p05=-12.00 p95=-12.00
  [diag] sat-dist hist bins=60 sat<0.05=0.0% mean=0.982 p10=0.981 p90=0.982
Iter 0000140: train nll 1.386, valid error 074.400%, best valid error 074.200%, avg grad norm   0.285, avg grad norm (post clip)   0.053, rho_Whh  0.95, Omega  0.06, alpha  0.500, steps in the past 0.009, valid nll 1.386
  [diag] log10|dL/dh_t| hist bins=60 range=(-12.00,-2.48) mean=-11.95 p50=-12.00 p05=-12.00 p95=-12.00
  [diag] sat-dist hist bins=60 sat<0.05=0.0% mean=0.981 p10=0.981 p90=0.982
Iter 0000160: train nll 1.386, valid error 074.250%, best valid error 074.200%, avg grad norm   0.292, avg grad norm (post clip)   0.053, rho_Whh  0.95, Omega  0.06, alpha  0.500, steps in the past 0.009, valid nll 1.386
  [diag] log10|dL/dh_t| hist bins=60 range=(-12.00,-2.48) mean=-11.95 p50=-12.00 p05=-12.00 p95=-12.00
  [diag] sat-dist hist bins=60 sat<0.05=0.0% mean=0.981 p10=0.980 p90=0.982
Iter 0000180: train nll 1.386, valid error 074.350%, best valid error 074.200%, avg grad norm   0.302, avg grad norm (post clip)   0.053, rho_Whh  0.95, Omega  0.05, alpha  0.500, steps in the past 0.010, valid nll 1.386
  [diag] log10|dL/dh_t| hist bins=60 range=(-12.00,-2.48) mean=-11.95 p50=-12.00 p05=-12.00 p95=-12.00
  [diag] sat-dist hist bins=60 sat<0.05=0.0% mean=0.981 p10=0.980 p90=0.981
Iter 0000200: train nll 1.386, valid error 074.500%, best valid error 074.200%, avg grad norm   0.299, avg grad norm (post clip)   0.053, rho_Whh  0.95, Omega  0.05, alpha  0.500, steps in the past 0.009, valid nll 1.386
  [diag] log10|dL/dh_t| hist bins=60 range=(-12.00,-2.48) mean=-11.95 p50=-12.00 p05=-12.00 p95=-12.00
  [diag] sat-dist hist bins=60 sat<0.05=0.0% mean=0.981 p10=0.980 p90=0.981
Iter 0000220: train nll 1.386, valid error 074.500%, best valid error 074.200%, avg grad norm   0.286, avg grad norm (post clip)   0.053, rho_Whh  0.95, Omega  0.05, alpha  0.500, steps in the past 0.010, valid nll 1.386
  [diag] log10|dL/dh_t| hist bins=60 range=(-12.00,-2.48) mean=-11.95 p50=-12.00 p05=-12.00 p95=-12.00
  [diag] sat-dist hist bins=60 sat<0.05=0.0% mean=0.981 p10=0.980 p90=0.981
Iter 0000240: train nll 1.386, valid error 074.500%, best valid error 074.200%, avg grad norm   0.287, avg grad norm (post clip)   0.053, rho_Whh  0.95, Omega  0.05, alpha  0.500, steps in the past 0.010, valid nll 1.386
  [diag] log10|dL/dh_t| hist bins=60 range=(-12.00,-2.48) mean=-11.95 p50=-12.00 p05=-12.00 p95=-12.00
  [diag] sat-dist hist bins=60 sat<0.05=0.0% mean=0.981 p10=0.980 p90=0.981
Iter 0000260: train nll 1.386, valid error 074.500%, best valid error 074.200%, avg grad norm   0.299, avg grad norm (post clip)   0.053, rho_Whh  0.95, Omega  0.04, alpha  0.500, steps in the past 0.011, valid nll 1.386
  [diag] log10|dL/dh_t| hist bins=60 range=(-12.00,-2.48) mean=-11.95 p50=-12.00 p05=-12.00 p95=-12.00
  [diag] sat-dist hist bins=60 sat<0.05=0.0% mean=0.981 p10=0.980 p90=0.981
Iter 0000280: train nll 1.386, valid error 074.500%, best valid error 074.200%, avg grad norm   0.283, avg grad norm (post clip)   0.053, rho_Whh  0.95, Omega  0.04, alpha  0.500, steps in the past 0.010, valid nll 1.386
  [diag] log10|dL/dh_t| hist bins=60 range=(-12.00,-2.48) mean=-11.95 p50=-12.00 p05=-12.00 p95=-12.00
  [diag] sat-dist hist bins=60 sat<0.05=0.0% mean=0.981 p10=0.980 p90=0.981
Iter 0000300: train nll 1.386, valid error 074.500%, best valid error 074.200%, avg grad norm   0.262, avg grad norm (post clip)   0.053, rho_Whh  0.95, Omega  0.04, alpha  0.500, steps in the past 0.009, valid nll 1.386
  [diag] log10|dL/dh_t| hist bins=60 range=(-12.00,-2.48) mean=-11.95 p50=-12.00 p05=-12.00 p95=-12.00
  [diag] sat-dist hist bins=60 sat<0.05=0.0% mean=0.981 p10=0.980 p90=0.981
Iter 0000320: train nll 1.387, valid error 074.500%, best valid error 074.200%, avg grad norm   0.273, avg grad norm (post clip)   0.053, rho_Whh  0.95, Omega  0.04, alpha  0.500, steps in the past 0.012, valid nll 1.386
  [diag] log10|dL/dh_t| hist bins=60 range=(-12.00,-2.48) mean=-11.95 p50=-12.00 p05=-12.00 p95=-12.00
  [diag] sat-dist hist bins=60 sat<0.05=0.0% mean=0.981 p10=0.980 p90=0.981
Iter 0000340: train nll 1.386, valid error 074.500%, best valid error 074.200%, avg grad norm   0.268, avg grad norm (post clip)   0.053, rho_Whh  0.95, Omega  0.03, alpha  0.500, steps in the past 0.009, valid nll 1.386
  [diag] log10|dL/dh_t| hist bins=60 range=(-12.00,-2.48) mean=-11.95 p50=-12.00 p05=-12.00 p95=-12.00
  [diag] sat-dist hist bins=60 sat<0.05=0.0% mean=0.981 p10=0.980 p90=0.981
Iter 0000360: train nll 1.386, valid error 074.500%, best valid error 074.200%, avg grad norm   0.258, avg grad norm (post clip)   0.053, rho_Whh  0.95, Omega  0.03, alpha  0.500, steps in the past 0.009, valid nll 1.386
  [diag] log10|dL/dh_t| hist bins=60 range=(-12.00,-2.48) mean=-11.95 p50=-12.00 p05=-12.00 p95=-12.00
  [diag] sat-dist hist bins=60 sat<0.05=0.0% mean=0.981 p10=0.980 p90=0.981
Iter 0000380: train nll 1.386, valid error 074.500%, best valid error 074.200%, avg grad norm   0.267, avg grad norm (post clip)   0.053, rho_Whh  0.95, Omega  0.03, alpha  0.500, steps in the past 0.009, valid nll 1.386
  [diag] log10|dL/dh_t| hist bins=60 range=(-12.00,-2.48) mean=-11.95 p50=-12.00 p05=-12.00 p95=-12.00
  [diag] sat-dist hist bins=60 sat<0.05=0.0% mean=0.981 p10=0.980 p90=0.981
Iter 0000400: train nll 1.386, valid error 074.500%, best valid error 074.200%, avg grad norm   0.253, avg grad norm (post clip)   0.053, rho_Whh  0.95, Omega  0.03, alpha  0.500, steps in the past 0.009, valid nll 1.386
  [diag] log10|dL/dh_t| hist bins=60 range=(-12.00,-2.48) mean=-11.95 p50=-12.00 p05=-12.00 p95=-12.00
  [diag] sat-dist hist bins=60 sat<0.05=0.0% mean=0.981 p10=0.980 p90=0.982
Iter 0000420: train nll 1.387, valid error 074.500%, best valid error 074.200%, avg grad norm   0.256, avg grad norm (post clip)   0.053, rho_Whh  0.95, Omega  0.03, alpha  0.500, steps in the past 0.009, valid nll 1.386
  [diag] log10|dL/dh_t| hist bins=60 range=(-12.00,-2.48) mean=-11.95 p50=-12.00 p05=-12.00 p95=-12.00
  [diag] sat-dist hist bins=60 sat<0.05=0.0% mean=0.981 p10=0.980 p90=0.981
Iter 0000440: train nll 1.386, valid error 074.500%, best valid error 074.200%, avg grad norm   0.272, avg grad norm (post clip)   0.053, rho_Whh  0.95, Omega  0.02, alpha  0.500, steps in the past 0.010, valid nll 1.386
  [diag] log10|dL/dh_t| hist bins=60 range=(-12.00,-2.48) mean=-11.95 p50=-12.00 p05=-12.00 p95=-12.00
  [diag] sat-dist hist bins=60 sat<0.05=0.0% mean=0.981 p10=0.980 p90=0.981
Iter 0000460: train nll 1.386, valid error 074.500%, best valid error 074.200%, avg grad norm   0.242, avg grad norm (post clip)   0.053, rho_Whh  0.95, Omega  0.02, alpha  0.500, steps in the past 0.011, valid nll 1.386
  [diag] log10|dL/dh_t| hist bins=60 range=(-12.00,-2.48) mean=-11.95 p50=-12.00 p05=-12.00 p95=-12.00
  [diag] sat-dist hist bins=60 sat<0.05=0.0% mean=0.981 p10=0.980 p90=0.982
Iter 0000480: train nll 1.386, valid error 074.500%, best valid error 074.200%, avg grad norm   0.251, avg grad norm (post clip)   0.053, rho_Whh  0.95, Omega  0.02, alpha  0.500, steps in the past 0.009, valid nll 1.386
  [diag] log10|dL/dh_t| hist bins=60 range=(-12.00,-2.48) mean=-11.95 p50=-12.00 p05=-12.00 p95=-12.00
  [diag] sat-dist hist bins=60 sat<0.05=0.0% mean=0.982 p10=0.981 p90=0.982
Iter 0000500: train nll 1.386, valid error 074.500%, best valid error 074.200%, avg grad norm   0.229, avg grad norm (post clip)   0.053, rho_Whh  0.95, Omega  0.02, alpha  0.500, steps in the past 0.009, valid nll 1.386
  [diag] log10|dL/dh_t| hist bins=60 range=(-12.00,-2.48) mean=-11.95 p50=-12.00 p05=-12.00 p95=-12.00
  [diag] sat-dist hist bins=60 sat<0.05=0.0% mean=0.982 p10=0.981 p90=0.982
Iter 0000520: train nll 1.386, valid error 074.500%, best valid error 074.200%, avg grad norm   0.245, avg grad norm (post clip)   0.053, rho_Whh  0.95, Omega  0.02, alpha  0.500, steps in the past 0.009, valid nll 1.386
  [diag] log10|dL/dh_t| hist bins=60 range=(-12.00,-2.48) mean=-11.95 p50=-12.00 p05=-12.00 p95=-12.00
  [diag] sat-dist hist bins=60 sat<0.05=0.0% mean=0.982 p10=0.981 p90=0.982
Iter 0000540: train nll 1.386, valid error 074.500%, best valid error 074.200%, avg grad norm   0.232, avg grad norm (post clip)   0.053, rho_Whh  0.95, Omega  0.02, alpha  0.500, steps in the past 0.010, valid nll 1.386
  [diag] log10|dL/dh_t| hist bins=60 range=(-12.00,-2.48) mean=-11.95 p50=-12.00 p05=-12.00 p95=-12.00
  [diag] sat-dist hist bins=60 sat<0.05=0.0% mean=0.982 p10=0.981 p90=0.982
Iter 0000560: train nll 1.386, valid error 074.500%, best valid error 074.200%, avg grad norm   0.247, avg grad norm (post clip)   0.053, rho_Whh  0.95, Omega  0.02, alpha  0.500, steps in the past 0.009, valid nll 1.386
  [diag] log10|dL/dh_t| hist bins=60 range=(-12.00,-2.48) mean=-11.95 p50=-12.00 p05=-12.00 p95=-12.00
  [diag] sat-dist hist bins=60 sat<0.05=0.0% mean=0.981 p10=0.980 p90=0.982
Iter 0000580: train nll 1.386, valid error 074.500%, best valid error 074.200%, avg grad norm   0.231, avg grad norm (post clip)   0.053, rho_Whh  0.95, Omega  0.01, alpha  0.500, steps in the past 0.008, valid nll 1.386
  [diag] log10|dL/dh_t| hist bins=60 range=(-12.00,-2.48) mean=-11.95 p50=-12.00 p05=-12.00 p95=-12.00
  [diag] sat-dist hist bins=60 sat<0.05=0.0% mean=0.982 p10=0.981 p90=0.982
Iter 0000600: train nll 1.387, valid error 074.500%, best valid error 074.200%, avg grad norm   0.202, avg grad norm (post clip)   0.053, rho_Whh  0.94, Omega  0.01, alpha  0.500, steps in the past 0.008, valid nll 1.386
  [diag] log10|dL/dh_t| hist bins=60 range=(-12.00,-2.48) mean=-11.95 p50=-12.00 p05=-12.00 p95=-12.00
  [diag] sat-dist hist bins=60 sat<0.05=0.0% mean=0.982 p10=0.981 p90=0.982
Iter 0000620: train nll 1.386, valid error 074.500%, best valid error 074.200%, avg grad norm   0.223, avg grad norm (post clip)   0.053, rho_Whh  0.94, Omega  0.01, alpha  0.500, steps in the past 0.009, valid nll 1.386
  [diag] log10|dL/dh_t| hist bins=60 range=(-12.00,-2.48) mean=-11.95 p50=-12.00 p05=-12.00 p95=-12.00
  [diag] sat-dist hist bins=60 sat<0.05=0.0% mean=0.982 p10=0.981 p90=0.982
Iter 0000640: train nll 1.386, valid error 074.500%, best valid error 074.200%, avg grad norm   0.211, avg grad norm (post clip)   0.053, rho_Whh  0.94, Omega  0.01, alpha  0.500, steps in the past 0.009, valid nll 1.386
  [diag] log10|dL/dh_t| hist bins=60 range=(-12.00,-2.48) mean=-11.95 p50=-12.00 p05=-12.00 p95=-12.00
  [diag] sat-dist hist bins=60 sat<0.05=0.0% mean=0.981 p10=0.980 p90=0.982
Iter 0000660: train nll 1.386, valid error 074.500%, best valid error 074.200%, avg grad norm   0.199, avg grad norm (post clip)   0.053, rho_Whh  0.94, Omega  0.01, alpha  0.500, steps in the past 0.010, valid nll 1.386
  [diag] log10|dL/dh_t| hist bins=60 range=(-12.00,-2.48) mean=-11.95 p50=-12.00 p05=-12.00 p95=-12.00
  [diag] sat-dist hist bins=60 sat<0.05=0.0% mean=0.981 p10=0.980 p90=0.981
Iter 0000680: train nll 1.386, valid error 074.500%, best valid error 074.200%, avg grad norm   0.187, avg grad norm (post clip)   0.053, rho_Whh  0.94, Omega  0.01, alpha  0.500, steps in the past 0.009, valid nll 1.386
  [diag] log10|dL/dh_t| hist bins=60 range=(-12.00,-2.48) mean=-11.95 p50=-12.00 p05=-12.00 p95=-12.00
  [diag] sat-dist hist bins=60 sat<0.05=0.0% mean=0.981 p10=0.980 p90=0.981
Iter 0000700: train nll 1.387, valid error 074.500%, best valid error 074.200%, avg grad norm   0.201, avg grad norm (post clip)   0.053, rho_Whh  0.94, Omega  0.01, alpha  0.500, steps in the past 0.009, valid nll 1.386
  [diag] log10|dL/dh_t| hist bins=60 range=(-12.00,-2.48) mean=-11.95 p50=-12.00 p05=-12.00 p95=-12.00
  [diag] sat-dist hist bins=60 sat<0.05=0.0% mean=0.981 p10=0.981 p90=0.982
Iter 0000720: train nll 1.387, valid error 074.500%, best valid error 074.200%, avg grad norm   0.256, avg grad norm (post clip)   0.053, rho_Whh  0.94, Omega  0.01, alpha  0.500, steps in the past 0.009, valid nll 1.386
  [diag] log10|dL/dh_t| hist bins=60 range=(-12.00,-2.48) mean=-11.95 p50=-12.00 p05=-12.00 p95=-12.00
  [diag] sat-dist hist bins=60 sat<0.05=0.0% mean=0.981 p10=0.981 p90=0.982
Iter 0000740: train nll 1.386, valid error 074.500%, best valid error 074.200%, avg grad norm   0.205, avg grad norm (post clip)   0.053, rho_Whh  0.94, Omega  0.01, alpha  0.500, steps in the past 0.009, valid nll 1.386
  [diag] log10|dL/dh_t| hist bins=60 range=(-12.00,-2.48) mean=-11.95 p50=-12.00 p05=-12.00 p95=-12.00
  [diag] sat-dist hist bins=60 sat<0.05=0.0% mean=0.982 p10=0.981 p90=0.982
Iter 0000760: train nll 1.386, valid error 074.500%, best valid error 074.200%, avg grad norm   0.190, avg grad norm (post clip)   0.053, rho_Whh  0.94, Omega  0.01, alpha  0.500, steps in the past 0.008, valid nll 1.386
  [diag] log10|dL/dh_t| hist bins=60 range=(-12.00,-2.48) mean=-11.95 p50=-12.00 p05=-12.00 p95=-12.00
  [diag] sat-dist hist bins=60 sat<0.05=0.0% mean=0.982 p10=0.981 p90=0.982
Iter 0000780: train nll 1.386, valid error 074.500%, best valid error 074.200%, avg grad norm   0.213, avg grad norm (post clip)   0.053, rho_Whh  0.94, Omega  0.01, alpha  0.500, steps in the past 0.010, valid nll 1.386
  [diag] log10|dL/dh_t| hist bins=60 range=(-12.00,-2.48) mean=-11.95 p50=-12.00 p05=-12.00 p95=-12.00
  [diag] sat-dist hist bins=60 sat<0.05=0.0% mean=0.982 p10=0.981 p90=0.982
Iter 0000800: train nll 1.386, valid error 074.500%, best valid error 074.200%, avg grad norm   0.212, avg grad norm (post clip)   0.053, rho_Whh  0.94, Omega  0.01, alpha  0.500, steps in the past 0.009, valid nll 1.386
  [diag] log10|dL/dh_t| hist bins=60 range=(-12.00,-2.48) mean=-11.95 p50=-12.00 p05=-12.00 p95=-12.00
  [diag] sat-dist hist bins=60 sat<0.05=0.0% mean=0.982 p10=0.981 p90=0.982
Iter 0000820: train nll 1.387, valid error 074.500%, best valid error 074.200%, avg grad norm   0.219, avg grad norm (post clip)   0.053, rho_Whh  0.94, Omega  0.00, alpha  0.500, steps in the past 0.009, valid nll 1.386
  [diag] log10|dL/dh_t| hist bins=60 range=(-12.00,-2.48) mean=-11.95 p50=-12.00 p05=-12.00 p95=-12.00
  [diag] sat-dist hist bins=60 sat<0.05=0.0% mean=0.982 p10=0.981 p90=0.982
Iter 0000840: train nll 1.386, valid error 074.500%, best valid error 074.200%, avg grad norm   0.160, avg grad norm (post clip)   0.053, rho_Whh  0.94, Omega  0.00, alpha  0.500, steps in the past 0.010, valid nll 1.386
  [diag] log10|dL/dh_t| hist bins=60 range=(-12.00,-2.48) mean=-11.95 p50=-12.00 p05=-12.00 p95=-12.00
  [diag] sat-dist hist bins=60 sat<0.05=0.0% mean=0.982 p10=0.982 p90=0.983
Iter 0000860: train nll 1.387, valid error 074.500%, best valid error 074.200%, avg grad norm   0.202, avg grad norm (post clip)   0.053, rho_Whh  0.94, Omega  0.00, alpha  0.500, steps in the past 0.009, valid nll 1.386
  [diag] log10|dL/dh_t| hist bins=60 range=(-12.00,-2.48) mean=-11.95 p50=-12.00 p05=-12.00 p95=-12.00
  [diag] sat-dist hist bins=60 sat<0.05=0.0% mean=0.982 p10=0.982 p90=0.983
Iter 0000880: train nll 1.386, valid error 074.450%, best valid error 074.200%, avg grad norm   0.168, avg grad norm (post clip)   0.053, rho_Whh  0.94, Omega  0.00, alpha  0.500, steps in the past 0.009, valid nll 1.386
  [diag] log10|dL/dh_t| hist bins=60 range=(-12.00,-2.48) mean=-11.95 p50=-12.00 p05=-12.00 p95=-12.00
  [diag] sat-dist hist bins=60 sat<0.05=0.0% mean=0.982 p10=0.982 p90=0.983
Iter 0000900: train nll 1.387, valid error 075.050%, best valid error 074.200%, avg grad norm   0.185, avg grad norm (post clip)   0.053, rho_Whh  0.94, Omega  0.00, alpha  0.500, steps in the past 0.009, valid nll 1.386
  [diag] log10|dL/dh_t| hist bins=60 range=(-12.00,-2.48) mean=-11.95 p50=-12.00 p05=-12.00 p95=-12.00
  [diag] sat-dist hist bins=60 sat<0.05=0.0% mean=0.982 p10=0.981 p90=0.982
Iter 0000920: train nll 1.386, valid error 074.500%, best valid error 074.200%, avg grad norm   0.177, avg grad norm (post clip)   0.053, rho_Whh  0.94, Omega  0.00, alpha  0.500, steps in the past 0.008, valid nll 1.386
  [diag] log10|dL/dh_t| hist bins=60 range=(-12.00,-2.48) mean=-11.95 p50=-12.00 p05=-12.00 p95=-12.00
  [diag] sat-dist hist bins=60 sat<0.05=0.0% mean=0.982 p10=0.981 p90=0.982
Iter 0000940: train nll 1.387, valid error 074.500%, best valid error 074.200%, avg grad norm   0.194, avg grad norm (post clip)   0.053, rho_Whh  0.94, Omega  0.00, alpha  0.500, steps in the past 0.008, valid nll 1.386
  [diag] log10|dL/dh_t| hist bins=60 range=(-12.00,-2.48) mean=-11.95 p50=-12.00 p05=-12.00 p95=-12.00
  [diag] sat-dist hist bins=60 sat<0.05=0.0% mean=0.982 p10=0.981 p90=0.982
Iter 0000960: train nll 1.386, valid error 074.650%, best valid error 074.200%, avg grad norm   0.182, avg grad norm (post clip)   0.053, rho_Whh  0.94, Omega  0.00, alpha  0.500, steps in the past 0.009, valid nll 1.386
  [diag] log10|dL/dh_t| hist bins=60 range=(-12.00,-2.48) mean=-11.95 p50=-12.00 p05=-12.00 p95=-12.00
  [diag] sat-dist hist bins=60 sat<0.05=0.0% mean=0.982 p10=0.981 p90=0.983
Iter 0000980: train nll 1.387, valid error 074.800%, best valid error 074.200%, avg grad norm   0.204, avg grad norm (post clip)   0.053, rho_Whh  0.94, Omega  0.00, alpha  0.500, steps in the past 0.010, valid nll 1.386
  [diag] log10|dL/dh_t| hist bins=60 range=(-12.00,-2.48) mean=-11.95 p50=-12.00 p05=-12.00 p95=-12.00
  [diag] sat-dist hist bins=60 sat<0.05=0.0% mean=0.982 p10=0.982 p90=0.983
Iter 0001000: train nll 1.386, valid error 075.350%, best valid error 074.200%, avg grad norm   0.178, avg grad norm (post clip)   0.053, rho_Whh  0.94, Omega  0.00, alpha  0.500, steps in the past 0.010, valid nll 1.386
  [diag] log10|dL/dh_t| hist bins=60 range=(-12.00,-2.48) mean=-11.95 p50=-12.00 p05=-12.00 p95=-12.00
  [diag] sat-dist hist bins=60 sat<0.05=0.0% mean=0.982 p10=0.981 p90=0.982
Iter 0001020: train nll 1.386, valid error 074.750%, best valid error 074.200%, avg grad norm   0.220, avg grad norm (post clip)   0.053, rho_Whh  0.94, Omega  0.00, alpha  0.500, steps in the past 0.009, valid nll 1.386
  [diag] log10|dL/dh_t| hist bins=60 range=(-12.00,-2.48) mean=-11.95 p50=-12.00 p05=-12.00 p95=-12.00
  [diag] sat-dist hist bins=60 sat<0.05=0.0% mean=0.982 p10=0.981 p90=0.982
Iter 0001040: train nll 1.386, valid error 074.700%, best valid error 074.200%, avg grad norm   0.183, avg grad norm (post clip)   0.053, rho_Whh  0.94, Omega  0.00, alpha  0.500, steps in the past 0.009, valid nll 1.386
  [diag] log10|dL/dh_t| hist bins=60 range=(-12.00,-2.48) mean=-11.95 p50=-12.00 p05=-12.00 p95=-12.00
  [diag] sat-dist hist bins=60 sat<0.05=0.0% mean=0.983 p10=0.982 p90=0.983
Iter 0001060: train nll 1.386, valid error 074.650%, best valid error 074.200%, avg grad norm   0.176, avg grad norm (post clip)   0.053, rho_Whh  0.94, Omega  0.00, alpha  0.500, steps in the past 0.010, valid nll 1.386
  [diag] log10|dL/dh_t| hist bins=60 range=(-12.00,-2.48) mean=-11.95 p50=-12.00 p05=-12.00 p95=-12.00
  [diag] sat-dist hist bins=60 sat<0.05=0.0% mean=0.983 p10=0.982 p90=0.983
Iter 0001080: train nll 1.387, valid error 075.800%, best valid error 074.200%, avg grad norm   0.203, avg grad norm (post clip)   0.053, rho_Whh  0.94, Omega  0.00, alpha  0.500, steps in the past 0.010, valid nll 1.386
  [diag] log10|dL/dh_t| hist bins=60 range=(-12.00,-2.48) mean=-11.95 p50=-12.00 p05=-12.00 p95=-12.00
  [diag] sat-dist hist bins=60 sat<0.05=0.0% mean=0.983 p10=0.982 p90=0.983
Iter 0001100: train nll 1.386, valid error 075.700%, best valid error 074.200%, avg grad norm   0.219, avg grad norm (post clip)   0.053, rho_Whh  0.94, Omega  0.00, alpha  0.500, steps in the past 0.010, valid nll 1.386
  [diag] log10|dL/dh_t| hist bins=60 range=(-12.00,-2.48) mean=-11.95 p50=-12.00 p05=-12.00 p95=-12.00
  [diag] sat-dist hist bins=60 sat<0.05=0.0% mean=0.983 p10=0.982 p90=0.983
Iter 0001120: train nll 1.386, valid error 075.400%, best valid error 074.200%, avg grad norm   0.187, avg grad norm (post clip)   0.053, rho_Whh  0.94, Omega  0.00, alpha  0.500, steps in the past 0.009, valid nll 1.386
  [diag] log10|dL/dh_t| hist bins=60 range=(-12.00,-2.48) mean=-11.95 p50=-12.00 p05=-12.00 p95=-12.00
  [diag] sat-dist hist bins=60 sat<0.05=0.0% mean=0.983 p10=0.982 p90=0.983
Iter 0001140: train nll 1.387, valid error 075.400%, best valid error 074.200%, avg grad norm   0.197, avg grad norm (post clip)   0.052, rho_Whh  0.94, Omega  0.00, alpha  0.500, steps in the past 0.011, valid nll 1.386
  [diag] log10|dL/dh_t| hist bins=60 range=(-12.00,-2.48) mean=-11.95 p50=-12.00 p05=-12.00 p95=-12.00
  [diag] sat-dist hist bins=60 sat<0.05=0.0% mean=0.983 p10=0.982 p90=0.983
Iter 0001160: train nll 1.386, valid error 075.950%, best valid error 074.200%, avg grad norm   0.196, avg grad norm (post clip)   0.053, rho_Whh  0.94, Omega  0.00, alpha  0.500, steps in the past 0.008, valid nll 1.386
  [diag] log10|dL/dh_t| hist bins=60 range=(-12.00,-2.48) mean=-11.95 p50=-12.00 p05=-12.00 p95=-12.00
  [diag] sat-dist hist bins=60 sat<0.05=0.0% mean=0.983 p10=0.982 p90=0.984
Iter 0001180: train nll 1.386, valid error 075.400%, best valid error 074.200%, avg grad norm   0.202, avg grad norm (post clip)   0.053, rho_Whh  0.94, Omega  0.00, alpha  0.500, steps in the past 0.009, valid nll 1.386
  [diag] log10|dL/dh_t| hist bins=60 range=(-12.00,-2.48) mean=-11.95 p50=-12.00 p05=-12.00 p95=-12.00
  [diag] sat-dist hist bins=60 sat<0.05=0.0% mean=0.983 p10=0.982 p90=0.983
Iter 0001200: train nll 1.386, valid error 075.900%, best valid error 074.200%, avg grad norm   0.163, avg grad norm (post clip)   0.053, rho_Whh  0.94, Omega  0.00, alpha  0.500, steps in the past 0.009, valid nll 1.386
  [diag] log10|dL/dh_t| hist bins=60 range=(-12.00,-2.48) mean=-11.95 p50=-12.00 p05=-12.00 p95=-12.00
  [diag] sat-dist hist bins=60 sat<0.05=0.0% mean=0.983 p10=0.982 p90=0.983
Iter 0001220: train nll 1.386, valid error 075.800%, best valid error 074.200%, avg grad norm   0.163, avg grad norm (post clip)   0.053, rho_Whh  0.94, Omega  0.00, alpha  0.500, steps in the past 0.008, valid nll 1.386
  [diag] log10|dL/dh_t| hist bins=60 range=(-12.00,-2.48) mean=-11.95 p50=-12.00 p05=-12.00 p95=-12.00
  [diag] sat-dist hist bins=60 sat<0.05=0.0% mean=0.983 p10=0.982 p90=0.983
Iter 0001240: train nll 1.386, valid error 075.700%, best valid error 074.200%, avg grad norm   0.209, avg grad norm (post clip)   0.053, rho_Whh  0.94, Omega  0.00, alpha  0.500, steps in the past 0.009, valid nll 1.386
  [diag] log10|dL/dh_t| hist bins=60 range=(-12.00,-2.48) mean=-11.95 p50=-12.00 p05=-12.00 p95=-12.00
  [diag] sat-dist hist bins=60 sat<0.05=0.0% mean=0.983 p10=0.982 p90=0.983
Iter 0001260: train nll 1.386, valid error 075.550%, best valid error 074.200%, avg grad norm   0.183, avg grad norm (post clip)   0.053, rho_Whh  0.94, Omega  0.00, alpha  0.500, steps in the past 0.009, valid nll 1.386
  [diag] log10|dL/dh_t| hist bins=60 range=(-12.00,-2.48) mean=-11.95 p50=-12.00 p05=-12.00 p95=-12.00
  [diag] sat-dist hist bins=60 sat<0.05=0.0% mean=0.983 p10=0.982 p90=0.983
Iter 0001280: train nll 1.386, valid error 075.650%, best valid error 074.200%, avg grad norm   0.201, avg grad norm (post clip)   0.053, rho_Whh  0.94, Omega  0.00, alpha  0.500, steps in the past 0.008, valid nll 1.386
  [diag] log10|dL/dh_t| hist bins=60 range=(-12.00,-2.48) mean=-11.95 p50=-12.00 p05=-12.00 p95=-12.00
  [diag] sat-dist hist bins=60 sat<0.05=0.0% mean=0.982 p10=0.982 p90=0.983
Iter 0001300: train nll 1.386, valid error 075.350%, best valid error 074.200%, avg grad norm   0.202, avg grad norm (post clip)   0.053, rho_Whh  0.94, Omega  0.00, alpha  0.500, steps in the past 0.010, valid nll 1.386
  [diag] log10|dL/dh_t| hist bins=60 range=(-12.00,-2.48) mean=-11.95 p50=-12.00 p05=-12.00 p95=-12.00
  [diag] sat-dist hist bins=60 sat<0.05=0.0% mean=0.983 p10=0.982 p90=0.983
Iter 0001320: train nll 1.386, valid error 075.900%, best valid error 074.200%, avg grad norm   0.183, avg grad norm (post clip)   0.052, rho_Whh  0.94, Omega  0.00, alpha  0.500, steps in the past 0.008, valid nll 1.386
  [diag] log10|dL/dh_t| hist bins=60 range=(-12.00,-2.48) mean=-11.95 p50=-12.00 p05=-12.00 p95=-12.00
  [diag] sat-dist hist bins=60 sat<0.05=0.0% mean=0.983 p10=0.982 p90=0.983
Iter 0001340: train nll 1.386, valid error 076.000%, best valid error 074.200%, avg grad norm   0.172, avg grad norm (post clip)   0.053, rho_Whh  0.94, Omega  0.00, alpha  0.500, steps in the past 0.010, valid nll 1.386
  [diag] log10|dL/dh_t| hist bins=60 range=(-12.00,-2.48) mean=-11.95 p50=-12.00 p05=-12.00 p95=-12.00
  [diag] sat-dist hist bins=60 sat<0.05=0.0% mean=0.983 p10=0.983 p90=0.984
Iter 0001360: train nll 1.386, valid error 075.950%, best valid error 074.200%, avg grad norm   0.184, avg grad norm (post clip)   0.053, rho_Whh  0.94, Omega  0.00, alpha  0.500, steps in the past 0.009, valid nll 1.386
  [diag] log10|dL/dh_t| hist bins=60 range=(-12.00,-2.48) mean=-11.95 p50=-12.00 p05=-12.00 p95=-12.00
  [diag] sat-dist hist bins=60 sat<0.05=0.0% mean=0.983 p10=0.982 p90=0.984
Iter 0001380: train nll 1.386, valid error 076.000%, best valid error 074.200%, avg grad norm   0.173, avg grad norm (post clip)   0.053, rho_Whh  0.94, Omega  0.00, alpha  0.500, steps in the past 0.010, valid nll 1.386
  [diag] log10|dL/dh_t| hist bins=60 range=(-12.00,-2.48) mean=-11.95 p50=-12.00 p05=-12.00 p95=-12.00
  [diag] sat-dist hist bins=60 sat<0.05=0.0% mean=0.983 p10=0.982 p90=0.984
Iter 0001400: train nll 1.386, valid error 075.950%, best valid error 074.200%, avg grad norm   0.182, avg grad norm (post clip)   0.053, rho_Whh  0.94, Omega  0.00, alpha  0.500, steps in the past 0.010, valid nll 1.386
  [diag] log10|dL/dh_t| hist bins=60 range=(-12.00,-2.48) mean=-11.95 p50=-12.00 p05=-12.00 p95=-12.00
  [diag] sat-dist hist bins=60 sat<0.05=0.0% mean=0.983 p10=0.982 p90=0.983
Iter 0001420: train nll 1.386, valid error 076.000%, best valid error 074.200%, avg grad norm   0.183, avg grad norm (post clip)   0.053, rho_Whh  0.94, Omega  0.00, alpha  0.500, steps in the past 0.009, valid nll 1.386
  [diag] log10|dL/dh_t| hist bins=60 range=(-12.00,-2.48) mean=-11.95 p50=-12.00 p05=-12.00 p95=-12.00
  [diag] sat-dist hist bins=60 sat<0.05=0.0% mean=0.983 p10=0.982 p90=0.983
Iter 0001440: train nll 1.387, valid error 076.000%, best valid error 074.200%, avg grad norm   0.174, avg grad norm (post clip)   0.053, rho_Whh  0.94, Omega  0.00, alpha  0.500, steps in the past 0.010, valid nll 1.386
  [diag] log10|dL/dh_t| hist bins=60 range=(-12.00,-2.48) mean=-11.95 p50=-12.00 p05=-12.00 p95=-12.00
  [diag] sat-dist hist bins=60 sat<0.05=0.0% mean=0.983 p10=0.982 p90=0.984
Iter 0001460: train nll 1.386, valid error 075.950%, best valid error 074.200%, avg grad norm   0.190, avg grad norm (post clip)   0.053, rho_Whh  0.94, Omega  0.00, alpha  0.500, steps in the past 0.010, valid nll 1.386
  [diag] log10|dL/dh_t| hist bins=60 range=(-12.00,-2.48) mean=-11.95 p50=-12.00 p05=-12.00 p95=-12.00
  [diag] sat-dist hist bins=60 sat<0.05=0.0% mean=0.983 p10=0.982 p90=0.984
Iter 0001480: train nll 1.386, valid error 075.950%, best valid error 074.200%, avg grad norm   0.223, avg grad norm (post clip)   0.053, rho_Whh  0.94, Omega  0.00, alpha  0.500, steps in the past 0.008, valid nll 1.386
  [diag] log10|dL/dh_t| hist bins=60 range=(-12.00,-2.48) mean=-11.95 p50=-12.00 p05=-12.00 p95=-12.00
  [diag] sat-dist hist bins=60 sat<0.05=0.0% mean=0.983 p10=0.982 p90=0.983
Iter 0001500: train nll 1.387, valid error 076.000%, best valid error 074.200%, avg grad norm   0.166, avg grad norm (post clip)   0.053, rho_Whh  0.94, Omega  0.00, alpha  0.500, steps in the past 0.010, valid nll 1.386
  [diag] log10|dL/dh_t| hist bins=60 range=(-12.00,-2.48) mean=-11.95 p50=-12.00 p05=-12.00 p95=-12.00
  [diag] sat-dist hist bins=60 sat<0.05=0.0% mean=0.983 p10=0.982 p90=0.984
Iter 0001520: train nll 1.386, valid error 075.950%, best valid error 074.200%, avg grad norm   0.179, avg grad norm (post clip)   0.052, rho_Whh  0.94, Omega  0.00, alpha  0.500, steps in the past 0.010, valid nll 1.386
  [diag] log10|dL/dh_t| hist bins=60 range=(-12.00,-2.48) mean=-11.95 p50=-12.00 p05=-12.00 p95=-12.00
  [diag] sat-dist hist bins=60 sat<0.05=0.0% mean=0.983 p10=0.982 p90=0.983
Iter 0001540: train nll 1.386, valid error 075.950%, best valid error 074.200%, avg grad norm   0.197, avg grad norm (post clip)   0.053, rho_Whh  0.94, Omega  0.00, alpha  0.500, steps in the past 0.009, valid nll 1.386
  [diag] log10|dL/dh_t| hist bins=60 range=(-12.00,-2.48) mean=-11.95 p50=-12.00 p05=-12.00 p95=-12.00
  [diag] sat-dist hist bins=60 sat<0.05=0.0% mean=0.983 p10=0.982 p90=0.983
Iter 0001560: train nll 1.387, valid error 075.900%, best valid error 074.200%, avg grad norm   0.227, avg grad norm (post clip)   0.053, rho_Whh  0.94, Omega  0.00, alpha  0.500, steps in the past 0.010, valid nll 1.386
  [diag] log10|dL/dh_t| hist bins=60 range=(-12.00,-2.48) mean=-11.95 p50=-12.00 p05=-12.00 p95=-12.00
  [diag] sat-dist hist bins=60 sat<0.05=0.0% mean=0.983 p10=0.983 p90=0.984
Iter 0001580: train nll 1.387, valid error 075.950%, best valid error 074.200%, avg grad norm   0.179, avg grad norm (post clip)   0.053, rho_Whh  0.94, Omega  0.00, alpha  0.500, steps in the past 0.010, valid nll 1.386
  [diag] log10|dL/dh_t| hist bins=60 range=(-12.00,-2.48) mean=-11.95 p50=-12.00 p05=-12.00 p95=-12.00
  [diag] sat-dist hist bins=60 sat<0.05=0.0% mean=0.983 p10=0.983 p90=0.984
Iter 0001600: train nll 1.387, valid error 076.000%, best valid error 074.200%, avg grad norm   0.204, avg grad norm (post clip)   0.053, rho_Whh  0.94, Omega  0.00, alpha  0.500, steps in the past 0.009, valid nll 1.386
  [diag] log10|dL/dh_t| hist bins=60 range=(-12.00,-2.48) mean=-11.95 p50=-12.00 p05=-12.00 p95=-12.00
  [diag] sat-dist hist bins=60 sat<0.05=0.0% mean=0.984 p10=0.983 p90=0.985
Iter 0001620: train nll 1.386, valid error 075.950%, best valid error 074.200%, avg grad norm   0.186, avg grad norm (post clip)   0.052, rho_Whh  0.94, Omega  0.00, alpha  0.500, steps in the past 0.008, valid nll 1.386
  [diag] log10|dL/dh_t| hist bins=60 range=(-12.00,-2.48) mean=-11.95 p50=-12.00 p05=-12.00 p95=-12.00
  [diag] sat-dist hist bins=60 sat<0.05=0.0% mean=0.984 p10=0.983 p90=0.985
Iter 0001640: train nll 1.386, valid error 075.950%, best valid error 074.200%, avg grad norm   0.183, avg grad norm (post clip)   0.053, rho_Whh  0.94, Omega  0.00, alpha  0.500, steps in the past 0.009, valid nll 1.386
  [diag] log10|dL/dh_t| hist bins=60 range=(-12.00,-2.48) mean=-11.95 p50=-12.00 p05=-12.00 p95=-12.00
  [diag] sat-dist hist bins=60 sat<0.05=0.0% mean=0.984 p10=0.983 p90=0.985
Iter 0001660: train nll 1.386, valid error 075.950%, best valid error 074.200%, avg grad norm   0.200, avg grad norm (post clip)   0.053, rho_Whh  0.94, Omega  0.00, alpha  0.500, steps in the past 0.009, valid nll 1.386
  [diag] log10|dL/dh_t| hist bins=60 range=(-12.00,-2.48) mean=-11.95 p50=-12.00 p05=-12.00 p95=-12.00
  [diag] sat-dist hist bins=60 sat<0.05=0.0% mean=0.984 p10=0.983 p90=0.984
Iter 0001680: train nll 1.386, valid error 075.950%, best valid error 074.200%, avg grad norm   0.174, avg grad norm (post clip)   0.053, rho_Whh  0.94, Omega  0.00, alpha  0.500, steps in the past 0.008, valid nll 1.386
  [diag] log10|dL/dh_t| hist bins=60 range=(-12.00,-2.48) mean=-11.95 p50=-12.00 p05=-12.00 p95=-12.00
  [diag] sat-dist hist bins=60 sat<0.05=0.0% mean=0.984 p10=0.983 p90=0.984
Iter 0001700: train nll 1.386, valid error 075.850%, best valid error 074.200%, avg grad norm   0.159, avg grad norm (post clip)   0.052, rho_Whh  0.94, Omega  0.00, alpha  0.500, steps in the past 0.007, valid nll 1.386
  [diag] log10|dL/dh_t| hist bins=60 range=(-12.00,-2.48) mean=-11.95 p50=-12.00 p05=-12.00 p95=-12.00
  [diag] sat-dist hist bins=60 sat<0.05=0.0% mean=0.984 p10=0.983 p90=0.984
Iter 0001720: train nll 1.386, valid error 075.850%, best valid error 074.200%, avg grad norm   0.201, avg grad norm (post clip)   0.053, rho_Whh  0.94, Omega  0.00, alpha  0.500, steps in the past 0.011, valid nll 1.386
  [diag] log10|dL/dh_t| hist bins=60 range=(-12.00,-2.48) mean=-11.95 p50=-12.00 p05=-12.00 p95=-12.00
  [diag] sat-dist hist bins=60 sat<0.05=0.0% mean=0.983 p10=0.983 p90=0.984
Iter 0001740: train nll 1.386, valid error 075.900%, best valid error 074.200%, avg grad norm   0.183, avg grad norm (post clip)   0.053, rho_Whh  0.94, Omega  0.00, alpha  0.500, steps in the past 0.009, valid nll 1.386
  [diag] log10|dL/dh_t| hist bins=60 range=(-12.00,-2.48) mean=-11.95 p50=-12.00 p05=-12.00 p95=-12.00
  [diag] sat-dist hist bins=60 sat<0.05=0.0% mean=0.983 p10=0.982 p90=0.984
Iter 0001760: train nll 1.386, valid error 075.750%, best valid error 074.200%, avg grad norm   0.187, avg grad norm (post clip)   0.053, rho_Whh  0.94, Omega  0.00, alpha  0.500, steps in the past 0.009, valid nll 1.386
  [diag] log10|dL/dh_t| hist bins=60 range=(-12.00,-2.48) mean=-11.95 p50=-12.00 p05=-12.00 p95=-12.00
  [diag] sat-dist hist bins=60 sat<0.05=0.0% mean=0.983 p10=0.982 p90=0.984
Iter 0001780: train nll 1.386, valid error 075.950%, best valid error 074.200%, avg grad norm   0.186, avg grad norm (post clip)   0.053, rho_Whh  0.94, Omega  0.00, alpha  0.500, steps in the past 0.009, valid nll 1.386
  [diag] log10|dL/dh_t| hist bins=60 range=(-12.00,-2.48) mean=-11.95 p50=-12.00 p05=-12.00 p95=-12.00
  [diag] sat-dist hist bins=60 sat<0.05=0.0% mean=0.983 p10=0.983 p90=0.984
Iter 0001800: train nll 1.386, valid error 075.900%, best valid error 074.200%, avg grad norm   0.153, avg grad norm (post clip)   0.051, rho_Whh  0.94, Omega  0.00, alpha  0.500, steps in the past 0.011, valid nll 1.386
  [diag] log10|dL/dh_t| hist bins=60 range=(-12.00,-2.48) mean=-11.95 p50=-12.00 p05=-12.00 p95=-12.00
  [diag] sat-dist hist bins=60 sat<0.05=0.0% mean=0.983 p10=0.982 p90=0.983
Iter 0001820: train nll 1.386, valid error 074.750%, best valid error 074.200%, avg grad norm   0.220, avg grad norm (post clip)   0.053, rho_Whh  0.94, Omega  0.00, alpha  0.500, steps in the past 0.009, valid nll 1.386
  [diag] log10|dL/dh_t| hist bins=60 range=(-12.00,-2.48) mean=-11.95 p50=-12.00 p05=-12.00 p95=-12.00
  [diag] sat-dist hist bins=60 sat<0.05=0.0% mean=0.983 p10=0.982 p90=0.983
Iter 0001840: train nll 1.386, valid error 076.000%, best valid error 074.200%, avg grad norm   0.179, avg grad norm (post clip)   0.053, rho_Whh  0.94, Omega  0.00, alpha  0.500, steps in the past 0.008, valid nll 1.386
  [diag] log10|dL/dh_t| hist bins=60 range=(-12.00,-2.48) mean=-11.95 p50=-12.00 p05=-12.00 p95=-12.00
  [diag] sat-dist hist bins=60 sat<0.05=0.0% mean=0.983 p10=0.982 p90=0.984
Iter 0001860: train nll 1.386, valid error 074.750%, best valid error 074.200%, avg grad norm   0.158, avg grad norm (post clip)   0.053, rho_Whh  0.94, Omega  0.00, alpha  0.500, steps in the past 0.008, valid nll 1.386
  [diag] log10|dL/dh_t| hist bins=60 range=(-12.00,-2.48) mean=-11.95 p50=-12.00 p05=-12.00 p95=-12.00
  [diag] sat-dist hist bins=60 sat<0.05=0.0% mean=0.983 p10=0.982 p90=0.984
Iter 0001880: train nll 1.386, valid error 075.550%, best valid error 074.200%, avg grad norm   0.173, avg grad norm (post clip)   0.053, rho_Whh  0.94, Omega  0.00, alpha  0.500, steps in the past 0.008, valid nll 1.386
  [diag] log10|dL/dh_t| hist bins=60 range=(-12.00,-2.48) mean=-11.95 p50=-12.00 p05=-12.00 p95=-12.00
  [diag] sat-dist hist bins=60 sat<0.05=0.0% mean=0.983 p10=0.982 p90=0.984
Iter 0001900: train nll 1.387, valid error 074.650%, best valid error 074.200%, avg grad norm   0.173, avg grad norm (post clip)   0.053, rho_Whh  0.94, Omega  0.00, alpha  0.500, steps in the past 0.009, valid nll 1.386
  [diag] log10|dL/dh_t| hist bins=60 range=(-12.00,-2.48) mean=-11.95 p50=-12.00 p05=-12.00 p95=-12.00
  [diag] sat-dist hist bins=60 sat<0.05=0.0% mean=0.983 p10=0.982 p90=0.983
Iter 0001920: train nll 1.386, valid error 075.100%, best valid error 074.200%, avg grad norm   0.183, avg grad norm (post clip)   0.053, rho_Whh  0.94, Omega  0.00, alpha  0.500, steps in the past 0.009, valid nll 1.386
  [diag] log10|dL/dh_t| hist bins=60 range=(-12.00,-2.48) mean=-11.95 p50=-12.00 p05=-12.00 p95=-12.00
  [diag] sat-dist hist bins=60 sat<0.05=0.0% mean=0.983 p10=0.982 p90=0.984
Iter 0001940: train nll 1.386, valid error 074.900%, best valid error 074.200%, avg grad norm   0.184, avg grad norm (post clip)   0.053, rho_Whh  0.94, Omega  0.00, alpha  0.500, steps in the past 0.009, valid nll 1.386
  [diag] log10|dL/dh_t| hist bins=60 range=(-12.00,-2.48) mean=-11.95 p50=-12.00 p05=-12.00 p95=-12.00
  [diag] sat-dist hist bins=60 sat<0.05=0.0% mean=0.983 p10=0.982 p90=0.983
Iter 0001960: train nll 1.386, valid error 074.700%, best valid error 074.200%, avg grad norm   0.187, avg grad norm (post clip)   0.053, rho_Whh  0.94, Omega  0.00, alpha  0.500, steps in the past 0.011, valid nll 1.386
  [diag] log10|dL/dh_t| hist bins=60 range=(-12.00,-2.48) mean=-11.95 p50=-12.00 p05=-12.00 p95=-12.00
  [diag] sat-dist hist bins=60 sat<0.05=0.0% mean=0.983 p10=0.982 p90=0.983
Iter 0001980: train nll 1.386, valid error 074.750%, best valid error 074.200%, avg grad norm   0.171, avg grad norm (post clip)   0.053, rho_Whh  0.94, Omega  0.00, alpha  0.500, steps in the past 0.009, valid nll 1.386
  [diag] log10|dL/dh_t| hist bins=60 range=(-12.00,-2.48) mean=-11.95 p50=-12.00 p05=-12.00 p95=-12.00
  [diag] sat-dist hist bins=60 sat<0.05=0.0% mean=0.983 p10=0.982 p90=0.983
Iter 0002000: train nll 1.386, valid error 074.700%, best valid error 074.200%, avg grad norm   0.184, avg grad norm (post clip)   0.053, rho_Whh  0.94, Omega  0.00, alpha  0.500, steps in the past 0.011, valid nll 1.386
  [diag] log10|dL/dh_t| hist bins=60 range=(-12.00,-2.48) mean=-11.95 p50=-12.00 p05=-12.00 p95=-12.00
  [diag] sat-dist hist bins=60 sat<0.05=0.0% mean=0.982 p10=0.982 p90=0.983
Iter 0002020: train nll 1.386, valid error 074.550%, best valid error 074.200%, avg grad norm   0.190, avg grad norm (post clip)   0.053, rho_Whh  0.94, Omega  0.00, alpha  0.500, steps in the past 0.011, valid nll 1.386
  [diag] log10|dL/dh_t| hist bins=60 range=(-12.00,-2.48) mean=-11.95 p50=-12.00 p05=-12.00 p95=-12.00
  [diag] sat-dist hist bins=60 sat<0.05=0.0% mean=0.983 p10=0.982 p90=0.983
Iter 0002040: train nll 1.386, valid error 074.500%, best valid error 074.200%, avg grad norm   0.202, avg grad norm (post clip)   0.053, rho_Whh  0.94, Omega  0.00, alpha  0.500, steps in the past 0.009, valid nll 1.386
  [diag] log10|dL/dh_t| hist bins=60 range=(-12.00,-2.48) mean=-11.95 p50=-12.00 p05=-12.00 p95=-12.00
  [diag] sat-dist hist bins=60 sat<0.05=0.0% mean=0.983 p10=0.982 p90=0.983
Iter 0002060: train nll 1.387, valid error 075.100%, best valid error 074.200%, avg grad norm   0.182, avg grad norm (post clip)   0.053, rho_Whh  0.94, Omega  0.00, alpha  0.500, steps in the past 0.010, valid nll 1.386
  [diag] log10|dL/dh_t| hist bins=60 range=(-12.00,-2.48) mean=-11.95 p50=-12.00 p05=-12.00 p95=-12.00
  [diag] sat-dist hist bins=60 sat<0.05=0.0% mean=0.983 p10=0.982 p90=0.983
Iter 0002080: train nll 1.386, valid error 074.600%, best valid error 074.200%, avg grad norm   0.171, avg grad norm (post clip)   0.053, rho_Whh  0.94, Omega  0.00, alpha  0.500, steps in the past 0.008, valid nll 1.386
  [diag] log10|dL/dh_t| hist bins=60 range=(-12.00,-2.48) mean=-11.95 p50=-12.00 p05=-12.00 p95=-12.00
  [diag] sat-dist hist bins=60 sat<0.05=0.0% mean=0.983 p10=0.982 p90=0.983
Iter 0002100: train nll 1.387, valid error 074.800%, best valid error 074.200%, avg grad norm   0.192, avg grad norm (post clip)   0.053, rho_Whh  0.94, Omega  0.00, alpha  0.500, steps in the past 0.009, valid nll 1.386
  [diag] log10|dL/dh_t| hist bins=60 range=(-12.00,-2.48) mean=-11.95 p50=-12.00 p05=-12.00 p95=-12.00
  [diag] sat-dist hist bins=60 sat<0.05=0.0% mean=0.983 p10=0.982 p90=0.983
Iter 0002120: train nll 1.386, valid error 075.000%, best valid error 074.200%, avg grad norm   0.179, avg grad norm (post clip)   0.053, rho_Whh  0.94, Omega  0.00, alpha  0.500, steps in the past 0.009, valid nll 1.386
  [diag] log10|dL/dh_t| hist bins=60 range=(-12.00,-2.48) mean=-11.95 p50=-12.00 p05=-12.00 p95=-12.00
  [diag] sat-dist hist bins=60 sat<0.05=0.0% mean=0.982 p10=0.981 p90=0.983
Iter 0002140: train nll 1.387, valid error 074.500%, best valid error 074.200%, avg grad norm   0.192, avg grad norm (post clip)   0.053, rho_Whh  0.94, Omega  0.00, alpha  0.500, steps in the past 0.010, valid nll 1.386
  [diag] log10|dL/dh_t| hist bins=60 range=(-12.00,-2.48) mean=-11.95 p50=-12.00 p05=-12.00 p95=-12.00
  [diag] sat-dist hist bins=60 sat<0.05=0.0% mean=0.981 p10=0.981 p90=0.982
Iter 0002160: train nll 1.387, valid error 074.500%, best valid error 074.200%, avg grad norm   0.201, avg grad norm (post clip)   0.053, rho_Whh  0.94, Omega  0.00, alpha  0.500, steps in the past 0.010, valid nll 1.386
  [diag] log10|dL/dh_t| hist bins=60 range=(-12.00,-2.48) mean=-11.95 p50=-12.00 p05=-12.00 p95=-12.00
  [diag] sat-dist hist bins=60 sat<0.05=0.0% mean=0.981 p10=0.980 p90=0.981
Iter 0002180: train nll 1.386, valid error 074.500%, best valid error 074.200%, avg grad norm   0.209, avg grad norm (post clip)   0.053, rho_Whh  0.94, Omega  0.00, alpha  0.500, steps in the past 0.009, valid nll 1.386
  [diag] log10|dL/dh_t| hist bins=60 range=(-12.00,-2.48) mean=-11.95 p50=-12.00 p05=-12.00 p95=-12.00
  [diag] sat-dist hist bins=60 sat<0.05=0.0% mean=0.981 p10=0.980 p90=0.981
Iter 0002200: train nll 1.386, valid error 074.500%, best valid error 074.200%, avg grad norm   0.198, avg grad norm (post clip)   0.053, rho_Whh  0.94, Omega  0.00, alpha  0.500, steps in the past 0.010, valid nll 1.386
  [diag] log10|dL/dh_t| hist bins=60 range=(-12.00,-2.48) mean=-11.95 p50=-12.00 p05=-12.00 p95=-12.00
  [diag] sat-dist hist bins=60 sat<0.05=0.0% mean=0.981 p10=0.980 p90=0.982
Iter 0002220: train nll 1.387, valid error 074.500%, best valid error 074.200%, avg grad norm   0.197, avg grad norm (post clip)   0.053, rho_Whh  0.94, Omega  0.00, alpha  0.500, steps in the past 0.009, valid nll 1.386
  [diag] log10|dL/dh_t| hist bins=60 range=(-12.00,-2.48) mean=-11.95 p50=-12.00 p05=-12.00 p95=-12.00
  [diag] sat-dist hist bins=60 sat<0.05=0.0% mean=0.981 p10=0.980 p90=0.982
Iter 0002240: train nll 1.386, valid error 074.500%, best valid error 074.200%, avg grad norm   0.196, avg grad norm (post clip)   0.053, rho_Whh  0.94, Omega  0.00, alpha  0.500, steps in the past 0.009, valid nll 1.386
  [diag] log10|dL/dh_t| hist bins=60 range=(-12.00,-2.48) mean=-11.95 p50=-12.00 p05=-12.00 p95=-12.00
  [diag] sat-dist hist bins=60 sat<0.05=0.0% mean=0.981 p10=0.980 p90=0.981
Iter 0002260: train nll 1.386, valid error 074.500%, best valid error 074.200%, avg grad norm   0.175, avg grad norm (post clip)   0.053, rho_Whh  0.94, Omega  0.00, alpha  0.500, steps in the past 0.008, valid nll 1.386
  [diag] log10|dL/dh_t| hist bins=60 range=(-12.00,-2.48) mean=-11.95 p50=-12.00 p05=-12.00 p95=-12.00
  [diag] sat-dist hist bins=60 sat<0.05=0.0% mean=0.981 p10=0.980 p90=0.982
Iter 0002280: train nll 1.387, valid error 074.500%, best valid error 074.200%, avg grad norm   0.198, avg grad norm (post clip)   0.053, rho_Whh  0.94, Omega  0.00, alpha  0.500, steps in the past 0.008, valid nll 1.386
  [diag] log10|dL/dh_t| hist bins=60 range=(-12.00,-2.48) mean=-11.95 p50=-12.00 p05=-12.00 p95=-12.00
  [diag] sat-dist hist bins=60 sat<0.05=0.0% mean=0.981 p10=0.980 p90=0.981
Iter 0002300: train nll 1.386, valid error 074.500%, best valid error 074.200%, avg grad norm   0.187, avg grad norm (post clip)   0.053, rho_Whh  0.94, Omega  0.00, alpha  0.500, steps in the past 0.009, valid nll 1.386
  [diag] log10|dL/dh_t| hist bins=60 range=(-12.00,-2.48) mean=-11.95 p50=-12.00 p05=-12.00 p95=-12.00
  [diag] sat-dist hist bins=60 sat<0.05=0.0% mean=0.981 p10=0.980 p90=0.982
Iter 0002320: train nll 1.386, valid error 074.500%, best valid error 074.200%, avg grad norm   0.198, avg grad norm (post clip)   0.053, rho_Whh  0.94, Omega  0.00, alpha  0.500, steps in the past 0.009, valid nll 1.386
  [diag] log10|dL/dh_t| hist bins=60 range=(-12.00,-2.48) mean=-11.95 p50=-12.00 p05=-12.00 p95=-12.00
  [diag] sat-dist hist bins=60 sat<0.05=0.0% mean=0.981 p10=0.980 p90=0.982
Iter 0002340: train nll 1.387, valid error 074.500%, best valid error 074.200%, avg grad norm   0.175, avg grad norm (post clip)   0.052, rho_Whh  0.94, Omega  0.00, alpha  0.500, steps in the past 0.010, valid nll 1.386
  [diag] log10|dL/dh_t| hist bins=60 range=(-12.00,-2.48) mean=-11.95 p50=-12.00 p05=-12.00 p95=-12.00
  [diag] sat-dist hist bins=60 sat<0.05=0.0% mean=0.981 p10=0.980 p90=0.981
Iter 0002360: train nll 1.386, valid error 074.500%, best valid error 074.200%, avg grad norm   0.222, avg grad norm (post clip)   0.053, rho_Whh  0.94, Omega  0.00, alpha  0.500, steps in the past 0.010, valid nll 1.386
  [diag] log10|dL/dh_t| hist bins=60 range=(-12.00,-2.48) mean=-11.95 p50=-12.00 p05=-12.00 p95=-12.00
  [diag] sat-dist hist bins=60 sat<0.05=0.0% mean=0.981 p10=0.980 p90=0.982
Iter 0002380: train nll 1.387, valid error 074.500%, best valid error 074.200%, avg grad norm   0.204, avg grad norm (post clip)   0.053, rho_Whh  0.94, Omega  0.00, alpha  0.500, steps in the past 0.010, valid nll 1.386
  [diag] log10|dL/dh_t| hist bins=60 range=(-12.00,-2.48) mean=-11.95 p50=-12.00 p05=-12.00 p95=-12.00
  [diag] sat-dist hist bins=60 sat<0.05=0.0% mean=0.981 p10=0.981 p90=0.982
Iter 0002400: train nll 1.386, valid error 074.500%, best valid error 074.200%, avg grad norm   0.177, avg grad norm (post clip)   0.052, rho_Whh  0.94, Omega  0.00, alpha  0.500, steps in the past 0.009, valid nll 1.386
  [diag] log10|dL/dh_t| hist bins=60 range=(-12.00,-2.48) mean=-11.95 p50=-12.00 p05=-12.00 p95=-12.00
  [diag] sat-dist hist bins=60 sat<0.05=0.0% mean=0.982 p10=0.981 p90=0.982
Iter 0002420: train nll 1.386, valid error 074.500%, best valid error 074.200%, avg grad norm   0.165, avg grad norm (post clip)   0.052, rho_Whh  0.94, Omega  0.00, alpha  0.500, steps in the past 0.010, valid nll 1.386
  [diag] log10|dL/dh_t| hist bins=60 range=(-12.00,-2.48) mean=-11.95 p50=-12.00 p05=-12.00 p95=-12.00
  [diag] sat-dist hist bins=60 sat<0.05=0.0% mean=0.982 p10=0.981 p90=0.982
Iter 0002440: train nll 1.386, valid error 074.500%, best valid error 074.200%, avg grad norm   0.202, avg grad norm (post clip)   0.053, rho_Whh  0.94, Omega  0.00, alpha  0.500, steps in the past 0.010, valid nll 1.386
  [diag] log10|dL/dh_t| hist bins=60 range=(-12.00,-2.48) mean=-11.95 p50=-12.00 p05=-12.00 p95=-12.00
  [diag] sat-dist hist bins=60 sat<0.05=0.0% mean=0.982 p10=0.981 p90=0.982
Iter 0002460: train nll 1.386, valid error 074.650%, best valid error 074.200%, avg grad norm   0.190, avg grad norm (post clip)   0.052, rho_Whh  0.94, Omega  0.00, alpha  0.500, steps in the past 0.009, valid nll 1.386
  [diag] log10|dL/dh_t| hist bins=60 range=(-12.00,-2.48) mean=-11.95 p50=-12.00 p05=-12.00 p95=-12.00
  [diag] sat-dist hist bins=60 sat<0.05=0.0% mean=0.982 p10=0.981 p90=0.982
Iter 0002480: train nll 1.386, valid error 074.550%, best valid error 074.200%, avg grad norm   0.171, avg grad norm (post clip)   0.053, rho_Whh  0.94, Omega  0.00, alpha  0.500, steps in the past 0.010, valid nll 1.386
  [diag] log10|dL/dh_t| hist bins=60 range=(-12.00,-2.48) mean=-11.95 p50=-12.00 p05=-12.00 p95=-12.00
  [diag] sat-dist hist bins=60 sat<0.05=0.0% mean=0.982 p10=0.982 p90=0.983
Iter 0002500: train nll 1.387, valid error 075.100%, best valid error 074.200%, avg grad norm   0.194, avg grad norm (post clip)   0.053, rho_Whh  0.94, Omega  0.00, alpha  0.500, steps in the past 0.009, valid nll 1.386
  [diag] log10|dL/dh_t| hist bins=60 range=(-12.00,-2.48) mean=-11.95 p50=-12.00 p05=-12.00 p95=-12.00
  [diag] sat-dist hist bins=60 sat<0.05=0.0% mean=0.983 p10=0.982 p90=0.983
Iter 0002520: train nll 1.387, valid error 074.750%, best valid error 074.200%, avg grad norm   0.166, avg grad norm (post clip)   0.052, rho_Whh  0.94, Omega  0.00, alpha  0.500, steps in the past 0.009, valid nll 1.386
  [diag] log10|dL/dh_t| hist bins=60 range=(-12.00,-2.48) mean=-11.95 p50=-12.00 p05=-12.00 p95=-12.00
  [diag] sat-dist hist bins=60 sat<0.05=0.0% mean=0.982 p10=0.981 p90=0.982
Iter 0002540: train nll 1.386, valid error 074.500%, best valid error 074.200%, avg grad norm   0.214, avg grad norm (post clip)   0.053, rho_Whh  0.94, Omega  0.00, alpha  0.500, steps in the past 0.009, valid nll 1.386
  [diag] log10|dL/dh_t| hist bins=60 range=(-12.00,-2.48) mean=-11.95 p50=-12.00 p05=-12.00 p95=-12.00
  [diag] sat-dist hist bins=60 sat<0.05=0.0% mean=0.983 p10=0.982 p90=0.983
Iter 0002560: train nll 1.387, valid error 074.500%, best valid error 074.200%, avg grad norm   0.199, avg grad norm (post clip)   0.053, rho_Whh  0.94, Omega  0.00, alpha  0.500, steps in the past 0.010, valid nll 1.386
  [diag] log10|dL/dh_t| hist bins=60 range=(-12.00,-2.48) mean=-11.95 p50=-12.00 p05=-12.00 p95=-12.00
  [diag] sat-dist hist bins=60 sat<0.05=0.0% mean=0.982 p10=0.981 p90=0.982
Iter 0002580: train nll 1.386, valid error 074.500%, best valid error 074.200%, avg grad norm   0.176, avg grad norm (post clip)   0.052, rho_Whh  0.94, Omega  0.00, alpha  0.500, steps in the past 0.010, valid nll 1.386
  [diag] log10|dL/dh_t| hist bins=60 range=(-12.00,-2.48) mean=-11.95 p50=-12.00 p05=-12.00 p95=-12.00
  [diag] sat-dist hist bins=60 sat<0.05=0.0% mean=0.982 p10=0.981 p90=0.982
Iter 0002600: train nll 1.386, valid error 074.500%, best valid error 074.200%, avg grad norm   0.177, avg grad norm (post clip)   0.053, rho_Whh  0.94, Omega  0.00, alpha  0.500, steps in the past 0.010, valid nll 1.386
  [diag] log10|dL/dh_t| hist bins=60 range=(-12.00,-2.48) mean=-11.95 p50=-12.00 p05=-12.00 p95=-12.00
  [diag] sat-dist hist bins=60 sat<0.05=0.0% mean=0.982 p10=0.981 p90=0.982
Iter 0002620: train nll 1.387, valid error 074.500%, best valid error 074.200%, avg grad norm   0.215, avg grad norm (post clip)   0.053, rho_Whh  0.94, Omega  0.00, alpha  0.500, steps in the past 0.009, valid nll 1.386
  [diag] log10|dL/dh_t| hist bins=60 range=(-12.00,-2.48) mean=-11.95 p50=-12.00 p05=-12.00 p95=-12.00
  [diag] sat-dist hist bins=60 sat<0.05=0.0% mean=0.982 p10=0.981 p90=0.982
Iter 0002640: train nll 1.387, valid error 074.500%, best valid error 074.200%, avg grad norm   0.192, avg grad norm (post clip)   0.053, rho_Whh  0.94, Omega  0.00, alpha  0.500, steps in the past 0.010, valid nll 1.386
  [diag] log10|dL/dh_t| hist bins=60 range=(-12.00,-2.48) mean=-11.95 p50=-12.00 p05=-12.00 p95=-12.00
  [diag] sat-dist hist bins=60 sat<0.05=0.0% mean=0.982 p10=0.981 p90=0.982
Iter 0002660: train nll 1.386, valid error 074.500%, best valid error 074.200%, avg grad norm   0.191, avg grad norm (post clip)   0.053, rho_Whh  0.94, Omega  0.00, alpha  0.500, steps in the past 0.010, valid nll 1.386
  [diag] log10|dL/dh_t| hist bins=60 range=(-12.00,-2.48) mean=-11.95 p50=-12.00 p05=-12.00 p95=-12.00
  [diag] sat-dist hist bins=60 sat<0.05=0.0% mean=0.982 p10=0.981 p90=0.983
Iter 0002680: train nll 1.386, valid error 074.500%, best valid error 074.200%, avg grad norm   0.170, avg grad norm (post clip)   0.053, rho_Whh  0.94, Omega  0.00, alpha  0.500, steps in the past 0.009, valid nll 1.386
  [diag] log10|dL/dh_t| hist bins=60 range=(-12.00,-2.48) mean=-11.95 p50=-12.00 p05=-12.00 p95=-12.00
  [diag] sat-dist hist bins=60 sat<0.05=0.0% mean=0.982 p10=0.982 p90=0.983
Iter 0002700: train nll 1.387, valid error 074.500%, best valid error 074.200%, avg grad norm   0.162, avg grad norm (post clip)   0.053, rho_Whh  0.94, Omega  0.00, alpha  0.500, steps in the past 0.009, valid nll 1.386
  [diag] log10|dL/dh_t| hist bins=60 range=(-12.00,-2.48) mean=-11.95 p50=-12.00 p05=-12.00 p95=-12.00
  [diag] sat-dist hist bins=60 sat<0.05=0.0% mean=0.983 p10=0.982 p90=0.983
Iter 0002720: train nll 1.386, valid error 074.500%, best valid error 074.200%, avg grad norm   0.178, avg grad norm (post clip)   0.053, rho_Whh  0.94, Omega  0.00, alpha  0.500, steps in the past 0.010, valid nll 1.386
  [diag] log10|dL/dh_t| hist bins=60 range=(-12.00,-2.48) mean=-11.95 p50=-12.00 p05=-12.00 p95=-12.00
  [diag] sat-dist hist bins=60 sat<0.05=0.0% mean=0.983 p10=0.982 p90=0.983
Iter 0002740: train nll 1.386, valid error 074.500%, best valid error 074.200%, avg grad norm   0.171, avg grad norm (post clip)   0.053, rho_Whh  0.94, Omega  0.00, alpha  0.500, steps in the past 0.009, valid nll 1.386
  [diag] log10|dL/dh_t| hist bins=60 range=(-12.00,-2.48) mean=-11.95 p50=-12.00 p05=-12.00 p95=-12.00
  [diag] sat-dist hist bins=60 sat<0.05=0.0% mean=0.983 p10=0.982 p90=0.983
Iter 0002760: train nll 1.386, valid error 074.500%, best valid error 074.200%, avg grad norm   0.187, avg grad norm (post clip)   0.053, rho_Whh  0.94, Omega  0.00, alpha  0.500, steps in the past 0.009, valid nll 1.386
  [diag] log10|dL/dh_t| hist bins=60 range=(-12.00,-2.48) mean=-11.95 p50=-12.00 p05=-12.00 p95=-12.00
  [diag] sat-dist hist bins=60 sat<0.05=0.0% mean=0.983 p10=0.982 p90=0.983
Iter 0002780: train nll 1.386, valid error 074.500%, best valid error 074.200%, avg grad norm   0.176, avg grad norm (post clip)   0.053, rho_Whh  0.94, Omega  0.00, alpha  0.500, steps in the past 0.012, valid nll 1.386
  [diag] log10|dL/dh_t| hist bins=60 range=(-12.00,-2.48) mean=-11.95 p50=-12.00 p05=-12.00 p95=-12.00
  [diag] sat-dist hist bins=60 sat<0.05=0.0% mean=0.983 p10=0.982 p90=0.983
Iter 0002800: train nll 1.386, valid error 074.500%, best valid error 074.200%, avg grad norm   0.182, avg grad norm (post clip)   0.052, rho_Whh  0.94, Omega  0.00, alpha  0.500, steps in the past 0.009, valid nll 1.386
  [diag] log10|dL/dh_t| hist bins=60 range=(-12.00,-2.48) mean=-11.95 p50=-12.00 p05=-12.00 p95=-12.00
  [diag] sat-dist hist bins=60 sat<0.05=0.0% mean=0.982 p10=0.982 p90=0.983
Iter 0002820: train nll 1.387, valid error 074.500%, best valid error 074.200%, avg grad norm   0.173, avg grad norm (post clip)   0.053, rho_Whh  0.94, Omega  0.00, alpha  0.500, steps in the past 0.010, valid nll 1.386
  [diag] log10|dL/dh_t| hist bins=60 range=(-12.00,-2.48) mean=-11.95 p50=-12.00 p05=-12.00 p95=-12.00
  [diag] sat-dist hist bins=60 sat<0.05=0.0% mean=0.983 p10=0.982 p90=0.983
Iter 0002840: train nll 1.386, valid error 074.500%, best valid error 074.200%, avg grad norm   0.164, avg grad norm (post clip)   0.053, rho_Whh  0.94, Omega  0.00, alpha  0.500, steps in the past 0.010, valid nll 1.386
  [diag] log10|dL/dh_t| hist bins=60 range=(-12.00,-2.48) mean=-11.95 p50=-12.00 p05=-12.00 p95=-12.00
  [diag] sat-dist hist bins=60 sat<0.05=0.0% mean=0.983 p10=0.982 p90=0.983
Iter 0002860: train nll 1.385, valid error 074.500%, best valid error 074.200%, avg grad norm   0.182, avg grad norm (post clip)   0.053, rho_Whh  0.94, Omega  0.00, alpha  0.500, steps in the past 0.008, valid nll 1.386
  [diag] log10|dL/dh_t| hist bins=60 range=(-12.00,-2.48) mean=-11.95 p50=-12.00 p05=-12.00 p95=-12.00
  [diag] sat-dist hist bins=60 sat<0.05=0.0% mean=0.983 p10=0.982 p90=0.984
Iter 0002880: train nll 1.386, valid error 074.300%, best valid error 074.200%, avg grad norm   0.192, avg grad norm (post clip)   0.053, rho_Whh  0.94, Omega  0.00, alpha  0.500, steps in the past 0.010, valid nll 1.386
  [diag] log10|dL/dh_t| hist bins=60 range=(-12.00,-2.48) mean=-11.95 p50=-12.00 p05=-12.00 p95=-12.00
  [diag] sat-dist hist bins=60 sat<0.05=0.0% mean=0.983 p10=0.983 p90=0.984
Iter 0002900: train nll 1.386, valid error 074.300%, best valid error 074.200%, avg grad norm   0.183, avg grad norm (post clip)   0.053, rho_Whh  0.94, Omega  0.00, alpha  0.500, steps in the past 0.008, valid nll 1.386
  [diag] log10|dL/dh_t| hist bins=60 range=(-12.00,-2.48) mean=-11.95 p50=-12.00 p05=-12.00 p95=-12.00
  [diag] sat-dist hist bins=60 sat<0.05=0.0% mean=0.984 p10=0.983 p90=0.984
Iter 0002920: train nll 1.387, valid error 074.250%, best valid error 074.200%, avg grad norm   0.191, avg grad norm (post clip)   0.052, rho_Whh  0.94, Omega  0.00, alpha  0.500, steps in the past 0.009, valid nll 1.386
  [diag] log10|dL/dh_t| hist bins=60 range=(-12.00,-2.48) mean=-11.95 p50=-12.00 p05=-12.00 p95=-12.00
  [diag] sat-dist hist bins=60 sat<0.05=0.0% mean=0.984 p10=0.983 p90=0.984
Iter 0002940: train nll 1.386, valid error 073.400%, best valid error 074.200%, avg grad norm   0.160, avg grad norm (post clip)   0.052, rho_Whh  0.94, Omega  0.00, alpha  0.500, steps in the past 0.009, valid nll 1.386
  [diag] log10|dL/dh_t| hist bins=60 range=(-12.00,-2.48) mean=-11.95 p50=-12.00 p05=-12.00 p95=-12.00
  [diag] sat-dist hist bins=60 sat<0.05=0.0% mean=0.984 p10=0.983 p90=0.984
Iter 0002960: train nll 1.386, valid error 074.250%, best valid error 073.400%, avg grad norm   0.165, avg grad norm (post clip)   0.052, rho_Whh  0.94, Omega  0.00, alpha  0.500, steps in the past 0.008, valid nll 1.386
  [diag] log10|dL/dh_t| hist bins=60 range=(-12.00,-2.48) mean=-11.95 p50=-12.00 p05=-12.00 p95=-12.00
  [diag] sat-dist hist bins=60 sat<0.05=0.0% mean=0.983 p10=0.983 p90=0.984
Iter 0002980: train nll 1.386, valid error 074.250%, best valid error 073.400%, avg grad norm   0.192, avg grad norm (post clip)   0.053, rho_Whh  0.94, Omega  0.00, alpha  0.500, steps in the past 0.010, valid nll 1.386
Done. solved=0 steps=2999 best_valid_error=73.4000%
=== DONE  EC_s2_alpha05_cut005_lr001 ===
=== START EC_s3_alpha0_cut005_lr001 ===
Starting to train (PyTorch).
  [diag] log10|dL/dh_t| hist bins=60 range=(-12.00,-2.48) mean=-11.95 p50=-12.00 p05=-12.00 p95=-12.00
  [diag] sat-dist hist bins=60 sat<0.05=0.0% mean=0.982 p10=0.982 p90=0.983
Iter 0000020: train nll 1.456, valid error 074.800%, best valid error 100.000%, avg grad norm   0.192, avg grad norm (post clip)   0.053, rho_Whh  0.95, Omega  0.00, alpha  0.000, steps in the past 0.000, valid nll 1.386
  [diag] log10|dL/dh_t| hist bins=60 range=(-12.00,-2.48) mean=-11.95 p50=-12.00 p05=-12.00 p95=-12.00
  [diag] sat-dist hist bins=60 sat<0.05=0.0% mean=0.982 p10=0.981 p90=0.983
Iter 0000040: train nll 1.386, valid error 074.800%, best valid error 074.800%, avg grad norm   0.171, avg grad norm (post clip)   0.052, rho_Whh  0.95, Omega  0.00, alpha  0.000, steps in the past 0.000, valid nll 1.386
  [diag] log10|dL/dh_t| hist bins=60 range=(-12.00,-2.48) mean=-11.95 p50=-12.00 p05=-12.00 p95=-12.00
  [diag] sat-dist hist bins=60 sat<0.05=0.0% mean=0.982 p10=0.981 p90=0.982
Iter 0000060: train nll 1.386, valid error 074.850%, best valid error 074.800%, avg grad norm   0.191, avg grad norm (post clip)   0.053, rho_Whh  0.95, Omega  0.00, alpha  0.000, steps in the past 0.000, valid nll 1.386
  [diag] log10|dL/dh_t| hist bins=60 range=(-12.00,-2.48) mean=-11.95 p50=-12.00 p05=-12.00 p95=-12.00
  [diag] sat-dist hist bins=60 sat<0.05=0.0% mean=0.982 p10=0.981 p90=0.982
Iter 0000080: train nll 1.386, valid error 074.150%, best valid error 074.800%, avg grad norm   0.177, avg grad norm (post clip)   0.053, rho_Whh  0.95, Omega  0.00, alpha  0.000, steps in the past 0.000, valid nll 1.386
  [diag] log10|dL/dh_t| hist bins=60 range=(-12.00,-2.48) mean=-11.95 p50=-12.00 p05=-12.00 p95=-12.00
  [diag] sat-dist hist bins=60 sat<0.05=0.0% mean=0.982 p10=0.982 p90=0.983
Iter 0000100: train nll 1.386, valid error 073.350%, best valid error 074.150%, avg grad norm   0.183, avg grad norm (post clip)   0.052, rho_Whh  0.95, Omega  0.00, alpha  0.000, steps in the past 0.000, valid nll 1.386
  [diag] log10|dL/dh_t| hist bins=60 range=(-12.00,-2.48) mean=-11.95 p50=-12.00 p05=-12.00 p95=-12.00
  [diag] sat-dist hist bins=60 sat<0.05=0.0% mean=0.982 p10=0.982 p90=0.983
Iter 0000120: train nll 1.386, valid error 074.400%, best valid error 073.350%, avg grad norm   0.184, avg grad norm (post clip)   0.053, rho_Whh  0.95, Omega  0.00, alpha  0.000, steps in the past 0.000, valid nll 1.386
  [diag] log10|dL/dh_t| hist bins=60 range=(-12.00,-2.48) mean=-11.95 p50=-12.00 p05=-12.00 p95=-12.00
  [diag] sat-dist hist bins=60 sat<0.05=0.0% mean=0.982 p10=0.981 p90=0.982
Iter 0000140: train nll 1.386, valid error 073.950%, best valid error 073.350%, avg grad norm   0.167, avg grad norm (post clip)   0.053, rho_Whh  0.95, Omega  0.00, alpha  0.000, steps in the past 0.000, valid nll 1.386
  [diag] log10|dL/dh_t| hist bins=60 range=(-12.00,-2.48) mean=-11.95 p50=-12.00 p05=-12.00 p95=-12.00
  [diag] sat-dist hist bins=60 sat<0.05=0.0% mean=0.982 p10=0.981 p90=0.982
Iter 0000160: train nll 1.386, valid error 074.200%, best valid error 073.350%, avg grad norm   0.171, avg grad norm (post clip)   0.053, rho_Whh  0.95, Omega  0.00, alpha  0.000, steps in the past 0.000, valid nll 1.386
  [diag] log10|dL/dh_t| hist bins=60 range=(-12.00,-2.48) mean=-11.95 p50=-12.00 p05=-12.00 p95=-12.00
  [diag] sat-dist hist bins=60 sat<0.05=0.0% mean=0.981 p10=0.981 p90=0.982
Iter 0000180: train nll 1.386, valid error 074.400%, best valid error 073.350%, avg grad norm   0.195, avg grad norm (post clip)   0.053, rho_Whh  0.95, Omega  0.00, alpha  0.000, steps in the past 0.000, valid nll 1.386
  [diag] log10|dL/dh_t| hist bins=60 range=(-12.00,-2.48) mean=-11.95 p50=-12.00 p05=-12.00 p95=-12.00
  [diag] sat-dist hist bins=60 sat<0.05=0.0% mean=0.981 p10=0.980 p90=0.982
Iter 0000200: train nll 1.386, valid error 074.500%, best valid error 073.350%, avg grad norm   0.190, avg grad norm (post clip)   0.053, rho_Whh  0.95, Omega  0.00, alpha  0.000, steps in the past 0.000, valid nll 1.386
  [diag] log10|dL/dh_t| hist bins=60 range=(-12.00,-2.48) mean=-11.95 p50=-12.00 p05=-12.00 p95=-12.00
  [diag] sat-dist hist bins=60 sat<0.05=0.0% mean=0.981 p10=0.980 p90=0.982
Iter 0000220: train nll 1.386, valid error 074.500%, best valid error 073.350%, avg grad norm   0.181, avg grad norm (post clip)   0.053, rho_Whh  0.95, Omega  0.00, alpha  0.000, steps in the past 0.000, valid nll 1.386
  [diag] log10|dL/dh_t| hist bins=60 range=(-12.00,-2.48) mean=-11.95 p50=-12.00 p05=-12.00 p95=-12.00
  [diag] sat-dist hist bins=60 sat<0.05=0.0% mean=0.981 p10=0.980 p90=0.982
Iter 0000240: train nll 1.386, valid error 074.500%, best valid error 073.350%, avg grad norm   0.191, avg grad norm (post clip)   0.053, rho_Whh  0.95, Omega  0.00, alpha  0.000, steps in the past 0.000, valid nll 1.386
  [diag] log10|dL/dh_t| hist bins=60 range=(-12.00,-2.48) mean=-11.95 p50=-12.00 p05=-12.00 p95=-12.00
  [diag] sat-dist hist bins=60 sat<0.05=0.0% mean=0.981 p10=0.980 p90=0.982
Iter 0000260: train nll 1.386, valid error 074.500%, best valid error 073.350%, avg grad norm   0.209, avg grad norm (post clip)   0.053, rho_Whh  0.95, Omega  0.00, alpha  0.000, steps in the past 0.000, valid nll 1.386
  [diag] log10|dL/dh_t| hist bins=60 range=(-12.00,-2.48) mean=-11.95 p50=-12.00 p05=-12.00 p95=-12.00
  [diag] sat-dist hist bins=60 sat<0.05=0.0% mean=0.981 p10=0.981 p90=0.982
Iter 0000280: train nll 1.386, valid error 074.500%, best valid error 073.350%, avg grad norm   0.187, avg grad norm (post clip)   0.053, rho_Whh  0.95, Omega  0.00, alpha  0.000, steps in the past 0.000, valid nll 1.386
  [diag] log10|dL/dh_t| hist bins=60 range=(-12.00,-2.48) mean=-11.95 p50=-12.00 p05=-12.00 p95=-12.00
  [diag] sat-dist hist bins=60 sat<0.05=0.0% mean=0.981 p10=0.980 p90=0.981
Iter 0000300: train nll 1.386, valid error 074.500%, best valid error 073.350%, avg grad norm   0.182, avg grad norm (post clip)   0.053, rho_Whh  0.95, Omega  0.00, alpha  0.000, steps in the past 0.000, valid nll 1.386
  [diag] log10|dL/dh_t| hist bins=60 range=(-12.00,-2.48) mean=-11.95 p50=-12.00 p05=-12.00 p95=-12.00
  [diag] sat-dist hist bins=60 sat<0.05=0.0% mean=0.981 p10=0.980 p90=0.982
Iter 0000320: train nll 1.387, valid error 074.500%, best valid error 073.350%, avg grad norm   0.181, avg grad norm (post clip)   0.052, rho_Whh  0.95, Omega  0.00, alpha  0.000, steps in the past 0.000, valid nll 1.386
  [diag] log10|dL/dh_t| hist bins=60 range=(-12.00,-2.48) mean=-11.95 p50=-12.00 p05=-12.00 p95=-12.00
  [diag] sat-dist hist bins=60 sat<0.05=0.0% mean=0.981 p10=0.980 p90=0.982
Iter 0000340: train nll 1.386, valid error 074.500%, best valid error 073.350%, avg grad norm   0.190, avg grad norm (post clip)   0.053, rho_Whh  0.95, Omega  0.00, alpha  0.000, steps in the past 0.000, valid nll 1.386
  [diag] log10|dL/dh_t| hist bins=60 range=(-12.00,-2.48) mean=-11.95 p50=-12.00 p05=-12.00 p95=-12.00
  [diag] sat-dist hist bins=60 sat<0.05=0.0% mean=0.981 p10=0.981 p90=0.982
Iter 0000360: train nll 1.386, valid error 074.500%, best valid error 073.350%, avg grad norm   0.183, avg grad norm (post clip)   0.053, rho_Whh  0.95, Omega  0.00, alpha  0.000, steps in the past 0.000, valid nll 1.386
  [diag] log10|dL/dh_t| hist bins=60 range=(-12.00,-2.48) mean=-11.95 p50=-12.00 p05=-12.00 p95=-12.00
  [diag] sat-dist hist bins=60 sat<0.05=0.0% mean=0.982 p10=0.981 p90=0.982
Iter 0000380: train nll 1.386, valid error 074.500%, best valid error 073.350%, avg grad norm   0.187, avg grad norm (post clip)   0.052, rho_Whh  0.95, Omega  0.00, alpha  0.000, steps in the past 0.000, valid nll 1.386
  [diag] log10|dL/dh_t| hist bins=60 range=(-12.00,-2.48) mean=-11.95 p50=-12.00 p05=-12.00 p95=-12.00
  [diag] sat-dist hist bins=60 sat<0.05=0.0% mean=0.982 p10=0.981 p90=0.982
Iter 0000400: train nll 1.386, valid error 074.500%, best valid error 073.350%, avg grad norm   0.189, avg grad norm (post clip)   0.053, rho_Whh  0.95, Omega  0.00, alpha  0.000, steps in the past 0.000, valid nll 1.386
  [diag] log10|dL/dh_t| hist bins=60 range=(-12.00,-2.48) mean=-11.95 p50=-12.00 p05=-12.00 p95=-12.00
  [diag] sat-dist hist bins=60 sat<0.05=0.0% mean=0.982 p10=0.981 p90=0.982
Iter 0000420: train nll 1.387, valid error 074.500%, best valid error 073.350%, avg grad norm   0.189, avg grad norm (post clip)   0.053, rho_Whh  0.95, Omega  0.00, alpha  0.000, steps in the past 0.000, valid nll 1.386
  [diag] log10|dL/dh_t| hist bins=60 range=(-12.00,-2.48) mean=-11.95 p50=-12.00 p05=-12.00 p95=-12.00
  [diag] sat-dist hist bins=60 sat<0.05=0.0% mean=0.982 p10=0.981 p90=0.982
Iter 0000440: train nll 1.387, valid error 074.500%, best valid error 073.350%, avg grad norm   0.224, avg grad norm (post clip)   0.053, rho_Whh  0.95, Omega  0.00, alpha  0.000, steps in the past 0.000, valid nll 1.386
  [diag] log10|dL/dh_t| hist bins=60 range=(-12.00,-2.48) mean=-11.95 p50=-12.00 p05=-12.00 p95=-12.00
  [diag] sat-dist hist bins=60 sat<0.05=0.0% mean=0.982 p10=0.981 p90=0.982
Iter 0000460: train nll 1.386, valid error 074.500%, best valid error 073.350%, avg grad norm   0.191, avg grad norm (post clip)   0.053, rho_Whh  0.95, Omega  0.00, alpha  0.000, steps in the past 0.000, valid nll 1.386
  [diag] log10|dL/dh_t| hist bins=60 range=(-12.00,-2.48) mean=-11.95 p50=-12.00 p05=-12.00 p95=-12.00
  [diag] sat-dist hist bins=60 sat<0.05=0.0% mean=0.982 p10=0.981 p90=0.982
Iter 0000480: train nll 1.386, valid error 074.500%, best valid error 073.350%, avg grad norm   0.196, avg grad norm (post clip)   0.053, rho_Whh  0.95, Omega  0.00, alpha  0.000, steps in the past 0.000, valid nll 1.386
  [diag] log10|dL/dh_t| hist bins=60 range=(-12.00,-2.48) mean=-11.95 p50=-12.00 p05=-12.00 p95=-12.00
  [diag] sat-dist hist bins=60 sat<0.05=0.0% mean=0.982 p10=0.982 p90=0.983
Iter 0000500: train nll 1.386, valid error 074.500%, best valid error 073.350%, avg grad norm   0.176, avg grad norm (post clip)   0.053, rho_Whh  0.95, Omega  0.00, alpha  0.000, steps in the past 0.000, valid nll 1.386
  [diag] log10|dL/dh_t| hist bins=60 range=(-12.00,-2.48) mean=-11.95 p50=-12.00 p05=-12.00 p95=-12.00
  [diag] sat-dist hist bins=60 sat<0.05=0.0% mean=0.983 p10=0.982 p90=0.983
Iter 0000520: train nll 1.386, valid error 074.300%, best valid error 073.350%, avg grad norm   0.200, avg grad norm (post clip)   0.053, rho_Whh  0.95, Omega  0.00, alpha  0.000, steps in the past 0.000, valid nll 1.386
  [diag] log10|dL/dh_t| hist bins=60 range=(-12.00,-2.48) mean=-11.95 p50=-12.00 p05=-12.00 p95=-12.00
  [diag] sat-dist hist bins=60 sat<0.05=0.0% mean=0.982 p10=0.982 p90=0.983
Iter 0000540: train nll 1.386, valid error 074.550%, best valid error 073.350%, avg grad norm   0.191, avg grad norm (post clip)   0.052, rho_Whh  0.95, Omega  0.00, alpha  0.000, steps in the past 0.000, valid nll 1.386
  [diag] log10|dL/dh_t| hist bins=60 range=(-12.00,-2.48) mean=-11.95 p50=-12.00 p05=-12.00 p95=-12.00
  [diag] sat-dist hist bins=60 sat<0.05=0.0% mean=0.982 p10=0.982 p90=0.983
Iter 0000560: train nll 1.386, valid error 074.400%, best valid error 073.350%, avg grad norm   0.207, avg grad norm (post clip)   0.053, rho_Whh  0.95, Omega  0.00, alpha  0.000, steps in the past 0.000, valid nll 1.386
  [diag] log10|dL/dh_t| hist bins=60 range=(-12.00,-2.48) mean=-11.95 p50=-12.00 p05=-12.00 p95=-12.00
  [diag] sat-dist hist bins=60 sat<0.05=0.0% mean=0.982 p10=0.981 p90=0.983
Iter 0000580: train nll 1.386, valid error 074.500%, best valid error 073.350%, avg grad norm   0.200, avg grad norm (post clip)   0.053, rho_Whh  0.95, Omega  0.00, alpha  0.000, steps in the past 0.000, valid nll 1.386
  [diag] log10|dL/dh_t| hist bins=60 range=(-12.00,-2.48) mean=-11.95 p50=-12.00 p05=-12.00 p95=-12.00
  [diag] sat-dist hist bins=60 sat<0.05=0.0% mean=0.982 p10=0.982 p90=0.983
Iter 0000600: train nll 1.387, valid error 074.400%, best valid error 073.350%, avg grad norm   0.163, avg grad norm (post clip)   0.053, rho_Whh  0.95, Omega  0.00, alpha  0.000, steps in the past 0.000, valid nll 1.386
  [diag] log10|dL/dh_t| hist bins=60 range=(-12.00,-2.48) mean=-11.95 p50=-12.00 p05=-12.00 p95=-12.00
  [diag] sat-dist hist bins=60 sat<0.05=0.0% mean=0.982 p10=0.982 p90=0.983
Iter 0000620: train nll 1.387, valid error 074.550%, best valid error 073.350%, avg grad norm   0.195, avg grad norm (post clip)   0.053, rho_Whh  0.95, Omega  0.00, alpha  0.000, steps in the past 0.000, valid nll 1.386
  [diag] log10|dL/dh_t| hist bins=60 range=(-12.00,-2.48) mean=-11.95 p50=-12.00 p05=-12.00 p95=-12.00
  [diag] sat-dist hist bins=60 sat<0.05=0.0% mean=0.982 p10=0.982 p90=0.983
Iter 0000640: train nll 1.386, valid error 074.550%, best valid error 073.350%, avg grad norm   0.180, avg grad norm (post clip)   0.053, rho_Whh  0.95, Omega  0.00, alpha  0.000, steps in the past 0.000, valid nll 1.386
  [diag] log10|dL/dh_t| hist bins=60 range=(-12.00,-2.48) mean=-11.95 p50=-12.00 p05=-12.00 p95=-12.00
  [diag] sat-dist hist bins=60 sat<0.05=0.0% mean=0.982 p10=0.981 p90=0.983
Iter 0000660: train nll 1.386, valid error 074.500%, best valid error 073.350%, avg grad norm   0.173, avg grad norm (post clip)   0.052, rho_Whh  0.95, Omega  0.00, alpha  0.000, steps in the past 0.000, valid nll 1.386
  [diag] log10|dL/dh_t| hist bins=60 range=(-12.00,-2.48) mean=-11.95 p50=-12.00 p05=-12.00 p95=-12.00
  [diag] sat-dist hist bins=60 sat<0.05=0.0% mean=0.982 p10=0.981 p90=0.982
Iter 0000680: train nll 1.386, valid error 074.500%, best valid error 073.350%, avg grad norm   0.161, avg grad norm (post clip)   0.051, rho_Whh  0.95, Omega  0.00, alpha  0.000, steps in the past 0.000, valid nll 1.386
  [diag] log10|dL/dh_t| hist bins=60 range=(-12.00,-2.48) mean=-11.95 p50=-12.00 p05=-12.00 p95=-12.00
  [diag] sat-dist hist bins=60 sat<0.05=0.0% mean=0.982 p10=0.981 p90=0.982
Iter 0000700: train nll 1.387, valid error 074.500%, best valid error 073.350%, avg grad norm   0.178, avg grad norm (post clip)   0.053, rho_Whh  0.95, Omega  0.00, alpha  0.000, steps in the past 0.000, valid nll 1.386
  [diag] log10|dL/dh_t| hist bins=60 range=(-12.00,-2.48) mean=-11.95 p50=-12.00 p05=-12.00 p95=-12.00
  [diag] sat-dist hist bins=60 sat<0.05=0.0% mean=0.982 p10=0.982 p90=0.983
Iter 0000720: train nll 1.386, valid error 074.450%, best valid error 073.350%, avg grad norm   0.237, avg grad norm (post clip)   0.053, rho_Whh  0.95, Omega  0.00, alpha  0.000, steps in the past 0.000, valid nll 1.386
  [diag] log10|dL/dh_t| hist bins=60 range=(-12.00,-2.48) mean=-11.95 p50=-12.00 p05=-12.00 p95=-12.00
  [diag] sat-dist hist bins=60 sat<0.05=0.0% mean=0.982 p10=0.982 p90=0.983
Iter 0000740: train nll 1.386, valid error 074.600%, best valid error 073.350%, avg grad norm   0.185, avg grad norm (post clip)   0.053, rho_Whh  0.95, Omega  0.00, alpha  0.000, steps in the past 0.000, valid nll 1.386
  [diag] log10|dL/dh_t| hist bins=60 range=(-12.00,-2.48) mean=-11.95 p50=-12.00 p05=-12.00 p95=-12.00
  [diag] sat-dist hist bins=60 sat<0.05=0.0% mean=0.983 p10=0.982 p90=0.983
Iter 0000760: train nll 1.386, valid error 074.200%, best valid error 073.350%, avg grad norm   0.169, avg grad norm (post clip)   0.053, rho_Whh  0.95, Omega  0.00, alpha  0.000, steps in the past 0.000, valid nll 1.386
  [diag] log10|dL/dh_t| hist bins=60 range=(-12.00,-2.48) mean=-11.95 p50=-12.00 p05=-12.00 p95=-12.00
  [diag] sat-dist hist bins=60 sat<0.05=0.0% mean=0.983 p10=0.982 p90=0.983
Iter 0000780: train nll 1.386, valid error 074.050%, best valid error 073.350%, avg grad norm   0.197, avg grad norm (post clip)   0.053, rho_Whh  0.95, Omega  0.00, alpha  0.000, steps in the past 0.000, valid nll 1.386
  [diag] log10|dL/dh_t| hist bins=60 range=(-12.00,-2.48) mean=-11.95 p50=-12.00 p05=-12.00 p95=-12.00
  [diag] sat-dist hist bins=60 sat<0.05=0.0% mean=0.983 p10=0.982 p90=0.983
Iter 0000800: train nll 1.386, valid error 074.000%, best valid error 073.350%, avg grad norm   0.198, avg grad norm (post clip)   0.053, rho_Whh  0.95, Omega  0.00, alpha  0.000, steps in the past 0.000, valid nll 1.386
  [diag] log10|dL/dh_t| hist bins=60 range=(-12.00,-2.48) mean=-11.95 p50=-12.00 p05=-12.00 p95=-12.00
  [diag] sat-dist hist bins=60 sat<0.05=0.0% mean=0.983 p10=0.982 p90=0.983
Iter 0000820: train nll 1.387, valid error 074.100%, best valid error 073.350%, avg grad norm   0.206, avg grad norm (post clip)   0.053, rho_Whh  0.95, Omega  0.00, alpha  0.000, steps in the past 0.000, valid nll 1.386
  [diag] log10|dL/dh_t| hist bins=60 range=(-12.00,-2.48) mean=-11.95 p50=-12.00 p05=-12.00 p95=-12.00
  [diag] sat-dist hist bins=60 sat<0.05=0.0% mean=0.983 p10=0.982 p90=0.983
Iter 0000840: train nll 1.386, valid error 073.400%, best valid error 073.350%, avg grad norm   0.142, avg grad norm (post clip)   0.053, rho_Whh  0.95, Omega  0.00, alpha  0.000, steps in the past 0.000, valid nll 1.386
  [diag] log10|dL/dh_t| hist bins=60 range=(-12.00,-2.48) mean=-11.95 p50=-12.00 p05=-12.00 p95=-12.00
  [diag] sat-dist hist bins=60 sat<0.05=0.0% mean=0.983 p10=0.983 p90=0.984
Iter 0000860: train nll 1.387, valid error 074.300%, best valid error 073.350%, avg grad norm   0.189, avg grad norm (post clip)   0.053, rho_Whh  0.95, Omega  0.00, alpha  0.000, steps in the past 0.000, valid nll 1.386
  [diag] log10|dL/dh_t| hist bins=60 range=(-12.00,-2.48) mean=-11.95 p50=-12.00 p05=-12.00 p95=-12.00
  [diag] sat-dist hist bins=60 sat<0.05=0.0% mean=0.983 p10=0.982 p90=0.984
Iter 0000880: train nll 1.386, valid error 073.600%, best valid error 073.350%, avg grad norm   0.156, avg grad norm (post clip)   0.052, rho_Whh  0.95, Omega  0.00, alpha  0.000, steps in the past 0.000, valid nll 1.386
  [diag] log10|dL/dh_t| hist bins=60 range=(-12.00,-2.48) mean=-11.95 p50=-12.00 p05=-12.00 p95=-12.00
  [diag] sat-dist hist bins=60 sat<0.05=0.0% mean=0.983 p10=0.983 p90=0.984
Iter 0000900: train nll 1.387, valid error 075.400%, best valid error 073.350%, avg grad norm   0.176, avg grad norm (post clip)   0.053, rho_Whh  0.95, Omega  0.00, alpha  0.000, steps in the past 0.000, valid nll 1.386
  [diag] log10|dL/dh_t| hist bins=60 range=(-12.00,-2.48) mean=-11.95 p50=-12.00 p05=-12.00 p95=-12.00
  [diag] sat-dist hist bins=60 sat<0.05=0.0% mean=0.983 p10=0.982 p90=0.983
Iter 0000920: train nll 1.387, valid error 074.950%, best valid error 073.350%, avg grad norm   0.169, avg grad norm (post clip)   0.053, rho_Whh  0.95, Omega  0.00, alpha  0.000, steps in the past 0.000, valid nll 1.386
  [diag] log10|dL/dh_t| hist bins=60 range=(-12.00,-2.48) mean=-11.95 p50=-12.00 p05=-12.00 p95=-12.00
  [diag] sat-dist hist bins=60 sat<0.05=0.0% mean=0.983 p10=0.982 p90=0.983
Iter 0000940: train nll 1.386, valid error 075.050%, best valid error 073.350%, avg grad norm   0.185, avg grad norm (post clip)   0.053, rho_Whh  0.95, Omega  0.00, alpha  0.000, steps in the past 0.000, valid nll 1.386
  [diag] log10|dL/dh_t| hist bins=60 range=(-12.00,-2.48) mean=-11.95 p50=-12.00 p05=-12.00 p95=-12.00
  [diag] sat-dist hist bins=60 sat<0.05=0.0% mean=0.983 p10=0.982 p90=0.983
Iter 0000960: train nll 1.386, valid error 075.600%, best valid error 073.350%, avg grad norm   0.175, avg grad norm (post clip)   0.053, rho_Whh  0.95, Omega  0.00, alpha  0.000, steps in the past 0.000, valid nll 1.386
  [diag] log10|dL/dh_t| hist bins=60 range=(-12.00,-2.48) mean=-11.95 p50=-12.00 p05=-12.00 p95=-12.00
  [diag] sat-dist hist bins=60 sat<0.05=0.0% mean=0.983 p10=0.982 p90=0.984
Iter 0000980: train nll 1.387, valid error 075.250%, best valid error 073.350%, avg grad norm   0.197, avg grad norm (post clip)   0.053, rho_Whh  0.95, Omega  0.00, alpha  0.000, steps in the past 0.000, valid nll 1.386
  [diag] log10|dL/dh_t| hist bins=60 range=(-12.00,-2.48) mean=-11.95 p50=-12.00 p05=-12.00 p95=-12.00
  [diag] sat-dist hist bins=60 sat<0.05=0.0% mean=0.983 p10=0.983 p90=0.984
Iter 0001000: train nll 1.386, valid error 075.500%, best valid error 073.350%, avg grad norm   0.170, avg grad norm (post clip)   0.053, rho_Whh  0.95, Omega  0.00, alpha  0.000, steps in the past 0.000, valid nll 1.386
  [diag] log10|dL/dh_t| hist bins=60 range=(-12.00,-2.48) mean=-11.95 p50=-12.00 p05=-12.00 p95=-12.00
  [diag] sat-dist hist bins=60 sat<0.05=0.0% mean=0.983 p10=0.982 p90=0.983
Iter 0001020: train nll 1.387, valid error 075.550%, best valid error 073.350%, avg grad norm   0.216, avg grad norm (post clip)   0.053, rho_Whh  0.95, Omega  0.00, alpha  0.000, steps in the past 0.000, valid nll 1.386
  [diag] log10|dL/dh_t| hist bins=60 range=(-12.00,-2.48) mean=-11.95 p50=-12.00 p05=-12.00 p95=-12.00
  [diag] sat-dist hist bins=60 sat<0.05=0.0% mean=0.983 p10=0.982 p90=0.983
Iter 0001040: train nll 1.386, valid error 075.500%, best valid error 073.350%, avg grad norm   0.177, avg grad norm (post clip)   0.053, rho_Whh  0.95, Omega  0.00, alpha  0.000, steps in the past 0.000, valid nll 1.386
  [diag] log10|dL/dh_t| hist bins=60 range=(-12.00,-2.48) mean=-11.95 p50=-12.00 p05=-12.00 p95=-12.00
  [diag] sat-dist hist bins=60 sat<0.05=0.0% mean=0.983 p10=0.983 p90=0.984
Iter 0001060: train nll 1.386, valid error 075.900%, best valid error 073.350%, avg grad norm   0.169, avg grad norm (post clip)   0.053, rho_Whh  0.95, Omega  0.00, alpha  0.000, steps in the past 0.000, valid nll 1.386
  [diag] log10|dL/dh_t| hist bins=60 range=(-12.00,-2.48) mean=-11.95 p50=-12.00 p05=-12.00 p95=-12.00
  [diag] sat-dist hist bins=60 sat<0.05=0.0% mean=0.984 p10=0.983 p90=0.984
Iter 0001080: train nll 1.386, valid error 075.950%, best valid error 073.350%, avg grad norm   0.197, avg grad norm (post clip)   0.053, rho_Whh  0.95, Omega  0.00, alpha  0.000, steps in the past 0.000, valid nll 1.386
  [diag] log10|dL/dh_t| hist bins=60 range=(-12.00,-2.48) mean=-11.95 p50=-12.00 p05=-12.00 p95=-12.00
  [diag] sat-dist hist bins=60 sat<0.05=0.0% mean=0.984 p10=0.983 p90=0.984
Iter 0001100: train nll 1.386, valid error 075.850%, best valid error 073.350%, avg grad norm   0.215, avg grad norm (post clip)   0.053, rho_Whh  0.95, Omega  0.00, alpha  0.000, steps in the past 0.000, valid nll 1.386
  [diag] log10|dL/dh_t| hist bins=60 range=(-12.00,-2.48) mean=-11.95 p50=-12.00 p05=-12.00 p95=-12.00
  [diag] sat-dist hist bins=60 sat<0.05=0.0% mean=0.984 p10=0.983 p90=0.984
Iter 0001120: train nll 1.386, valid error 075.250%, best valid error 073.350%, avg grad norm   0.182, avg grad norm (post clip)   0.053, rho_Whh  0.95, Omega  0.00, alpha  0.000, steps in the past 0.000, valid nll 1.386
  [diag] log10|dL/dh_t| hist bins=60 range=(-12.00,-2.48) mean=-11.95 p50=-12.00 p05=-12.00 p95=-12.00
  [diag] sat-dist hist bins=60 sat<0.05=0.0% mean=0.984 p10=0.983 p90=0.984
Iter 0001140: train nll 1.387, valid error 075.950%, best valid error 073.350%, avg grad norm   0.193, avg grad norm (post clip)   0.052, rho_Whh  0.95, Omega  0.00, alpha  0.000, steps in the past 0.000, valid nll 1.386
  [diag] log10|dL/dh_t| hist bins=60 range=(-12.00,-2.48) mean=-11.95 p50=-12.00 p05=-12.00 p95=-12.00
  [diag] sat-dist hist bins=60 sat<0.05=0.0% mean=0.984 p10=0.983 p90=0.984
Iter 0001160: train nll 1.386, valid error 076.150%, best valid error 073.350%, avg grad norm   0.192, avg grad norm (post clip)   0.053, rho_Whh  0.95, Omega  0.00, alpha  0.000, steps in the past 0.000, valid nll 1.386
  [diag] log10|dL/dh_t| hist bins=60 range=(-12.00,-2.48) mean=-11.95 p50=-12.00 p05=-12.00 p95=-12.00
  [diag] sat-dist hist bins=60 sat<0.05=0.0% mean=0.984 p10=0.983 p90=0.984
Iter 0001180: train nll 1.386, valid error 076.050%, best valid error 073.350%, avg grad norm   0.198, avg grad norm (post clip)   0.053, rho_Whh  0.95, Omega  0.00, alpha  0.000, steps in the past 0.000, valid nll 1.386
  [diag] log10|dL/dh_t| hist bins=60 range=(-12.00,-2.48) mean=-11.95 p50=-12.00 p05=-12.00 p95=-12.00
  [diag] sat-dist hist bins=60 sat<0.05=0.0% mean=0.984 p10=0.983 p90=0.984
Iter 0001200: train nll 1.386, valid error 075.950%, best valid error 073.350%, avg grad norm   0.160, avg grad norm (post clip)   0.053, rho_Whh  0.95, Omega  0.00, alpha  0.000, steps in the past 0.000, valid nll 1.386
  [diag] log10|dL/dh_t| hist bins=60 range=(-12.00,-2.48) mean=-11.95 p50=-12.00 p05=-12.00 p95=-12.00
  [diag] sat-dist hist bins=60 sat<0.05=0.0% mean=0.984 p10=0.983 p90=0.984
Iter 0001220: train nll 1.386, valid error 075.950%, best valid error 073.350%, avg grad norm   0.160, avg grad norm (post clip)   0.052, rho_Whh  0.95, Omega  0.00, alpha  0.000, steps in the past 0.000, valid nll 1.386
  [diag] log10|dL/dh_t| hist bins=60 range=(-12.00,-2.48) mean=-11.95 p50=-12.00 p05=-12.00 p95=-12.00
  [diag] sat-dist hist bins=60 sat<0.05=0.0% mean=0.984 p10=0.983 p90=0.984
Iter 0001240: train nll 1.387, valid error 075.950%, best valid error 073.350%, avg grad norm   0.206, avg grad norm (post clip)   0.053, rho_Whh  0.95, Omega  0.00, alpha  0.000, steps in the past 0.000, valid nll 1.386
  [diag] log10|dL/dh_t| hist bins=60 range=(-12.00,-2.48) mean=-11.95 p50=-12.00 p05=-12.00 p95=-12.00
  [diag] sat-dist hist bins=60 sat<0.05=0.0% mean=0.984 p10=0.983 p90=0.984
Iter 0001260: train nll 1.386, valid error 075.950%, best valid error 073.350%, avg grad norm   0.180, avg grad norm (post clip)   0.053, rho_Whh  0.95, Omega  0.00, alpha  0.000, steps in the past 0.000, valid nll 1.386
  [diag] log10|dL/dh_t| hist bins=60 range=(-12.00,-2.48) mean=-11.95 p50=-12.00 p05=-12.00 p95=-12.00
  [diag] sat-dist hist bins=60 sat<0.05=0.0% mean=0.983 p10=0.983 p90=0.984
Iter 0001280: train nll 1.386, valid error 075.950%, best valid error 073.350%, avg grad norm   0.197, avg grad norm (post clip)   0.053, rho_Whh  0.95, Omega  0.00, alpha  0.000, steps in the past 0.000, valid nll 1.386
  [diag] log10|dL/dh_t| hist bins=60 range=(-12.00,-2.48) mean=-11.95 p50=-12.00 p05=-12.00 p95=-12.00
  [diag] sat-dist hist bins=60 sat<0.05=0.0% mean=0.983 p10=0.983 p90=0.984
Iter 0001300: train nll 1.386, valid error 075.950%, best valid error 073.350%, avg grad norm   0.199, avg grad norm (post clip)   0.053, rho_Whh  0.95, Omega  0.00, alpha  0.000, steps in the past 0.000, valid nll 1.386
  [diag] log10|dL/dh_t| hist bins=60 range=(-12.00,-2.48) mean=-11.95 p50=-12.00 p05=-12.00 p95=-12.00
  [diag] sat-dist hist bins=60 sat<0.05=0.0% mean=0.984 p10=0.983 p90=0.984
Iter 0001320: train nll 1.386, valid error 075.950%, best valid error 073.350%, avg grad norm   0.180, avg grad norm (post clip)   0.052, rho_Whh  0.95, Omega  0.00, alpha  0.000, steps in the past 0.000, valid nll 1.386
  [diag] log10|dL/dh_t| hist bins=60 range=(-12.00,-2.48) mean=-11.95 p50=-12.00 p05=-12.00 p95=-12.00
  [diag] sat-dist hist bins=60 sat<0.05=0.0% mean=0.984 p10=0.983 p90=0.984
Iter 0001340: train nll 1.386, valid error 075.950%, best valid error 073.350%, avg grad norm   0.170, avg grad norm (post clip)   0.053, rho_Whh  0.95, Omega  0.00, alpha  0.000, steps in the past 0.000, valid nll 1.386
  [diag] log10|dL/dh_t| hist bins=60 range=(-12.00,-2.48) mean=-11.95 p50=-12.00 p05=-12.00 p95=-12.00
  [diag] sat-dist hist bins=60 sat<0.05=0.0% mean=0.984 p10=0.983 p90=0.985
Iter 0001360: train nll 1.386, valid error 075.950%, best valid error 073.350%, avg grad norm   0.181, avg grad norm (post clip)   0.053, rho_Whh  0.95, Omega  0.00, alpha  0.000, steps in the past 0.000, valid nll 1.386
  [diag] log10|dL/dh_t| hist bins=60 range=(-12.00,-2.48) mean=-11.95 p50=-12.00 p05=-12.00 p95=-12.00
  [diag] sat-dist hist bins=60 sat<0.05=0.0% mean=0.984 p10=0.983 p90=0.984
Iter 0001380: train nll 1.386, valid error 075.950%, best valid error 073.350%, avg grad norm   0.171, avg grad norm (post clip)   0.053, rho_Whh  0.95, Omega  0.00, alpha  0.000, steps in the past 0.000, valid nll 1.386
  [diag] log10|dL/dh_t| hist bins=60 range=(-12.00,-2.48) mean=-11.95 p50=-12.00 p05=-12.00 p95=-12.00
  [diag] sat-dist hist bins=60 sat<0.05=0.0% mean=0.984 p10=0.983 p90=0.984
Iter 0001400: train nll 1.386, valid error 075.950%, best valid error 073.350%, avg grad norm   0.180, avg grad norm (post clip)   0.053, rho_Whh  0.95, Omega  0.00, alpha  0.000, steps in the past 0.000, valid nll 1.386
  [diag] log10|dL/dh_t| hist bins=60 range=(-12.00,-2.48) mean=-11.95 p50=-12.00 p05=-12.00 p95=-12.00
  [diag] sat-dist hist bins=60 sat<0.05=0.0% mean=0.984 p10=0.983 p90=0.984
Iter 0001420: train nll 1.387, valid error 075.950%, best valid error 073.350%, avg grad norm   0.181, avg grad norm (post clip)   0.053, rho_Whh  0.95, Omega  0.00, alpha  0.000, steps in the past 0.000, valid nll 1.386
  [diag] log10|dL/dh_t| hist bins=60 range=(-12.00,-2.48) mean=-11.95 p50=-12.00 p05=-12.00 p95=-12.00
  [diag] sat-dist hist bins=60 sat<0.05=0.0% mean=0.984 p10=0.983 p90=0.984
Iter 0001440: train nll 1.386, valid error 075.950%, best valid error 073.350%, avg grad norm   0.172, avg grad norm (post clip)   0.053, rho_Whh  0.95, Omega  0.00, alpha  0.000, steps in the past 0.000, valid nll 1.386
  [diag] log10|dL/dh_t| hist bins=60 range=(-12.00,-2.48) mean=-11.95 p50=-12.00 p05=-12.00 p95=-12.00
  [diag] sat-dist hist bins=60 sat<0.05=0.0% mean=0.984 p10=0.983 p90=0.984
Iter 0001460: train nll 1.386, valid error 075.950%, best valid error 073.350%, avg grad norm   0.188, avg grad norm (post clip)   0.053, rho_Whh  0.95, Omega  0.00, alpha  0.000, steps in the past 0.000, valid nll 1.386
  [diag] log10|dL/dh_t| hist bins=60 range=(-12.00,-2.48) mean=-11.95 p50=-12.00 p05=-12.00 p95=-12.00
  [diag] sat-dist hist bins=60 sat<0.05=0.0% mean=0.984 p10=0.983 p90=0.984
Iter 0001480: train nll 1.387, valid error 075.950%, best valid error 073.350%, avg grad norm   0.221, avg grad norm (post clip)   0.053, rho_Whh  0.95, Omega  0.00, alpha  0.000, steps in the past 0.000, valid nll 1.386
  [diag] log10|dL/dh_t| hist bins=60 range=(-12.00,-2.48) mean=-11.95 p50=-12.00 p05=-12.00 p95=-12.00
  [diag] sat-dist hist bins=60 sat<0.05=0.0% mean=0.984 p10=0.983 p90=0.984
Iter 0001500: train nll 1.387, valid error 075.950%, best valid error 073.350%, avg grad norm   0.164, avg grad norm (post clip)   0.053, rho_Whh  0.95, Omega  0.00, alpha  0.000, steps in the past 0.000, valid nll 1.386
  [diag] log10|dL/dh_t| hist bins=60 range=(-12.00,-2.48) mean=-11.95 p50=-12.00 p05=-12.00 p95=-12.00
  [diag] sat-dist hist bins=60 sat<0.05=0.0% mean=0.984 p10=0.983 p90=0.984
Iter 0001520: train nll 1.386, valid error 075.950%, best valid error 073.350%, avg grad norm   0.177, avg grad norm (post clip)   0.052, rho_Whh  0.95, Omega  0.00, alpha  0.000, steps in the past 0.000, valid nll 1.386
  [diag] log10|dL/dh_t| hist bins=60 range=(-12.00,-2.48) mean=-11.95 p50=-12.00 p05=-12.00 p95=-12.00
  [diag] sat-dist hist bins=60 sat<0.05=0.0% mean=0.984 p10=0.983 p90=0.984
Iter 0001540: train nll 1.386, valid error 075.950%, best valid error 073.350%, avg grad norm   0.195, avg grad norm (post clip)   0.053, rho_Whh  0.95, Omega  0.00, alpha  0.000, steps in the past 0.000, valid nll 1.386
  [diag] log10|dL/dh_t| hist bins=60 range=(-12.00,-2.48) mean=-11.95 p50=-12.00 p05=-12.00 p95=-12.00
  [diag] sat-dist hist bins=60 sat<0.05=0.0% mean=0.984 p10=0.983 p90=0.984
Iter 0001560: train nll 1.387, valid error 075.950%, best valid error 073.350%, avg grad norm   0.225, avg grad norm (post clip)   0.053, rho_Whh  0.95, Omega  0.00, alpha  0.000, steps in the past 0.000, valid nll 1.386
  [diag] log10|dL/dh_t| hist bins=60 range=(-12.00,-2.48) mean=-11.95 p50=-12.00 p05=-12.00 p95=-12.00
  [diag] sat-dist hist bins=60 sat<0.05=0.0% mean=0.984 p10=0.983 p90=0.984
Iter 0001580: train nll 1.386, valid error 075.950%, best valid error 073.350%, avg grad norm   0.177, avg grad norm (post clip)   0.053, rho_Whh  0.95, Omega  0.00, alpha  0.000, steps in the past 0.000, valid nll 1.386
  [diag] log10|dL/dh_t| hist bins=60 range=(-12.00,-2.48) mean=-11.95 p50=-12.00 p05=-12.00 p95=-12.00
  [diag] sat-dist hist bins=60 sat<0.05=0.0% mean=0.984 p10=0.983 p90=0.984
Iter 0001600: train nll 1.387, valid error 075.950%, best valid error 073.350%, avg grad norm   0.202, avg grad norm (post clip)   0.053, rho_Whh  0.95, Omega  0.00, alpha  0.000, steps in the past 0.000, valid nll 1.386
  [diag] log10|dL/dh_t| hist bins=60 range=(-12.00,-2.48) mean=-11.95 p50=-12.00 p05=-12.00 p95=-12.00
  [diag] sat-dist hist bins=60 sat<0.05=0.0% mean=0.984 p10=0.984 p90=0.985
Iter 0001620: train nll 1.386, valid error 075.950%, best valid error 073.350%, avg grad norm   0.183, avg grad norm (post clip)   0.052, rho_Whh  0.95, Omega  0.00, alpha  0.000, steps in the past 0.000, valid nll 1.386
  [diag] log10|dL/dh_t| hist bins=60 range=(-12.00,-2.48) mean=-11.95 p50=-12.00 p05=-12.00 p95=-12.00
  [diag] sat-dist hist bins=60 sat<0.05=0.0% mean=0.985 p10=0.984 p90=0.985
Iter 0001640: train nll 1.386, valid error 075.950%, best valid error 073.350%, avg grad norm   0.181, avg grad norm (post clip)   0.053, rho_Whh  0.95, Omega  0.00, alpha  0.000, steps in the past 0.000, valid nll 1.386
  [diag] log10|dL/dh_t| hist bins=60 range=(-12.00,-2.48) mean=-11.95 p50=-12.00 p05=-12.00 p95=-12.00
  [diag] sat-dist hist bins=60 sat<0.05=0.0% mean=0.984 p10=0.984 p90=0.985
Iter 0001660: train nll 1.386, valid error 075.950%, best valid error 073.350%, avg grad norm   0.199, avg grad norm (post clip)   0.053, rho_Whh  0.95, Omega  0.00, alpha  0.000, steps in the past 0.000, valid nll 1.386
  [diag] log10|dL/dh_t| hist bins=60 range=(-12.00,-2.48) mean=-11.95 p50=-12.00 p05=-12.00 p95=-12.00
  [diag] sat-dist hist bins=60 sat<0.05=0.0% mean=0.984 p10=0.983 p90=0.985
Iter 0001680: train nll 1.386, valid error 075.950%, best valid error 073.350%, avg grad norm   0.173, avg grad norm (post clip)   0.053, rho_Whh  0.95, Omega  0.00, alpha  0.000, steps in the past 0.000, valid nll 1.386
  [diag] log10|dL/dh_t| hist bins=60 range=(-12.00,-2.48) mean=-11.95 p50=-12.00 p05=-12.00 p95=-12.00
  [diag] sat-dist hist bins=60 sat<0.05=0.0% mean=0.984 p10=0.983 p90=0.984
Iter 0001700: train nll 1.386, valid error 075.950%, best valid error 073.350%, avg grad norm   0.157, avg grad norm (post clip)   0.051, rho_Whh  0.95, Omega  0.00, alpha  0.000, steps in the past 0.000, valid nll 1.386
  [diag] log10|dL/dh_t| hist bins=60 range=(-12.00,-2.48) mean=-11.95 p50=-12.00 p05=-12.00 p95=-12.00
  [diag] sat-dist hist bins=60 sat<0.05=0.0% mean=0.984 p10=0.983 p90=0.984
Iter 0001720: train nll 1.386, valid error 075.950%, best valid error 073.350%, avg grad norm   0.199, avg grad norm (post clip)   0.053, rho_Whh  0.95, Omega  0.00, alpha  0.000, steps in the past 0.000, valid nll 1.386
  [diag] log10|dL/dh_t| hist bins=60 range=(-12.00,-2.48) mean=-11.95 p50=-12.00 p05=-12.00 p95=-12.00
  [diag] sat-dist hist bins=60 sat<0.05=0.0% mean=0.984 p10=0.983 p90=0.984
Iter 0001740: train nll 1.386, valid error 075.950%, best valid error 073.350%, avg grad norm   0.181, avg grad norm (post clip)   0.053, rho_Whh  0.95, Omega  0.00, alpha  0.000, steps in the past 0.000, valid nll 1.386
  [diag] log10|dL/dh_t| hist bins=60 range=(-12.00,-2.48) mean=-11.95 p50=-12.00 p05=-12.00 p95=-12.00
  [diag] sat-dist hist bins=60 sat<0.05=0.0% mean=0.984 p10=0.983 p90=0.984
Iter 0001760: train nll 1.386, valid error 075.950%, best valid error 073.350%, avg grad norm   0.186, avg grad norm (post clip)   0.053, rho_Whh  0.95, Omega  0.00, alpha  0.000, steps in the past 0.000, valid nll 1.386
  [diag] log10|dL/dh_t| hist bins=60 range=(-12.00,-2.48) mean=-11.95 p50=-12.00 p05=-12.00 p95=-12.00
  [diag] sat-dist hist bins=60 sat<0.05=0.0% mean=0.984 p10=0.983 p90=0.984
Iter 0001780: train nll 1.386, valid error 075.950%, best valid error 073.350%, avg grad norm   0.184, avg grad norm (post clip)   0.053, rho_Whh  0.95, Omega  0.00, alpha  0.000, steps in the past 0.000, valid nll 1.386
  [diag] log10|dL/dh_t| hist bins=60 range=(-12.00,-2.48) mean=-11.95 p50=-12.00 p05=-12.00 p95=-12.00
  [diag] sat-dist hist bins=60 sat<0.05=0.0% mean=0.984 p10=0.983 p90=0.984
Iter 0001800: train nll 1.386, valid error 075.950%, best valid error 073.350%, avg grad norm   0.151, avg grad norm (post clip)   0.051, rho_Whh  0.95, Omega  0.00, alpha  0.000, steps in the past 0.000, valid nll 1.386
  [diag] log10|dL/dh_t| hist bins=60 range=(-12.00,-2.48) mean=-11.95 p50=-12.00 p05=-12.00 p95=-12.00
  [diag] sat-dist hist bins=60 sat<0.05=0.0% mean=0.983 p10=0.983 p90=0.984
Iter 0001820: train nll 1.386, valid error 075.500%, best valid error 073.350%, avg grad norm   0.219, avg grad norm (post clip)   0.053, rho_Whh  0.95, Omega  0.00, alpha  0.000, steps in the past 0.000, valid nll 1.386
  [diag] log10|dL/dh_t| hist bins=60 range=(-12.00,-2.48) mean=-11.95 p50=-12.00 p05=-12.00 p95=-12.00
  [diag] sat-dist hist bins=60 sat<0.05=0.0% mean=0.983 p10=0.982 p90=0.984
Iter 0001840: train nll 1.386, valid error 075.800%, best valid error 073.350%, avg grad norm   0.177, avg grad norm (post clip)   0.053, rho_Whh  0.95, Omega  0.00, alpha  0.000, steps in the past 0.000, valid nll 1.386
  [diag] log10|dL/dh_t| hist bins=60 range=(-12.00,-2.48) mean=-11.95 p50=-12.00 p05=-12.00 p95=-12.00
  [diag] sat-dist hist bins=60 sat<0.05=0.0% mean=0.983 p10=0.983 p90=0.984
Iter 0001860: train nll 1.386, valid error 075.550%, best valid error 073.350%, avg grad norm   0.156, avg grad norm (post clip)   0.053, rho_Whh  0.95, Omega  0.00, alpha  0.000, steps in the past 0.000, valid nll 1.386
  [diag] log10|dL/dh_t| hist bins=60 range=(-12.00,-2.48) mean=-11.95 p50=-12.00 p05=-12.00 p95=-12.00
  [diag] sat-dist hist bins=60 sat<0.05=0.0% mean=0.984 p10=0.983 p90=0.984
Iter 0001880: train nll 1.387, valid error 075.900%, best valid error 073.350%, avg grad norm   0.171, avg grad norm (post clip)   0.053, rho_Whh  0.95, Omega  0.00, alpha  0.000, steps in the past 0.000, valid nll 1.386
  [diag] log10|dL/dh_t| hist bins=60 range=(-12.00,-2.48) mean=-11.95 p50=-12.00 p05=-12.00 p95=-12.00
  [diag] sat-dist hist bins=60 sat<0.05=0.0% mean=0.983 p10=0.983 p90=0.984
Iter 0001900: train nll 1.387, valid error 075.650%, best valid error 073.350%, avg grad norm   0.172, avg grad norm (post clip)   0.053, rho_Whh  0.95, Omega  0.00, alpha  0.000, steps in the past 0.000, valid nll 1.386
  [diag] log10|dL/dh_t| hist bins=60 range=(-12.00,-2.48) mean=-11.95 p50=-12.00 p05=-12.00 p95=-12.00
  [diag] sat-dist hist bins=60 sat<0.05=0.0% mean=0.983 p10=0.983 p90=0.984
Iter 0001920: train nll 1.386, valid error 075.300%, best valid error 073.350%, avg grad norm   0.181, avg grad norm (post clip)   0.053, rho_Whh  0.95, Omega  0.00, alpha  0.000, steps in the past 0.000, valid nll 1.386
  [diag] log10|dL/dh_t| hist bins=60 range=(-12.00,-2.48) mean=-11.95 p50=-12.00 p05=-12.00 p95=-12.00
  [diag] sat-dist hist bins=60 sat<0.05=0.0% mean=0.983 p10=0.983 p90=0.984
Iter 0001940: train nll 1.386, valid error 075.000%, best valid error 073.350%, avg grad norm   0.183, avg grad norm (post clip)   0.053, rho_Whh  0.95, Omega  0.00, alpha  0.000, steps in the past 0.000, valid nll 1.386
  [diag] log10|dL/dh_t| hist bins=60 range=(-12.00,-2.48) mean=-11.95 p50=-12.00 p05=-12.00 p95=-12.00
  [diag] sat-dist hist bins=60 sat<0.05=0.0% mean=0.983 p10=0.983 p90=0.984
Iter 0001960: train nll 1.386, valid error 074.450%, best valid error 073.350%, avg grad norm   0.186, avg grad norm (post clip)   0.053, rho_Whh  0.95, Omega  0.00, alpha  0.000, steps in the past 0.000, valid nll 1.386
  [diag] log10|dL/dh_t| hist bins=60 range=(-12.00,-2.48) mean=-11.95 p50=-12.00 p05=-12.00 p95=-12.00
  [diag] sat-dist hist bins=60 sat<0.05=0.0% mean=0.983 p10=0.983 p90=0.984
Iter 0001980: train nll 1.386, valid error 074.750%, best valid error 073.350%, avg grad norm   0.169, avg grad norm (post clip)   0.053, rho_Whh  0.95, Omega  0.00, alpha  0.000, steps in the past 0.000, valid nll 1.386
  [diag] log10|dL/dh_t| hist bins=60 range=(-12.00,-2.48) mean=-11.95 p50=-12.00 p05=-12.00 p95=-12.00
  [diag] sat-dist hist bins=60 sat<0.05=0.0% mean=0.983 p10=0.982 p90=0.984
Iter 0002000: train nll 1.386, valid error 075.250%, best valid error 073.350%, avg grad norm   0.182, avg grad norm (post clip)   0.053, rho_Whh  0.95, Omega  0.00, alpha  0.000, steps in the past 0.000, valid nll 1.386
  [diag] log10|dL/dh_t| hist bins=60 range=(-12.00,-2.48) mean=-11.95 p50=-12.00 p05=-12.00 p95=-12.00
  [diag] sat-dist hist bins=60 sat<0.05=0.0% mean=0.983 p10=0.982 p90=0.983
Iter 0002020: train nll 1.386, valid error 074.750%, best valid error 073.350%, avg grad norm   0.189, avg grad norm (post clip)   0.053, rho_Whh  0.95, Omega  0.00, alpha  0.000, steps in the past 0.000, valid nll 1.386
  [diag] log10|dL/dh_t| hist bins=60 range=(-12.00,-2.48) mean=-11.95 p50=-12.00 p05=-12.00 p95=-12.00
  [diag] sat-dist hist bins=60 sat<0.05=0.0% mean=0.983 p10=0.982 p90=0.983
Iter 0002040: train nll 1.386, valid error 074.800%, best valid error 073.350%, avg grad norm   0.200, avg grad norm (post clip)   0.053, rho_Whh  0.95, Omega  0.00, alpha  0.000, steps in the past 0.000, valid nll 1.386
  [diag] log10|dL/dh_t| hist bins=60 range=(-12.00,-2.48) mean=-11.95 p50=-12.00 p05=-12.00 p95=-12.00
  [diag] sat-dist hist bins=60 sat<0.05=0.0% mean=0.983 p10=0.982 p90=0.984
Iter 0002060: train nll 1.387, valid error 075.450%, best valid error 073.350%, avg grad norm   0.180, avg grad norm (post clip)   0.053, rho_Whh  0.95, Omega  0.00, alpha  0.000, steps in the past 0.000, valid nll 1.386
  [diag] log10|dL/dh_t| hist bins=60 range=(-12.00,-2.48) mean=-11.95 p50=-12.00 p05=-12.00 p95=-12.00
  [diag] sat-dist hist bins=60 sat<0.05=0.0% mean=0.983 p10=0.982 p90=0.983
Iter 0002080: train nll 1.386, valid error 075.250%, best valid error 073.350%, avg grad norm   0.170, avg grad norm (post clip)   0.053, rho_Whh  0.95, Omega  0.00, alpha  0.000, steps in the past 0.000, valid nll 1.386
  [diag] log10|dL/dh_t| hist bins=60 range=(-12.00,-2.48) mean=-11.95 p50=-12.00 p05=-12.00 p95=-12.00
  [diag] sat-dist hist bins=60 sat<0.05=0.0% mean=0.983 p10=0.982 p90=0.983
Iter 0002100: train nll 1.387, valid error 075.650%, best valid error 073.350%, avg grad norm   0.190, avg grad norm (post clip)   0.053, rho_Whh  0.95, Omega  0.00, alpha  0.000, steps in the past 0.000, valid nll 1.386
  [diag] log10|dL/dh_t| hist bins=60 range=(-12.00,-2.48) mean=-11.95 p50=-12.00 p05=-12.00 p95=-12.00
  [diag] sat-dist hist bins=60 sat<0.05=0.0% mean=0.983 p10=0.982 p90=0.984
Iter 0002120: train nll 1.386, valid error 075.450%, best valid error 073.350%, avg grad norm   0.177, avg grad norm (post clip)   0.053, rho_Whh  0.95, Omega  0.00, alpha  0.000, steps in the past 0.000, valid nll 1.386
  [diag] log10|dL/dh_t| hist bins=60 range=(-12.00,-2.48) mean=-11.95 p50=-12.00 p05=-12.00 p95=-12.00
  [diag] sat-dist hist bins=60 sat<0.05=0.0% mean=0.983 p10=0.982 p90=0.983
Iter 0002140: train nll 1.387, valid error 074.700%, best valid error 073.350%, avg grad norm   0.190, avg grad norm (post clip)   0.053, rho_Whh  0.95, Omega  0.00, alpha  0.000, steps in the past 0.000, valid nll 1.386
  [diag] log10|dL/dh_t| hist bins=60 range=(-12.00,-2.48) mean=-11.95 p50=-12.00 p05=-12.00 p95=-12.00
  [diag] sat-dist hist bins=60 sat<0.05=0.0% mean=0.982 p10=0.981 p90=0.983
Iter 0002160: train nll 1.387, valid error 074.500%, best valid error 073.350%, avg grad norm   0.199, avg grad norm (post clip)   0.053, rho_Whh  0.95, Omega  0.00, alpha  0.000, steps in the past 0.000, valid nll 1.386
  [diag] log10|dL/dh_t| hist bins=60 range=(-12.00,-2.48) mean=-11.95 p50=-12.00 p05=-12.00 p95=-12.00
  [diag] sat-dist hist bins=60 sat<0.05=0.0% mean=0.982 p10=0.981 p90=0.982
Iter 0002180: train nll 1.386, valid error 074.500%, best valid error 073.350%, avg grad norm   0.207, avg grad norm (post clip)   0.053, rho_Whh  0.95, Omega  0.00, alpha  0.000, steps in the past 0.000, valid nll 1.386
  [diag] log10|dL/dh_t| hist bins=60 range=(-12.00,-2.48) mean=-11.95 p50=-12.00 p05=-12.00 p95=-12.00
  [diag] sat-dist hist bins=60 sat<0.05=0.0% mean=0.982 p10=0.981 p90=0.982
Iter 0002200: train nll 1.386, valid error 074.500%, best valid error 073.350%, avg grad norm   0.197, avg grad norm (post clip)   0.053, rho_Whh  0.95, Omega  0.00, alpha  0.000, steps in the past 0.000, valid nll 1.386
  [diag] log10|dL/dh_t| hist bins=60 range=(-12.00,-2.48) mean=-11.95 p50=-12.00 p05=-12.00 p95=-12.00
  [diag] sat-dist hist bins=60 sat<0.05=0.0% mean=0.982 p10=0.981 p90=0.982
Iter 0002220: train nll 1.387, valid error 074.500%, best valid error 073.350%, avg grad norm   0.196, avg grad norm (post clip)   0.053, rho_Whh  0.95, Omega  0.00, alpha  0.000, steps in the past 0.000, valid nll 1.386
  [diag] log10|dL/dh_t| hist bins=60 range=(-12.00,-2.48) mean=-11.95 p50=-12.00 p05=-12.00 p95=-12.00
  [diag] sat-dist hist bins=60 sat<0.05=0.0% mean=0.982 p10=0.981 p90=0.982
Iter 0002240: train nll 1.386, valid error 074.500%, best valid error 073.350%, avg grad norm   0.194, avg grad norm (post clip)   0.053, rho_Whh  0.95, Omega  0.00, alpha  0.000, steps in the past 0.000, valid nll 1.386
  [diag] log10|dL/dh_t| hist bins=60 range=(-12.00,-2.48) mean=-11.95 p50=-12.00 p05=-12.00 p95=-12.00
  [diag] sat-dist hist bins=60 sat<0.05=0.0% mean=0.982 p10=0.981 p90=0.982
Iter 0002260: train nll 1.386, valid error 074.500%, best valid error 073.350%, avg grad norm   0.173, avg grad norm (post clip)   0.053, rho_Whh  0.95, Omega  0.00, alpha  0.000, steps in the past 0.000, valid nll 1.386
  [diag] log10|dL/dh_t| hist bins=60 range=(-12.00,-2.48) mean=-11.95 p50=-12.00 p05=-12.00 p95=-12.00
  [diag] sat-dist hist bins=60 sat<0.05=0.0% mean=0.982 p10=0.981 p90=0.982
Iter 0002280: train nll 1.386, valid error 074.500%, best valid error 073.350%, avg grad norm   0.196, avg grad norm (post clip)   0.053, rho_Whh  0.95, Omega  0.00, alpha  0.000, steps in the past 0.000, valid nll 1.386
  [diag] log10|dL/dh_t| hist bins=60 range=(-12.00,-2.48) mean=-11.95 p50=-12.00 p05=-12.00 p95=-12.00
  [diag] sat-dist hist bins=60 sat<0.05=0.0% mean=0.982 p10=0.981 p90=0.982
Iter 0002300: train nll 1.386, valid error 074.500%, best valid error 073.350%, avg grad norm   0.186, avg grad norm (post clip)   0.053, rho_Whh  0.95, Omega  0.00, alpha  0.000, steps in the past 0.000, valid nll 1.386
  [diag] log10|dL/dh_t| hist bins=60 range=(-12.00,-2.48) mean=-11.95 p50=-12.00 p05=-12.00 p95=-12.00
  [diag] sat-dist hist bins=60 sat<0.05=0.0% mean=0.982 p10=0.981 p90=0.982
Iter 0002320: train nll 1.386, valid error 074.500%, best valid error 073.350%, avg grad norm   0.197, avg grad norm (post clip)   0.053, rho_Whh  0.95, Omega  0.00, alpha  0.000, steps in the past 0.000, valid nll 1.386
  [diag] log10|dL/dh_t| hist bins=60 range=(-12.00,-2.48) mean=-11.95 p50=-12.00 p05=-12.00 p95=-12.00
  [diag] sat-dist hist bins=60 sat<0.05=0.0% mean=0.982 p10=0.981 p90=0.982
Iter 0002340: train nll 1.387, valid error 074.500%, best valid error 073.350%, avg grad norm   0.174, avg grad norm (post clip)   0.052, rho_Whh  0.95, Omega  0.00, alpha  0.000, steps in the past 0.000, valid nll 1.386
  [diag] log10|dL/dh_t| hist bins=60 range=(-12.00,-2.48) mean=-11.95 p50=-12.00 p05=-12.00 p95=-12.00
  [diag] sat-dist hist bins=60 sat<0.05=0.0% mean=0.981 p10=0.981 p90=0.982
Iter 0002360: train nll 1.386, valid error 074.500%, best valid error 073.350%, avg grad norm   0.221, avg grad norm (post clip)   0.053, rho_Whh  0.95, Omega  0.00, alpha  0.000, steps in the past 0.000, valid nll 1.386
  [diag] log10|dL/dh_t| hist bins=60 range=(-12.00,-2.48) mean=-11.95 p50=-12.00 p05=-12.00 p95=-12.00
  [diag] sat-dist hist bins=60 sat<0.05=0.0% mean=0.982 p10=0.981 p90=0.982
Iter 0002380: train nll 1.387, valid error 074.500%, best valid error 073.350%, avg grad norm   0.202, avg grad norm (post clip)   0.053, rho_Whh  0.95, Omega  0.00, alpha  0.000, steps in the past 0.000, valid nll 1.386
  [diag] log10|dL/dh_t| hist bins=60 range=(-12.00,-2.48) mean=-11.95 p50=-12.00 p05=-12.00 p95=-12.00
  [diag] sat-dist hist bins=60 sat<0.05=0.0% mean=0.982 p10=0.981 p90=0.982
Iter 0002400: train nll 1.386, valid error 074.500%, best valid error 073.350%, avg grad norm   0.176, avg grad norm (post clip)   0.052, rho_Whh  0.95, Omega  0.00, alpha  0.000, steps in the past 0.000, valid nll 1.386
  [diag] log10|dL/dh_t| hist bins=60 range=(-12.00,-2.48) mean=-11.95 p50=-12.00 p05=-12.00 p95=-12.00
  [diag] sat-dist hist bins=60 sat<0.05=0.0% mean=0.982 p10=0.982 p90=0.983
Iter 0002420: train nll 1.386, valid error 074.500%, best valid error 073.350%, avg grad norm   0.163, avg grad norm (post clip)   0.052, rho_Whh  0.95, Omega  0.00, alpha  0.000, steps in the past 0.000, valid nll 1.386
  [diag] log10|dL/dh_t| hist bins=60 range=(-12.00,-2.48) mean=-11.95 p50=-12.00 p05=-12.00 p95=-12.00
  [diag] sat-dist hist bins=60 sat<0.05=0.0% mean=0.982 p10=0.982 p90=0.983
Iter 0002440: train nll 1.386, valid error 074.650%, best valid error 073.350%, avg grad norm   0.201, avg grad norm (post clip)   0.053, rho_Whh  0.95, Omega  0.00, alpha  0.000, steps in the past 0.000, valid nll 1.386
  [diag] log10|dL/dh_t| hist bins=60 range=(-12.00,-2.48) mean=-11.95 p50=-12.00 p05=-12.00 p95=-12.00
  [diag] sat-dist hist bins=60 sat<0.05=0.0% mean=0.982 p10=0.982 p90=0.983
Iter 0002460: train nll 1.387, valid error 075.000%, best valid error 073.350%, avg grad norm   0.188, avg grad norm (post clip)   0.052, rho_Whh  0.95, Omega  0.00, alpha  0.000, steps in the past 0.000, valid nll 1.386
  [diag] log10|dL/dh_t| hist bins=60 range=(-12.00,-2.48) mean=-11.95 p50=-12.00 p05=-12.00 p95=-12.00
  [diag] sat-dist hist bins=60 sat<0.05=0.0% mean=0.982 p10=0.982 p90=0.983
Iter 0002480: train nll 1.386, valid error 074.700%, best valid error 073.350%, avg grad norm   0.170, avg grad norm (post clip)   0.053, rho_Whh  0.95, Omega  0.00, alpha  0.000, steps in the past 0.000, valid nll 1.386
  [diag] log10|dL/dh_t| hist bins=60 range=(-12.00,-2.48) mean=-11.95 p50=-12.00 p05=-12.00 p95=-12.00
  [diag] sat-dist hist bins=60 sat<0.05=0.0% mean=0.983 p10=0.982 p90=0.983
Iter 0002500: train nll 1.386, valid error 075.750%, best valid error 073.350%, avg grad norm   0.192, avg grad norm (post clip)   0.053, rho_Whh  0.95, Omega  0.00, alpha  0.000, steps in the past 0.000, valid nll 1.386
  [diag] log10|dL/dh_t| hist bins=60 range=(-12.00,-2.48) mean=-11.95 p50=-12.00 p05=-12.00 p95=-12.00
  [diag] sat-dist hist bins=60 sat<0.05=0.0% mean=0.983 p10=0.982 p90=0.983
Iter 0002520: train nll 1.386, valid error 075.500%, best valid error 073.350%, avg grad norm   0.164, avg grad norm (post clip)   0.052, rho_Whh  0.95, Omega  0.00, alpha  0.000, steps in the past 0.000, valid nll 1.386
  [diag] log10|dL/dh_t| hist bins=60 range=(-12.00,-2.48) mean=-11.95 p50=-12.00 p05=-12.00 p95=-12.00
  [diag] sat-dist hist bins=60 sat<0.05=0.0% mean=0.982 p10=0.982 p90=0.983
Iter 0002540: train nll 1.386, valid error 074.500%, best valid error 073.350%, avg grad norm   0.212, avg grad norm (post clip)   0.053, rho_Whh  0.95, Omega  0.00, alpha  0.000, steps in the past 0.000, valid nll 1.386
  [diag] log10|dL/dh_t| hist bins=60 range=(-12.00,-2.48) mean=-11.95 p50=-12.00 p05=-12.00 p95=-12.00
  [diag] sat-dist hist bins=60 sat<0.05=0.0% mean=0.983 p10=0.982 p90=0.983
Iter 0002560: train nll 1.387, valid error 074.500%, best valid error 073.350%, avg grad norm   0.198, avg grad norm (post clip)   0.053, rho_Whh  0.95, Omega  0.00, alpha  0.000, steps in the past 0.000, valid nll 1.386
  [diag] log10|dL/dh_t| hist bins=60 range=(-12.00,-2.48) mean=-11.95 p50=-12.00 p05=-12.00 p95=-12.00
  [diag] sat-dist hist bins=60 sat<0.05=0.0% mean=0.982 p10=0.981 p90=0.983
Iter 0002580: train nll 1.386, valid error 074.500%, best valid error 073.350%, avg grad norm   0.175, avg grad norm (post clip)   0.052, rho_Whh  0.95, Omega  0.00, alpha  0.000, steps in the past 0.000, valid nll 1.386
  [diag] log10|dL/dh_t| hist bins=60 range=(-12.00,-2.48) mean=-11.95 p50=-12.00 p05=-12.00 p95=-12.00
  [diag] sat-dist hist bins=60 sat<0.05=0.0% mean=0.982 p10=0.981 p90=0.983
Iter 0002600: train nll 1.386, valid error 074.500%, best valid error 073.350%, avg grad norm   0.175, avg grad norm (post clip)   0.053, rho_Whh  0.95, Omega  0.00, alpha  0.000, steps in the past 0.000, valid nll 1.386
  [diag] log10|dL/dh_t| hist bins=60 range=(-12.00,-2.48) mean=-11.95 p50=-12.00 p05=-12.00 p95=-12.00
  [diag] sat-dist hist bins=60 sat<0.05=0.0% mean=0.982 p10=0.981 p90=0.982
Iter 0002620: train nll 1.387, valid error 074.500%, best valid error 073.350%, avg grad norm   0.214, avg grad norm (post clip)   0.053, rho_Whh  0.95, Omega  0.00, alpha  0.000, steps in the past 0.000, valid nll 1.386
  [diag] log10|dL/dh_t| hist bins=60 range=(-12.00,-2.48) mean=-11.95 p50=-12.00 p05=-12.00 p95=-12.00
  [diag] sat-dist hist bins=60 sat<0.05=0.0% mean=0.982 p10=0.981 p90=0.983
Iter 0002640: train nll 1.386, valid error 074.500%, best valid error 073.350%, avg grad norm   0.190, avg grad norm (post clip)   0.053, rho_Whh  0.95, Omega  0.00, alpha  0.000, steps in the past 0.000, valid nll 1.386
  [diag] log10|dL/dh_t| hist bins=60 range=(-12.00,-2.48) mean=-11.95 p50=-12.00 p05=-12.00 p95=-12.00
  [diag] sat-dist hist bins=60 sat<0.05=0.0% mean=0.982 p10=0.981 p90=0.983
Iter 0002660: train nll 1.386, valid error 074.500%, best valid error 073.350%, avg grad norm   0.190, avg grad norm (post clip)   0.053, rho_Whh  0.95, Omega  0.00, alpha  0.000, steps in the past 0.000, valid nll 1.386
  [diag] log10|dL/dh_t| hist bins=60 range=(-12.00,-2.48) mean=-11.95 p50=-12.00 p05=-12.00 p95=-12.00
  [diag] sat-dist hist bins=60 sat<0.05=0.0% mean=0.982 p10=0.982 p90=0.983
Iter 0002680: train nll 1.386, valid error 074.500%, best valid error 073.350%, avg grad norm   0.169, avg grad norm (post clip)   0.053, rho_Whh  0.95, Omega  0.00, alpha  0.000, steps in the past 0.000, valid nll 1.386
  [diag] log10|dL/dh_t| hist bins=60 range=(-12.00,-2.48) mean=-11.95 p50=-12.00 p05=-12.00 p95=-12.00
  [diag] sat-dist hist bins=60 sat<0.05=0.0% mean=0.983 p10=0.982 p90=0.983
Iter 0002700: train nll 1.387, valid error 074.500%, best valid error 073.350%, avg grad norm   0.161, avg grad norm (post clip)   0.053, rho_Whh  0.95, Omega  0.00, alpha  0.000, steps in the past 0.000, valid nll 1.386
  [diag] log10|dL/dh_t| hist bins=60 range=(-12.00,-2.48) mean=-11.95 p50=-12.00 p05=-12.00 p95=-12.00
  [diag] sat-dist hist bins=60 sat<0.05=0.0% mean=0.983 p10=0.982 p90=0.984
Iter 0002720: train nll 1.386, valid error 074.100%, best valid error 073.350%, avg grad norm   0.176, avg grad norm (post clip)   0.053, rho_Whh  0.95, Omega  0.00, alpha  0.000, steps in the past 0.000, valid nll 1.386
  [diag] log10|dL/dh_t| hist bins=60 range=(-12.00,-2.48) mean=-11.95 p50=-12.00 p05=-12.00 p95=-12.00
  [diag] sat-dist hist bins=60 sat<0.05=0.0% mean=0.983 p10=0.982 p90=0.983
Iter 0002740: train nll 1.386, valid error 074.550%, best valid error 073.350%, avg grad norm   0.170, avg grad norm (post clip)   0.053, rho_Whh  0.95, Omega  0.00, alpha  0.000, steps in the past 0.000, valid nll 1.386
  [diag] log10|dL/dh_t| hist bins=60 range=(-12.00,-2.48) mean=-11.95 p50=-12.00 p05=-12.00 p95=-12.00
  [diag] sat-dist hist bins=60 sat<0.05=0.0% mean=0.983 p10=0.982 p90=0.983
Iter 0002760: train nll 1.386, valid error 074.500%, best valid error 073.350%, avg grad norm   0.186, avg grad norm (post clip)   0.053, rho_Whh  0.95, Omega  0.00, alpha  0.000, steps in the past 0.000, valid nll 1.386
  [diag] log10|dL/dh_t| hist bins=60 range=(-12.00,-2.48) mean=-11.95 p50=-12.00 p05=-12.00 p95=-12.00
  [diag] sat-dist hist bins=60 sat<0.05=0.0% mean=0.983 p10=0.982 p90=0.983
Iter 0002780: train nll 1.386, valid error 074.500%, best valid error 073.350%, avg grad norm   0.174, avg grad norm (post clip)   0.053, rho_Whh  0.95, Omega  0.00, alpha  0.000, steps in the past 0.000, valid nll 1.386
  [diag] log10|dL/dh_t| hist bins=60 range=(-12.00,-2.48) mean=-11.95 p50=-12.00 p05=-12.00 p95=-12.00
  [diag] sat-dist hist bins=60 sat<0.05=0.0% mean=0.983 p10=0.982 p90=0.983
Iter 0002800: train nll 1.386, valid error 074.500%, best valid error 073.350%, avg grad norm   0.180, avg grad norm (post clip)   0.052, rho_Whh  0.95, Omega  0.00, alpha  0.000, steps in the past 0.000, valid nll 1.386
  [diag] log10|dL/dh_t| hist bins=60 range=(-12.00,-2.48) mean=-11.95 p50=-12.00 p05=-12.00 p95=-12.00
  [diag] sat-dist hist bins=60 sat<0.05=0.0% mean=0.982 p10=0.982 p90=0.983
Iter 0002820: train nll 1.387, valid error 074.500%, best valid error 073.350%, avg grad norm   0.172, avg grad norm (post clip)   0.053, rho_Whh  0.95, Omega  0.00, alpha  0.000, steps in the past 0.000, valid nll 1.386
  [diag] log10|dL/dh_t| hist bins=60 range=(-12.00,-2.48) mean=-11.95 p50=-12.00 p05=-12.00 p95=-12.00
  [diag] sat-dist hist bins=60 sat<0.05=0.0% mean=0.983 p10=0.982 p90=0.983
Iter 0002840: train nll 1.386, valid error 074.550%, best valid error 073.350%, avg grad norm   0.163, avg grad norm (post clip)   0.053, rho_Whh  0.95, Omega  0.00, alpha  0.000, steps in the past 0.000, valid nll 1.386
  [diag] log10|dL/dh_t| hist bins=60 range=(-12.00,-2.48) mean=-11.95 p50=-12.00 p05=-12.00 p95=-12.00
  [diag] sat-dist hist bins=60 sat<0.05=0.0% mean=0.983 p10=0.982 p90=0.983
Iter 0002860: train nll 1.385, valid error 074.450%, best valid error 073.350%, avg grad norm   0.180, avg grad norm (post clip)   0.053, rho_Whh  0.95, Omega  0.00, alpha  0.000, steps in the past 0.000, valid nll 1.386
  [diag] log10|dL/dh_t| hist bins=60 range=(-12.00,-2.48) mean=-11.95 p50=-12.00 p05=-12.00 p95=-12.00
  [diag] sat-dist hist bins=60 sat<0.05=0.0% mean=0.983 p10=0.982 p90=0.984
Iter 0002880: train nll 1.386, valid error 074.550%, best valid error 073.350%, avg grad norm   0.191, avg grad norm (post clip)   0.053, rho_Whh  0.95, Omega  0.00, alpha  0.000, steps in the past 0.000, valid nll 1.386
  [diag] log10|dL/dh_t| hist bins=60 range=(-12.00,-2.48) mean=-11.95 p50=-12.00 p05=-12.00 p95=-12.00
  [diag] sat-dist hist bins=60 sat<0.05=0.0% mean=0.983 p10=0.983 p90=0.984
Iter 0002900: train nll 1.386, valid error 074.550%, best valid error 073.350%, avg grad norm   0.181, avg grad norm (post clip)   0.053, rho_Whh  0.95, Omega  0.00, alpha  0.000, steps in the past 0.000, valid nll 1.386
  [diag] log10|dL/dh_t| hist bins=60 range=(-12.00,-2.48) mean=-11.95 p50=-12.00 p05=-12.00 p95=-12.00
  [diag] sat-dist hist bins=60 sat<0.05=0.0% mean=0.983 p10=0.983 p90=0.984
Iter 0002920: train nll 1.387, valid error 074.450%, best valid error 073.350%, avg grad norm   0.190, avg grad norm (post clip)   0.052, rho_Whh  0.95, Omega  0.00, alpha  0.000, steps in the past 0.000, valid nll 1.386
  [diag] log10|dL/dh_t| hist bins=60 range=(-12.00,-2.48) mean=-11.95 p50=-12.00 p05=-12.00 p95=-12.00
  [diag] sat-dist hist bins=60 sat<0.05=0.0% mean=0.984 p10=0.983 p90=0.984
Iter 0002940: train nll 1.386, valid error 074.350%, best valid error 073.350%, avg grad norm   0.159, avg grad norm (post clip)   0.052, rho_Whh  0.95, Omega  0.00, alpha  0.000, steps in the past 0.000, valid nll 1.386
  [diag] log10|dL/dh_t| hist bins=60 range=(-12.00,-2.48) mean=-11.95 p50=-12.00 p05=-12.00 p95=-12.00
  [diag] sat-dist hist bins=60 sat<0.05=0.0% mean=0.983 p10=0.983 p90=0.984
Iter 0002960: train nll 1.386, valid error 073.150%, best valid error 073.350%, avg grad norm   0.164, avg grad norm (post clip)   0.052, rho_Whh  0.95, Omega  0.00, alpha  0.000, steps in the past 0.000, valid nll 1.386
  [diag] log10|dL/dh_t| hist bins=60 range=(-12.00,-2.48) mean=-11.95 p50=-12.00 p05=-12.00 p95=-12.00
  [diag] sat-dist hist bins=60 sat<0.05=0.0% mean=0.983 p10=0.982 p90=0.984
Iter 0002980: train nll 1.386, valid error 073.200%, best valid error 073.150%, avg grad norm   0.190, avg grad norm (post clip)   0.053, rho_Whh  0.95, Omega  0.00, alpha  0.000, steps in the past 0.000, valid nll 1.386
Done. solved=0 steps=2999 best_valid_error=73.1500%
=== DONE  EC_s3_alpha0_cut005_lr001 ===
=== START EC_s4_alpha2_cut010_lr001 ===
Starting to train (PyTorch).
  [diag] log10|dL/dh_t| hist bins=60 range=(-12.00,-2.48) mean=-11.95 p50=-12.00 p05=-12.00 p95=-12.00
  [diag] sat-dist hist bins=60 sat<0.05=0.0% mean=0.982 p10=0.982 p90=0.983
Iter 0000020: train nll 1.456, valid error 074.650%, best valid error 100.000%, avg grad norm   1.166, avg grad norm (post clip)   0.105, rho_Whh  0.95, Omega  0.09, alpha  2.000, steps in the past 0.011, valid nll 1.386
  [diag] log10|dL/dh_t| hist bins=60 range=(-12.00,-2.48) mean=-11.95 p50=-12.00 p05=-12.00 p95=-12.00
  [diag] sat-dist hist bins=60 sat<0.05=0.0% mean=0.982 p10=0.981 p90=0.983
Iter 0000040: train nll 1.386, valid error 074.100%, best valid error 074.650%, avg grad norm   1.001, avg grad norm (post clip)   0.105, rho_Whh  0.95, Omega  0.07, alpha  2.000, steps in the past 0.009, valid nll 1.386
  [diag] log10|dL/dh_t| hist bins=60 range=(-12.00,-2.48) mean=-11.95 p50=-12.00 p05=-12.00 p95=-12.00
  [diag] sat-dist hist bins=60 sat<0.05=0.0% mean=0.982 p10=0.981 p90=0.982
Iter 0000060: train nll 1.386, valid error 074.600%, best valid error 074.100%, avg grad norm   0.977, avg grad norm (post clip)   0.105, rho_Whh  0.95, Omega  0.06, alpha  2.000, steps in the past 0.008, valid nll 1.386
  [diag] log10|dL/dh_t| hist bins=60 range=(-12.00,-2.48) mean=-11.95 p50=-12.00 p05=-12.00 p95=-12.00
  [diag] sat-dist hist bins=60 sat<0.05=0.0% mean=0.982 p10=0.981 p90=0.982
Iter 0000080: train nll 1.386, valid error 074.550%, best valid error 074.100%, avg grad norm   0.941, avg grad norm (post clip)   0.105, rho_Whh  0.95, Omega  0.06, alpha  2.000, steps in the past 0.009, valid nll 1.386
  [diag] log10|dL/dh_t| hist bins=60 range=(-12.00,-2.48) mean=-11.95 p50=-12.00 p05=-12.00 p95=-12.00
  [diag] sat-dist hist bins=60 sat<0.05=0.0% mean=0.982 p10=0.981 p90=0.983
Iter 0000100: train nll 1.386, valid error 074.550%, best valid error 074.100%, avg grad norm   0.918, avg grad norm (post clip)   0.105, rho_Whh  0.95, Omega  0.05, alpha  2.000, steps in the past 0.008, valid nll 1.386
  [diag] log10|dL/dh_t| hist bins=60 range=(-12.00,-2.48) mean=-11.95 p50=-12.00 p05=-12.00 p95=-12.00
  [diag] sat-dist hist bins=60 sat<0.05=0.0% mean=0.982 p10=0.981 p90=0.982
Iter 0000120: train nll 1.386, valid error 074.000%, best valid error 074.100%, avg grad norm   0.821, avg grad norm (post clip)   0.105, rho_Whh  0.95, Omega  0.04, alpha  2.000, steps in the past 0.009, valid nll 1.386
  [diag] log10|dL/dh_t| hist bins=60 range=(-12.00,-2.48) mean=-11.95 p50=-12.00 p05=-12.00 p95=-12.00
  [diag] sat-dist hist bins=60 sat<0.05=0.0% mean=0.981 p10=0.981 p90=0.982
Iter 0000140: train nll 1.386, valid error 074.250%, best valid error 074.000%, avg grad norm   0.685, avg grad norm (post clip)   0.105, rho_Whh  0.95, Omega  0.03, alpha  2.000, steps in the past 0.009, valid nll 1.386
  [diag] log10|dL/dh_t| hist bins=60 range=(-12.00,-2.48) mean=-11.95 p50=-12.00 p05=-12.00 p95=-12.00
  [diag] sat-dist hist bins=60 sat<0.05=0.0% mean=0.981 p10=0.981 p90=0.982
Iter 0000160: train nll 1.386, valid error 074.300%, best valid error 074.000%, avg grad norm   0.666, avg grad norm (post clip)   0.105, rho_Whh  0.95, Omega  0.03, alpha  2.000, steps in the past 0.009, valid nll 1.386
  [diag] log10|dL/dh_t| hist bins=60 range=(-12.00,-2.48) mean=-11.95 p50=-12.00 p05=-12.00 p95=-12.00
  [diag] sat-dist hist bins=60 sat<0.05=0.0% mean=0.981 p10=0.980 p90=0.981
Iter 0000180: train nll 1.386, valid error 074.400%, best valid error 074.000%, avg grad norm   0.596, avg grad norm (post clip)   0.105, rho_Whh  0.95, Omega  0.02, alpha  2.000, steps in the past 0.010, valid nll 1.386
  [diag] log10|dL/dh_t| hist bins=60 range=(-12.00,-2.48) mean=-11.95 p50=-12.00 p05=-12.00 p95=-12.00
  [diag] sat-dist hist bins=60 sat<0.05=0.0% mean=0.981 p10=0.980 p90=0.981
Iter 0000200: train nll 1.386, valid error 074.450%, best valid error 074.000%, avg grad norm   0.563, avg grad norm (post clip)   0.105, rho_Whh  0.95, Omega  0.02, alpha  2.000, steps in the past 0.009, valid nll 1.386
  [diag] log10|dL/dh_t| hist bins=60 range=(-12.00,-2.48) mean=-11.95 p50=-12.00 p05=-12.00 p95=-12.00
  [diag] sat-dist hist bins=60 sat<0.05=0.0% mean=0.981 p10=0.980 p90=0.981
Iter 0000220: train nll 1.386, valid error 074.400%, best valid error 074.000%, avg grad norm   0.488, avg grad norm (post clip)   0.105, rho_Whh  0.94, Omega  0.01, alpha  2.000, steps in the past 0.010, valid nll 1.386
  [diag] log10|dL/dh_t| hist bins=60 range=(-12.00,-2.48) mean=-11.95 p50=-12.00 p05=-12.00 p95=-12.00
  [diag] sat-dist hist bins=60 sat<0.05=0.0% mean=0.981 p10=0.980 p90=0.981
Iter 0000240: train nll 1.386, valid error 074.500%, best valid error 074.000%, avg grad norm   0.434, avg grad norm (post clip)   0.105, rho_Whh  0.94, Omega  0.01, alpha  2.000, steps in the past 0.010, valid nll 1.386
  [diag] log10|dL/dh_t| hist bins=60 range=(-12.00,-2.48) mean=-11.95 p50=-12.00 p05=-12.00 p95=-12.00
  [diag] sat-dist hist bins=60 sat<0.05=0.0% mean=0.980 p10=0.980 p90=0.981
Iter 0000260: train nll 1.386, valid error 074.500%, best valid error 074.000%, avg grad norm   0.388, avg grad norm (post clip)   0.105, rho_Whh  0.94, Omega  0.01, alpha  2.000, steps in the past 0.011, valid nll 1.386
  [diag] log10|dL/dh_t| hist bins=60 range=(-12.00,-2.48) mean=-11.95 p50=-12.00 p05=-12.00 p95=-12.00
  [diag] sat-dist hist bins=60 sat<0.05=0.0% mean=0.981 p10=0.980 p90=0.981
Iter 0000280: train nll 1.387, valid error 074.500%, best valid error 074.000%, avg grad norm   0.354, avg grad norm (post clip)   0.105, rho_Whh  0.94, Omega  0.01, alpha  2.000, steps in the past 0.010, valid nll 1.386
  [diag] log10|dL/dh_t| hist bins=60 range=(-12.00,-2.48) mean=-11.95 p50=-12.00 p05=-12.00 p95=-12.00
  [diag] sat-dist hist bins=60 sat<0.05=0.0% mean=0.980 p10=0.979 p90=0.980
Iter 0000300: train nll 1.386, valid error 074.500%, best valid error 074.000%, avg grad norm   0.276, avg grad norm (post clip)   0.105, rho_Whh  0.94, Omega  0.00, alpha  2.000, steps in the past 0.009, valid nll 1.386
  [diag] log10|dL/dh_t| hist bins=60 range=(-12.00,-2.48) mean=-11.95 p50=-12.00 p05=-12.00 p95=-12.00
  [diag] sat-dist hist bins=60 sat<0.05=0.0% mean=0.980 p10=0.979 p90=0.981
Iter 0000320: train nll 1.387, valid error 074.500%, best valid error 074.000%, avg grad norm   0.261, avg grad norm (post clip)   0.105, rho_Whh  0.94, Omega  0.00, alpha  2.000, steps in the past 0.012, valid nll 1.386
  [diag] log10|dL/dh_t| hist bins=60 range=(-12.00,-2.48) mean=-11.95 p50=-12.00 p05=-12.00 p95=-12.00
  [diag] sat-dist hist bins=60 sat<0.05=0.0% mean=0.980 p10=0.979 p90=0.980
Iter 0000340: train nll 1.386, valid error 074.500%, best valid error 074.000%, avg grad norm   0.233, avg grad norm (post clip)   0.105, rho_Whh  0.94, Omega  0.00, alpha  2.000, steps in the past 0.009, valid nll 1.386
  [diag] log10|dL/dh_t| hist bins=60 range=(-12.00,-2.48) mean=-11.95 p50=-12.00 p05=-12.00 p95=-12.00
  [diag] sat-dist hist bins=60 sat<0.05=0.0% mean=0.980 p10=0.979 p90=0.981
Iter 0000360: train nll 1.386, valid error 074.500%, best valid error 074.000%, avg grad norm   0.210, avg grad norm (post clip)   0.105, rho_Whh  0.94, Omega  0.00, alpha  2.000, steps in the past 0.009, valid nll 1.386
  [diag] log10|dL/dh_t| hist bins=60 range=(-12.00,-2.48) mean=-11.95 p50=-12.00 p05=-12.00 p95=-12.00
  [diag] sat-dist hist bins=60 sat<0.05=0.0% mean=0.981 p10=0.980 p90=0.982
Iter 0000380: train nll 1.387, valid error 074.500%, best valid error 074.000%, avg grad norm   0.205, avg grad norm (post clip)   0.103, rho_Whh  0.94, Omega  0.00, alpha  2.000, steps in the past 0.009, valid nll 1.386
  [diag] log10|dL/dh_t| hist bins=60 range=(-12.00,-2.48) mean=-11.95 p50=-12.00 p05=-12.00 p95=-12.00
  [diag] sat-dist hist bins=60 sat<0.05=0.0% mean=0.981 p10=0.980 p90=0.982
Iter 0000400: train nll 1.386, valid error 074.500%, best valid error 074.000%, avg grad norm   0.196, avg grad norm (post clip)   0.104, rho_Whh  0.94, Omega  0.00, alpha  2.000, steps in the past 0.009, valid nll 1.386
  [diag] log10|dL/dh_t| hist bins=60 range=(-12.00,-2.48) mean=-11.95 p50=-12.00 p05=-12.00 p95=-12.00
  [diag] sat-dist hist bins=60 sat<0.05=0.0% mean=0.982 p10=0.981 p90=0.982
Iter 0000420: train nll 1.387, valid error 074.450%, best valid error 074.000%, avg grad norm   0.194, avg grad norm (post clip)   0.103, rho_Whh  0.94, Omega  0.00, alpha  2.000, steps in the past 0.009, valid nll 1.386
  [diag] log10|dL/dh_t| hist bins=60 range=(-12.00,-2.48) mean=-11.95 p50=-12.00 p05=-12.00 p95=-12.00
  [diag] sat-dist hist bins=60 sat<0.05=0.0% mean=0.981 p10=0.981 p90=0.982
Iter 0000440: train nll 1.386, valid error 074.500%, best valid error 074.000%, avg grad norm   0.227, avg grad norm (post clip)   0.105, rho_Whh  0.94, Omega  0.00, alpha  2.000, steps in the past 0.010, valid nll 1.386
  [diag] log10|dL/dh_t| hist bins=60 range=(-12.00,-2.48) mean=-11.95 p50=-12.00 p05=-12.00 p95=-12.00
  [diag] sat-dist hist bins=60 sat<0.05=0.0% mean=0.982 p10=0.981 p90=0.982
Iter 0000460: train nll 1.386, valid error 074.500%, best valid error 074.000%, avg grad norm   0.193, avg grad norm (post clip)   0.104, rho_Whh  0.94, Omega  0.00, alpha  2.000, steps in the past 0.011, valid nll 1.386
  [diag] log10|dL/dh_t| hist bins=60 range=(-12.00,-2.48) mean=-11.95 p50=-12.00 p05=-12.00 p95=-12.00
  [diag] sat-dist hist bins=60 sat<0.05=0.0% mean=0.982 p10=0.981 p90=0.983
Iter 0000480: train nll 1.386, valid error 074.750%, best valid error 074.000%, avg grad norm   0.198, avg grad norm (post clip)   0.104, rho_Whh  0.94, Omega  0.00, alpha  2.000, steps in the past 0.009, valid nll 1.386
  [diag] log10|dL/dh_t| hist bins=60 range=(-12.00,-2.48) mean=-11.95 p50=-12.00 p05=-12.00 p95=-12.00
  [diag] sat-dist hist bins=60 sat<0.05=0.0% mean=0.983 p10=0.982 p90=0.983
Iter 0000500: train nll 1.386, valid error 075.600%, best valid error 074.000%, avg grad norm   0.178, avg grad norm (post clip)   0.101, rho_Whh  0.94, Omega  0.00, alpha  2.000, steps in the past 0.009, valid nll 1.386
  [diag] log10|dL/dh_t| hist bins=60 range=(-12.00,-2.48) mean=-11.95 p50=-12.00 p05=-12.00 p95=-12.00
  [diag] sat-dist hist bins=60 sat<0.05=0.0% mean=0.983 p10=0.982 p90=0.984
Iter 0000520: train nll 1.386, valid error 075.750%, best valid error 074.000%, avg grad norm   0.202, avg grad norm (post clip)   0.104, rho_Whh  0.94, Omega  0.00, alpha  2.000, steps in the past 0.009, valid nll 1.386
  [diag] log10|dL/dh_t| hist bins=60 range=(-12.00,-2.48) mean=-11.95 p50=-12.00 p05=-12.00 p95=-12.00
  [diag] sat-dist hist bins=60 sat<0.05=0.0% mean=0.983 p10=0.982 p90=0.984
Iter 0000540: train nll 1.386, valid error 075.150%, best valid error 074.000%, avg grad norm   0.192, avg grad norm (post clip)   0.102, rho_Whh  0.94, Omega  0.00, alpha  2.000, steps in the past 0.010, valid nll 1.386
  [diag] log10|dL/dh_t| hist bins=60 range=(-12.00,-2.48) mean=-11.95 p50=-12.00 p05=-12.00 p95=-12.00
  [diag] sat-dist hist bins=60 sat<0.05=0.0% mean=0.983 p10=0.982 p90=0.984
Iter 0000560: train nll 1.386, valid error 075.300%, best valid error 074.000%, avg grad norm   0.209, avg grad norm (post clip)   0.104, rho_Whh  0.94, Omega  0.00, alpha  2.000, steps in the past 0.009, valid nll 1.386
  [diag] log10|dL/dh_t| hist bins=60 range=(-12.00,-2.48) mean=-11.95 p50=-12.00 p05=-12.00 p95=-12.00
  [diag] sat-dist hist bins=60 sat<0.05=0.0% mean=0.983 p10=0.982 p90=0.983
Iter 0000580: train nll 1.386, valid error 074.500%, best valid error 074.000%, avg grad norm   0.201, avg grad norm (post clip)   0.104, rho_Whh  0.94, Omega  0.00, alpha  2.000, steps in the past 0.008, valid nll 1.386
  [diag] log10|dL/dh_t| hist bins=60 range=(-12.00,-2.48) mean=-11.95 p50=-12.00 p05=-12.00 p95=-12.00
  [diag] sat-dist hist bins=60 sat<0.05=0.0% mean=0.983 p10=0.983 p90=0.984
Iter 0000600: train nll 1.387, valid error 075.400%, best valid error 074.000%, avg grad norm   0.165, avg grad norm (post clip)   0.104, rho_Whh  0.94, Omega  0.00, alpha  2.000, steps in the past 0.008, valid nll 1.386
  [diag] log10|dL/dh_t| hist bins=60 range=(-12.00,-2.48) mean=-11.95 p50=-12.00 p05=-12.00 p95=-12.00
  [diag] sat-dist hist bins=60 sat<0.05=0.0% mean=0.983 p10=0.982 p90=0.984
Iter 0000620: train nll 1.387, valid error 075.200%, best valid error 074.000%, avg grad norm   0.196, avg grad norm (post clip)   0.105, rho_Whh  0.94, Omega  0.00, alpha  2.000, steps in the past 0.009, valid nll 1.386
  [diag] log10|dL/dh_t| hist bins=60 range=(-12.00,-2.48) mean=-11.95 p50=-12.00 p05=-12.00 p95=-12.00
  [diag] sat-dist hist bins=60 sat<0.05=0.0% mean=0.983 p10=0.983 p90=0.984
Iter 0000640: train nll 1.385, valid error 074.800%, best valid error 074.000%, avg grad norm   0.181, avg grad norm (post clip)   0.102, rho_Whh  0.94, Omega  0.00, alpha  2.000, steps in the past 0.009, valid nll 1.386
  [diag] log10|dL/dh_t| hist bins=60 range=(-12.00,-2.48) mean=-11.95 p50=-12.00 p05=-12.00 p95=-12.00
  [diag] sat-dist hist bins=60 sat<0.05=0.0% mean=0.983 p10=0.982 p90=0.983
Iter 0000660: train nll 1.386, valid error 074.500%, best valid error 074.000%, avg grad norm   0.175, avg grad norm (post clip)   0.100, rho_Whh  0.94, Omega  0.00, alpha  2.000, steps in the past 0.010, valid nll 1.386
  [diag] log10|dL/dh_t| hist bins=60 range=(-12.00,-2.48) mean=-11.95 p50=-12.00 p05=-12.00 p95=-12.00
  [diag] sat-dist hist bins=60 sat<0.05=0.0% mean=0.982 p10=0.982 p90=0.983
Iter 0000680: train nll 1.387, valid error 074.500%, best valid error 074.000%, avg grad norm   0.162, avg grad norm (post clip)   0.097, rho_Whh  0.94, Omega  0.00, alpha  2.000, steps in the past 0.009, valid nll 1.386
  [diag] log10|dL/dh_t| hist bins=60 range=(-12.00,-2.48) mean=-11.95 p50=-12.00 p05=-12.00 p95=-12.00
  [diag] sat-dist hist bins=60 sat<0.05=0.0% mean=0.982 p10=0.981 p90=0.983
Iter 0000700: train nll 1.387, valid error 074.500%, best valid error 074.000%, avg grad norm   0.179, avg grad norm (post clip)   0.103, rho_Whh  0.94, Omega  0.00, alpha  2.000, steps in the past 0.009, valid nll 1.386
  [diag] log10|dL/dh_t| hist bins=60 range=(-12.00,-2.48) mean=-11.95 p50=-12.00 p05=-12.00 p95=-12.00
  [diag] sat-dist hist bins=60 sat<0.05=0.0% mean=0.983 p10=0.982 p90=0.983
Iter 0000720: train nll 1.386, valid error 074.500%, best valid error 074.000%, avg grad norm   0.238, avg grad norm (post clip)   0.105, rho_Whh  0.94, Omega  0.00, alpha  2.000, steps in the past 0.009, valid nll 1.386
  [diag] log10|dL/dh_t| hist bins=60 range=(-12.00,-2.48) mean=-11.95 p50=-12.00 p05=-12.00 p95=-12.00
  [diag] sat-dist hist bins=60 sat<0.05=0.0% mean=0.983 p10=0.982 p90=0.984
Iter 0000740: train nll 1.386, valid error 074.800%, best valid error 074.000%, avg grad norm   0.187, avg grad norm (post clip)   0.102, rho_Whh  0.94, Omega  0.00, alpha  2.000, steps in the past 0.009, valid nll 1.386
  [diag] log10|dL/dh_t| hist bins=60 range=(-12.00,-2.48) mean=-11.95 p50=-12.00 p05=-12.00 p95=-12.00
  [diag] sat-dist hist bins=60 sat<0.05=0.0% mean=0.983 p10=0.983 p90=0.984
Iter 0000760: train nll 1.386, valid error 074.650%, best valid error 074.000%, avg grad norm   0.171, avg grad norm (post clip)   0.103, rho_Whh  0.94, Omega  0.00, alpha  2.000, steps in the past 0.008, valid nll 1.386
  [diag] log10|dL/dh_t| hist bins=60 range=(-12.00,-2.48) mean=-11.95 p50=-12.00 p05=-12.00 p95=-12.00
  [diag] sat-dist hist bins=60 sat<0.05=0.0% mean=0.983 p10=0.983 p90=0.984
Iter 0000780: train nll 1.387, valid error 074.650%, best valid error 074.000%, avg grad norm   0.198, avg grad norm (post clip)   0.103, rho_Whh  0.94, Omega  0.00, alpha  2.000, steps in the past 0.010, valid nll 1.386
  [diag] log10|dL/dh_t| hist bins=60 range=(-12.00,-2.48) mean=-11.95 p50=-12.00 p05=-12.00 p95=-12.00
  [diag] sat-dist hist bins=60 sat<0.05=0.0% mean=0.984 p10=0.983 p90=0.984
Iter 0000800: train nll 1.386, valid error 075.850%, best valid error 074.000%, avg grad norm   0.199, avg grad norm (post clip)   0.104, rho_Whh  0.94, Omega  0.00, alpha  2.000, steps in the past 0.009, valid nll 1.386
  [diag] log10|dL/dh_t| hist bins=60 range=(-12.00,-2.48) mean=-11.95 p50=-12.00 p05=-12.00 p95=-12.00
  [diag] sat-dist hist bins=60 sat<0.05=0.0% mean=0.984 p10=0.983 p90=0.984
Iter 0000820: train nll 1.387, valid error 074.850%, best valid error 074.000%, avg grad norm   0.208, avg grad norm (post clip)   0.105, rho_Whh  0.94, Omega  0.00, alpha  2.000, steps in the past 0.009, valid nll 1.386
  [diag] log10|dL/dh_t| hist bins=60 range=(-12.00,-2.48) mean=-11.95 p50=-12.00 p05=-12.00 p95=-12.00
  [diag] sat-dist hist bins=60 sat<0.05=0.0% mean=0.984 p10=0.983 p90=0.985
Iter 0000840: train nll 1.386, valid error 075.700%, best valid error 074.000%, avg grad norm   0.144, avg grad norm (post clip)   0.099, rho_Whh  0.94, Omega  0.00, alpha  2.000, steps in the past 0.010, valid nll 1.386
  [diag] log10|dL/dh_t| hist bins=60 range=(-12.00,-2.48) mean=-11.95 p50=-12.00 p05=-12.00 p95=-12.00
  [diag] sat-dist hist bins=60 sat<0.05=0.0% mean=0.984 p10=0.984 p90=0.985
Iter 0000860: train nll 1.387, valid error 075.900%, best valid error 074.000%, avg grad norm   0.190, avg grad norm (post clip)   0.102, rho_Whh  0.94, Omega  0.00, alpha  2.000, steps in the past 0.009, valid nll 1.386
  [diag] log10|dL/dh_t| hist bins=60 range=(-12.00,-2.48) mean=-11.95 p50=-12.00 p05=-12.00 p95=-12.00
  [diag] sat-dist hist bins=60 sat<0.05=0.0% mean=0.984 p10=0.984 p90=0.985
Iter 0000880: train nll 1.386, valid error 075.900%, best valid error 074.000%, avg grad norm   0.158, avg grad norm (post clip)   0.101, rho_Whh  0.94, Omega  0.00, alpha  2.000, steps in the past 0.009, valid nll 1.386
  [diag] log10|dL/dh_t| hist bins=60 range=(-12.00,-2.48) mean=-11.95 p50=-12.00 p05=-12.00 p95=-12.00
  [diag] sat-dist hist bins=60 sat<0.05=0.0% mean=0.985 p10=0.984 p90=0.985
Iter 0000900: train nll 1.387, valid error 075.950%, best valid error 074.000%, avg grad norm   0.177, avg grad norm (post clip)   0.104, rho_Whh  0.94, Omega  0.00, alpha  2.000, steps in the past 0.009, valid nll 1.386
  [diag] log10|dL/dh_t| hist bins=60 range=(-12.00,-2.48) mean=-11.95 p50=-12.00 p05=-12.00 p95=-12.00
  [diag] sat-dist hist bins=60 sat<0.05=0.0% mean=0.984 p10=0.983 p90=0.984
Iter 0000920: train nll 1.387, valid error 075.850%, best valid error 074.000%, avg grad norm   0.171, avg grad norm (post clip)   0.103, rho_Whh  0.94, Omega  0.00, alpha  2.000, steps in the past 0.008, valid nll 1.386
  [diag] log10|dL/dh_t| hist bins=60 range=(-12.00,-2.48) mean=-11.95 p50=-12.00 p05=-12.00 p95=-12.00
  [diag] sat-dist hist bins=60 sat<0.05=0.0% mean=0.984 p10=0.983 p90=0.985
Iter 0000940: train nll 1.386, valid error 075.900%, best valid error 074.000%, avg grad norm   0.186, avg grad norm (post clip)   0.105, rho_Whh  0.94, Omega  0.00, alpha  2.000, steps in the past 0.008, valid nll 1.386
  [diag] log10|dL/dh_t| hist bins=60 range=(-12.00,-2.48) mean=-11.95 p50=-12.00 p05=-12.00 p95=-12.00
  [diag] sat-dist hist bins=60 sat<0.05=0.0% mean=0.984 p10=0.983 p90=0.985
Iter 0000960: train nll 1.386, valid error 075.950%, best valid error 074.000%, avg grad norm   0.175, avg grad norm (post clip)   0.104, rho_Whh  0.94, Omega  0.00, alpha  2.000, steps in the past 0.009, valid nll 1.386
  [diag] log10|dL/dh_t| hist bins=60 range=(-12.00,-2.48) mean=-11.95 p50=-12.00 p05=-12.00 p95=-12.00
  [diag] sat-dist hist bins=60 sat<0.05=0.0% mean=0.984 p10=0.983 p90=0.985
Iter 0000980: train nll 1.387, valid error 075.950%, best valid error 074.000%, avg grad norm   0.198, avg grad norm (post clip)   0.102, rho_Whh  0.94, Omega  0.00, alpha  2.000, steps in the past 0.010, valid nll 1.386
  [diag] log10|dL/dh_t| hist bins=60 range=(-12.00,-2.48) mean=-11.95 p50=-12.00 p05=-12.00 p95=-12.00
  [diag] sat-dist hist bins=60 sat<0.05=0.0% mean=0.985 p10=0.984 p90=0.985
Iter 0001000: train nll 1.386, valid error 075.950%, best valid error 074.000%, avg grad norm   0.171, avg grad norm (post clip)   0.103, rho_Whh  0.94, Omega  0.00, alpha  2.000, steps in the past 0.010, valid nll 1.386
  [diag] log10|dL/dh_t| hist bins=60 range=(-12.00,-2.48) mean=-11.95 p50=-12.00 p05=-12.00 p95=-12.00
  [diag] sat-dist hist bins=60 sat<0.05=0.0% mean=0.984 p10=0.983 p90=0.984
Iter 0001020: train nll 1.387, valid error 075.950%, best valid error 074.000%, avg grad norm   0.217, avg grad norm (post clip)   0.104, rho_Whh  0.94, Omega  0.00, alpha  2.000, steps in the past 0.009, valid nll 1.386
  [diag] log10|dL/dh_t| hist bins=60 range=(-12.00,-2.48) mean=-11.95 p50=-12.00 p05=-12.00 p95=-12.00
  [diag] sat-dist hist bins=60 sat<0.05=0.0% mean=0.984 p10=0.983 p90=0.984
Iter 0001040: train nll 1.386, valid error 075.950%, best valid error 074.000%, avg grad norm   0.178, avg grad norm (post clip)   0.104, rho_Whh  0.94, Omega  0.00, alpha  2.000, steps in the past 0.009, valid nll 1.386
  [diag] log10|dL/dh_t| hist bins=60 range=(-12.00,-2.48) mean=-11.95 p50=-12.00 p05=-12.00 p95=-12.00
  [diag] sat-dist hist bins=60 sat<0.05=0.0% mean=0.985 p10=0.984 p90=0.985
Iter 0001060: train nll 1.386, valid error 075.950%, best valid error 074.000%, avg grad norm   0.170, avg grad norm (post clip)   0.103, rho_Whh  0.94, Omega  0.00, alpha  2.000, steps in the past 0.010, valid nll 1.386
  [diag] log10|dL/dh_t| hist bins=60 range=(-12.00,-2.48) mean=-11.95 p50=-12.00 p05=-12.00 p95=-12.00
  [diag] sat-dist hist bins=60 sat<0.05=0.0% mean=0.985 p10=0.984 p90=0.986
Iter 0001080: train nll 1.386, valid error 075.950%, best valid error 074.000%, avg grad norm   0.198, avg grad norm (post clip)   0.105, rho_Whh  0.94, Omega  0.00, alpha  2.000, steps in the past 0.010, valid nll 1.386
  [diag] log10|dL/dh_t| hist bins=60 range=(-12.00,-2.48) mean=-11.95 p50=-12.00 p05=-12.00 p95=-12.00
  [diag] sat-dist hist bins=60 sat<0.05=0.0% mean=0.985 p10=0.984 p90=0.986
Iter 0001100: train nll 1.386, valid error 075.950%, best valid error 074.000%, avg grad norm   0.216, avg grad norm (post clip)   0.105, rho_Whh  0.94, Omega  0.00, alpha  2.000, steps in the past 0.010, valid nll 1.386
  [diag] log10|dL/dh_t| hist bins=60 range=(-12.00,-2.48) mean=-11.95 p50=-12.00 p05=-12.00 p95=-12.00
  [diag] sat-dist hist bins=60 sat<0.05=0.0% mean=0.985 p10=0.984 p90=0.985
Iter 0001120: train nll 1.387, valid error 075.950%, best valid error 074.000%, avg grad norm   0.184, avg grad norm (post clip)   0.103, rho_Whh  0.94, Omega  0.00, alpha  2.000, steps in the past 0.009, valid nll 1.386
  [diag] log10|dL/dh_t| hist bins=60 range=(-12.00,-2.48) mean=-11.95 p50=-12.00 p05=-12.00 p95=-12.00
  [diag] sat-dist hist bins=60 sat<0.05=0.0% mean=0.985 p10=0.984 p90=0.986
Iter 0001140: train nll 1.386, valid error 075.950%, best valid error 074.000%, avg grad norm   0.194, avg grad norm (post clip)   0.100, rho_Whh  0.94, Omega  0.00, alpha  2.000, steps in the past 0.011, valid nll 1.386
  [diag] log10|dL/dh_t| hist bins=60 range=(-12.00,-2.48) mean=-11.95 p50=-12.00 p05=-12.00 p95=-12.00
  [diag] sat-dist hist bins=60 sat<0.05=0.0% mean=0.985 p10=0.984 p90=0.985
Iter 0001160: train nll 1.387, valid error 075.950%, best valid error 074.000%, avg grad norm   0.193, avg grad norm (post clip)   0.105, rho_Whh  0.94, Omega  0.00, alpha  2.000, steps in the past 0.008, valid nll 1.386
  [diag] log10|dL/dh_t| hist bins=60 range=(-12.00,-2.48) mean=-11.95 p50=-12.00 p05=-12.00 p95=-12.00
  [diag] sat-dist hist bins=60 sat<0.05=0.0% mean=0.985 p10=0.984 p90=0.986
Iter 0001180: train nll 1.386, valid error 075.950%, best valid error 074.000%, avg grad norm   0.199, avg grad norm (post clip)   0.101, rho_Whh  0.94, Omega  0.00, alpha  2.000, steps in the past 0.009, valid nll 1.386
  [diag] log10|dL/dh_t| hist bins=60 range=(-12.00,-2.48) mean=-11.95 p50=-12.00 p05=-12.00 p95=-12.00
  [diag] sat-dist hist bins=60 sat<0.05=0.0% mean=0.985 p10=0.984 p90=0.985
Iter 0001200: train nll 1.386, valid error 075.950%, best valid error 074.000%, avg grad norm   0.161, avg grad norm (post clip)   0.101, rho_Whh  0.94, Omega  0.00, alpha  2.000, steps in the past 0.009, valid nll 1.387
  [diag] log10|dL/dh_t| hist bins=60 range=(-12.00,-2.48) mean=-11.95 p50=-12.00 p05=-12.00 p95=-12.00
  [diag] sat-dist hist bins=60 sat<0.05=0.0% mean=0.985 p10=0.984 p90=0.985
Iter 0001220: train nll 1.386, valid error 075.950%, best valid error 074.000%, avg grad norm   0.160, avg grad norm (post clip)   0.101, rho_Whh  0.94, Omega  0.00, alpha  2.000, steps in the past 0.008, valid nll 1.387
  [diag] log10|dL/dh_t| hist bins=60 range=(-12.00,-2.48) mean=-11.95 p50=-12.00 p05=-12.00 p95=-12.00
  [diag] sat-dist hist bins=60 sat<0.05=0.0% mean=0.985 p10=0.984 p90=0.985
Iter 0001240: train nll 1.387, valid error 075.950%, best valid error 074.000%, avg grad norm   0.207, avg grad norm (post clip)   0.105, rho_Whh  0.94, Omega  0.00, alpha  2.000, steps in the past 0.009, valid nll 1.387
  [diag] log10|dL/dh_t| hist bins=60 range=(-12.00,-2.48) mean=-11.95 p50=-12.00 p05=-12.00 p95=-12.00
  [diag] sat-dist hist bins=60 sat<0.05=0.0% mean=0.985 p10=0.984 p90=0.985
Iter 0001260: train nll 1.387, valid error 075.950%, best valid error 074.000%, avg grad norm   0.182, avg grad norm (post clip)   0.105, rho_Whh  0.94, Omega  0.00, alpha  2.000, steps in the past 0.009, valid nll 1.387
  [diag] log10|dL/dh_t| hist bins=60 range=(-12.00,-2.48) mean=-11.95 p50=-12.00 p05=-12.00 p95=-12.00
  [diag] sat-dist hist bins=60 sat<0.05=0.0% mean=0.984 p10=0.984 p90=0.985
Iter 0001280: train nll 1.386, valid error 075.950%, best valid error 074.000%, avg grad norm   0.198, avg grad norm (post clip)   0.104, rho_Whh  0.94, Omega  0.00, alpha  2.000, steps in the past 0.008, valid nll 1.387
  [diag] log10|dL/dh_t| hist bins=60 range=(-12.00,-2.48) mean=-11.95 p50=-12.00 p05=-12.00 p95=-12.00
  [diag] sat-dist hist bins=60 sat<0.05=0.0% mean=0.984 p10=0.983 p90=0.985
Iter 0001300: train nll 1.386, valid error 075.950%, best valid error 074.000%, avg grad norm   0.200, avg grad norm (post clip)   0.103, rho_Whh  0.94, Omega  0.00, alpha  2.000, steps in the past 0.010, valid nll 1.387
  [diag] log10|dL/dh_t| hist bins=60 range=(-12.00,-2.48) mean=-11.95 p50=-12.00 p05=-12.00 p95=-12.00
  [diag] sat-dist hist bins=60 sat<0.05=0.0% mean=0.985 p10=0.984 p90=0.985
Iter 0001320: train nll 1.386, valid error 075.950%, best valid error 074.000%, avg grad norm   0.180, avg grad norm (post clip)   0.099, rho_Whh  0.94, Omega  0.00, alpha  2.000, steps in the past 0.008, valid nll 1.387
  [diag] log10|dL/dh_t| hist bins=60 range=(-12.00,-2.48) mean=-11.95 p50=-12.00 p05=-12.00 p95=-12.00
  [diag] sat-dist hist bins=60 sat<0.05=0.0% mean=0.985 p10=0.984 p90=0.985
Iter 0001340: train nll 1.386, valid error 075.950%, best valid error 074.000%, avg grad norm   0.170, avg grad norm (post clip)   0.103, rho_Whh  0.94, Omega  0.00, alpha  2.000, steps in the past 0.010, valid nll 1.387
  [diag] log10|dL/dh_t| hist bins=60 range=(-12.00,-2.48) mean=-11.95 p50=-12.00 p05=-12.00 p95=-12.00
  [diag] sat-dist hist bins=60 sat<0.05=0.0% mean=0.985 p10=0.984 p90=0.986
Iter 0001360: train nll 1.386, valid error 075.950%, best valid error 074.000%, avg grad norm   0.182, avg grad norm (post clip)   0.102, rho_Whh  0.94, Omega  0.00, alpha  2.000, steps in the past 0.009, valid nll 1.387
  [diag] log10|dL/dh_t| hist bins=60 range=(-12.00,-2.48) mean=-11.95 p50=-12.00 p05=-12.00 p95=-12.00
  [diag] sat-dist hist bins=60 sat<0.05=0.0% mean=0.985 p10=0.984 p90=0.985
Iter 0001380: train nll 1.386, valid error 075.950%, best valid error 074.000%, avg grad norm   0.173, avg grad norm (post clip)   0.103, rho_Whh  0.94, Omega  0.00, alpha  2.000, steps in the past 0.010, valid nll 1.387
  [diag] log10|dL/dh_t| hist bins=60 range=(-12.00,-2.48) mean=-11.95 p50=-12.00 p05=-12.00 p95=-12.00
  [diag] sat-dist hist bins=60 sat<0.05=0.0% mean=0.985 p10=0.984 p90=0.985
Iter 0001400: train nll 1.386, valid error 075.950%, best valid error 074.000%, avg grad norm   0.181, avg grad norm (post clip)   0.099, rho_Whh  0.94, Omega  0.00, alpha  2.000, steps in the past 0.010, valid nll 1.387
  [diag] log10|dL/dh_t| hist bins=60 range=(-12.00,-2.48) mean=-11.95 p50=-12.00 p05=-12.00 p95=-12.00
  [diag] sat-dist hist bins=60 sat<0.05=0.0% mean=0.984 p10=0.984 p90=0.985
Iter 0001420: train nll 1.387, valid error 075.950%, best valid error 074.000%, avg grad norm   0.182, avg grad norm (post clip)   0.103, rho_Whh  0.94, Omega  0.00, alpha  2.000, steps in the past 0.009, valid nll 1.387
  [diag] log10|dL/dh_t| hist bins=60 range=(-12.00,-2.48) mean=-11.95 p50=-12.00 p05=-12.00 p95=-12.00
  [diag] sat-dist hist bins=60 sat<0.05=0.0% mean=0.985 p10=0.984 p90=0.985
Iter 0001440: train nll 1.387, valid error 075.950%, best valid error 074.000%, avg grad norm   0.173, avg grad norm (post clip)   0.102, rho_Whh  0.94, Omega  0.00, alpha  2.000, steps in the past 0.010, valid nll 1.387
  [diag] log10|dL/dh_t| hist bins=60 range=(-12.00,-2.48) mean=-11.95 p50=-12.00 p05=-12.00 p95=-12.00
  [diag] sat-dist hist bins=60 sat<0.05=0.0% mean=0.985 p10=0.984 p90=0.985
Iter 0001460: train nll 1.386, valid error 075.950%, best valid error 074.000%, avg grad norm   0.189, avg grad norm (post clip)   0.103, rho_Whh  0.94, Omega  0.00, alpha  2.000, steps in the past 0.010, valid nll 1.387
  [diag] log10|dL/dh_t| hist bins=60 range=(-12.00,-2.48) mean=-11.95 p50=-12.00 p05=-12.00 p95=-12.00
  [diag] sat-dist hist bins=60 sat<0.05=0.0% mean=0.985 p10=0.984 p90=0.985
Iter 0001480: train nll 1.387, valid error 075.950%, best valid error 074.000%, avg grad norm   0.222, avg grad norm (post clip)   0.102, rho_Whh  0.94, Omega  0.00, alpha  2.000, steps in the past 0.008, valid nll 1.387
  [diag] log10|dL/dh_t| hist bins=60 range=(-12.00,-2.48) mean=-11.95 p50=-12.00 p05=-12.00 p95=-12.00
  [diag] sat-dist hist bins=60 sat<0.05=0.0% mean=0.985 p10=0.984 p90=0.985
Iter 0001500: train nll 1.387, valid error 075.950%, best valid error 074.000%, avg grad norm   0.166, avg grad norm (post clip)   0.103, rho_Whh  0.94, Omega  0.00, alpha  2.000, steps in the past 0.010, valid nll 1.387
  [diag] log10|dL/dh_t| hist bins=60 range=(-12.00,-2.48) mean=-11.95 p50=-12.00 p05=-12.00 p95=-12.00
  [diag] sat-dist hist bins=60 sat<0.05=0.0% mean=0.985 p10=0.984 p90=0.985
Iter 0001520: train nll 1.386, valid error 075.950%, best valid error 074.000%, avg grad norm   0.178, avg grad norm (post clip)   0.099, rho_Whh  0.94, Omega  0.00, alpha  2.000, steps in the past 0.010, valid nll 1.387
  [diag] log10|dL/dh_t| hist bins=60 range=(-12.00,-2.48) mean=-11.95 p50=-12.00 p05=-12.00 p95=-12.00
  [diag] sat-dist hist bins=60 sat<0.05=0.0% mean=0.985 p10=0.984 p90=0.985
Iter 0001540: train nll 1.386, valid error 075.950%, best valid error 074.000%, avg grad norm   0.196, avg grad norm (post clip)   0.102, rho_Whh  0.94, Omega  0.00, alpha  2.000, steps in the past 0.009, valid nll 1.387
  [diag] log10|dL/dh_t| hist bins=60 range=(-12.00,-2.48) mean=-11.95 p50=-12.00 p05=-12.00 p95=-12.00
  [diag] sat-dist hist bins=60 sat<0.05=0.0% mean=0.985 p10=0.984 p90=0.985
Iter 0001560: train nll 1.387, valid error 075.950%, best valid error 074.000%, avg grad norm   0.226, avg grad norm (post clip)   0.105, rho_Whh  0.94, Omega  0.00, alpha  2.000, steps in the past 0.010, valid nll 1.387
  [diag] log10|dL/dh_t| hist bins=60 range=(-12.00,-2.48) mean=-11.95 p50=-12.00 p05=-12.00 p95=-12.00
  [diag] sat-dist hist bins=60 sat<0.05=0.0% mean=0.985 p10=0.984 p90=0.986
Iter 0001580: train nll 1.386, valid error 075.950%, best valid error 074.000%, avg grad norm   0.178, avg grad norm (post clip)   0.102, rho_Whh  0.94, Omega  0.00, alpha  2.000, steps in the past 0.010, valid nll 1.386
  [diag] log10|dL/dh_t| hist bins=60 range=(-12.00,-2.48) mean=-11.95 p50=-12.00 p05=-12.00 p95=-12.00
  [diag] sat-dist hist bins=60 sat<0.05=0.0% mean=0.985 p10=0.984 p90=0.986
Iter 0001600: train nll 1.387, valid error 075.950%, best valid error 074.000%, avg grad norm   0.203, avg grad norm (post clip)   0.103, rho_Whh  0.94, Omega  0.00, alpha  2.000, steps in the past 0.009, valid nll 1.386
  [diag] log10|dL/dh_t| hist bins=60 range=(-12.00,-2.48) mean=-11.95 p50=-12.00 p05=-12.00 p95=-12.00
  [diag] sat-dist hist bins=60 sat<0.05=0.0% mean=0.985 p10=0.984 p90=0.986
Iter 0001620: train nll 1.385, valid error 075.950%, best valid error 074.000%, avg grad norm   0.184, avg grad norm (post clip)   0.100, rho_Whh  0.94, Omega  0.00, alpha  2.000, steps in the past 0.008, valid nll 1.387
  [diag] log10|dL/dh_t| hist bins=60 range=(-12.00,-2.48) mean=-11.95 p50=-12.00 p05=-12.00 p95=-12.00
  [diag] sat-dist hist bins=60 sat<0.05=0.0% mean=0.985 p10=0.984 p90=0.986
Iter 0001640: train nll 1.386, valid error 075.950%, best valid error 074.000%, avg grad norm   0.182, avg grad norm (post clip)   0.103, rho_Whh  0.94, Omega  0.00, alpha  2.000, steps in the past 0.009, valid nll 1.387
  [diag] log10|dL/dh_t| hist bins=60 range=(-12.00,-2.48) mean=-11.95 p50=-12.00 p05=-12.00 p95=-12.00
  [diag] sat-dist hist bins=60 sat<0.05=0.0% mean=0.985 p10=0.984 p90=0.986
Iter 0001660: train nll 1.387, valid error 075.950%, best valid error 074.000%, avg grad norm   0.200, avg grad norm (post clip)   0.102, rho_Whh  0.94, Omega  0.00, alpha  2.000, steps in the past 0.009, valid nll 1.387
  [diag] log10|dL/dh_t| hist bins=60 range=(-12.00,-2.48) mean=-11.95 p50=-12.00 p05=-12.00 p95=-12.00
  [diag] sat-dist hist bins=60 sat<0.05=0.0% mean=0.985 p10=0.984 p90=0.986
Iter 0001680: train nll 1.387, valid error 075.950%, best valid error 074.000%, avg grad norm   0.174, avg grad norm (post clip)   0.103, rho_Whh  0.94, Omega  0.00, alpha  2.000, steps in the past 0.008, valid nll 1.387
  [diag] log10|dL/dh_t| hist bins=60 range=(-12.00,-2.48) mean=-11.95 p50=-12.00 p05=-12.00 p95=-12.00
  [diag] sat-dist hist bins=60 sat<0.05=0.0% mean=0.985 p10=0.984 p90=0.986
Iter 0001700: train nll 1.386, valid error 075.950%, best valid error 074.000%, avg grad norm   0.159, avg grad norm (post clip)   0.098, rho_Whh  0.94, Omega  0.00, alpha  2.000, steps in the past 0.007, valid nll 1.386
  [diag] log10|dL/dh_t| hist bins=60 range=(-12.00,-2.48) mean=-11.95 p50=-12.00 p05=-12.00 p95=-12.00
  [diag] sat-dist hist bins=60 sat<0.05=0.0% mean=0.985 p10=0.984 p90=0.985
Iter 0001720: train nll 1.387, valid error 075.950%, best valid error 074.000%, avg grad norm   0.200, avg grad norm (post clip)   0.103, rho_Whh  0.94, Omega  0.00, alpha  2.000, steps in the past 0.011, valid nll 1.386
  [diag] log10|dL/dh_t| hist bins=60 range=(-12.00,-2.48) mean=-11.95 p50=-12.00 p05=-12.00 p95=-12.00
  [diag] sat-dist hist bins=60 sat<0.05=0.0% mean=0.985 p10=0.984 p90=0.985
Iter 0001740: train nll 1.386, valid error 075.950%, best valid error 074.000%, avg grad norm   0.182, avg grad norm (post clip)   0.101, rho_Whh  0.94, Omega  0.00, alpha  2.000, steps in the past 0.009, valid nll 1.386
  [diag] log10|dL/dh_t| hist bins=60 range=(-12.00,-2.48) mean=-11.95 p50=-12.00 p05=-12.00 p95=-12.00
  [diag] sat-dist hist bins=60 sat<0.05=0.0% mean=0.984 p10=0.984 p90=0.985
Iter 0001760: train nll 1.387, valid error 075.950%, best valid error 074.000%, avg grad norm   0.187, avg grad norm (post clip)   0.103, rho_Whh  0.94, Omega  0.00, alpha  2.000, steps in the past 0.009, valid nll 1.386
  [diag] log10|dL/dh_t| hist bins=60 range=(-12.00,-2.48) mean=-11.95 p50=-12.00 p05=-12.00 p95=-12.00
  [diag] sat-dist hist bins=60 sat<0.05=0.0% mean=0.984 p10=0.984 p90=0.985
Iter 0001780: train nll 1.386, valid error 075.950%, best valid error 074.000%, avg grad norm   0.185, avg grad norm (post clip)   0.102, rho_Whh  0.94, Omega  0.00, alpha  2.000, steps in the past 0.009, valid nll 1.386
  [diag] log10|dL/dh_t| hist bins=60 range=(-12.00,-2.48) mean=-11.95 p50=-12.00 p05=-12.00 p95=-12.00
  [diag] sat-dist hist bins=60 sat<0.05=0.0% mean=0.985 p10=0.984 p90=0.985
Iter 0001800: train nll 1.386, valid error 075.950%, best valid error 074.000%, avg grad norm   0.152, avg grad norm (post clip)   0.097, rho_Whh  0.94, Omega  0.00, alpha  2.000, steps in the past 0.011, valid nll 1.386
  [diag] log10|dL/dh_t| hist bins=60 range=(-12.00,-2.48) mean=-11.95 p50=-12.00 p05=-12.00 p95=-12.00
  [diag] sat-dist hist bins=60 sat<0.05=0.0% mean=0.984 p10=0.983 p90=0.984
Iter 0001820: train nll 1.387, valid error 076.000%, best valid error 074.000%, avg grad norm   0.220, avg grad norm (post clip)   0.105, rho_Whh  0.94, Omega  0.00, alpha  2.000, steps in the past 0.009, valid nll 1.386
  [diag] log10|dL/dh_t| hist bins=60 range=(-12.00,-2.48) mean=-11.95 p50=-12.00 p05=-12.00 p95=-12.00
  [diag] sat-dist hist bins=60 sat<0.05=0.0% mean=0.984 p10=0.983 p90=0.984
Iter 0001840: train nll 1.386, valid error 075.250%, best valid error 074.000%, avg grad norm   0.178, avg grad norm (post clip)   0.102, rho_Whh  0.94, Omega  0.00, alpha  2.000, steps in the past 0.008, valid nll 1.386
  [diag] log10|dL/dh_t| hist bins=60 range=(-12.00,-2.48) mean=-11.95 p50=-12.00 p05=-12.00 p95=-12.00
  [diag] sat-dist hist bins=60 sat<0.05=0.0% mean=0.984 p10=0.983 p90=0.985
Iter 0001860: train nll 1.386, valid error 075.650%, best valid error 074.000%, avg grad norm   0.158, avg grad norm (post clip)   0.102, rho_Whh  0.94, Omega  0.00, alpha  2.000, steps in the past 0.008, valid nll 1.386
  [diag] log10|dL/dh_t| hist bins=60 range=(-12.00,-2.48) mean=-11.95 p50=-12.00 p05=-12.00 p95=-12.00
  [diag] sat-dist hist bins=60 sat<0.05=0.0% mean=0.984 p10=0.983 p90=0.985
Iter 0001880: train nll 1.387, valid error 075.850%, best valid error 074.000%, avg grad norm   0.173, avg grad norm (post clip)   0.102, rho_Whh  0.94, Omega  0.00, alpha  2.000, steps in the past 0.008, valid nll 1.386
  [diag] log10|dL/dh_t| hist bins=60 range=(-12.00,-2.48) mean=-11.95 p50=-12.00 p05=-12.00 p95=-12.00
  [diag] sat-dist hist bins=60 sat<0.05=0.0% mean=0.984 p10=0.983 p90=0.985
Iter 0001900: train nll 1.387, valid error 075.200%, best valid error 074.000%, avg grad norm   0.173, avg grad norm (post clip)   0.102, rho_Whh  0.94, Omega  0.00, alpha  2.000, steps in the past 0.009, valid nll 1.386
  [diag] log10|dL/dh_t| hist bins=60 range=(-12.00,-2.48) mean=-11.95 p50=-12.00 p05=-12.00 p95=-12.00
  [diag] sat-dist hist bins=60 sat<0.05=0.0% mean=0.984 p10=0.983 p90=0.984
Iter 0001920: train nll 1.385, valid error 073.350%, best valid error 074.000%, avg grad norm   0.182, avg grad norm (post clip)   0.102, rho_Whh  0.94, Omega  0.00, alpha  2.000, steps in the past 0.009, valid nll 1.386
  [diag] log10|dL/dh_t| hist bins=60 range=(-12.00,-2.48) mean=-11.95 p50=-12.00 p05=-12.00 p95=-12.00
  [diag] sat-dist hist bins=60 sat<0.05=0.0% mean=0.984 p10=0.983 p90=0.984
Iter 0001940: train nll 1.386, valid error 074.600%, best valid error 073.350%, avg grad norm   0.184, avg grad norm (post clip)   0.104, rho_Whh  0.94, Omega  0.00, alpha  2.000, steps in the past 0.009, valid nll 1.386
  [diag] log10|dL/dh_t| hist bins=60 range=(-12.00,-2.48) mean=-11.95 p50=-12.00 p05=-12.00 p95=-12.00
  [diag] sat-dist hist bins=60 sat<0.05=0.0% mean=0.984 p10=0.983 p90=0.984
Iter 0001960: train nll 1.386, valid error 074.000%, best valid error 073.350%, avg grad norm   0.187, avg grad norm (post clip)   0.103, rho_Whh  0.94, Omega  0.00, alpha  2.000, steps in the past 0.011, valid nll 1.386
  [diag] log10|dL/dh_t| hist bins=60 range=(-12.00,-2.48) mean=-11.95 p50=-12.00 p05=-12.00 p95=-12.00
  [diag] sat-dist hist bins=60 sat<0.05=0.0% mean=0.984 p10=0.983 p90=0.984
Iter 0001980: train nll 1.386, valid error 073.200%, best valid error 073.350%, avg grad norm   0.171, avg grad norm (post clip)   0.101, rho_Whh  0.94, Omega  0.00, alpha  2.000, steps in the past 0.009, valid nll 1.386
  [diag] log10|dL/dh_t| hist bins=60 range=(-12.00,-2.48) mean=-11.95 p50=-12.00 p05=-12.00 p95=-12.00
  [diag] sat-dist hist bins=60 sat<0.05=0.0% mean=0.984 p10=0.983 p90=0.984
Iter 0002000: train nll 1.386, valid error 074.500%, best valid error 073.200%, avg grad norm   0.184, avg grad norm (post clip)   0.104, rho_Whh  0.94, Omega  0.00, alpha  2.000, steps in the past 0.011, valid nll 1.386
  [diag] log10|dL/dh_t| hist bins=60 range=(-12.00,-2.48) mean=-11.95 p50=-12.00 p05=-12.00 p95=-12.00
  [diag] sat-dist hist bins=60 sat<0.05=0.0% mean=0.983 p10=0.982 p90=0.983
Iter 0002020: train nll 1.386, valid error 074.500%, best valid error 073.200%, avg grad norm   0.190, avg grad norm (post clip)   0.103, rho_Whh  0.94, Omega  0.00, alpha  2.000, steps in the past 0.011, valid nll 1.386
  [diag] log10|dL/dh_t| hist bins=60 range=(-12.00,-2.48) mean=-11.95 p50=-12.00 p05=-12.00 p95=-12.00
  [diag] sat-dist hist bins=60 sat<0.05=0.0% mean=0.983 p10=0.982 p90=0.984
Iter 0002040: train nll 1.386, valid error 074.500%, best valid error 073.200%, avg grad norm   0.201, avg grad norm (post clip)   0.104, rho_Whh  0.94, Omega  0.00, alpha  2.000, steps in the past 0.009, valid nll 1.386
  [diag] log10|dL/dh_t| hist bins=60 range=(-12.00,-2.48) mean=-11.95 p50=-12.00 p05=-12.00 p95=-12.00
  [diag] sat-dist hist bins=60 sat<0.05=0.0% mean=0.984 p10=0.983 p90=0.984
Iter 0002060: train nll 1.387, valid error 074.650%, best valid error 073.200%, avg grad norm   0.182, avg grad norm (post clip)   0.103, rho_Whh  0.94, Omega  0.00, alpha  2.000, steps in the past 0.010, valid nll 1.386
  [diag] log10|dL/dh_t| hist bins=60 range=(-12.00,-2.48) mean=-11.95 p50=-12.00 p05=-12.00 p95=-12.00
  [diag] sat-dist hist bins=60 sat<0.05=0.0% mean=0.983 p10=0.983 p90=0.984
Iter 0002080: train nll 1.386, valid error 074.500%, best valid error 073.200%, avg grad norm   0.171, avg grad norm (post clip)   0.102, rho_Whh  0.94, Omega  0.00, alpha  2.000, steps in the past 0.008, valid nll 1.386
  [diag] log10|dL/dh_t| hist bins=60 range=(-12.00,-2.48) mean=-11.95 p50=-12.00 p05=-12.00 p95=-12.00
  [diag] sat-dist hist bins=60 sat<0.05=0.0% mean=0.983 p10=0.983 p90=0.984
Iter 0002100: train nll 1.387, valid error 074.500%, best valid error 073.200%, avg grad norm   0.192, avg grad norm (post clip)   0.104, rho_Whh  0.94, Omega  0.00, alpha  2.000, steps in the past 0.009, valid nll 1.386
  [diag] log10|dL/dh_t| hist bins=60 range=(-12.00,-2.48) mean=-11.95 p50=-12.00 p05=-12.00 p95=-12.00
  [diag] sat-dist hist bins=60 sat<0.05=0.0% mean=0.983 p10=0.983 p90=0.984
Iter 0002120: train nll 1.386, valid error 074.850%, best valid error 073.200%, avg grad norm   0.179, avg grad norm (post clip)   0.104, rho_Whh  0.94, Omega  0.00, alpha  2.000, steps in the past 0.009, valid nll 1.386
  [diag] log10|dL/dh_t| hist bins=60 range=(-12.00,-2.48) mean=-11.95 p50=-12.00 p05=-12.00 p95=-12.00
  [diag] sat-dist hist bins=60 sat<0.05=0.0% mean=0.982 p10=0.982 p90=0.983
Iter 0002140: train nll 1.387, valid error 074.500%, best valid error 073.200%, avg grad norm   0.192, avg grad norm (post clip)   0.102, rho_Whh  0.94, Omega  0.00, alpha  2.000, steps in the past 0.010, valid nll 1.386
  [diag] log10|dL/dh_t| hist bins=60 range=(-12.00,-2.48) mean=-11.95 p50=-12.00 p05=-12.00 p95=-12.00
  [diag] sat-dist hist bins=60 sat<0.05=0.0% mean=0.981 p10=0.980 p90=0.982
Iter 0002160: train nll 1.387, valid error 074.500%, best valid error 073.200%, avg grad norm   0.201, avg grad norm (post clip)   0.102, rho_Whh  0.94, Omega  0.00, alpha  2.000, steps in the past 0.010, valid nll 1.386
  [diag] log10|dL/dh_t| hist bins=60 range=(-12.00,-2.48) mean=-11.95 p50=-12.00 p05=-12.00 p95=-12.00
  [diag] sat-dist hist bins=60 sat<0.05=0.0% mean=0.980 p10=0.979 p90=0.980
Iter 0002180: train nll 1.386, valid error 074.500%, best valid error 073.200%, avg grad norm   0.209, avg grad norm (post clip)   0.104, rho_Whh  0.94, Omega  0.00, alpha  2.000, steps in the past 0.009, valid nll 1.386
  [diag] log10|dL/dh_t| hist bins=60 range=(-12.00,-2.48) mean=-11.95 p50=-12.00 p05=-12.00 p95=-12.00
  [diag] sat-dist hist bins=60 sat<0.05=0.0% mean=0.980 p10=0.979 p90=0.980
Iter 0002200: train nll 1.386, valid error 074.500%, best valid error 073.200%, avg grad norm   0.199, avg grad norm (post clip)   0.104, rho_Whh  0.94, Omega  0.00, alpha  2.000, steps in the past 0.010, valid nll 1.386
  [diag] log10|dL/dh_t| hist bins=60 range=(-12.00,-2.48) mean=-11.95 p50=-12.00 p05=-12.00 p95=-12.00
  [diag] sat-dist hist bins=60 sat<0.05=0.0% mean=0.981 p10=0.980 p90=0.981
Iter 0002220: train nll 1.387, valid error 074.500%, best valid error 073.200%, avg grad norm   0.199, avg grad norm (post clip)   0.103, rho_Whh  0.94, Omega  0.00, alpha  2.000, steps in the past 0.009, valid nll 1.386
  [diag] log10|dL/dh_t| hist bins=60 range=(-12.00,-2.48) mean=-11.95 p50=-12.00 p05=-12.00 p95=-12.00
  [diag] sat-dist hist bins=60 sat<0.05=0.0% mean=0.981 p10=0.980 p90=0.981
Iter 0002240: train nll 1.386, valid error 074.500%, best valid error 073.200%, avg grad norm   0.196, avg grad norm (post clip)   0.104, rho_Whh  0.94, Omega  0.00, alpha  2.000, steps in the past 0.009, valid nll 1.386
  [diag] log10|dL/dh_t| hist bins=60 range=(-12.00,-2.48) mean=-11.95 p50=-12.00 p05=-12.00 p95=-12.00
  [diag] sat-dist hist bins=60 sat<0.05=0.0% mean=0.980 p10=0.979 p90=0.980
Iter 0002260: train nll 1.386, valid error 074.500%, best valid error 073.200%, avg grad norm   0.175, avg grad norm (post clip)   0.104, rho_Whh  0.94, Omega  0.00, alpha  2.000, steps in the past 0.008, valid nll 1.386
  [diag] log10|dL/dh_t| hist bins=60 range=(-12.00,-2.48) mean=-11.95 p50=-12.00 p05=-12.00 p95=-12.00
  [diag] sat-dist hist bins=60 sat<0.05=0.0% mean=0.981 p10=0.980 p90=0.981
Iter 0002280: train nll 1.387, valid error 074.500%, best valid error 073.200%, avg grad norm   0.198, avg grad norm (post clip)   0.103, rho_Whh  0.94, Omega  0.00, alpha  2.000, steps in the past 0.008, valid nll 1.386
  [diag] log10|dL/dh_t| hist bins=60 range=(-12.00,-2.48) mean=-11.95 p50=-12.00 p05=-12.00 p95=-12.00
  [diag] sat-dist hist bins=60 sat<0.05=0.0% mean=0.980 p10=0.980 p90=0.981
Iter 0002300: train nll 1.386, valid error 074.500%, best valid error 073.200%, avg grad norm   0.188, avg grad norm (post clip)   0.104, rho_Whh  0.94, Omega  0.00, alpha  2.000, steps in the past 0.009, valid nll 1.386
  [diag] log10|dL/dh_t| hist bins=60 range=(-12.00,-2.48) mean=-11.95 p50=-12.00 p05=-12.00 p95=-12.00
  [diag] sat-dist hist bins=60 sat<0.05=0.0% mean=0.981 p10=0.980 p90=0.981
Iter 0002320: train nll 1.387, valid error 074.500%, best valid error 073.200%, avg grad norm   0.198, avg grad norm (post clip)   0.103, rho_Whh  0.94, Omega  0.00, alpha  2.000, steps in the past 0.009, valid nll 1.386
  [diag] log10|dL/dh_t| hist bins=60 range=(-12.00,-2.48) mean=-11.95 p50=-12.00 p05=-12.00 p95=-12.00
  [diag] sat-dist hist bins=60 sat<0.05=0.0% mean=0.981 p10=0.980 p90=0.981
Iter 0002340: train nll 1.387, valid error 074.500%, best valid error 073.200%, avg grad norm   0.176, avg grad norm (post clip)   0.100, rho_Whh  0.94, Omega  0.00, alpha  2.000, steps in the past 0.010, valid nll 1.386
  [diag] log10|dL/dh_t| hist bins=60 range=(-12.00,-2.48) mean=-11.95 p50=-12.00 p05=-12.00 p95=-12.00
  [diag] sat-dist hist bins=60 sat<0.05=0.0% mean=0.980 p10=0.979 p90=0.980
Iter 0002360: train nll 1.386, valid error 074.500%, best valid error 073.200%, avg grad norm   0.222, avg grad norm (post clip)   0.104, rho_Whh  0.94, Omega  0.00, alpha  2.000, steps in the past 0.010, valid nll 1.386
  [diag] log10|dL/dh_t| hist bins=60 range=(-12.00,-2.48) mean=-11.95 p50=-12.00 p05=-12.00 p95=-12.00
  [diag] sat-dist hist bins=60 sat<0.05=0.0% mean=0.981 p10=0.980 p90=0.981
Iter 0002380: train nll 1.387, valid error 074.500%, best valid error 073.200%, avg grad norm   0.204, avg grad norm (post clip)   0.104, rho_Whh  0.94, Omega  0.00, alpha  2.000, steps in the past 0.010, valid nll 1.386
  [diag] log10|dL/dh_t| hist bins=60 range=(-12.00,-2.48) mean=-11.95 p50=-12.00 p05=-12.00 p95=-12.00
  [diag] sat-dist hist bins=60 sat<0.05=0.0% mean=0.982 p10=0.981 p90=0.982
Iter 0002400: train nll 1.386, valid error 074.500%, best valid error 073.200%, avg grad norm   0.177, avg grad norm (post clip)   0.102, rho_Whh  0.94, Omega  0.00, alpha  2.000, steps in the past 0.009, valid nll 1.386
  [diag] log10|dL/dh_t| hist bins=60 range=(-12.00,-2.48) mean=-11.95 p50=-12.00 p05=-12.00 p95=-12.00
  [diag] sat-dist hist bins=60 sat<0.05=0.0% mean=0.982 p10=0.982 p90=0.983
Iter 0002420: train nll 1.386, valid error 074.500%, best valid error 073.200%, avg grad norm   0.165, avg grad norm (post clip)   0.102, rho_Whh  0.94, Omega  0.00, alpha  2.000, steps in the past 0.010, valid nll 1.386
  [diag] log10|dL/dh_t| hist bins=60 range=(-12.00,-2.48) mean=-11.95 p50=-12.00 p05=-12.00 p95=-12.00
  [diag] sat-dist hist bins=60 sat<0.05=0.0% mean=0.982 p10=0.982 p90=0.983
Iter 0002440: train nll 1.386, valid error 074.500%, best valid error 073.200%, avg grad norm   0.202, avg grad norm (post clip)   0.104, rho_Whh  0.94, Omega  0.00, alpha  2.000, steps in the past 0.010, valid nll 1.386
  [diag] log10|dL/dh_t| hist bins=60 range=(-12.00,-2.48) mean=-11.95 p50=-12.00 p05=-12.00 p95=-12.00
  [diag] sat-dist hist bins=60 sat<0.05=0.0% mean=0.983 p10=0.982 p90=0.983
Iter 0002460: train nll 1.387, valid error 074.600%, best valid error 073.200%, avg grad norm   0.189, avg grad norm (post clip)   0.102, rho_Whh  0.94, Omega  0.00, alpha  2.000, steps in the past 0.009, valid nll 1.386
  [diag] log10|dL/dh_t| hist bins=60 range=(-12.00,-2.48) mean=-11.95 p50=-12.00 p05=-12.00 p95=-12.00
  [diag] sat-dist hist bins=60 sat<0.05=0.0% mean=0.982 p10=0.982 p90=0.983
Iter 0002480: train nll 1.386, valid error 074.450%, best valid error 073.200%, avg grad norm   0.171, avg grad norm (post clip)   0.104, rho_Whh  0.94, Omega  0.00, alpha  2.000, steps in the past 0.010, valid nll 1.386
  [diag] log10|dL/dh_t| hist bins=60 range=(-12.00,-2.48) mean=-11.95 p50=-12.00 p05=-12.00 p95=-12.00
  [diag] sat-dist hist bins=60 sat<0.05=0.0% mean=0.983 p10=0.983 p90=0.984
Iter 0002500: train nll 1.387, valid error 076.150%, best valid error 073.200%, avg grad norm   0.194, avg grad norm (post clip)   0.102, rho_Whh  0.94, Omega  0.00, alpha  2.000, steps in the past 0.009, valid nll 1.386
  [diag] log10|dL/dh_t| hist bins=60 range=(-12.00,-2.48) mean=-11.95 p50=-12.00 p05=-12.00 p95=-12.00
  [diag] sat-dist hist bins=60 sat<0.05=0.0% mean=0.983 p10=0.983 p90=0.984
Iter 0002520: train nll 1.387, valid error 074.800%, best valid error 073.200%, avg grad norm   0.166, avg grad norm (post clip)   0.099, rho_Whh  0.94, Omega  0.00, alpha  2.000, steps in the past 0.009, valid nll 1.386
  [diag] log10|dL/dh_t| hist bins=60 range=(-12.00,-2.48) mean=-11.95 p50=-12.00 p05=-12.00 p95=-12.00
  [diag] sat-dist hist bins=60 sat<0.05=0.0% mean=0.983 p10=0.982 p90=0.983
Iter 0002540: train nll 1.385, valid error 074.500%, best valid error 073.200%, avg grad norm   0.213, avg grad norm (post clip)   0.103, rho_Whh  0.94, Omega  0.00, alpha  2.000, steps in the past 0.009, valid nll 1.386
  [diag] log10|dL/dh_t| hist bins=60 range=(-12.00,-2.48) mean=-11.95 p50=-12.00 p05=-12.00 p95=-12.00
  [diag] sat-dist hist bins=60 sat<0.05=0.0% mean=0.984 p10=0.983 p90=0.984
Iter 0002560: train nll 1.387, valid error 074.650%, best valid error 073.200%, avg grad norm   0.199, avg grad norm (post clip)   0.102, rho_Whh  0.94, Omega  0.00, alpha  2.000, steps in the past 0.010, valid nll 1.386
  [diag] log10|dL/dh_t| hist bins=60 range=(-12.00,-2.48) mean=-11.95 p50=-12.00 p05=-12.00 p95=-12.00
  [diag] sat-dist hist bins=60 sat<0.05=0.0% mean=0.982 p10=0.981 p90=0.983
Iter 0002580: train nll 1.386, valid error 074.500%, best valid error 073.200%, avg grad norm   0.176, avg grad norm (post clip)   0.100, rho_Whh  0.94, Omega  0.00, alpha  2.000, steps in the past 0.010, valid nll 1.386
  [diag] log10|dL/dh_t| hist bins=60 range=(-12.00,-2.48) mean=-11.95 p50=-12.00 p05=-12.00 p95=-12.00
  [diag] sat-dist hist bins=60 sat<0.05=0.0% mean=0.982 p10=0.981 p90=0.983
Iter 0002600: train nll 1.386, valid error 074.500%, best valid error 073.200%, avg grad norm   0.177, avg grad norm (post clip)   0.103, rho_Whh  0.94, Omega  0.00, alpha  2.000, steps in the past 0.010, valid nll 1.386
  [diag] log10|dL/dh_t| hist bins=60 range=(-12.00,-2.48) mean=-11.95 p50=-12.00 p05=-12.00 p95=-12.00
  [diag] sat-dist hist bins=60 sat<0.05=0.0% mean=0.982 p10=0.981 p90=0.982
Iter 0002620: train nll 1.387, valid error 074.500%, best valid error 073.200%, avg grad norm   0.215, avg grad norm (post clip)   0.105, rho_Whh  0.94, Omega  0.00, alpha  2.000, steps in the past 0.009, valid nll 1.386
  [diag] log10|dL/dh_t| hist bins=60 range=(-12.00,-2.48) mean=-11.95 p50=-12.00 p05=-12.00 p95=-12.00
  [diag] sat-dist hist bins=60 sat<0.05=0.0% mean=0.982 p10=0.982 p90=0.983
Iter 0002640: train nll 1.387, valid error 074.500%, best valid error 073.200%, avg grad norm   0.192, avg grad norm (post clip)   0.103, rho_Whh  0.94, Omega  0.00, alpha  2.000, steps in the past 0.010, valid nll 1.386
  [diag] log10|dL/dh_t| hist bins=60 range=(-12.00,-2.48) mean=-11.95 p50=-12.00 p05=-12.00 p95=-12.00
  [diag] sat-dist hist bins=60 sat<0.05=0.0% mean=0.982 p10=0.981 p90=0.983
Iter 0002660: train nll 1.386, valid error 074.500%, best valid error 073.200%, avg grad norm   0.191, avg grad norm (post clip)   0.104, rho_Whh  0.94, Omega  0.00, alpha  2.000, steps in the past 0.010, valid nll 1.386
  [diag] log10|dL/dh_t| hist bins=60 range=(-12.00,-2.48) mean=-11.95 p50=-12.00 p05=-12.00 p95=-12.00
  [diag] sat-dist hist bins=60 sat<0.05=0.0% mean=0.983 p10=0.982 p90=0.983
Iter 0002680: train nll 1.387, valid error 074.500%, best valid error 073.200%, avg grad norm   0.170, avg grad norm (post clip)   0.105, rho_Whh  0.94, Omega  0.00, alpha  2.000, steps in the past 0.009, valid nll 1.386
  [diag] log10|dL/dh_t| hist bins=60 range=(-12.00,-2.48) mean=-11.95 p50=-12.00 p05=-12.00 p95=-12.00
  [diag] sat-dist hist bins=60 sat<0.05=0.0% mean=0.983 p10=0.983 p90=0.984
Iter 0002700: train nll 1.387, valid error 074.500%, best valid error 073.200%, avg grad norm   0.162, avg grad norm (post clip)   0.101, rho_Whh  0.94, Omega  0.00, alpha  2.000, steps in the past 0.009, valid nll 1.386
  [diag] log10|dL/dh_t| hist bins=60 range=(-12.00,-2.48) mean=-11.95 p50=-12.00 p05=-12.00 p95=-12.00
  [diag] sat-dist hist bins=60 sat<0.05=0.0% mean=0.984 p10=0.983 p90=0.985
Iter 0002720: train nll 1.386, valid error 074.300%, best valid error 073.200%, avg grad norm   0.177, avg grad norm (post clip)   0.105, rho_Whh  0.94, Omega  0.00, alpha  2.000, steps in the past 0.010, valid nll 1.386
  [diag] log10|dL/dh_t| hist bins=60 range=(-12.00,-2.48) mean=-11.95 p50=-12.00 p05=-12.00 p95=-12.00
  [diag] sat-dist hist bins=60 sat<0.05=0.0% mean=0.984 p10=0.983 p90=0.984
Iter 0002740: train nll 1.386, valid error 074.400%, best valid error 073.200%, avg grad norm   0.171, avg grad norm (post clip)   0.102, rho_Whh  0.94, Omega  0.00, alpha  2.000, steps in the past 0.009, valid nll 1.386
  [diag] log10|dL/dh_t| hist bins=60 range=(-12.00,-2.48) mean=-11.95 p50=-12.00 p05=-12.00 p95=-12.00
  [diag] sat-dist hist bins=60 sat<0.05=0.0% mean=0.984 p10=0.983 p90=0.984
Iter 0002760: train nll 1.386, valid error 074.500%, best valid error 073.200%, avg grad norm   0.186, avg grad norm (post clip)   0.103, rho_Whh  0.94, Omega  0.00, alpha  2.000, steps in the past 0.009, valid nll 1.386
  [diag] log10|dL/dh_t| hist bins=60 range=(-12.00,-2.48) mean=-11.95 p50=-12.00 p05=-12.00 p95=-12.00
  [diag] sat-dist hist bins=60 sat<0.05=0.0% mean=0.984 p10=0.983 p90=0.984
Iter 0002780: train nll 1.386, valid error 074.550%, best valid error 073.200%, avg grad norm   0.176, avg grad norm (post clip)   0.103, rho_Whh  0.94, Omega  0.00, alpha  2.000, steps in the past 0.012, valid nll 1.386
  [diag] log10|dL/dh_t| hist bins=60 range=(-12.00,-2.48) mean=-11.95 p50=-12.00 p05=-12.00 p95=-12.00
  [diag] sat-dist hist bins=60 sat<0.05=0.0% mean=0.984 p10=0.983 p90=0.984
Iter 0002800: train nll 1.385, valid error 074.250%, best valid error 073.200%, avg grad norm   0.181, avg grad norm (post clip)   0.098, rho_Whh  0.94, Omega  0.00, alpha  2.000, steps in the past 0.009, valid nll 1.386
  [diag] log10|dL/dh_t| hist bins=60 range=(-12.00,-2.48) mean=-11.95 p50=-12.00 p05=-12.00 p95=-12.00
  [diag] sat-dist hist bins=60 sat<0.05=0.0% mean=0.983 p10=0.982 p90=0.984
Iter 0002820: train nll 1.387, valid error 074.500%, best valid error 073.200%, avg grad norm   0.173, avg grad norm (post clip)   0.101, rho_Whh  0.94, Omega  0.00, alpha  2.000, steps in the past 0.010, valid nll 1.386
  [diag] log10|dL/dh_t| hist bins=60 range=(-12.00,-2.48) mean=-11.95 p50=-12.00 p05=-12.00 p95=-12.00
  [diag] sat-dist hist bins=60 sat<0.05=0.0% mean=0.984 p10=0.983 p90=0.984
Iter 0002840: train nll 1.386, valid error 073.350%, best valid error 073.200%, avg grad norm   0.164, avg grad norm (post clip)   0.102, rho_Whh  0.94, Omega  0.00, alpha  2.000, steps in the past 0.010, valid nll 1.386
  [diag] log10|dL/dh_t| hist bins=60 range=(-12.00,-2.48) mean=-11.95 p50=-12.00 p05=-12.00 p95=-12.00
  [diag] sat-dist hist bins=60 sat<0.05=0.0% mean=0.984 p10=0.983 p90=0.985
Iter 0002860: train nll 1.385, valid error 074.100%, best valid error 073.200%, avg grad norm   0.181, avg grad norm (post clip)   0.103, rho_Whh  0.94, Omega  0.00, alpha  2.000, steps in the past 0.008, valid nll 1.386
  [diag] log10|dL/dh_t| hist bins=60 range=(-12.00,-2.48) mean=-11.95 p50=-12.00 p05=-12.00 p95=-12.00
  [diag] sat-dist hist bins=60 sat<0.05=0.0% mean=0.984 p10=0.984 p90=0.985
Iter 0002880: train nll 1.386, valid error 074.300%, best valid error 073.200%, avg grad norm   0.191, avg grad norm (post clip)   0.105, rho_Whh  0.94, Omega  0.00, alpha  2.000, steps in the past 0.010, valid nll 1.386
  [diag] log10|dL/dh_t| hist bins=60 range=(-12.00,-2.48) mean=-11.95 p50=-12.00 p05=-12.00 p95=-12.00
  [diag] sat-dist hist bins=60 sat<0.05=0.0% mean=0.984 p10=0.984 p90=0.985
Iter 0002900: train nll 1.386, valid error 074.300%, best valid error 073.200%, avg grad norm   0.182, avg grad norm (post clip)   0.104, rho_Whh  0.94, Omega  0.00, alpha  2.000, steps in the past 0.008, valid nll 1.386
  [diag] log10|dL/dh_t| hist bins=60 range=(-12.00,-2.48) mean=-11.95 p50=-12.00 p05=-12.00 p95=-12.00
  [diag] sat-dist hist bins=60 sat<0.05=0.0% mean=0.985 p10=0.984 p90=0.985
Iter 0002920: train nll 1.387, valid error 074.300%, best valid error 073.200%, avg grad norm   0.191, avg grad norm (post clip)   0.101, rho_Whh  0.94, Omega  0.00, alpha  2.000, steps in the past 0.009, valid nll 1.386
  [diag] log10|dL/dh_t| hist bins=60 range=(-12.00,-2.48) mean=-11.95 p50=-12.00 p05=-12.00 p95=-12.00
  [diag] sat-dist hist bins=60 sat<0.05=0.0% mean=0.985 p10=0.984 p90=0.985
Iter 0002940: train nll 1.386, valid error 074.300%, best valid error 073.200%, avg grad norm   0.159, avg grad norm (post clip)   0.100, rho_Whh  0.94, Omega  0.00, alpha  2.000, steps in the past 0.009, valid nll 1.386
  [diag] log10|dL/dh_t| hist bins=60 range=(-12.00,-2.48) mean=-11.95 p50=-12.00 p05=-12.00 p95=-12.00
  [diag] sat-dist hist bins=60 sat<0.05=0.0% mean=0.985 p10=0.984 p90=0.985
Iter 0002960: train nll 1.386, valid error 074.150%, best valid error 073.200%, avg grad norm   0.165, avg grad norm (post clip)   0.101, rho_Whh  0.94, Omega  0.00, alpha  2.000, steps in the past 0.008, valid nll 1.386
  [diag] log10|dL/dh_t| hist bins=60 range=(-12.00,-2.48) mean=-11.95 p50=-12.00 p05=-12.00 p95=-12.00
  [diag] sat-dist hist bins=60 sat<0.05=0.0% mean=0.984 p10=0.984 p90=0.985
Iter 0002980: train nll 1.386, valid error 074.250%, best valid error 073.200%, avg grad norm   0.191, avg grad norm (post clip)   0.102, rho_Whh  0.94, Omega  0.00, alpha  2.000, steps in the past 0.010, valid nll 1.386
Done. solved=0 steps=2999 best_valid_error=73.2000%
=== DONE  EC_s4_alpha2_cut010_lr001 ===
=== START EC_s5_alpha2_cut020_lr001 ===
Starting to train (PyTorch).
  [diag] log10|dL/dh_t| hist bins=60 range=(-12.00,-2.48) mean=-11.95 p50=-12.00 p05=-12.00 p95=-12.00
  [diag] sat-dist hist bins=60 sat<0.05=0.0% mean=0.982 p10=0.982 p90=0.983
Iter 0000020: train nll 1.456, valid error 074.350%, best valid error 100.000%, avg grad norm   1.136, avg grad norm (post clip)   0.210, rho_Whh  0.95, Omega  0.08, alpha  2.000, steps in the past 0.011, valid nll 1.386
  [diag] log10|dL/dh_t| hist bins=60 range=(-12.00,-2.48) mean=-11.95 p50=-12.00 p05=-12.00 p95=-12.00
  [diag] sat-dist hist bins=60 sat<0.05=0.0% mean=0.982 p10=0.981 p90=0.982
Iter 0000040: train nll 1.386, valid error 074.250%, best valid error 074.350%, avg grad norm   0.910, avg grad norm (post clip)   0.210, rho_Whh  0.95, Omega  0.06, alpha  2.000, steps in the past 0.009, valid nll 1.386
  [diag] log10|dL/dh_t| hist bins=60 range=(-12.00,-2.48) mean=-11.95 p50=-12.00 p05=-12.00 p95=-12.00
  [diag] sat-dist hist bins=60 sat<0.05=0.0% mean=0.981 p10=0.981 p90=0.982
Iter 0000060: train nll 1.386, valid error 074.150%, best valid error 074.250%, avg grad norm   0.817, avg grad norm (post clip)   0.211, rho_Whh  0.95, Omega  0.04, alpha  2.000, steps in the past 0.008, valid nll 1.386
  [diag] log10|dL/dh_t| hist bins=60 range=(-12.00,-2.48) mean=-11.95 p50=-12.00 p05=-12.00 p95=-12.00
  [diag] sat-dist hist bins=60 sat<0.05=0.0% mean=0.981 p10=0.980 p90=0.981
Iter 0000080: train nll 1.386, valid error 074.350%, best valid error 074.150%, avg grad norm   0.718, avg grad norm (post clip)   0.211, rho_Whh  0.95, Omega  0.03, alpha  2.000, steps in the past 0.009, valid nll 1.386
  [diag] log10|dL/dh_t| hist bins=60 range=(-12.00,-2.48) mean=-11.95 p50=-12.00 p05=-12.00 p95=-12.00
  [diag] sat-dist hist bins=60 sat<0.05=0.0% mean=0.982 p10=0.981 p90=0.982
Iter 0000100: train nll 1.387, valid error 074.300%, best valid error 074.150%, avg grad norm   0.622, avg grad norm (post clip)   0.211, rho_Whh  0.95, Omega  0.02, alpha  2.000, steps in the past 0.008, valid nll 1.386
  [diag] log10|dL/dh_t| hist bins=60 range=(-12.00,-2.48) mean=-11.95 p50=-12.00 p05=-12.00 p95=-12.00
  [diag] sat-dist hist bins=60 sat<0.05=0.0% mean=0.981 p10=0.980 p90=0.982
Iter 0000120: train nll 1.386, valid error 074.250%, best valid error 074.150%, avg grad norm   0.467, avg grad norm (post clip)   0.211, rho_Whh  0.94, Omega  0.01, alpha  2.000, steps in the past 0.009, valid nll 1.386
  [diag] log10|dL/dh_t| hist bins=60 range=(-12.00,-2.48) mean=-11.95 p50=-12.00 p05=-12.00 p95=-12.00
  [diag] sat-dist hist bins=60 sat<0.05=0.0% mean=0.979 p10=0.978 p90=0.979
Iter 0000140: train nll 1.386, valid error 074.500%, best valid error 074.150%, avg grad norm   0.313, avg grad norm (post clip)   0.211, rho_Whh  0.94, Omega  0.01, alpha  2.000, steps in the past 0.009, valid nll 1.386
  [diag] log10|dL/dh_t| hist bins=60 range=(-12.00,-2.48) mean=-11.95 p50=-12.00 p05=-12.00 p95=-12.00
  [diag] sat-dist hist bins=60 sat<0.05=0.0% mean=0.978 p10=0.977 p90=0.978
Iter 0000160: train nll 1.386, valid error 074.500%, best valid error 074.150%, avg grad norm   0.252, avg grad norm (post clip)   0.209, rho_Whh  0.94, Omega  0.00, alpha  2.000, steps in the past 0.009, valid nll 1.386
  [diag] log10|dL/dh_t| hist bins=60 range=(-12.00,-2.48) mean=-11.95 p50=-12.00 p05=-12.00 p95=-12.00
  [diag] sat-dist hist bins=60 sat<0.05=0.0% mean=0.977 p10=0.976 p90=0.977
Iter 0000180: train nll 1.386, valid error 074.500%, best valid error 074.150%, avg grad norm   0.225, avg grad norm (post clip)   0.194, rho_Whh  0.94, Omega  0.00, alpha  2.000, steps in the past 0.010, valid nll 1.386
  [diag] log10|dL/dh_t| hist bins=60 range=(-12.00,-2.48) mean=-11.95 p50=-12.00 p05=-12.00 p95=-12.00
  [diag] sat-dist hist bins=60 sat<0.05=0.0% mean=0.976 p10=0.975 p90=0.977
Iter 0000200: train nll 1.386, valid error 074.500%, best valid error 074.150%, avg grad norm   0.204, avg grad norm (post clip)   0.182, rho_Whh  0.94, Omega  0.00, alpha  2.000, steps in the past 0.009, valid nll 1.386
  [diag] log10|dL/dh_t| hist bins=60 range=(-12.00,-2.48) mean=-11.95 p50=-12.00 p05=-12.00 p95=-12.00
  [diag] sat-dist hist bins=60 sat<0.05=0.0% mean=0.976 p10=0.975 p90=0.977
Iter 0000220: train nll 1.386, valid error 074.500%, best valid error 074.150%, avg grad norm   0.188, avg grad norm (post clip)   0.175, rho_Whh  0.94, Omega  0.00, alpha  2.000, steps in the past 0.010, valid nll 1.386
  [diag] log10|dL/dh_t| hist bins=60 range=(-12.00,-2.48) mean=-11.95 p50=-12.00 p05=-12.00 p95=-12.00
  [diag] sat-dist hist bins=60 sat<0.05=0.0% mean=0.977 p10=0.976 p90=0.977
Iter 0000240: train nll 1.387, valid error 074.500%, best valid error 074.150%, avg grad norm   0.195, avg grad norm (post clip)   0.184, rho_Whh  0.94, Omega  0.00, alpha  2.000, steps in the past 0.010, valid nll 1.386
  [diag] log10|dL/dh_t| hist bins=60 range=(-12.00,-2.48) mean=-11.95 p50=-12.00 p05=-12.00 p95=-12.00
  [diag] sat-dist hist bins=60 sat<0.05=0.0% mean=0.977 p10=0.976 p90=0.977
Iter 0000260: train nll 1.386, valid error 074.500%, best valid error 074.150%, avg grad norm   0.213, avg grad norm (post clip)   0.177, rho_Whh  0.94, Omega  0.00, alpha  2.000, steps in the past 0.011, valid nll 1.386
  [diag] log10|dL/dh_t| hist bins=60 range=(-12.00,-2.48) mean=-11.95 p50=-12.00 p05=-12.00 p95=-12.00
  [diag] sat-dist hist bins=60 sat<0.05=0.0% mean=0.979 p10=0.978 p90=0.979
Iter 0000280: train nll 1.387, valid error 074.500%, best valid error 074.150%, avg grad norm   0.190, avg grad norm (post clip)   0.181, rho_Whh  0.94, Omega  0.00, alpha  2.000, steps in the past 0.010, valid nll 1.386
  [diag] log10|dL/dh_t| hist bins=60 range=(-12.00,-2.47) mean=-11.95 p50=-12.00 p05=-12.00 p95=-12.00
  [diag] sat-dist hist bins=60 sat<0.05=0.0% mean=0.976 p10=0.975 p90=0.976
Iter 0000300: train nll 1.385, valid error 074.500%, best valid error 074.150%, avg grad norm   0.183, avg grad norm (post clip)   0.168, rho_Whh  0.94, Omega  0.00, alpha  2.000, steps in the past 0.009, valid nll 1.386
  [diag] log10|dL/dh_t| hist bins=60 range=(-12.00,-2.48) mean=-11.95 p50=-12.00 p05=-12.00 p95=-12.00
  [diag] sat-dist hist bins=60 sat<0.05=0.0% mean=0.979 p10=0.978 p90=0.979
Iter 0000320: train nll 1.387, valid error 074.500%, best valid error 074.150%, avg grad norm   0.185, avg grad norm (post clip)   0.163, rho_Whh  0.94, Omega  0.00, alpha  2.000, steps in the past 0.012, valid nll 1.386
  [diag] log10|dL/dh_t| hist bins=60 range=(-12.00,-2.48) mean=-11.95 p50=-12.00 p05=-12.00 p95=-12.00
  [diag] sat-dist hist bins=60 sat<0.05=0.0% mean=0.979 p10=0.978 p90=0.979
Iter 0000340: train nll 1.387, valid error 074.500%, best valid error 074.150%, avg grad norm   0.193, avg grad norm (post clip)   0.175, rho_Whh  0.94, Omega  0.00, alpha  2.000, steps in the past 0.009, valid nll 1.386
  [diag] log10|dL/dh_t| hist bins=60 range=(-12.00,-2.48) mean=-11.95 p50=-12.00 p05=-12.00 p95=-12.00
  [diag] sat-dist hist bins=60 sat<0.05=0.0% mean=0.979 p10=0.979 p90=0.980
Iter 0000360: train nll 1.386, valid error 074.500%, best valid error 074.150%, avg grad norm   0.185, avg grad norm (post clip)   0.169, rho_Whh  0.94, Omega  0.00, alpha  2.000, steps in the past 0.009, valid nll 1.386
  [diag] log10|dL/dh_t| hist bins=60 range=(-12.00,-2.48) mean=-11.95 p50=-12.00 p05=-12.00 p95=-12.00
  [diag] sat-dist hist bins=60 sat<0.05=0.0% mean=0.981 p10=0.980 p90=0.981
Iter 0000380: train nll 1.387, valid error 074.500%, best valid error 074.150%, avg grad norm   0.190, avg grad norm (post clip)   0.160, rho_Whh  0.94, Omega  0.00, alpha  2.000, steps in the past 0.009, valid nll 1.386
  [diag] log10|dL/dh_t| hist bins=60 range=(-12.00,-2.48) mean=-11.95 p50=-12.00 p05=-12.00 p95=-12.00
  [diag] sat-dist hist bins=60 sat<0.05=0.0% mean=0.981 p10=0.980 p90=0.981
Iter 0000400: train nll 1.386, valid error 074.500%, best valid error 074.150%, avg grad norm   0.191, avg grad norm (post clip)   0.173, rho_Whh  0.94, Omega  0.00, alpha  2.000, steps in the past 0.009, valid nll 1.386
  [diag] log10|dL/dh_t| hist bins=60 range=(-12.00,-2.48) mean=-11.95 p50=-12.00 p05=-12.00 p95=-12.00
  [diag] sat-dist hist bins=60 sat<0.05=0.0% mean=0.982 p10=0.982 p90=0.983
Iter 0000420: train nll 1.387, valid error 074.500%, best valid error 074.150%, avg grad norm   0.191, avg grad norm (post clip)   0.171, rho_Whh  0.94, Omega  0.00, alpha  2.000, steps in the past 0.009, valid nll 1.386
  [diag] log10|dL/dh_t| hist bins=60 range=(-12.00,-2.48) mean=-11.95 p50=-12.00 p05=-12.00 p95=-12.00
  [diag] sat-dist hist bins=60 sat<0.05=0.0% mean=0.981 p10=0.981 p90=0.982
Iter 0000440: train nll 1.387, valid error 074.500%, best valid error 074.150%, avg grad norm   0.225, avg grad norm (post clip)   0.187, rho_Whh  0.94, Omega  0.00, alpha  2.000, steps in the past 0.010, valid nll 1.386
  [diag] log10|dL/dh_t| hist bins=60 range=(-12.00,-2.48) mean=-11.95 p50=-12.00 p05=-12.00 p95=-12.00
  [diag] sat-dist hist bins=60 sat<0.05=0.0% mean=0.982 p10=0.981 p90=0.982
Iter 0000460: train nll 1.386, valid error 074.500%, best valid error 074.150%, avg grad norm   0.192, avg grad norm (post clip)   0.182, rho_Whh  0.94, Omega  0.00, alpha  2.000, steps in the past 0.011, valid nll 1.386
  [diag] log10|dL/dh_t| hist bins=60 range=(-12.00,-2.48) mean=-11.95 p50=-12.00 p05=-12.00 p95=-12.00
  [diag] sat-dist hist bins=60 sat<0.05=0.0% mean=0.983 p10=0.982 p90=0.983
Iter 0000480: train nll 1.386, valid error 074.500%, best valid error 074.150%, avg grad norm   0.197, avg grad norm (post clip)   0.173, rho_Whh  0.94, Omega  0.00, alpha  2.000, steps in the past 0.009, valid nll 1.386
  [diag] log10|dL/dh_t| hist bins=60 range=(-12.00,-2.48) mean=-11.95 p50=-12.00 p05=-12.00 p95=-12.00
  [diag] sat-dist hist bins=60 sat<0.05=0.0% mean=0.984 p10=0.983 p90=0.984
Iter 0000500: train nll 1.386, valid error 075.500%, best valid error 074.150%, avg grad norm   0.177, avg grad norm (post clip)   0.165, rho_Whh  0.94, Omega  0.00, alpha  2.000, steps in the past 0.009, valid nll 1.386
  [diag] log10|dL/dh_t| hist bins=60 range=(-12.00,-2.48) mean=-11.95 p50=-12.00 p05=-12.00 p95=-12.00
  [diag] sat-dist hist bins=60 sat<0.05=0.0% mean=0.984 p10=0.983 p90=0.985
Iter 0000520: train nll 1.386, valid error 075.800%, best valid error 074.150%, avg grad norm   0.201, avg grad norm (post clip)   0.182, rho_Whh  0.94, Omega  0.00, alpha  2.000, steps in the past 0.009, valid nll 1.386
  [diag] log10|dL/dh_t| hist bins=60 range=(-12.00,-2.48) mean=-11.95 p50=-12.00 p05=-12.00 p95=-12.00
  [diag] sat-dist hist bins=60 sat<0.05=0.0% mean=0.984 p10=0.983 p90=0.984
Iter 0000540: train nll 1.385, valid error 075.800%, best valid error 074.150%, avg grad norm   0.191, avg grad norm (post clip)   0.179, rho_Whh  0.94, Omega  0.00, alpha  2.000, steps in the past 0.010, valid nll 1.386
  [diag] log10|dL/dh_t| hist bins=60 range=(-12.00,-2.48) mean=-11.95 p50=-12.00 p05=-12.00 p95=-12.00
  [diag] sat-dist hist bins=60 sat<0.05=0.0% mean=0.984 p10=0.983 p90=0.985
Iter 0000560: train nll 1.386, valid error 075.850%, best valid error 074.150%, avg grad norm   0.208, avg grad norm (post clip)   0.177, rho_Whh  0.94, Omega  0.00, alpha  2.000, steps in the past 0.009, valid nll 1.386
  [diag] log10|dL/dh_t| hist bins=60 range=(-12.00,-2.48) mean=-11.95 p50=-12.00 p05=-12.00 p95=-12.00
  [diag] sat-dist hist bins=60 sat<0.05=0.0% mean=0.983 p10=0.982 p90=0.984
Iter 0000580: train nll 1.385, valid error 074.500%, best valid error 074.150%, avg grad norm   0.201, avg grad norm (post clip)   0.178, rho_Whh  0.94, Omega  0.00, alpha  2.000, steps in the past 0.008, valid nll 1.386
  [diag] log10|dL/dh_t| hist bins=60 range=(-12.00,-2.48) mean=-11.95 p50=-12.00 p05=-12.00 p95=-12.00
  [diag] sat-dist hist bins=60 sat<0.05=0.0% mean=0.984 p10=0.983 p90=0.985
Iter 0000600: train nll 1.387, valid error 074.650%, best valid error 074.150%, avg grad norm   0.165, avg grad norm (post clip)   0.162, rho_Whh  0.94, Omega  0.00, alpha  2.000, steps in the past 0.008, valid nll 1.386
  [diag] log10|dL/dh_t| hist bins=60 range=(-12.00,-2.48) mean=-11.95 p50=-12.00 p05=-12.00 p95=-12.00
  [diag] sat-dist hist bins=60 sat<0.05=0.0% mean=0.984 p10=0.983 p90=0.984
Iter 0000620: train nll 1.387, valid error 075.500%, best valid error 074.150%, avg grad norm   0.196, avg grad norm (post clip)   0.180, rho_Whh  0.94, Omega  0.00, alpha  2.000, steps in the past 0.009, valid nll 1.386
  [diag] log10|dL/dh_t| hist bins=60 range=(-12.00,-2.48) mean=-11.95 p50=-12.00 p05=-12.00 p95=-12.00
  [diag] sat-dist hist bins=60 sat<0.05=0.0% mean=0.984 p10=0.983 p90=0.984
Iter 0000640: train nll 1.385, valid error 074.550%, best valid error 074.150%, avg grad norm   0.179, avg grad norm (post clip)   0.172, rho_Whh  0.94, Omega  0.00, alpha  2.000, steps in the past 0.009, valid nll 1.386
  [diag] log10|dL/dh_t| hist bins=60 range=(-12.00,-2.48) mean=-11.95 p50=-12.00 p05=-12.00 p95=-12.00
  [diag] sat-dist hist bins=60 sat<0.05=0.0% mean=0.983 p10=0.982 p90=0.983
Iter 0000660: train nll 1.386, valid error 074.500%, best valid error 074.150%, avg grad norm   0.175, avg grad norm (post clip)   0.168, rho_Whh  0.94, Omega  0.00, alpha  2.000, steps in the past 0.010, valid nll 1.386
  [diag] log10|dL/dh_t| hist bins=60 range=(-12.00,-2.48) mean=-11.95 p50=-12.00 p05=-12.00 p95=-12.00
  [diag] sat-dist hist bins=60 sat<0.05=0.0% mean=0.982 p10=0.982 p90=0.983
Iter 0000680: train nll 1.387, valid error 074.500%, best valid error 074.150%, avg grad norm   0.163, avg grad norm (post clip)   0.158, rho_Whh  0.94, Omega  0.00, alpha  2.000, steps in the past 0.009, valid nll 1.386
  [diag] log10|dL/dh_t| hist bins=60 range=(-12.00,-2.48) mean=-11.95 p50=-12.00 p05=-12.00 p95=-12.00
  [diag] sat-dist hist bins=60 sat<0.05=0.0% mean=0.983 p10=0.982 p90=0.983
Iter 0000700: train nll 1.388, valid error 074.500%, best valid error 074.150%, avg grad norm   0.180, avg grad norm (post clip)   0.169, rho_Whh  0.94, Omega  0.00, alpha  2.000, steps in the past 0.009, valid nll 1.386
  [diag] log10|dL/dh_t| hist bins=60 range=(-12.00,-2.48) mean=-11.95 p50=-12.00 p05=-12.00 p95=-12.00
  [diag] sat-dist hist bins=60 sat<0.05=0.0% mean=0.984 p10=0.983 p90=0.984
Iter 0000720: train nll 1.386, valid error 074.450%, best valid error 074.150%, avg grad norm   0.238, avg grad norm (post clip)   0.196, rho_Whh  0.94, Omega  0.00, alpha  2.000, steps in the past 0.009, valid nll 1.386
  [diag] log10|dL/dh_t| hist bins=60 range=(-12.00,-2.48) mean=-11.95 p50=-12.00 p05=-12.00 p95=-12.00
  [diag] sat-dist hist bins=60 sat<0.05=0.0% mean=0.984 p10=0.983 p90=0.984
Iter 0000740: train nll 1.386, valid error 074.550%, best valid error 074.150%, avg grad norm   0.186, avg grad norm (post clip)   0.169, rho_Whh  0.94, Omega  0.00, alpha  2.000, steps in the past 0.009, valid nll 1.386
  [diag] log10|dL/dh_t| hist bins=60 range=(-12.00,-2.48) mean=-11.95 p50=-12.00 p05=-12.00 p95=-12.00
  [diag] sat-dist hist bins=60 sat<0.05=0.0% mean=0.984 p10=0.983 p90=0.985
Iter 0000760: train nll 1.386, valid error 074.000%, best valid error 074.150%, avg grad norm   0.170, avg grad norm (post clip)   0.174, rho_Whh  0.94, Omega  0.00, alpha  2.000, steps in the past 0.008, valid nll 1.386
  [diag] log10|dL/dh_t| hist bins=60 range=(-12.00,-2.48) mean=-11.95 p50=-12.00 p05=-12.00 p95=-12.00
  [diag] sat-dist hist bins=60 sat<0.05=0.0% mean=0.984 p10=0.983 p90=0.985
Iter 0000780: train nll 1.387, valid error 074.100%, best valid error 074.000%, avg grad norm   0.198, avg grad norm (post clip)   0.178, rho_Whh  0.94, Omega  0.00, alpha  2.000, steps in the past 0.010, valid nll 1.386
  [diag] log10|dL/dh_t| hist bins=60 range=(-12.00,-2.48) mean=-11.95 p50=-12.00 p05=-12.00 p95=-12.00
  [diag] sat-dist hist bins=60 sat<0.05=0.0% mean=0.984 p10=0.984 p90=0.985
Iter 0000800: train nll 1.386, valid error 075.350%, best valid error 074.000%, avg grad norm   0.198, avg grad norm (post clip)   0.177, rho_Whh  0.94, Omega  0.00, alpha  2.000, steps in the past 0.009, valid nll 1.386
  [diag] log10|dL/dh_t| hist bins=60 range=(-12.00,-2.48) mean=-11.95 p50=-12.00 p05=-12.00 p95=-12.00
  [diag] sat-dist hist bins=60 sat<0.05=0.0% mean=0.984 p10=0.984 p90=0.985
Iter 0000820: train nll 1.388, valid error 076.000%, best valid error 074.000%, avg grad norm   0.208, avg grad norm (post clip)   0.184, rho_Whh  0.94, Omega  0.00, alpha  2.000, steps in the past 0.009, valid nll 1.386
  [diag] log10|dL/dh_t| hist bins=60 range=(-12.00,-2.48) mean=-11.95 p50=-12.00 p05=-12.00 p95=-12.00
  [diag] sat-dist hist bins=60 sat<0.05=0.0% mean=0.985 p10=0.984 p90=0.985
Iter 0000840: train nll 1.386, valid error 075.650%, best valid error 074.000%, avg grad norm   0.143, avg grad norm (post clip)   0.138, rho_Whh  0.94, Omega  0.00, alpha  2.000, steps in the past 0.010, valid nll 1.386
  [diag] log10|dL/dh_t| hist bins=60 range=(-12.00,-2.48) mean=-11.95 p50=-12.00 p05=-12.00 p95=-12.00
  [diag] sat-dist hist bins=60 sat<0.05=0.0% mean=0.985 p10=0.984 p90=0.986
Iter 0000860: train nll 1.387, valid error 076.200%, best valid error 074.000%, avg grad norm   0.190, avg grad norm (post clip)   0.169, rho_Whh  0.94, Omega  0.00, alpha  2.000, steps in the past 0.009, valid nll 1.386
  [diag] log10|dL/dh_t| hist bins=60 range=(-12.00,-2.48) mean=-11.95 p50=-12.00 p05=-12.00 p95=-12.00
  [diag] sat-dist hist bins=60 sat<0.05=0.0% mean=0.985 p10=0.984 p90=0.986
Iter 0000880: train nll 1.386, valid error 075.950%, best valid error 074.000%, avg grad norm   0.158, avg grad norm (post clip)   0.157, rho_Whh  0.94, Omega  0.00, alpha  2.000, steps in the past 0.009, valid nll 1.386
  [diag] log10|dL/dh_t| hist bins=60 range=(-12.00,-2.48) mean=-11.95 p50=-12.00 p05=-12.00 p95=-12.00
  [diag] sat-dist hist bins=60 sat<0.05=0.0% mean=0.985 p10=0.985 p90=0.986
Iter 0000900: train nll 1.387, valid error 075.950%, best valid error 074.000%, avg grad norm   0.176, avg grad norm (post clip)   0.166, rho_Whh  0.94, Omega  0.00, alpha  2.000, steps in the past 0.009, valid nll 1.387
  [diag] log10|dL/dh_t| hist bins=60 range=(-12.00,-2.48) mean=-11.95 p50=-12.00 p05=-12.00 p95=-12.00
  [diag] sat-dist hist bins=60 sat<0.05=0.0% mean=0.985 p10=0.984 p90=0.986
Iter 0000920: train nll 1.388, valid error 075.950%, best valid error 074.000%, avg grad norm   0.171, avg grad norm (post clip)   0.170, rho_Whh  0.94, Omega  0.00, alpha  2.000, steps in the past 0.008, valid nll 1.386
  [diag] log10|dL/dh_t| hist bins=60 range=(-12.00,-2.48) mean=-11.95 p50=-12.00 p05=-12.00 p95=-12.00
  [diag] sat-dist hist bins=60 sat<0.05=0.0% mean=0.985 p10=0.984 p90=0.986
Iter 0000940: train nll 1.387, valid error 075.950%, best valid error 074.000%, avg grad norm   0.186, avg grad norm (post clip)   0.167, rho_Whh  0.94, Omega  0.00, alpha  2.000, steps in the past 0.008, valid nll 1.386
  [diag] log10|dL/dh_t| hist bins=60 range=(-12.00,-2.48) mean=-11.95 p50=-12.00 p05=-12.00 p95=-12.00
  [diag] sat-dist hist bins=60 sat<0.05=0.0% mean=0.985 p10=0.984 p90=0.986
Iter 0000960: train nll 1.386, valid error 075.950%, best valid error 074.000%, avg grad norm   0.175, avg grad norm (post clip)   0.168, rho_Whh  0.94, Omega  0.00, alpha  2.000, steps in the past 0.009, valid nll 1.387
  [diag] log10|dL/dh_t| hist bins=60 range=(-12.00,-2.48) mean=-11.95 p50=-12.00 p05=-12.00 p95=-12.00
  [diag] sat-dist hist bins=60 sat<0.05=0.0% mean=0.985 p10=0.984 p90=0.986
Iter 0000980: train nll 1.387, valid error 075.950%, best valid error 074.000%, avg grad norm   0.197, avg grad norm (post clip)   0.171, rho_Whh  0.94, Omega  0.00, alpha  2.000, steps in the past 0.010, valid nll 1.387
  [diag] log10|dL/dh_t| hist bins=60 range=(-12.00,-2.48) mean=-11.95 p50=-12.00 p05=-12.00 p95=-12.00
  [diag] sat-dist hist bins=60 sat<0.05=0.0% mean=0.985 p10=0.985 p90=0.986
Iter 0001000: train nll 1.386, valid error 075.950%, best valid error 074.000%, avg grad norm   0.171, avg grad norm (post clip)   0.162, rho_Whh  0.94, Omega  0.00, alpha  2.000, steps in the past 0.010, valid nll 1.387
  [diag] log10|dL/dh_t| hist bins=60 range=(-12.00,-2.48) mean=-11.95 p50=-12.00 p05=-12.00 p95=-12.00
  [diag] sat-dist hist bins=60 sat<0.05=0.0% mean=0.985 p10=0.984 p90=0.985
Iter 0001020: train nll 1.387, valid error 075.950%, best valid error 074.000%, avg grad norm   0.216, avg grad norm (post clip)   0.187, rho_Whh  0.94, Omega  0.00, alpha  2.000, steps in the past 0.009, valid nll 1.387
  [diag] log10|dL/dh_t| hist bins=60 range=(-12.00,-2.48) mean=-11.95 p50=-12.00 p05=-12.00 p95=-12.00
  [diag] sat-dist hist bins=60 sat<0.05=0.0% mean=0.985 p10=0.984 p90=0.985
Iter 0001040: train nll 1.386, valid error 075.950%, best valid error 074.000%, avg grad norm   0.178, avg grad norm (post clip)   0.170, rho_Whh  0.94, Omega  0.00, alpha  2.000, steps in the past 0.009, valid nll 1.387
  [diag] log10|dL/dh_t| hist bins=60 range=(-12.00,-2.48) mean=-11.95 p50=-12.00 p05=-12.00 p95=-12.00
  [diag] sat-dist hist bins=60 sat<0.05=0.0% mean=0.985 p10=0.985 p90=0.986
Iter 0001060: train nll 1.386, valid error 075.950%, best valid error 074.000%, avg grad norm   0.169, avg grad norm (post clip)   0.169, rho_Whh  0.94, Omega  0.00, alpha  2.000, steps in the past 0.010, valid nll 1.387
  [diag] log10|dL/dh_t| hist bins=60 range=(-12.00,-2.48) mean=-11.95 p50=-12.00 p05=-12.00 p95=-12.00
  [diag] sat-dist hist bins=60 sat<0.05=0.0% mean=0.985 p10=0.985 p90=0.986
Iter 0001080: train nll 1.386, valid error 075.950%, best valid error 074.000%, avg grad norm   0.197, avg grad norm (post clip)   0.177, rho_Whh  0.94, Omega  0.00, alpha  2.000, steps in the past 0.010, valid nll 1.387
  [diag] log10|dL/dh_t| hist bins=60 range=(-12.00,-2.48) mean=-11.95 p50=-12.00 p05=-12.00 p95=-12.00
  [diag] sat-dist hist bins=60 sat<0.05=0.0% mean=0.985 p10=0.985 p90=0.986
Iter 0001100: train nll 1.387, valid error 075.950%, best valid error 074.000%, avg grad norm   0.216, avg grad norm (post clip)   0.194, rho_Whh  0.94, Omega  0.00, alpha  2.000, steps in the past 0.010, valid nll 1.387
  [diag] log10|dL/dh_t| hist bins=60 range=(-12.00,-2.48) mean=-11.95 p50=-12.00 p05=-12.00 p95=-12.00
  [diag] sat-dist hist bins=60 sat<0.05=0.0% mean=0.985 p10=0.985 p90=0.986
Iter 0001120: train nll 1.387, valid error 075.950%, best valid error 074.000%, avg grad norm   0.184, avg grad norm (post clip)   0.171, rho_Whh  0.94, Omega  0.00, alpha  2.000, steps in the past 0.009, valid nll 1.386
  [diag] log10|dL/dh_t| hist bins=60 range=(-12.00,-2.48) mean=-11.95 p50=-12.00 p05=-12.00 p95=-12.00
  [diag] sat-dist hist bins=60 sat<0.05=0.0% mean=0.985 p10=0.985 p90=0.986
Iter 0001140: train nll 1.386, valid error 075.950%, best valid error 074.000%, avg grad norm   0.193, avg grad norm (post clip)   0.176, rho_Whh  0.94, Omega  0.00, alpha  2.000, steps in the past 0.011, valid nll 1.387
  [diag] log10|dL/dh_t| hist bins=60 range=(-12.00,-2.48) mean=-11.95 p50=-12.00 p05=-12.00 p95=-12.00
  [diag] sat-dist hist bins=60 sat<0.05=0.0% mean=0.985 p10=0.985 p90=0.986
Iter 0001160: train nll 1.387, valid error 075.950%, best valid error 074.000%, avg grad norm   0.193, avg grad norm (post clip)   0.179, rho_Whh  0.94, Omega  0.00, alpha  2.000, steps in the past 0.008, valid nll 1.387
  [diag] log10|dL/dh_t| hist bins=60 range=(-12.00,-2.48) mean=-11.95 p50=-12.00 p05=-12.00 p95=-12.00
  [diag] sat-dist hist bins=60 sat<0.05=0.0% mean=0.985 p10=0.985 p90=0.986
Iter 0001180: train nll 1.386, valid error 075.950%, best valid error 074.000%, avg grad norm   0.198, avg grad norm (post clip)   0.170, rho_Whh  0.94, Omega  0.00, alpha  2.000, steps in the past 0.009, valid nll 1.387
  [diag] log10|dL/dh_t| hist bins=60 range=(-12.00,-2.48) mean=-11.95 p50=-12.00 p05=-12.00 p95=-12.00
  [diag] sat-dist hist bins=60 sat<0.05=0.0% mean=0.985 p10=0.985 p90=0.986
Iter 0001200: train nll 1.386, valid error 075.950%, best valid error 074.000%, avg grad norm   0.161, avg grad norm (post clip)   0.158, rho_Whh  0.94, Omega  0.00, alpha  2.000, steps in the past 0.009, valid nll 1.387
  [diag] log10|dL/dh_t| hist bins=60 range=(-12.00,-2.48) mean=-11.95 p50=-12.00 p05=-12.00 p95=-12.00
  [diag] sat-dist hist bins=60 sat<0.05=0.0% mean=0.985 p10=0.985 p90=0.986
Iter 0001220: train nll 1.386, valid error 075.950%, best valid error 074.000%, avg grad norm   0.160, avg grad norm (post clip)   0.156, rho_Whh  0.94, Omega  0.00, alpha  2.000, steps in the past 0.008, valid nll 1.387
  [diag] log10|dL/dh_t| hist bins=60 range=(-12.00,-2.48) mean=-11.95 p50=-12.00 p05=-12.00 p95=-12.00
  [diag] sat-dist hist bins=60 sat<0.05=0.0% mean=0.985 p10=0.984 p90=0.986
Iter 0001240: train nll 1.387, valid error 075.950%, best valid error 074.000%, avg grad norm   0.207, avg grad norm (post clip)   0.184, rho_Whh  0.94, Omega  0.00, alpha  2.000, steps in the past 0.009, valid nll 1.387
  [diag] log10|dL/dh_t| hist bins=60 range=(-12.00,-2.48) mean=-11.95 p50=-12.00 p05=-12.00 p95=-12.00
  [diag] sat-dist hist bins=60 sat<0.05=0.0% mean=0.985 p10=0.984 p90=0.986
Iter 0001260: train nll 1.387, valid error 075.950%, best valid error 074.000%, avg grad norm   0.181, avg grad norm (post clip)   0.174, rho_Whh  0.94, Omega  0.00, alpha  2.000, steps in the past 0.009, valid nll 1.387
  [diag] log10|dL/dh_t| hist bins=60 range=(-12.00,-2.48) mean=-11.95 p50=-12.00 p05=-12.00 p95=-12.00
  [diag] sat-dist hist bins=60 sat<0.05=0.0% mean=0.985 p10=0.984 p90=0.986
Iter 0001280: train nll 1.386, valid error 075.950%, best valid error 074.000%, avg grad norm   0.198, avg grad norm (post clip)   0.176, rho_Whh  0.94, Omega  0.00, alpha  2.000, steps in the past 0.008, valid nll 1.387
  [diag] log10|dL/dh_t| hist bins=60 range=(-12.00,-2.48) mean=-11.95 p50=-12.00 p05=-12.00 p95=-12.00
  [diag] sat-dist hist bins=60 sat<0.05=0.0% mean=0.985 p10=0.984 p90=0.986
Iter 0001300: train nll 1.386, valid error 075.950%, best valid error 074.000%, avg grad norm   0.200, avg grad norm (post clip)   0.184, rho_Whh  0.94, Omega  0.00, alpha  2.000, steps in the past 0.010, valid nll 1.387
  [diag] log10|dL/dh_t| hist bins=60 range=(-12.00,-2.48) mean=-11.95 p50=-12.00 p05=-12.00 p95=-12.00
  [diag] sat-dist hist bins=60 sat<0.05=0.0% mean=0.985 p10=0.985 p90=0.986
Iter 0001320: train nll 1.386, valid error 076.000%, best valid error 074.000%, avg grad norm   0.180, avg grad norm (post clip)   0.171, rho_Whh  0.94, Omega  0.00, alpha  2.000, steps in the past 0.008, valid nll 1.387
  [diag] log10|dL/dh_t| hist bins=60 range=(-12.00,-2.48) mean=-11.95 p50=-12.00 p05=-12.00 p95=-12.00
  [diag] sat-dist hist bins=60 sat<0.05=0.0% mean=0.985 p10=0.985 p90=0.986
Iter 0001340: train nll 1.385, valid error 075.950%, best valid error 074.000%, avg grad norm   0.169, avg grad norm (post clip)   0.167, rho_Whh  0.94, Omega  0.00, alpha  2.000, steps in the past 0.010, valid nll 1.387
  [diag] log10|dL/dh_t| hist bins=60 range=(-12.00,-2.48) mean=-11.95 p50=-12.00 p05=-12.00 p95=-12.00
  [diag] sat-dist hist bins=60 sat<0.05=0.0% mean=0.985 p10=0.985 p90=0.986
Iter 0001360: train nll 1.386, valid error 075.950%, best valid error 074.000%, avg grad norm   0.181, avg grad norm (post clip)   0.162, rho_Whh  0.94, Omega  0.00, alpha  2.000, steps in the past 0.009, valid nll 1.387
  [diag] log10|dL/dh_t| hist bins=60 range=(-12.00,-2.48) mean=-11.95 p50=-12.00 p05=-12.00 p95=-12.00
  [diag] sat-dist hist bins=60 sat<0.05=0.0% mean=0.985 p10=0.985 p90=0.986
Iter 0001380: train nll 1.386, valid error 075.950%, best valid error 074.000%, avg grad norm   0.172, avg grad norm (post clip)   0.167, rho_Whh  0.94, Omega  0.00, alpha  2.000, steps in the past 0.010, valid nll 1.387
  [diag] log10|dL/dh_t| hist bins=60 range=(-12.00,-2.48) mean=-11.95 p50=-12.00 p05=-12.00 p95=-12.00
  [diag] sat-dist hist bins=60 sat<0.05=0.0% mean=0.985 p10=0.985 p90=0.986
Iter 0001400: train nll 1.386, valid error 075.950%, best valid error 074.000%, avg grad norm   0.181, avg grad norm (post clip)   0.153, rho_Whh  0.94, Omega  0.00, alpha  2.000, steps in the past 0.010, valid nll 1.387
  [diag] log10|dL/dh_t| hist bins=60 range=(-12.00,-2.48) mean=-11.95 p50=-12.00 p05=-12.00 p95=-12.00
  [diag] sat-dist hist bins=60 sat<0.05=0.0% mean=0.985 p10=0.984 p90=0.986
Iter 0001420: train nll 1.387, valid error 075.950%, best valid error 074.000%, avg grad norm   0.182, avg grad norm (post clip)   0.172, rho_Whh  0.94, Omega  0.00, alpha  2.000, steps in the past 0.009, valid nll 1.387
  [diag] log10|dL/dh_t| hist bins=60 range=(-12.00,-2.48) mean=-11.95 p50=-12.00 p05=-12.00 p95=-12.00
  [diag] sat-dist hist bins=60 sat<0.05=0.0% mean=0.985 p10=0.985 p90=0.986
Iter 0001440: train nll 1.387, valid error 075.950%, best valid error 074.000%, avg grad norm   0.173, avg grad norm (post clip)   0.162, rho_Whh  0.94, Omega  0.00, alpha  2.000, steps in the past 0.010, valid nll 1.387
  [diag] log10|dL/dh_t| hist bins=60 range=(-12.00,-2.48) mean=-11.95 p50=-12.00 p05=-12.00 p95=-12.00
  [diag] sat-dist hist bins=60 sat<0.05=0.0% mean=0.985 p10=0.985 p90=0.986
Iter 0001460: train nll 1.386, valid error 075.950%, best valid error 074.000%, avg grad norm   0.189, avg grad norm (post clip)   0.175, rho_Whh  0.94, Omega  0.00, alpha  2.000, steps in the past 0.010, valid nll 1.387
  [diag] log10|dL/dh_t| hist bins=60 range=(-12.00,-2.48) mean=-11.95 p50=-12.00 p05=-12.00 p95=-12.00
  [diag] sat-dist hist bins=60 sat<0.05=0.0% mean=0.985 p10=0.985 p90=0.986
Iter 0001480: train nll 1.387, valid error 075.950%, best valid error 074.000%, avg grad norm   0.221, avg grad norm (post clip)   0.182, rho_Whh  0.94, Omega  0.00, alpha  2.000, steps in the past 0.008, valid nll 1.387
  [diag] log10|dL/dh_t| hist bins=60 range=(-12.00,-2.48) mean=-11.95 p50=-12.00 p05=-12.00 p95=-12.00
  [diag] sat-dist hist bins=60 sat<0.05=0.0% mean=0.985 p10=0.985 p90=0.986
Iter 0001500: train nll 1.387, valid error 075.950%, best valid error 074.000%, avg grad norm   0.165, avg grad norm (post clip)   0.162, rho_Whh  0.94, Omega  0.00, alpha  2.000, steps in the past 0.010, valid nll 1.387
  [diag] log10|dL/dh_t| hist bins=60 range=(-12.00,-2.48) mean=-11.95 p50=-12.00 p05=-12.00 p95=-12.00
  [diag] sat-dist hist bins=60 sat<0.05=0.0% mean=0.985 p10=0.985 p90=0.986
Iter 0001520: train nll 1.386, valid error 075.950%, best valid error 074.000%, avg grad norm   0.177, avg grad norm (post clip)   0.163, rho_Whh  0.94, Omega  0.00, alpha  2.000, steps in the past 0.010, valid nll 1.387
  [diag] log10|dL/dh_t| hist bins=60 range=(-12.00,-2.48) mean=-11.95 p50=-12.00 p05=-12.00 p95=-12.00
  [diag] sat-dist hist bins=60 sat<0.05=0.0% mean=0.985 p10=0.984 p90=0.986
Iter 0001540: train nll 1.386, valid error 075.950%, best valid error 074.000%, avg grad norm   0.196, avg grad norm (post clip)   0.178, rho_Whh  0.94, Omega  0.00, alpha  2.000, steps in the past 0.009, valid nll 1.387
  [diag] log10|dL/dh_t| hist bins=60 range=(-12.00,-2.48) mean=-11.95 p50=-12.00 p05=-12.00 p95=-12.00
  [diag] sat-dist hist bins=60 sat<0.05=0.0% mean=0.985 p10=0.984 p90=0.986
Iter 0001560: train nll 1.387, valid error 075.950%, best valid error 074.000%, avg grad norm   0.225, avg grad norm (post clip)   0.194, rho_Whh  0.94, Omega  0.00, alpha  2.000, steps in the past 0.010, valid nll 1.387
  [diag] log10|dL/dh_t| hist bins=60 range=(-12.00,-2.48) mean=-11.95 p50=-12.00 p05=-12.00 p95=-12.00
  [diag] sat-dist hist bins=60 sat<0.05=0.0% mean=0.985 p10=0.984 p90=0.986
Iter 0001580: train nll 1.386, valid error 075.950%, best valid error 074.000%, avg grad norm   0.178, avg grad norm (post clip)   0.166, rho_Whh  0.94, Omega  0.00, alpha  2.000, steps in the past 0.010, valid nll 1.386
  [diag] log10|dL/dh_t| hist bins=60 range=(-12.00,-2.48) mean=-11.95 p50=-12.00 p05=-12.00 p95=-12.00
  [diag] sat-dist hist bins=60 sat<0.05=0.0% mean=0.985 p10=0.985 p90=0.986
Iter 0001600: train nll 1.387, valid error 075.950%, best valid error 074.000%, avg grad norm   0.203, avg grad norm (post clip)   0.175, rho_Whh  0.94, Omega  0.00, alpha  2.000, steps in the past 0.009, valid nll 1.386
  [diag] log10|dL/dh_t| hist bins=60 range=(-12.00,-2.48) mean=-11.95 p50=-12.00 p05=-12.00 p95=-12.00
  [diag] sat-dist hist bins=60 sat<0.05=0.0% mean=0.985 p10=0.984 p90=0.986
Iter 0001620: train nll 1.385, valid error 075.850%, best valid error 074.000%, avg grad norm   0.183, avg grad norm (post clip)   0.168, rho_Whh  0.94, Omega  0.00, alpha  2.000, steps in the past 0.008, valid nll 1.387
  [diag] log10|dL/dh_t| hist bins=60 range=(-12.00,-2.48) mean=-11.95 p50=-12.00 p05=-12.00 p95=-12.00
  [diag] sat-dist hist bins=60 sat<0.05=0.0% mean=0.985 p10=0.984 p90=0.986
Iter 0001640: train nll 1.386, valid error 075.950%, best valid error 074.000%, avg grad norm   0.181, avg grad norm (post clip)   0.176, rho_Whh  0.94, Omega  0.00, alpha  2.000, steps in the past 0.009, valid nll 1.387
  [diag] log10|dL/dh_t| hist bins=60 range=(-12.00,-2.48) mean=-11.95 p50=-12.00 p05=-12.00 p95=-12.00
  [diag] sat-dist hist bins=60 sat<0.05=0.0% mean=0.985 p10=0.984 p90=0.986
Iter 0001660: train nll 1.387, valid error 075.950%, best valid error 074.000%, avg grad norm   0.200, avg grad norm (post clip)   0.178, rho_Whh  0.94, Omega  0.00, alpha  2.000, steps in the past 0.009, valid nll 1.387
  [diag] log10|dL/dh_t| hist bins=60 range=(-12.00,-2.48) mean=-11.95 p50=-12.00 p05=-12.00 p95=-12.00
  [diag] sat-dist hist bins=60 sat<0.05=0.0% mean=0.985 p10=0.984 p90=0.986
Iter 0001680: train nll 1.387, valid error 075.950%, best valid error 074.000%, avg grad norm   0.174, avg grad norm (post clip)   0.164, rho_Whh  0.94, Omega  0.00, alpha  2.000, steps in the past 0.008, valid nll 1.386
  [diag] log10|dL/dh_t| hist bins=60 range=(-12.00,-2.48) mean=-11.95 p50=-12.00 p05=-12.00 p95=-12.00
  [diag] sat-dist hist bins=60 sat<0.05=0.0% mean=0.985 p10=0.984 p90=0.986
Iter 0001700: train nll 1.386, valid error 075.850%, best valid error 074.000%, avg grad norm   0.158, avg grad norm (post clip)   0.154, rho_Whh  0.94, Omega  0.00, alpha  2.000, steps in the past 0.007, valid nll 1.386
  [diag] log10|dL/dh_t| hist bins=60 range=(-12.00,-2.48) mean=-11.95 p50=-12.00 p05=-12.00 p95=-12.00
  [diag] sat-dist hist bins=60 sat<0.05=0.0% mean=0.985 p10=0.984 p90=0.986
Iter 0001720: train nll 1.387, valid error 075.500%, best valid error 074.000%, avg grad norm   0.200, avg grad norm (post clip)   0.178, rho_Whh  0.94, Omega  0.00, alpha  2.000, steps in the past 0.011, valid nll 1.386
  [diag] log10|dL/dh_t| hist bins=60 range=(-12.00,-2.48) mean=-11.95 p50=-12.00 p05=-12.00 p95=-12.00
  [diag] sat-dist hist bins=60 sat<0.05=0.0% mean=0.985 p10=0.984 p90=0.985
Iter 0001740: train nll 1.387, valid error 075.650%, best valid error 074.000%, avg grad norm   0.182, avg grad norm (post clip)   0.161, rho_Whh  0.94, Omega  0.00, alpha  2.000, steps in the past 0.009, valid nll 1.386
  [diag] log10|dL/dh_t| hist bins=60 range=(-12.00,-2.48) mean=-11.95 p50=-12.00 p05=-12.00 p95=-12.00
  [diag] sat-dist hist bins=60 sat<0.05=0.0% mean=0.984 p10=0.983 p90=0.985
Iter 0001760: train nll 1.386, valid error 075.000%, best valid error 074.000%, avg grad norm   0.187, avg grad norm (post clip)   0.175, rho_Whh  0.94, Omega  0.00, alpha  2.000, steps in the past 0.009, valid nll 1.386
  [diag] log10|dL/dh_t| hist bins=60 range=(-12.00,-2.48) mean=-11.95 p50=-12.00 p05=-12.00 p95=-12.00
  [diag] sat-dist hist bins=60 sat<0.05=0.0% mean=0.984 p10=0.983 p90=0.985
Iter 0001780: train nll 1.386, valid error 075.400%, best valid error 074.000%, avg grad norm   0.185, avg grad norm (post clip)   0.169, rho_Whh  0.94, Omega  0.00, alpha  2.000, steps in the past 0.009, valid nll 1.386
  [diag] log10|dL/dh_t| hist bins=60 range=(-12.00,-2.48) mean=-11.95 p50=-12.00 p05=-12.00 p95=-12.00
  [diag] sat-dist hist bins=60 sat<0.05=0.0% mean=0.984 p10=0.984 p90=0.985
Iter 0001800: train nll 1.386, valid error 075.650%, best valid error 074.000%, avg grad norm   0.152, avg grad norm (post clip)   0.150, rho_Whh  0.94, Omega  0.00, alpha  2.000, steps in the past 0.011, valid nll 1.386
  [diag] log10|dL/dh_t| hist bins=60 range=(-12.00,-2.48) mean=-11.95 p50=-12.00 p05=-12.00 p95=-12.00
  [diag] sat-dist hist bins=60 sat<0.05=0.0% mean=0.983 p10=0.982 p90=0.984
Iter 0001820: train nll 1.386, valid error 074.500%, best valid error 074.000%, avg grad norm   0.218, avg grad norm (post clip)   0.193, rho_Whh  0.94, Omega  0.00, alpha  2.000, steps in the past 0.009, valid nll 1.386
  [diag] log10|dL/dh_t| hist bins=60 range=(-12.00,-2.48) mean=-11.95 p50=-12.00 p05=-12.00 p95=-12.00
  [diag] sat-dist hist bins=60 sat<0.05=0.0% mean=0.983 p10=0.982 p90=0.983
Iter 0001840: train nll 1.386, valid error 074.500%, best valid error 074.000%, avg grad norm   0.178, avg grad norm (post clip)   0.162, rho_Whh  0.94, Omega  0.00, alpha  2.000, steps in the past 0.008, valid nll 1.386
  [diag] log10|dL/dh_t| hist bins=60 range=(-12.00,-2.48) mean=-11.95 p50=-12.00 p05=-12.00 p95=-12.00
  [diag] sat-dist hist bins=60 sat<0.05=0.0% mean=0.984 p10=0.983 p90=0.984
Iter 0001860: train nll 1.387, valid error 074.500%, best valid error 074.000%, avg grad norm   0.158, avg grad norm (post clip)   0.159, rho_Whh  0.94, Omega  0.00, alpha  2.000, steps in the past 0.008, valid nll 1.386
  [diag] log10|dL/dh_t| hist bins=60 range=(-12.00,-2.48) mean=-11.95 p50=-12.00 p05=-12.00 p95=-12.00
  [diag] sat-dist hist bins=60 sat<0.05=0.0% mean=0.984 p10=0.983 p90=0.985
Iter 0001880: train nll 1.387, valid error 074.500%, best valid error 074.000%, avg grad norm   0.173, avg grad norm (post clip)   0.168, rho_Whh  0.94, Omega  0.00, alpha  2.000, steps in the past 0.008, valid nll 1.386
  [diag] log10|dL/dh_t| hist bins=60 range=(-12.00,-2.48) mean=-11.95 p50=-12.00 p05=-12.00 p95=-12.00
  [diag] sat-dist hist bins=60 sat<0.05=0.0% mean=0.984 p10=0.983 p90=0.984
Iter 0001900: train nll 1.386, valid error 074.500%, best valid error 074.000%, avg grad norm   0.172, avg grad norm (post clip)   0.169, rho_Whh  0.94, Omega  0.00, alpha  2.000, steps in the past 0.009, valid nll 1.386
  [diag] log10|dL/dh_t| hist bins=60 range=(-12.00,-2.48) mean=-11.95 p50=-12.00 p05=-12.00 p95=-12.00
  [diag] sat-dist hist bins=60 sat<0.05=0.0% mean=0.983 p10=0.982 p90=0.983
Iter 0001920: train nll 1.385, valid error 074.500%, best valid error 074.000%, avg grad norm   0.181, avg grad norm (post clip)   0.167, rho_Whh  0.94, Omega  0.00, alpha  2.000, steps in the past 0.009, valid nll 1.386
  [diag] log10|dL/dh_t| hist bins=60 range=(-12.00,-2.48) mean=-11.95 p50=-12.00 p05=-12.00 p95=-12.00
  [diag] sat-dist hist bins=60 sat<0.05=0.0% mean=0.983 p10=0.982 p90=0.983
Iter 0001940: train nll 1.386, valid error 074.200%, best valid error 074.000%, avg grad norm   0.183, avg grad norm (post clip)   0.171, rho_Whh  0.94, Omega  0.00, alpha  2.000, steps in the past 0.009, valid nll 1.386
  [diag] log10|dL/dh_t| hist bins=60 range=(-12.00,-2.48) mean=-11.95 p50=-12.00 p05=-12.00 p95=-12.00
  [diag] sat-dist hist bins=60 sat<0.05=0.0% mean=0.983 p10=0.982 p90=0.983
Iter 0001960: train nll 1.387, valid error 074.650%, best valid error 074.000%, avg grad norm   0.187, avg grad norm (post clip)   0.176, rho_Whh  0.94, Omega  0.00, alpha  2.000, steps in the past 0.011, valid nll 1.386
  [diag] log10|dL/dh_t| hist bins=60 range=(-12.00,-2.48) mean=-11.95 p50=-12.00 p05=-12.00 p95=-12.00
  [diag] sat-dist hist bins=60 sat<0.05=0.0% mean=0.983 p10=0.982 p90=0.983
Iter 0001980: train nll 1.386, valid error 074.500%, best valid error 074.000%, avg grad norm   0.171, avg grad norm (post clip)   0.165, rho_Whh  0.94, Omega  0.00, alpha  2.000, steps in the past 0.009, valid nll 1.386
  [diag] log10|dL/dh_t| hist bins=60 range=(-12.00,-2.48) mean=-11.95 p50=-12.00 p05=-12.00 p95=-12.00
  [diag] sat-dist hist bins=60 sat<0.05=0.0% mean=0.983 p10=0.982 p90=0.983
Iter 0002000: train nll 1.386, valid error 074.500%, best valid error 074.000%, avg grad norm   0.183, avg grad norm (post clip)   0.174, rho_Whh  0.94, Omega  0.00, alpha  2.000, steps in the past 0.011, valid nll 1.386
  [diag] log10|dL/dh_t| hist bins=60 range=(-12.00,-2.48) mean=-11.95 p50=-12.00 p05=-12.00 p95=-12.00
  [diag] sat-dist hist bins=60 sat<0.05=0.0% mean=0.982 p10=0.981 p90=0.982
Iter 0002020: train nll 1.386, valid error 074.500%, best valid error 074.000%, avg grad norm   0.190, avg grad norm (post clip)   0.178, rho_Whh  0.94, Omega  0.00, alpha  2.000, steps in the past 0.011, valid nll 1.386
  [diag] log10|dL/dh_t| hist bins=60 range=(-12.00,-2.48) mean=-11.95 p50=-12.00 p05=-12.00 p95=-12.00
  [diag] sat-dist hist bins=60 sat<0.05=0.0% mean=0.982 p10=0.981 p90=0.982
Iter 0002040: train nll 1.385, valid error 074.500%, best valid error 074.000%, avg grad norm   0.201, avg grad norm (post clip)   0.182, rho_Whh  0.94, Omega  0.00, alpha  2.000, steps in the past 0.009, valid nll 1.386
  [diag] log10|dL/dh_t| hist bins=60 range=(-12.00,-2.48) mean=-11.95 p50=-12.00 p05=-12.00 p95=-12.00
  [diag] sat-dist hist bins=60 sat<0.05=0.0% mean=0.983 p10=0.982 p90=0.983
Iter 0002060: train nll 1.388, valid error 074.500%, best valid error 074.000%, avg grad norm   0.183, avg grad norm (post clip)   0.176, rho_Whh  0.94, Omega  0.00, alpha  2.000, steps in the past 0.010, valid nll 1.386
  [diag] log10|dL/dh_t| hist bins=60 range=(-12.00,-2.48) mean=-11.95 p50=-12.00 p05=-12.00 p95=-12.00
  [diag] sat-dist hist bins=60 sat<0.05=0.0% mean=0.982 p10=0.982 p90=0.983
Iter 0002080: train nll 1.386, valid error 074.500%, best valid error 074.000%, avg grad norm   0.170, avg grad norm (post clip)   0.162, rho_Whh  0.94, Omega  0.00, alpha  2.000, steps in the past 0.008, valid nll 1.386
  [diag] log10|dL/dh_t| hist bins=60 range=(-12.00,-2.48) mean=-11.95 p50=-12.00 p05=-12.00 p95=-12.00
  [diag] sat-dist hist bins=60 sat<0.05=0.0% mean=0.982 p10=0.982 p90=0.983
Iter 0002100: train nll 1.387, valid error 074.500%, best valid error 074.000%, avg grad norm   0.192, avg grad norm (post clip)   0.172, rho_Whh  0.94, Omega  0.00, alpha  2.000, steps in the past 0.009, valid nll 1.386
  [diag] log10|dL/dh_t| hist bins=60 range=(-12.00,-2.48) mean=-11.95 p50=-12.00 p05=-12.00 p95=-12.00
  [diag] sat-dist hist bins=60 sat<0.05=0.0% mean=0.982 p10=0.982 p90=0.983
Iter 0002120: train nll 1.387, valid error 074.500%, best valid error 074.000%, avg grad norm   0.179, avg grad norm (post clip)   0.174, rho_Whh  0.94, Omega  0.00, alpha  2.000, steps in the past 0.009, valid nll 1.386
  [diag] log10|dL/dh_t| hist bins=60 range=(-12.00,-2.48) mean=-11.95 p50=-12.00 p05=-12.00 p95=-12.00
  [diag] sat-dist hist bins=60 sat<0.05=0.0% mean=0.981 p10=0.980 p90=0.982
Iter 0002140: train nll 1.387, valid error 074.500%, best valid error 074.000%, avg grad norm   0.191, avg grad norm (post clip)   0.175, rho_Whh  0.94, Omega  0.00, alpha  2.000, steps in the past 0.010, valid nll 1.386
  [diag] log10|dL/dh_t| hist bins=60 range=(-12.00,-2.48) mean=-11.95 p50=-12.00 p05=-12.00 p95=-12.00
  [diag] sat-dist hist bins=60 sat<0.05=0.0% mean=0.979 p10=0.978 p90=0.979
Iter 0002160: train nll 1.386, valid error 074.500%, best valid error 074.000%, avg grad norm   0.200, avg grad norm (post clip)   0.172, rho_Whh  0.94, Omega  0.00, alpha  2.000, steps in the past 0.010, valid nll 1.386
  [diag] log10|dL/dh_t| hist bins=60 range=(-12.00,-2.48) mean=-11.95 p50=-12.00 p05=-12.00 p95=-12.00
  [diag] sat-dist hist bins=60 sat<0.05=0.0% mean=0.977 p10=0.976 p90=0.977
Iter 0002180: train nll 1.386, valid error 074.500%, best valid error 074.000%, avg grad norm   0.208, avg grad norm (post clip)   0.185, rho_Whh  0.94, Omega  0.00, alpha  2.000, steps in the past 0.009, valid nll 1.386
  [diag] log10|dL/dh_t| hist bins=60 range=(-12.00,-2.48) mean=-11.95 p50=-12.00 p05=-12.00 p95=-12.00
  [diag] sat-dist hist bins=60 sat<0.05=0.0% mean=0.977 p10=0.977 p90=0.978
Iter 0002200: train nll 1.386, valid error 074.500%, best valid error 074.000%, avg grad norm   0.200, avg grad norm (post clip)   0.184, rho_Whh  0.94, Omega  0.00, alpha  2.000, steps in the past 0.010, valid nll 1.386
  [diag] log10|dL/dh_t| hist bins=60 range=(-12.00,-2.48) mean=-11.95 p50=-12.00 p05=-12.00 p95=-12.00
  [diag] sat-dist hist bins=60 sat<0.05=0.0% mean=0.979 p10=0.979 p90=0.980
Iter 0002220: train nll 1.388, valid error 074.500%, best valid error 074.000%, avg grad norm   0.200, avg grad norm (post clip)   0.175, rho_Whh  0.94, Omega  0.00, alpha  2.000, steps in the past 0.009, valid nll 1.386
  [diag] log10|dL/dh_t| hist bins=60 range=(-12.00,-2.48) mean=-11.95 p50=-12.00 p05=-12.00 p95=-12.00
  [diag] sat-dist hist bins=60 sat<0.05=0.0% mean=0.979 p10=0.979 p90=0.980
Iter 0002240: train nll 1.386, valid error 074.500%, best valid error 074.000%, avg grad norm   0.196, avg grad norm (post clip)   0.182, rho_Whh  0.94, Omega  0.00, alpha  2.000, steps in the past 0.009, valid nll 1.386
  [diag] log10|dL/dh_t| hist bins=60 range=(-12.00,-2.48) mean=-11.95 p50=-12.00 p05=-12.00 p95=-12.00
  [diag] sat-dist hist bins=60 sat<0.05=0.0% mean=0.978 p10=0.977 p90=0.978
Iter 0002260: train nll 1.385, valid error 074.500%, best valid error 074.000%, avg grad norm   0.175, avg grad norm (post clip)   0.168, rho_Whh  0.94, Omega  0.00, alpha  2.000, steps in the past 0.008, valid nll 1.386
  [diag] log10|dL/dh_t| hist bins=60 range=(-12.00,-2.48) mean=-11.95 p50=-12.00 p05=-12.00 p95=-12.00
  [diag] sat-dist hist bins=60 sat<0.05=0.0% mean=0.979 p10=0.978 p90=0.979
Iter 0002280: train nll 1.387, valid error 074.500%, best valid error 074.000%, avg grad norm   0.199, avg grad norm (post clip)   0.170, rho_Whh  0.94, Omega  0.00, alpha  2.000, steps in the past 0.008, valid nll 1.386
  [diag] log10|dL/dh_t| hist bins=60 range=(-12.00,-2.48) mean=-11.95 p50=-12.00 p05=-12.00 p95=-12.00
  [diag] sat-dist hist bins=60 sat<0.05=0.0% mean=0.979 p10=0.978 p90=0.980
Iter 0002300: train nll 1.386, valid error 074.500%, best valid error 074.000%, avg grad norm   0.187, avg grad norm (post clip)   0.182, rho_Whh  0.94, Omega  0.00, alpha  2.000, steps in the past 0.009, valid nll 1.386
  [diag] log10|dL/dh_t| hist bins=60 range=(-12.00,-2.48) mean=-11.95 p50=-12.00 p05=-12.00 p95=-12.00
  [diag] sat-dist hist bins=60 sat<0.05=0.0% mean=0.980 p10=0.979 p90=0.981
Iter 0002320: train nll 1.387, valid error 074.500%, best valid error 074.000%, avg grad norm   0.199, avg grad norm (post clip)   0.180, rho_Whh  0.94, Omega  0.00, alpha  2.000, steps in the past 0.009, valid nll 1.386
  [diag] log10|dL/dh_t| hist bins=60 range=(-12.00,-2.48) mean=-11.95 p50=-12.00 p05=-12.00 p95=-12.00
  [diag] sat-dist hist bins=60 sat<0.05=0.0% mean=0.980 p10=0.979 p90=0.981
Iter 0002340: train nll 1.387, valid error 074.500%, best valid error 074.000%, avg grad norm   0.176, avg grad norm (post clip)   0.162, rho_Whh  0.94, Omega  0.00, alpha  2.000, steps in the past 0.010, valid nll 1.386
  [diag] log10|dL/dh_t| hist bins=60 range=(-12.00,-2.48) mean=-11.95 p50=-12.00 p05=-12.00 p95=-12.00
  [diag] sat-dist hist bins=60 sat<0.05=0.0% mean=0.979 p10=0.978 p90=0.980
Iter 0002360: train nll 1.385, valid error 074.500%, best valid error 074.000%, avg grad norm   0.222, avg grad norm (post clip)   0.187, rho_Whh  0.94, Omega  0.00, alpha  2.000, steps in the past 0.010, valid nll 1.386
  [diag] log10|dL/dh_t| hist bins=60 range=(-12.00,-2.48) mean=-11.95 p50=-12.00 p05=-12.00 p95=-12.00
  [diag] sat-dist hist bins=60 sat<0.05=0.0% mean=0.981 p10=0.980 p90=0.981
Iter 0002380: train nll 1.387, valid error 074.500%, best valid error 074.000%, avg grad norm   0.205, avg grad norm (post clip)   0.186, rho_Whh  0.94, Omega  0.00, alpha  2.000, steps in the past 0.010, valid nll 1.386
  [diag] log10|dL/dh_t| hist bins=60 range=(-12.00,-2.48) mean=-11.95 p50=-12.00 p05=-12.00 p95=-12.00
  [diag] sat-dist hist bins=60 sat<0.05=0.0% mean=0.982 p10=0.981 p90=0.982
Iter 0002400: train nll 1.386, valid error 074.500%, best valid error 074.000%, avg grad norm   0.178, avg grad norm (post clip)   0.171, rho_Whh  0.94, Omega  0.00, alpha  2.000, steps in the past 0.009, valid nll 1.386
  [diag] log10|dL/dh_t| hist bins=60 range=(-12.00,-2.48) mean=-11.95 p50=-12.00 p05=-12.00 p95=-12.00
  [diag] sat-dist hist bins=60 sat<0.05=0.0% mean=0.983 p10=0.982 p90=0.983
Iter 0002420: train nll 1.386, valid error 074.500%, best valid error 074.000%, avg grad norm   0.165, avg grad norm (post clip)   0.165, rho_Whh  0.94, Omega  0.00, alpha  2.000, steps in the past 0.010, valid nll 1.386
  [diag] log10|dL/dh_t| hist bins=60 range=(-12.00,-2.48) mean=-11.95 p50=-12.00 p05=-12.00 p95=-12.00
  [diag] sat-dist hist bins=60 sat<0.05=0.0% mean=0.983 p10=0.982 p90=0.983
Iter 0002440: train nll 1.386, valid error 074.500%, best valid error 074.000%, avg grad norm   0.202, avg grad norm (post clip)   0.172, rho_Whh  0.94, Omega  0.00, alpha  2.000, steps in the past 0.010, valid nll 1.386
  [diag] log10|dL/dh_t| hist bins=60 range=(-12.00,-2.48) mean=-11.95 p50=-12.00 p05=-12.00 p95=-12.00
  [diag] sat-dist hist bins=60 sat<0.05=0.0% mean=0.983 p10=0.983 p90=0.984
Iter 0002460: train nll 1.387, valid error 074.500%, best valid error 074.000%, avg grad norm   0.189, avg grad norm (post clip)   0.174, rho_Whh  0.94, Omega  0.00, alpha  2.000, steps in the past 0.009, valid nll 1.386
  [diag] log10|dL/dh_t| hist bins=60 range=(-12.00,-2.48) mean=-11.95 p50=-12.00 p05=-12.00 p95=-12.00
  [diag] sat-dist hist bins=60 sat<0.05=0.0% mean=0.983 p10=0.982 p90=0.983
Iter 0002480: train nll 1.386, valid error 074.500%, best valid error 074.000%, avg grad norm   0.170, avg grad norm (post clip)   0.170, rho_Whh  0.94, Omega  0.00, alpha  2.000, steps in the past 0.010, valid nll 1.386
  [diag] log10|dL/dh_t| hist bins=60 range=(-12.00,-2.48) mean=-11.95 p50=-12.00 p05=-12.00 p95=-12.00
  [diag] sat-dist hist bins=60 sat<0.05=0.0% mean=0.984 p10=0.983 p90=0.985
Iter 0002500: train nll 1.387, valid error 074.750%, best valid error 074.000%, avg grad norm   0.193, avg grad norm (post clip)   0.174, rho_Whh  0.94, Omega  0.00, alpha  2.000, steps in the past 0.009, valid nll 1.386
  [diag] log10|dL/dh_t| hist bins=60 range=(-12.00,-2.48) mean=-11.95 p50=-12.00 p05=-12.00 p95=-12.00
  [diag] sat-dist hist bins=60 sat<0.05=0.0% mean=0.984 p10=0.984 p90=0.985
Iter 0002520: train nll 1.387, valid error 074.500%, best valid error 074.000%, avg grad norm   0.165, avg grad norm (post clip)   0.156, rho_Whh  0.94, Omega  0.00, alpha  2.000, steps in the past 0.009, valid nll 1.386
  [diag] log10|dL/dh_t| hist bins=60 range=(-12.00,-2.48) mean=-11.95 p50=-12.00 p05=-12.00 p95=-12.00
  [diag] sat-dist hist bins=60 sat<0.05=0.0% mean=0.983 p10=0.983 p90=0.984
Iter 0002540: train nll 1.385, valid error 074.500%, best valid error 074.000%, avg grad norm   0.212, avg grad norm (post clip)   0.179, rho_Whh  0.94, Omega  0.00, alpha  2.000, steps in the past 0.009, valid nll 1.386
  [diag] log10|dL/dh_t| hist bins=60 range=(-12.00,-2.48) mean=-11.95 p50=-12.00 p05=-12.00 p95=-12.00
  [diag] sat-dist hist bins=60 sat<0.05=0.0% mean=0.984 p10=0.984 p90=0.985
Iter 0002560: train nll 1.387, valid error 074.500%, best valid error 074.000%, avg grad norm   0.199, avg grad norm (post clip)   0.176, rho_Whh  0.94, Omega  0.00, alpha  2.000, steps in the past 0.010, valid nll 1.386
  [diag] log10|dL/dh_t| hist bins=60 range=(-12.00,-2.48) mean=-11.95 p50=-12.00 p05=-12.00 p95=-12.00
  [diag] sat-dist hist bins=60 sat<0.05=0.0% mean=0.982 p10=0.982 p90=0.983
Iter 0002580: train nll 1.385, valid error 074.500%, best valid error 074.000%, avg grad norm   0.175, avg grad norm (post clip)   0.168, rho_Whh  0.94, Omega  0.00, alpha  2.000, steps in the past 0.010, valid nll 1.386
  [diag] log10|dL/dh_t| hist bins=60 range=(-12.00,-2.48) mean=-11.95 p50=-12.00 p05=-12.00 p95=-12.00
  [diag] sat-dist hist bins=60 sat<0.05=0.0% mean=0.982 p10=0.982 p90=0.983
Iter 0002600: train nll 1.386, valid error 074.500%, best valid error 074.000%, avg grad norm   0.176, avg grad norm (post clip)   0.172, rho_Whh  0.94, Omega  0.00, alpha  2.000, steps in the past 0.010, valid nll 1.386
  [diag] log10|dL/dh_t| hist bins=60 range=(-12.00,-2.48) mean=-11.95 p50=-12.00 p05=-12.00 p95=-12.00
  [diag] sat-dist hist bins=60 sat<0.05=0.0% mean=0.982 p10=0.981 p90=0.982
Iter 0002620: train nll 1.387, valid error 074.500%, best valid error 074.000%, avg grad norm   0.214, avg grad norm (post clip)   0.190, rho_Whh  0.94, Omega  0.00, alpha  2.000, steps in the past 0.009, valid nll 1.386
  [diag] log10|dL/dh_t| hist bins=60 range=(-12.00,-2.48) mean=-11.95 p50=-12.00 p05=-12.00 p95=-12.00
  [diag] sat-dist hist bins=60 sat<0.05=0.0% mean=0.983 p10=0.982 p90=0.984
Iter 0002640: train nll 1.387, valid error 074.500%, best valid error 074.000%, avg grad norm   0.192, avg grad norm (post clip)   0.180, rho_Whh  0.94, Omega  0.00, alpha  2.000, steps in the past 0.010, valid nll 1.386
  [diag] log10|dL/dh_t| hist bins=60 range=(-12.00,-2.48) mean=-11.95 p50=-12.00 p05=-12.00 p95=-12.00
  [diag] sat-dist hist bins=60 sat<0.05=0.0% mean=0.983 p10=0.982 p90=0.984
Iter 0002660: train nll 1.386, valid error 074.500%, best valid error 074.000%, avg grad norm   0.191, avg grad norm (post clip)   0.175, rho_Whh  0.94, Omega  0.00, alpha  2.000, steps in the past 0.010, valid nll 1.386
  [diag] log10|dL/dh_t| hist bins=60 range=(-12.00,-2.48) mean=-11.95 p50=-12.00 p05=-12.00 p95=-12.00
  [diag] sat-dist hist bins=60 sat<0.05=0.0% mean=0.984 p10=0.983 p90=0.985
Iter 0002680: train nll 1.387, valid error 074.500%, best valid error 074.000%, avg grad norm   0.170, avg grad norm (post clip)   0.174, rho_Whh  0.94, Omega  0.00, alpha  2.000, steps in the past 0.009, valid nll 1.386
  [diag] log10|dL/dh_t| hist bins=60 range=(-12.00,-2.48) mean=-11.95 p50=-12.00 p05=-12.00 p95=-12.00
  [diag] sat-dist hist bins=60 sat<0.05=0.0% mean=0.984 p10=0.984 p90=0.985
Iter 0002700: train nll 1.387, valid error 074.500%, best valid error 074.000%, avg grad norm   0.162, avg grad norm (post clip)   0.155, rho_Whh  0.94, Omega  0.00, alpha  2.000, steps in the past 0.009, valid nll 1.386
  [diag] log10|dL/dh_t| hist bins=60 range=(-12.00,-2.48) mean=-11.95 p50=-12.00 p05=-12.00 p95=-12.00
  [diag] sat-dist hist bins=60 sat<0.05=0.0% mean=0.985 p10=0.984 p90=0.986
Iter 0002720: train nll 1.386, valid error 073.700%, best valid error 074.000%, avg grad norm   0.176, avg grad norm (post clip)   0.177, rho_Whh  0.94, Omega  0.00, alpha  2.000, steps in the past 0.010, valid nll 1.386
  [diag] log10|dL/dh_t| hist bins=60 range=(-12.00,-2.48) mean=-11.95 p50=-12.00 p05=-12.00 p95=-12.00
  [diag] sat-dist hist bins=60 sat<0.05=0.0% mean=0.985 p10=0.984 p90=0.985
Iter 0002740: train nll 1.386, valid error 074.600%, best valid error 073.700%, avg grad norm   0.170, avg grad norm (post clip)   0.170, rho_Whh  0.94, Omega  0.00, alpha  2.000, steps in the past 0.009, valid nll 1.386
  [diag] log10|dL/dh_t| hist bins=60 range=(-12.00,-2.48) mean=-11.95 p50=-12.00 p05=-12.00 p95=-12.00
  [diag] sat-dist hist bins=60 sat<0.05=0.0% mean=0.985 p10=0.984 p90=0.985
Iter 0002760: train nll 1.386, valid error 074.500%, best valid error 073.700%, avg grad norm   0.186, avg grad norm (post clip)   0.171, rho_Whh  0.94, Omega  0.00, alpha  2.000, steps in the past 0.009, valid nll 1.386
  [diag] log10|dL/dh_t| hist bins=60 range=(-12.00,-2.48) mean=-11.95 p50=-12.00 p05=-12.00 p95=-12.00
  [diag] sat-dist hist bins=60 sat<0.05=0.0% mean=0.985 p10=0.984 p90=0.985
Iter 0002780: train nll 1.386, valid error 074.500%, best valid error 073.700%, avg grad norm   0.175, avg grad norm (post clip)   0.162, rho_Whh  0.94, Omega  0.00, alpha  2.000, steps in the past 0.012, valid nll 1.386
  [diag] log10|dL/dh_t| hist bins=60 range=(-12.00,-2.48) mean=-11.95 p50=-12.00 p05=-12.00 p95=-12.00
  [diag] sat-dist hist bins=60 sat<0.05=0.0% mean=0.985 p10=0.984 p90=0.985
Iter 0002800: train nll 1.385, valid error 074.550%, best valid error 073.700%, avg grad norm   0.180, avg grad norm (post clip)   0.168, rho_Whh  0.94, Omega  0.00, alpha  2.000, steps in the past 0.009, valid nll 1.386
  [diag] log10|dL/dh_t| hist bins=60 range=(-12.00,-2.48) mean=-11.95 p50=-12.00 p05=-12.00 p95=-12.00
  [diag] sat-dist hist bins=60 sat<0.05=0.0% mean=0.984 p10=0.983 p90=0.985
Iter 0002820: train nll 1.387, valid error 074.500%, best valid error 073.700%, avg grad norm   0.173, avg grad norm (post clip)   0.165, rho_Whh  0.94, Omega  0.00, alpha  2.000, steps in the past 0.010, valid nll 1.386
  [diag] log10|dL/dh_t| hist bins=60 range=(-12.00,-2.48) mean=-11.95 p50=-12.00 p05=-12.00 p95=-12.00
  [diag] sat-dist hist bins=60 sat<0.05=0.0% mean=0.985 p10=0.984 p90=0.985
Iter 0002840: train nll 1.386, valid error 074.250%, best valid error 073.700%, avg grad norm   0.163, avg grad norm (post clip)   0.161, rho_Whh  0.94, Omega  0.00, alpha  2.000, steps in the past 0.010, valid nll 1.386
  [diag] log10|dL/dh_t| hist bins=60 range=(-12.00,-2.48) mean=-11.95 p50=-12.00 p05=-12.00 p95=-12.00
  [diag] sat-dist hist bins=60 sat<0.05=0.0% mean=0.985 p10=0.984 p90=0.985
Iter 0002860: train nll 1.385, valid error 073.700%, best valid error 073.700%, avg grad norm   0.180, avg grad norm (post clip)   0.169, rho_Whh  0.94, Omega  0.00, alpha  2.000, steps in the past 0.008, valid nll 1.386
  [diag] log10|dL/dh_t| hist bins=60 range=(-12.00,-2.48) mean=-11.95 p50=-12.00 p05=-12.00 p95=-12.00
  [diag] sat-dist hist bins=60 sat<0.05=0.0% mean=0.985 p10=0.984 p90=0.986
Iter 0002880: train nll 1.386, valid error 074.300%, best valid error 073.700%, avg grad norm   0.191, avg grad norm (post clip)   0.183, rho_Whh  0.94, Omega  0.00, alpha  2.000, steps in the past 0.010, valid nll 1.386
  [diag] log10|dL/dh_t| hist bins=60 range=(-12.00,-2.48) mean=-11.95 p50=-12.00 p05=-12.00 p95=-12.00
  [diag] sat-dist hist bins=60 sat<0.05=0.0% mean=0.985 p10=0.984 p90=0.986
Iter 0002900: train nll 1.386, valid error 074.300%, best valid error 073.700%, avg grad norm   0.182, avg grad norm (post clip)   0.172, rho_Whh  0.94, Omega  0.00, alpha  2.000, steps in the past 0.008, valid nll 1.386
  [diag] log10|dL/dh_t| hist bins=60 range=(-12.00,-2.48) mean=-11.95 p50=-12.00 p05=-12.00 p95=-12.00
  [diag] sat-dist hist bins=60 sat<0.05=0.0% mean=0.985 p10=0.984 p90=0.986
Iter 0002920: train nll 1.387, valid error 074.300%, best valid error 073.700%, avg grad norm   0.191, avg grad norm (post clip)   0.180, rho_Whh  0.94, Omega  0.00, alpha  2.000, steps in the past 0.009, valid nll 1.386
  [diag] log10|dL/dh_t| hist bins=60 range=(-12.00,-2.48) mean=-11.95 p50=-12.00 p05=-12.00 p95=-12.00
  [diag] sat-dist hist bins=60 sat<0.05=0.0% mean=0.985 p10=0.984 p90=0.986
Iter 0002940: train nll 1.386, valid error 074.300%, best valid error 073.700%, avg grad norm   0.159, avg grad norm (post clip)   0.158, rho_Whh  0.94, Omega  0.00, alpha  2.000, steps in the past 0.009, valid nll 1.386
  [diag] log10|dL/dh_t| hist bins=60 range=(-12.00,-2.48) mean=-11.95 p50=-12.00 p05=-12.00 p95=-12.00
  [diag] sat-dist hist bins=60 sat<0.05=0.0% mean=0.985 p10=0.984 p90=0.986
Iter 0002960: train nll 1.386, valid error 074.300%, best valid error 073.700%, avg grad norm   0.164, avg grad norm (post clip)   0.156, rho_Whh  0.94, Omega  0.00, alpha  2.000, steps in the past 0.008, valid nll 1.386
  [diag] log10|dL/dh_t| hist bins=60 range=(-12.00,-2.48) mean=-11.95 p50=-12.00 p05=-12.00 p95=-12.00
  [diag] sat-dist hist bins=60 sat<0.05=0.0% mean=0.985 p10=0.984 p90=0.986
Iter 0002980: train nll 1.386, valid error 074.300%, best valid error 073.700%, avg grad norm   0.191, avg grad norm (post clip)   0.174, rho_Whh  0.94, Omega  0.00, alpha  2.000, steps in the past 0.010, valid nll 1.386
Done. solved=0 steps=2999 best_valid_error=73.7000%
=== DONE  EC_s5_alpha2_cut020_lr001 ===
=== START EC_s6_alpha2_cut005_lr0005 ===
Starting to train (PyTorch).
  [diag] log10|dL/dh_t| hist bins=60 range=(-12.00,-2.48) mean=-11.95 p50=-12.00 p05=-12.00 p95=-12.00
  [diag] sat-dist hist bins=60 sat<0.05=0.0% mean=0.982 p10=0.982 p90=0.983
Iter 0000020: train nll 1.456, valid error 075.150%, best valid error 100.000%, avg grad norm   1.187, avg grad norm (post clip)   0.052, rho_Whh  0.95, Omega  0.09, alpha  2.000, steps in the past 0.011, valid nll 1.386
  [diag] log10|dL/dh_t| hist bins=60 range=(-12.00,-2.48) mean=-11.95 p50=-12.00 p05=-12.00 p95=-12.00
  [diag] sat-dist hist bins=60 sat<0.05=0.0% mean=0.982 p10=0.982 p90=0.983
Iter 0000040: train nll 1.386, valid error 075.150%, best valid error 075.150%, avg grad norm   1.068, avg grad norm (post clip)   0.053, rho_Whh  0.95, Omega  0.08, alpha  2.000, steps in the past 0.009, valid nll 1.386
  [diag] log10|dL/dh_t| hist bins=60 range=(-12.00,-2.48) mean=-11.95 p50=-12.00 p05=-12.00 p95=-12.00
  [diag] sat-dist hist bins=60 sat<0.05=0.0% mean=0.982 p10=0.982 p90=0.983
Iter 0000060: train nll 1.386, valid error 075.050%, best valid error 075.150%, avg grad norm   1.091, avg grad norm (post clip)   0.053, rho_Whh  0.95, Omega  0.08, alpha  2.000, steps in the past 0.008, valid nll 1.386
  [diag] log10|dL/dh_t| hist bins=60 range=(-12.00,-2.48) mean=-11.95 p50=-12.00 p05=-12.00 p95=-12.00
  [diag] sat-dist hist bins=60 sat<0.05=0.0% mean=0.982 p10=0.982 p90=0.983
Iter 0000080: train nll 1.386, valid error 074.850%, best valid error 075.050%, avg grad norm   1.097, avg grad norm (post clip)   0.053, rho_Whh  0.95, Omega  0.08, alpha  2.000, steps in the past 0.009, valid nll 1.386
  [diag] log10|dL/dh_t| hist bins=60 range=(-12.00,-2.48) mean=-11.95 p50=-12.00 p05=-12.00 p95=-12.00
  [diag] sat-dist hist bins=60 sat<0.05=0.0% mean=0.982 p10=0.982 p90=0.983
Iter 0000100: train nll 1.386, valid error 074.950%, best valid error 074.850%, avg grad norm   1.120, avg grad norm (post clip)   0.053, rho_Whh  0.95, Omega  0.08, alpha  2.000, steps in the past 0.008, valid nll 1.386
  [diag] log10|dL/dh_t| hist bins=60 range=(-12.00,-2.48) mean=-11.95 p50=-12.00 p05=-12.00 p95=-12.00
  [diag] sat-dist hist bins=60 sat<0.05=0.0% mean=0.982 p10=0.982 p90=0.983
Iter 0000120: train nll 1.386, valid error 075.150%, best valid error 074.850%, avg grad norm   1.074, avg grad norm (post clip)   0.053, rho_Whh  0.95, Omega  0.08, alpha  2.000, steps in the past 0.009, valid nll 1.386
  [diag] log10|dL/dh_t| hist bins=60 range=(-12.00,-2.48) mean=-11.95 p50=-12.00 p05=-12.00 p95=-12.00
  [diag] sat-dist hist bins=60 sat<0.05=0.0% mean=0.982 p10=0.982 p90=0.983
Iter 0000140: train nll 1.386, valid error 074.200%, best valid error 074.850%, avg grad norm   0.980, avg grad norm (post clip)   0.053, rho_Whh  0.95, Omega  0.07, alpha  2.000, steps in the past 0.009, valid nll 1.386
  [diag] log10|dL/dh_t| hist bins=60 range=(-12.00,-2.48) mean=-11.95 p50=-12.00 p05=-12.00 p95=-12.00
  [diag] sat-dist hist bins=60 sat<0.05=0.0% mean=0.982 p10=0.982 p90=0.983
Iter 0000160: train nll 1.386, valid error 074.050%, best valid error 074.200%, avg grad norm   1.019, avg grad norm (post clip)   0.053, rho_Whh  0.95, Omega  0.07, alpha  2.000, steps in the past 0.009, valid nll 1.386
  [diag] log10|dL/dh_t| hist bins=60 range=(-12.00,-2.48) mean=-11.95 p50=-12.00 p05=-12.00 p95=-12.00
  [diag] sat-dist hist bins=60 sat<0.05=0.0% mean=0.982 p10=0.982 p90=0.983
Iter 0000180: train nll 1.386, valid error 074.350%, best valid error 074.050%, avg grad norm   1.009, avg grad norm (post clip)   0.053, rho_Whh  0.95, Omega  0.06, alpha  2.000, steps in the past 0.010, valid nll 1.386
  [diag] log10|dL/dh_t| hist bins=60 range=(-12.00,-2.48) mean=-11.95 p50=-12.00 p05=-12.00 p95=-12.00
  [diag] sat-dist hist bins=60 sat<0.05=0.0% mean=0.982 p10=0.981 p90=0.983
Iter 0000200: train nll 1.386, valid error 073.950%, best valid error 074.050%, avg grad norm   1.011, avg grad norm (post clip)   0.053, rho_Whh  0.95, Omega  0.07, alpha  2.000, steps in the past 0.009, valid nll 1.386
  [diag] log10|dL/dh_t| hist bins=60 range=(-12.00,-2.48) mean=-11.95 p50=-12.00 p05=-12.00 p95=-12.00
  [diag] sat-dist hist bins=60 sat<0.05=0.0% mean=0.982 p10=0.981 p90=0.983
Iter 0000220: train nll 1.386, valid error 074.050%, best valid error 073.950%, avg grad norm   0.989, avg grad norm (post clip)   0.053, rho_Whh  0.95, Omega  0.06, alpha  2.000, steps in the past 0.010, valid nll 1.386
  [diag] log10|dL/dh_t| hist bins=60 range=(-12.00,-2.48) mean=-11.95 p50=-12.00 p05=-12.00 p95=-12.00
  [diag] sat-dist hist bins=60 sat<0.05=0.0% mean=0.982 p10=0.981 p90=0.983
Iter 0000240: train nll 1.386, valid error 074.050%, best valid error 073.950%, avg grad norm   0.982, avg grad norm (post clip)   0.053, rho_Whh  0.95, Omega  0.06, alpha  2.000, steps in the past 0.010, valid nll 1.386
  [diag] log10|dL/dh_t| hist bins=60 range=(-12.00,-2.48) mean=-11.95 p50=-12.00 p05=-12.00 p95=-12.00
  [diag] sat-dist hist bins=60 sat<0.05=0.0% mean=0.982 p10=0.981 p90=0.983
Iter 0000260: train nll 1.386, valid error 074.150%, best valid error 073.950%, avg grad norm   0.974, avg grad norm (post clip)   0.053, rho_Whh  0.95, Omega  0.06, alpha  2.000, steps in the past 0.011, valid nll 1.386
  [diag] log10|dL/dh_t| hist bins=60 range=(-12.00,-2.48) mean=-11.95 p50=-12.00 p05=-12.00 p95=-12.00
  [diag] sat-dist hist bins=60 sat<0.05=0.0% mean=0.982 p10=0.981 p90=0.983
Iter 0000280: train nll 1.386, valid error 074.550%, best valid error 073.950%, avg grad norm   0.990, avg grad norm (post clip)   0.053, rho_Whh  0.95, Omega  0.06, alpha  2.000, steps in the past 0.010, valid nll 1.386
  [diag] log10|dL/dh_t| hist bins=60 range=(-12.00,-2.48) mean=-11.95 p50=-12.00 p05=-12.00 p95=-12.00
  [diag] sat-dist hist bins=60 sat<0.05=0.0% mean=0.982 p10=0.981 p90=0.983
Iter 0000300: train nll 1.386, valid error 074.750%, best valid error 073.950%, avg grad norm   0.884, avg grad norm (post clip)   0.053, rho_Whh  0.95, Omega  0.05, alpha  2.000, steps in the past 0.009, valid nll 1.386
  [diag] log10|dL/dh_t| hist bins=60 range=(-12.00,-2.48) mean=-11.95 p50=-12.00 p05=-12.00 p95=-12.00
  [diag] sat-dist hist bins=60 sat<0.05=0.0% mean=0.982 p10=0.981 p90=0.983
Iter 0000320: train nll 1.386, valid error 074.700%, best valid error 073.950%, avg grad norm   0.958, avg grad norm (post clip)   0.053, rho_Whh  0.95, Omega  0.06, alpha  2.000, steps in the past 0.012, valid nll 1.386
  [diag] log10|dL/dh_t| hist bins=60 range=(-12.00,-2.48) mean=-11.95 p50=-12.00 p05=-12.00 p95=-12.00
  [diag] sat-dist hist bins=60 sat<0.05=0.0% mean=0.982 p10=0.981 p90=0.983
Iter 0000340: train nll 1.386, valid error 074.750%, best valid error 073.950%, avg grad norm   0.911, avg grad norm (post clip)   0.053, rho_Whh  0.95, Omega  0.05, alpha  2.000, steps in the past 0.009, valid nll 1.386
  [diag] log10|dL/dh_t| hist bins=60 range=(-12.00,-2.48) mean=-11.95 p50=-12.00 p05=-12.00 p95=-12.00
  [diag] sat-dist hist bins=60 sat<0.05=0.0% mean=0.982 p10=0.981 p90=0.983
Iter 0000360: train nll 1.386, valid error 074.600%, best valid error 073.950%, avg grad norm   0.887, avg grad norm (post clip)   0.053, rho_Whh  0.95, Omega  0.05, alpha  2.000, steps in the past 0.009, valid nll 1.386
  [diag] log10|dL/dh_t| hist bins=60 range=(-12.00,-2.48) mean=-11.95 p50=-12.00 p05=-12.00 p95=-12.00
  [diag] sat-dist hist bins=60 sat<0.05=0.0% mean=0.982 p10=0.981 p90=0.983
Iter 0000380: train nll 1.386, valid error 074.400%, best valid error 073.950%, avg grad norm   0.919, avg grad norm (post clip)   0.053, rho_Whh  0.95, Omega  0.05, alpha  2.000, steps in the past 0.009, valid nll 1.386
  [diag] log10|dL/dh_t| hist bins=60 range=(-12.00,-2.48) mean=-11.95 p50=-12.00 p05=-12.00 p95=-12.00
  [diag] sat-dist hist bins=60 sat<0.05=0.0% mean=0.982 p10=0.981 p90=0.983
Iter 0000400: train nll 1.386, valid error 074.450%, best valid error 073.950%, avg grad norm   0.846, avg grad norm (post clip)   0.053, rho_Whh  0.95, Omega  0.04, alpha  2.000, steps in the past 0.009, valid nll 1.386
  [diag] log10|dL/dh_t| hist bins=60 range=(-12.00,-2.48) mean=-11.95 p50=-12.00 p05=-12.00 p95=-12.00
  [diag] sat-dist hist bins=60 sat<0.05=0.0% mean=0.982 p10=0.981 p90=0.983
Iter 0000420: train nll 1.386, valid error 074.650%, best valid error 073.950%, avg grad norm   0.882, avg grad norm (post clip)   0.053, rho_Whh  0.95, Omega  0.05, alpha  2.000, steps in the past 0.009, valid nll 1.386
  [diag] log10|dL/dh_t| hist bins=60 range=(-12.00,-2.48) mean=-11.95 p50=-12.00 p05=-12.00 p95=-12.00
  [diag] sat-dist hist bins=60 sat<0.05=0.0% mean=0.982 p10=0.981 p90=0.983
Iter 0000440: train nll 1.386, valid error 074.650%, best valid error 073.950%, avg grad norm   0.821, avg grad norm (post clip)   0.053, rho_Whh  0.95, Omega  0.04, alpha  2.000, steps in the past 0.010, valid nll 1.386
  [diag] log10|dL/dh_t| hist bins=60 range=(-12.00,-2.48) mean=-11.95 p50=-12.00 p05=-12.00 p95=-12.00
  [diag] sat-dist hist bins=60 sat<0.05=0.0% mean=0.982 p10=0.981 p90=0.983
Iter 0000460: train nll 1.386, valid error 074.600%, best valid error 073.950%, avg grad norm   0.804, avg grad norm (post clip)   0.053, rho_Whh  0.95, Omega  0.04, alpha  2.000, steps in the past 0.011, valid nll 1.386
  [diag] log10|dL/dh_t| hist bins=60 range=(-12.00,-2.48) mean=-11.95 p50=-12.00 p05=-12.00 p95=-12.00
  [diag] sat-dist hist bins=60 sat<0.05=0.0% mean=0.982 p10=0.981 p90=0.983
Iter 0000480: train nll 1.386, valid error 074.450%, best valid error 073.950%, avg grad norm   0.844, avg grad norm (post clip)   0.053, rho_Whh  0.95, Omega  0.04, alpha  2.000, steps in the past 0.009, valid nll 1.386
  [diag] log10|dL/dh_t| hist bins=60 range=(-12.00,-2.48) mean=-11.95 p50=-12.00 p05=-12.00 p95=-12.00
  [diag] sat-dist hist bins=60 sat<0.05=0.0% mean=0.982 p10=0.981 p90=0.983
Iter 0000500: train nll 1.386, valid error 074.550%, best valid error 073.950%, avg grad norm   0.791, avg grad norm (post clip)   0.053, rho_Whh  0.95, Omega  0.04, alpha  2.000, steps in the past 0.009, valid nll 1.386
  [diag] log10|dL/dh_t| hist bins=60 range=(-12.00,-2.48) mean=-11.95 p50=-12.00 p05=-12.00 p95=-12.00
  [diag] sat-dist hist bins=60 sat<0.05=0.0% mean=0.982 p10=0.981 p90=0.983
Iter 0000520: train nll 1.386, valid error 074.400%, best valid error 073.950%, avg grad norm   0.803, avg grad norm (post clip)   0.053, rho_Whh  0.95, Omega  0.04, alpha  2.000, steps in the past 0.009, valid nll 1.386
  [diag] log10|dL/dh_t| hist bins=60 range=(-12.00,-2.48) mean=-11.95 p50=-12.00 p05=-12.00 p95=-12.00
  [diag] sat-dist hist bins=60 sat<0.05=0.0% mean=0.982 p10=0.981 p90=0.983
Iter 0000540: train nll 1.386, valid error 074.600%, best valid error 073.950%, avg grad norm   0.746, avg grad norm (post clip)   0.053, rho_Whh  0.95, Omega  0.03, alpha  2.000, steps in the past 0.010, valid nll 1.386
  [diag] log10|dL/dh_t| hist bins=60 range=(-12.00,-2.48) mean=-11.95 p50=-12.00 p05=-12.00 p95=-12.00
  [diag] sat-dist hist bins=60 sat<0.05=0.0% mean=0.982 p10=0.981 p90=0.983
Iter 0000560: train nll 1.386, valid error 074.500%, best valid error 073.950%, avg grad norm   0.773, avg grad norm (post clip)   0.053, rho_Whh  0.95, Omega  0.03, alpha  2.000, steps in the past 0.009, valid nll 1.386
  [diag] log10|dL/dh_t| hist bins=60 range=(-12.00,-2.48) mean=-11.95 p50=-12.00 p05=-12.00 p95=-12.00
  [diag] sat-dist hist bins=60 sat<0.05=0.0% mean=0.982 p10=0.981 p90=0.982
Iter 0000580: train nll 1.386, valid error 074.500%, best valid error 073.950%, avg grad norm   0.690, avg grad norm (post clip)   0.053, rho_Whh  0.95, Omega  0.03, alpha  2.000, steps in the past 0.008, valid nll 1.386
  [diag] log10|dL/dh_t| hist bins=60 range=(-12.00,-2.48) mean=-11.95 p50=-12.00 p05=-12.00 p95=-12.00
  [diag] sat-dist hist bins=60 sat<0.05=0.0% mean=0.982 p10=0.981 p90=0.983
Iter 0000600: train nll 1.386, valid error 074.600%, best valid error 073.950%, avg grad norm   0.709, avg grad norm (post clip)   0.053, rho_Whh  0.95, Omega  0.03, alpha  2.000, steps in the past 0.008, valid nll 1.386
  [diag] log10|dL/dh_t| hist bins=60 range=(-12.00,-2.48) mean=-11.95 p50=-12.00 p05=-12.00 p95=-12.00
  [diag] sat-dist hist bins=60 sat<0.05=0.0% mean=0.982 p10=0.981 p90=0.982
Iter 0000620: train nll 1.386, valid error 074.550%, best valid error 073.950%, avg grad norm   0.664, avg grad norm (post clip)   0.053, rho_Whh  0.95, Omega  0.03, alpha  2.000, steps in the past 0.009, valid nll 1.386
  [diag] log10|dL/dh_t| hist bins=60 range=(-12.00,-2.48) mean=-11.95 p50=-12.00 p05=-12.00 p95=-12.00
  [diag] sat-dist hist bins=60 sat<0.05=0.0% mean=0.982 p10=0.981 p90=0.982
Iter 0000640: train nll 1.386, valid error 074.350%, best valid error 073.950%, avg grad norm   0.677, avg grad norm (post clip)   0.053, rho_Whh  0.95, Omega  0.03, alpha  2.000, steps in the past 0.009, valid nll 1.386
  [diag] log10|dL/dh_t| hist bins=60 range=(-12.00,-2.48) mean=-11.95 p50=-12.00 p05=-12.00 p95=-12.00
  [diag] sat-dist hist bins=60 sat<0.05=0.0% mean=0.982 p10=0.981 p90=0.982
Iter 0000660: train nll 1.386, valid error 074.300%, best valid error 073.950%, avg grad norm   0.619, avg grad norm (post clip)   0.053, rho_Whh  0.95, Omega  0.02, alpha  2.000, steps in the past 0.010, valid nll 1.386
  [diag] log10|dL/dh_t| hist bins=60 range=(-12.00,-2.48) mean=-11.95 p50=-12.00 p05=-12.00 p95=-12.00
  [diag] sat-dist hist bins=60 sat<0.05=0.0% mean=0.982 p10=0.981 p90=0.982
Iter 0000680: train nll 1.386, valid error 074.250%, best valid error 073.950%, avg grad norm   0.602, avg grad norm (post clip)   0.053, rho_Whh  0.95, Omega  0.02, alpha  2.000, steps in the past 0.009, valid nll 1.386
  [diag] log10|dL/dh_t| hist bins=60 range=(-12.00,-2.48) mean=-11.95 p50=-12.00 p05=-12.00 p95=-12.00
  [diag] sat-dist hist bins=60 sat<0.05=0.0% mean=0.982 p10=0.981 p90=0.982
Iter 0000700: train nll 1.386, valid error 074.300%, best valid error 073.950%, avg grad norm   0.627, avg grad norm (post clip)   0.053, rho_Whh  0.95, Omega  0.02, alpha  2.000, steps in the past 0.009, valid nll 1.386
  [diag] log10|dL/dh_t| hist bins=60 range=(-12.00,-2.48) mean=-11.95 p50=-12.00 p05=-12.00 p95=-12.00
  [diag] sat-dist hist bins=60 sat<0.05=0.0% mean=0.982 p10=0.981 p90=0.982
Iter 0000720: train nll 1.386, valid error 074.300%, best valid error 073.950%, avg grad norm   0.655, avg grad norm (post clip)   0.053, rho_Whh  0.95, Omega  0.02, alpha  2.000, steps in the past 0.009, valid nll 1.386
  [diag] log10|dL/dh_t| hist bins=60 range=(-12.00,-2.48) mean=-11.95 p50=-12.00 p05=-12.00 p95=-12.00
  [diag] sat-dist hist bins=60 sat<0.05=0.0% mean=0.982 p10=0.981 p90=0.982
Iter 0000740: train nll 1.386, valid error 074.250%, best valid error 073.950%, avg grad norm   0.580, avg grad norm (post clip)   0.053, rho_Whh  0.95, Omega  0.02, alpha  2.000, steps in the past 0.009, valid nll 1.386
  [diag] log10|dL/dh_t| hist bins=60 range=(-12.00,-2.48) mean=-11.95 p50=-12.00 p05=-12.00 p95=-12.00
  [diag] sat-dist hist bins=60 sat<0.05=0.0% mean=0.982 p10=0.981 p90=0.982
Iter 0000760: train nll 1.386, valid error 074.300%, best valid error 073.950%, avg grad norm   0.590, avg grad norm (post clip)   0.053, rho_Whh  0.95, Omega  0.02, alpha  2.000, steps in the past 0.008, valid nll 1.386
  [diag] log10|dL/dh_t| hist bins=60 range=(-12.00,-2.48) mean=-11.95 p50=-12.00 p05=-12.00 p95=-12.00
  [diag] sat-dist hist bins=60 sat<0.05=0.0% mean=0.982 p10=0.981 p90=0.982
Iter 0000780: train nll 1.386, valid error 074.250%, best valid error 073.950%, avg grad norm   0.564, avg grad norm (post clip)   0.053, rho_Whh  0.95, Omega  0.02, alpha  2.000, steps in the past 0.010, valid nll 1.386
  [diag] log10|dL/dh_t| hist bins=60 range=(-12.00,-2.48) mean=-11.95 p50=-12.00 p05=-12.00 p95=-12.00
  [diag] sat-dist hist bins=60 sat<0.05=0.0% mean=0.982 p10=0.981 p90=0.982
Iter 0000800: train nll 1.386, valid error 074.300%, best valid error 073.950%, avg grad norm   0.547, avg grad norm (post clip)   0.053, rho_Whh  0.95, Omega  0.02, alpha  2.000, steps in the past 0.009, valid nll 1.386
  [diag] log10|dL/dh_t| hist bins=60 range=(-12.00,-2.48) mean=-11.95 p50=-12.00 p05=-12.00 p95=-12.00
  [diag] sat-dist hist bins=60 sat<0.05=0.0% mean=0.982 p10=0.981 p90=0.982
Iter 0000820: train nll 1.386, valid error 074.250%, best valid error 073.950%, avg grad norm   0.527, avg grad norm (post clip)   0.053, rho_Whh  0.95, Omega  0.01, alpha  2.000, steps in the past 0.009, valid nll 1.386
  [diag] log10|dL/dh_t| hist bins=60 range=(-12.00,-2.48) mean=-11.95 p50=-12.00 p05=-12.00 p95=-12.00
  [diag] sat-dist hist bins=60 sat<0.05=0.0% mean=0.982 p10=0.981 p90=0.982
Iter 0000840: train nll 1.386, valid error 074.250%, best valid error 073.950%, avg grad norm   0.505, avg grad norm (post clip)   0.053, rho_Whh  0.95, Omega  0.01, alpha  2.000, steps in the past 0.010, valid nll 1.386
  [diag] log10|dL/dh_t| hist bins=60 range=(-12.00,-2.48) mean=-11.95 p50=-12.00 p05=-12.00 p95=-12.00
  [diag] sat-dist hist bins=60 sat<0.05=0.0% mean=0.982 p10=0.981 p90=0.982
Iter 0000860: train nll 1.387, valid error 074.450%, best valid error 073.950%, avg grad norm   0.518, avg grad norm (post clip)   0.053, rho_Whh  0.95, Omega  0.01, alpha  2.000, steps in the past 0.009, valid nll 1.386
  [diag] log10|dL/dh_t| hist bins=60 range=(-12.00,-2.48) mean=-11.95 p50=-12.00 p05=-12.00 p95=-12.00
  [diag] sat-dist hist bins=60 sat<0.05=0.0% mean=0.982 p10=0.981 p90=0.982
Iter 0000880: train nll 1.386, valid error 074.300%, best valid error 073.950%, avg grad norm   0.454, avg grad norm (post clip)   0.053, rho_Whh  0.94, Omega  0.01, alpha  2.000, steps in the past 0.009, valid nll 1.386
  [diag] log10|dL/dh_t| hist bins=60 range=(-12.00,-2.48) mean=-11.95 p50=-12.00 p05=-12.00 p95=-12.00
  [diag] sat-dist hist bins=60 sat<0.05=0.0% mean=0.982 p10=0.981 p90=0.982
Iter 0000900: train nll 1.386, valid error 074.600%, best valid error 073.950%, avg grad norm   0.443, avg grad norm (post clip)   0.053, rho_Whh  0.94, Omega  0.01, alpha  2.000, steps in the past 0.009, valid nll 1.386
  [diag] log10|dL/dh_t| hist bins=60 range=(-12.00,-2.48) mean=-11.95 p50=-12.00 p05=-12.00 p95=-12.00
  [diag] sat-dist hist bins=60 sat<0.05=0.0% mean=0.982 p10=0.981 p90=0.982
Iter 0000920: train nll 1.386, valid error 074.250%, best valid error 073.950%, avg grad norm   0.409, avg grad norm (post clip)   0.053, rho_Whh  0.94, Omega  0.01, alpha  2.000, steps in the past 0.008, valid nll 1.386
  [diag] log10|dL/dh_t| hist bins=60 range=(-12.00,-2.48) mean=-11.95 p50=-12.00 p05=-12.00 p95=-12.00
  [diag] sat-dist hist bins=60 sat<0.05=0.0% mean=0.982 p10=0.981 p90=0.982
Iter 0000940: train nll 1.386, valid error 074.350%, best valid error 073.950%, avg grad norm   0.445, avg grad norm (post clip)   0.053, rho_Whh  0.94, Omega  0.01, alpha  2.000, steps in the past 0.008, valid nll 1.386
  [diag] log10|dL/dh_t| hist bins=60 range=(-12.00,-2.48) mean=-11.95 p50=-12.00 p05=-12.00 p95=-12.00
  [diag] sat-dist hist bins=60 sat<0.05=0.0% mean=0.982 p10=0.981 p90=0.982
Iter 0000960: train nll 1.386, valid error 074.600%, best valid error 073.950%, avg grad norm   0.393, avg grad norm (post clip)   0.053, rho_Whh  0.94, Omega  0.01, alpha  2.000, steps in the past 0.009, valid nll 1.386
  [diag] log10|dL/dh_t| hist bins=60 range=(-12.00,-2.48) mean=-11.95 p50=-12.00 p05=-12.00 p95=-12.00
  [diag] sat-dist hist bins=60 sat<0.05=0.0% mean=0.982 p10=0.981 p90=0.982
Iter 0000980: train nll 1.386, valid error 074.450%, best valid error 073.950%, avg grad norm   0.416, avg grad norm (post clip)   0.053, rho_Whh  0.94, Omega  0.01, alpha  2.000, steps in the past 0.010, valid nll 1.386
  [diag] log10|dL/dh_t| hist bins=60 range=(-12.00,-2.48) mean=-11.95 p50=-12.00 p05=-12.00 p95=-12.00
  [diag] sat-dist hist bins=60 sat<0.05=0.0% mean=0.982 p10=0.981 p90=0.982
Iter 0001000: train nll 1.386, valid error 074.450%, best valid error 073.950%, avg grad norm   0.403, avg grad norm (post clip)   0.053, rho_Whh  0.94, Omega  0.01, alpha  2.000, steps in the past 0.010, valid nll 1.386
  [diag] log10|dL/dh_t| hist bins=60 range=(-12.00,-2.48) mean=-11.95 p50=-12.00 p05=-12.00 p95=-12.00
  [diag] sat-dist hist bins=60 sat<0.05=0.0% mean=0.982 p10=0.981 p90=0.982
Iter 0001020: train nll 1.386, valid error 074.350%, best valid error 073.950%, avg grad norm   0.355, avg grad norm (post clip)   0.053, rho_Whh  0.94, Omega  0.01, alpha  2.000, steps in the past 0.009, valid nll 1.386
  [diag] log10|dL/dh_t| hist bins=60 range=(-12.00,-2.48) mean=-11.95 p50=-12.00 p05=-12.00 p95=-12.00
  [diag] sat-dist hist bins=60 sat<0.05=0.0% mean=0.982 p10=0.981 p90=0.982
Iter 0001040: train nll 1.386, valid error 074.400%, best valid error 073.950%, avg grad norm   0.359, avg grad norm (post clip)   0.053, rho_Whh  0.94, Omega  0.01, alpha  2.000, steps in the past 0.009, valid nll 1.386
  [diag] log10|dL/dh_t| hist bins=60 range=(-12.00,-2.48) mean=-11.95 p50=-12.00 p05=-12.00 p95=-12.00
  [diag] sat-dist hist bins=60 sat<0.05=0.0% mean=0.982 p10=0.981 p90=0.982
Iter 0001060: train nll 1.387, valid error 074.400%, best valid error 073.950%, avg grad norm   0.358, avg grad norm (post clip)   0.053, rho_Whh  0.94, Omega  0.01, alpha  2.000, steps in the past 0.010, valid nll 1.386
  [diag] log10|dL/dh_t| hist bins=60 range=(-12.00,-2.48) mean=-11.95 p50=-12.00 p05=-12.00 p95=-12.00
  [diag] sat-dist hist bins=60 sat<0.05=0.0% mean=0.982 p10=0.981 p90=0.982
Iter 0001080: train nll 1.387, valid error 074.700%, best valid error 073.950%, avg grad norm   0.377, avg grad norm (post clip)   0.053, rho_Whh  0.94, Omega  0.01, alpha  2.000, steps in the past 0.010, valid nll 1.386
  [diag] log10|dL/dh_t| hist bins=60 range=(-12.00,-2.48) mean=-11.95 p50=-12.00 p05=-12.00 p95=-12.00
  [diag] sat-dist hist bins=60 sat<0.05=0.0% mean=0.982 p10=0.981 p90=0.982
Iter 0001100: train nll 1.386, valid error 074.700%, best valid error 073.950%, avg grad norm   0.336, avg grad norm (post clip)   0.053, rho_Whh  0.94, Omega  0.00, alpha  2.000, steps in the past 0.010, valid nll 1.386
  [diag] log10|dL/dh_t| hist bins=60 range=(-12.00,-2.48) mean=-11.95 p50=-12.00 p05=-12.00 p95=-12.00
  [diag] sat-dist hist bins=60 sat<0.05=0.0% mean=0.982 p10=0.981 p90=0.982
Iter 0001120: train nll 1.386, valid error 074.500%, best valid error 073.950%, avg grad norm   0.322, avg grad norm (post clip)   0.053, rho_Whh  0.94, Omega  0.00, alpha  2.000, steps in the past 0.009, valid nll 1.386
  [diag] log10|dL/dh_t| hist bins=60 range=(-12.00,-2.48) mean=-11.95 p50=-12.00 p05=-12.00 p95=-12.00
  [diag] sat-dist hist bins=60 sat<0.05=0.0% mean=0.982 p10=0.981 p90=0.982
Iter 0001140: train nll 1.386, valid error 074.500%, best valid error 073.950%, avg grad norm   0.306, avg grad norm (post clip)   0.053, rho_Whh  0.94, Omega  0.00, alpha  2.000, steps in the past 0.011, valid nll 1.386
  [diag] log10|dL/dh_t| hist bins=60 range=(-12.00,-2.48) mean=-11.95 p50=-12.00 p05=-12.00 p95=-12.00
  [diag] sat-dist hist bins=60 sat<0.05=0.0% mean=0.982 p10=0.981 p90=0.982
Iter 0001160: train nll 1.386, valid error 074.450%, best valid error 073.950%, avg grad norm   0.300, avg grad norm (post clip)   0.053, rho_Whh  0.94, Omega  0.00, alpha  2.000, steps in the past 0.008, valid nll 1.386
  [diag] log10|dL/dh_t| hist bins=60 range=(-12.00,-2.48) mean=-11.95 p50=-12.00 p05=-12.00 p95=-12.00
  [diag] sat-dist hist bins=60 sat<0.05=0.0% mean=0.982 p10=0.981 p90=0.982
Iter 0001180: train nll 1.386, valid error 074.600%, best valid error 073.950%, avg grad norm   0.300, avg grad norm (post clip)   0.053, rho_Whh  0.94, Omega  0.00, alpha  2.000, steps in the past 0.009, valid nll 1.386
  [diag] log10|dL/dh_t| hist bins=60 range=(-12.00,-2.48) mean=-11.95 p50=-12.00 p05=-12.00 p95=-12.00
  [diag] sat-dist hist bins=60 sat<0.05=0.0% mean=0.981 p10=0.981 p90=0.982
Iter 0001200: train nll 1.386, valid error 074.650%, best valid error 073.950%, avg grad norm   0.244, avg grad norm (post clip)   0.053, rho_Whh  0.94, Omega  0.00, alpha  2.000, steps in the past 0.009, valid nll 1.386
  [diag] log10|dL/dh_t| hist bins=60 range=(-12.00,-2.48) mean=-11.95 p50=-12.00 p05=-12.00 p95=-12.00
  [diag] sat-dist hist bins=60 sat<0.05=0.0% mean=0.981 p10=0.981 p90=0.982
Iter 0001220: train nll 1.386, valid error 074.750%, best valid error 073.950%, avg grad norm   0.242, avg grad norm (post clip)   0.053, rho_Whh  0.94, Omega  0.00, alpha  2.000, steps in the past 0.008, valid nll 1.386
  [diag] log10|dL/dh_t| hist bins=60 range=(-12.00,-2.48) mean=-11.95 p50=-12.00 p05=-12.00 p95=-12.00
  [diag] sat-dist hist bins=60 sat<0.05=0.0% mean=0.981 p10=0.980 p90=0.982
Iter 0001240: train nll 1.386, valid error 074.550%, best valid error 073.950%, avg grad norm   0.270, avg grad norm (post clip)   0.053, rho_Whh  0.94, Omega  0.00, alpha  2.000, steps in the past 0.009, valid nll 1.386
  [diag] log10|dL/dh_t| hist bins=60 range=(-12.00,-2.48) mean=-11.95 p50=-12.00 p05=-12.00 p95=-12.00
  [diag] sat-dist hist bins=60 sat<0.05=0.0% mean=0.981 p10=0.980 p90=0.982
Iter 0001260: train nll 1.387, valid error 074.550%, best valid error 073.950%, avg grad norm   0.252, avg grad norm (post clip)   0.053, rho_Whh  0.94, Omega  0.00, alpha  2.000, steps in the past 0.009, valid nll 1.386
  [diag] log10|dL/dh_t| hist bins=60 range=(-12.00,-2.48) mean=-11.95 p50=-12.00 p05=-12.00 p95=-12.00
  [diag] sat-dist hist bins=60 sat<0.05=0.0% mean=0.981 p10=0.980 p90=0.982
Iter 0001280: train nll 1.386, valid error 075.200%, best valid error 073.950%, avg grad norm   0.254, avg grad norm (post clip)   0.053, rho_Whh  0.94, Omega  0.00, alpha  2.000, steps in the past 0.008, valid nll 1.386
  [diag] log10|dL/dh_t| hist bins=60 range=(-12.00,-2.48) mean=-11.95 p50=-12.00 p05=-12.00 p95=-12.00
  [diag] sat-dist hist bins=60 sat<0.05=0.0% mean=0.981 p10=0.980 p90=0.981
Iter 0001300: train nll 1.386, valid error 075.100%, best valid error 073.950%, avg grad norm   0.248, avg grad norm (post clip)   0.053, rho_Whh  0.94, Omega  0.00, alpha  2.000, steps in the past 0.010, valid nll 1.386
  [diag] log10|dL/dh_t| hist bins=60 range=(-12.00,-2.48) mean=-11.95 p50=-12.00 p05=-12.00 p95=-12.00
  [diag] sat-dist hist bins=60 sat<0.05=0.0% mean=0.981 p10=0.980 p90=0.982
Iter 0001320: train nll 1.387, valid error 076.150%, best valid error 073.950%, avg grad norm   0.233, avg grad norm (post clip)   0.053, rho_Whh  0.94, Omega  0.00, alpha  2.000, steps in the past 0.008, valid nll 1.386
  [diag] log10|dL/dh_t| hist bins=60 range=(-12.00,-2.48) mean=-11.95 p50=-12.00 p05=-12.00 p95=-12.00
  [diag] sat-dist hist bins=60 sat<0.05=0.0% mean=0.981 p10=0.980 p90=0.982
Iter 0001340: train nll 1.386, valid error 076.350%, best valid error 073.950%, avg grad norm   0.212, avg grad norm (post clip)   0.053, rho_Whh  0.94, Omega  0.00, alpha  2.000, steps in the past 0.010, valid nll 1.386
  [diag] log10|dL/dh_t| hist bins=60 range=(-12.00,-2.48) mean=-11.95 p50=-12.00 p05=-12.00 p95=-12.00
  [diag] sat-dist hist bins=60 sat<0.05=0.0% mean=0.982 p10=0.981 p90=0.982
Iter 0001360: train nll 1.387, valid error 075.500%, best valid error 073.950%, avg grad norm   0.225, avg grad norm (post clip)   0.053, rho_Whh  0.94, Omega  0.00, alpha  2.000, steps in the past 0.009, valid nll 1.386
  [diag] log10|dL/dh_t| hist bins=60 range=(-12.00,-2.48) mean=-11.95 p50=-12.00 p05=-12.00 p95=-12.00
  [diag] sat-dist hist bins=60 sat<0.05=0.0% mean=0.981 p10=0.981 p90=0.982
Iter 0001380: train nll 1.386, valid error 076.050%, best valid error 073.950%, avg grad norm   0.201, avg grad norm (post clip)   0.053, rho_Whh  0.94, Omega  0.00, alpha  2.000, steps in the past 0.010, valid nll 1.386
  [diag] log10|dL/dh_t| hist bins=60 range=(-12.00,-2.48) mean=-11.95 p50=-12.00 p05=-12.00 p95=-12.00
  [diag] sat-dist hist bins=60 sat<0.05=0.0% mean=0.981 p10=0.980 p90=0.982
Iter 0001400: train nll 1.386, valid error 075.250%, best valid error 073.950%, avg grad norm   0.210, avg grad norm (post clip)   0.053, rho_Whh  0.94, Omega  0.00, alpha  2.000, steps in the past 0.010, valid nll 1.386
  [diag] log10|dL/dh_t| hist bins=60 range=(-12.00,-2.48) mean=-11.95 p50=-12.00 p05=-12.00 p95=-12.00
  [diag] sat-dist hist bins=60 sat<0.05=0.0% mean=0.981 p10=0.980 p90=0.982
Iter 0001420: train nll 1.386, valid error 075.400%, best valid error 073.950%, avg grad norm   0.204, avg grad norm (post clip)   0.053, rho_Whh  0.94, Omega  0.00, alpha  2.000, steps in the past 0.009, valid nll 1.386
  [diag] log10|dL/dh_t| hist bins=60 range=(-12.00,-2.48) mean=-11.95 p50=-12.00 p05=-12.00 p95=-12.00
  [diag] sat-dist hist bins=60 sat<0.05=0.0% mean=0.981 p10=0.980 p90=0.982
Iter 0001440: train nll 1.387, valid error 075.200%, best valid error 073.950%, avg grad norm   0.198, avg grad norm (post clip)   0.053, rho_Whh  0.94, Omega  0.00, alpha  2.000, steps in the past 0.010, valid nll 1.386
  [diag] log10|dL/dh_t| hist bins=60 range=(-12.00,-2.48) mean=-11.95 p50=-12.00 p05=-12.00 p95=-12.00
  [diag] sat-dist hist bins=60 sat<0.05=0.0% mean=0.981 p10=0.981 p90=0.982
Iter 0001460: train nll 1.386, valid error 076.150%, best valid error 073.950%, avg grad norm   0.206, avg grad norm (post clip)   0.053, rho_Whh  0.94, Omega  0.00, alpha  2.000, steps in the past 0.010, valid nll 1.386
  [diag] log10|dL/dh_t| hist bins=60 range=(-12.00,-2.48) mean=-11.95 p50=-12.00 p05=-12.00 p95=-12.00
  [diag] sat-dist hist bins=60 sat<0.05=0.0% mean=0.981 p10=0.980 p90=0.982
Iter 0001480: train nll 1.386, valid error 075.800%, best valid error 073.950%, avg grad norm   0.237, avg grad norm (post clip)   0.053, rho_Whh  0.94, Omega  0.00, alpha  2.000, steps in the past 0.008, valid nll 1.386
  [diag] log10|dL/dh_t| hist bins=60 range=(-12.00,-2.48) mean=-11.95 p50=-12.00 p05=-12.00 p95=-12.00
  [diag] sat-dist hist bins=60 sat<0.05=0.0% mean=0.981 p10=0.980 p90=0.982
Iter 0001500: train nll 1.386, valid error 075.650%, best valid error 073.950%, avg grad norm   0.180, avg grad norm (post clip)   0.053, rho_Whh  0.94, Omega  0.00, alpha  2.000, steps in the past 0.010, valid nll 1.386
  [diag] log10|dL/dh_t| hist bins=60 range=(-12.00,-2.48) mean=-11.95 p50=-12.00 p05=-12.00 p95=-12.00
  [diag] sat-dist hist bins=60 sat<0.05=0.0% mean=0.981 p10=0.981 p90=0.982
Iter 0001520: train nll 1.386, valid error 075.300%, best valid error 073.950%, avg grad norm   0.192, avg grad norm (post clip)   0.053, rho_Whh  0.94, Omega  0.00, alpha  2.000, steps in the past 0.010, valid nll 1.386
  [diag] log10|dL/dh_t| hist bins=60 range=(-12.00,-2.48) mean=-11.95 p50=-12.00 p05=-12.00 p95=-12.00
  [diag] sat-dist hist bins=60 sat<0.05=0.0% mean=0.981 p10=0.980 p90=0.982
Iter 0001540: train nll 1.386, valid error 075.450%, best valid error 073.950%, avg grad norm   0.206, avg grad norm (post clip)   0.053, rho_Whh  0.94, Omega  0.00, alpha  2.000, steps in the past 0.009, valid nll 1.386
  [diag] log10|dL/dh_t| hist bins=60 range=(-12.00,-2.48) mean=-11.95 p50=-12.00 p05=-12.00 p95=-12.00
  [diag] sat-dist hist bins=60 sat<0.05=0.0% mean=0.981 p10=0.980 p90=0.982
Iter 0001560: train nll 1.386, valid error 075.350%, best valid error 073.950%, avg grad norm   0.234, avg grad norm (post clip)   0.053, rho_Whh  0.94, Omega  0.00, alpha  2.000, steps in the past 0.010, valid nll 1.386
  [diag] log10|dL/dh_t| hist bins=60 range=(-12.00,-2.48) mean=-11.95 p50=-12.00 p05=-12.00 p95=-12.00
  [diag] sat-dist hist bins=60 sat<0.05=0.0% mean=0.982 p10=0.981 p90=0.982
Iter 0001580: train nll 1.387, valid error 075.150%, best valid error 073.950%, avg grad norm   0.188, avg grad norm (post clip)   0.053, rho_Whh  0.94, Omega  0.00, alpha  2.000, steps in the past 0.010, valid nll 1.386
  [diag] log10|dL/dh_t| hist bins=60 range=(-12.00,-2.48) mean=-11.95 p50=-12.00 p05=-12.00 p95=-12.00
  [diag] sat-dist hist bins=60 sat<0.05=0.0% mean=0.982 p10=0.981 p90=0.982
Iter 0001600: train nll 1.386, valid error 075.200%, best valid error 073.950%, avg grad norm   0.210, avg grad norm (post clip)   0.053, rho_Whh  0.94, Omega  0.00, alpha  2.000, steps in the past 0.009, valid nll 1.386
  [diag] log10|dL/dh_t| hist bins=60 range=(-12.00,-2.48) mean=-11.95 p50=-12.00 p05=-12.00 p95=-12.00
  [diag] sat-dist hist bins=60 sat<0.05=0.0% mean=0.982 p10=0.981 p90=0.982
Iter 0001620: train nll 1.387, valid error 075.200%, best valid error 073.950%, avg grad norm   0.192, avg grad norm (post clip)   0.053, rho_Whh  0.94, Omega  0.00, alpha  2.000, steps in the past 0.008, valid nll 1.386
  [diag] log10|dL/dh_t| hist bins=60 range=(-12.00,-2.48) mean=-11.95 p50=-12.00 p05=-12.00 p95=-12.00
  [diag] sat-dist hist bins=60 sat<0.05=0.0% mean=0.982 p10=0.981 p90=0.983
Iter 0001640: train nll 1.386, valid error 075.700%, best valid error 073.950%, avg grad norm   0.187, avg grad norm (post clip)   0.053, rho_Whh  0.94, Omega  0.00, alpha  2.000, steps in the past 0.009, valid nll 1.386
  [diag] log10|dL/dh_t| hist bins=60 range=(-12.00,-2.48) mean=-11.95 p50=-12.00 p05=-12.00 p95=-12.00
  [diag] sat-dist hist bins=60 sat<0.05=0.0% mean=0.982 p10=0.981 p90=0.983
Iter 0001660: train nll 1.386, valid error 074.200%, best valid error 073.950%, avg grad norm   0.204, avg grad norm (post clip)   0.053, rho_Whh  0.94, Omega  0.00, alpha  2.000, steps in the past 0.009, valid nll 1.386
  [diag] log10|dL/dh_t| hist bins=60 range=(-12.00,-2.48) mean=-11.95 p50=-12.00 p05=-12.00 p95=-12.00
  [diag] sat-dist hist bins=60 sat<0.05=0.0% mean=0.982 p10=0.981 p90=0.982
Iter 0001680: train nll 1.386, valid error 075.250%, best valid error 073.950%, avg grad norm   0.177, avg grad norm (post clip)   0.053, rho_Whh  0.94, Omega  0.00, alpha  2.000, steps in the past 0.008, valid nll 1.386
  [diag] log10|dL/dh_t| hist bins=60 range=(-12.00,-2.48) mean=-11.95 p50=-12.00 p05=-12.00 p95=-12.00
  [diag] sat-dist hist bins=60 sat<0.05=0.0% mean=0.982 p10=0.981 p90=0.982
Iter 0001700: train nll 1.386, valid error 075.100%, best valid error 073.950%, avg grad norm   0.162, avg grad norm (post clip)   0.052, rho_Whh  0.94, Omega  0.00, alpha  2.000, steps in the past 0.007, valid nll 1.386
  [diag] log10|dL/dh_t| hist bins=60 range=(-12.00,-2.48) mean=-11.95 p50=-12.00 p05=-12.00 p95=-12.00
  [diag] sat-dist hist bins=60 sat<0.05=0.0% mean=0.982 p10=0.981 p90=0.982
Iter 0001720: train nll 1.386, valid error 075.150%, best valid error 073.950%, avg grad norm   0.203, avg grad norm (post clip)   0.053, rho_Whh  0.94, Omega  0.00, alpha  2.000, steps in the past 0.011, valid nll 1.386
  [diag] log10|dL/dh_t| hist bins=60 range=(-12.00,-2.48) mean=-11.95 p50=-12.00 p05=-12.00 p95=-12.00
  [diag] sat-dist hist bins=60 sat<0.05=0.0% mean=0.982 p10=0.981 p90=0.982
Iter 0001740: train nll 1.386, valid error 075.150%, best valid error 073.950%, avg grad norm   0.184, avg grad norm (post clip)   0.053, rho_Whh  0.94, Omega  0.00, alpha  2.000, steps in the past 0.009, valid nll 1.386
  [diag] log10|dL/dh_t| hist bins=60 range=(-12.00,-2.48) mean=-11.95 p50=-12.00 p05=-12.00 p95=-12.00
  [diag] sat-dist hist bins=60 sat<0.05=0.0% mean=0.982 p10=0.981 p90=0.982
Iter 0001760: train nll 1.386, valid error 075.000%, best valid error 073.950%, avg grad norm   0.189, avg grad norm (post clip)   0.053, rho_Whh  0.94, Omega  0.00, alpha  2.000, steps in the past 0.009, valid nll 1.386
  [diag] log10|dL/dh_t| hist bins=60 range=(-12.00,-2.48) mean=-11.95 p50=-12.00 p05=-12.00 p95=-12.00
  [diag] sat-dist hist bins=60 sat<0.05=0.0% mean=0.982 p10=0.981 p90=0.982
Iter 0001780: train nll 1.386, valid error 075.050%, best valid error 073.950%, avg grad norm   0.188, avg grad norm (post clip)   0.053, rho_Whh  0.94, Omega  0.00, alpha  2.000, steps in the past 0.009, valid nll 1.386
  [diag] log10|dL/dh_t| hist bins=60 range=(-12.00,-2.48) mean=-11.95 p50=-12.00 p05=-12.00 p95=-12.00
  [diag] sat-dist hist bins=60 sat<0.05=0.0% mean=0.982 p10=0.981 p90=0.982
Iter 0001800: train nll 1.386, valid error 075.250%, best valid error 073.950%, avg grad norm   0.155, avg grad norm (post clip)   0.052, rho_Whh  0.94, Omega  0.00, alpha  2.000, steps in the past 0.011, valid nll 1.386
  [diag] log10|dL/dh_t| hist bins=60 range=(-12.00,-2.48) mean=-11.95 p50=-12.00 p05=-12.00 p95=-12.00
  [diag] sat-dist hist bins=60 sat<0.05=0.0% mean=0.981 p10=0.981 p90=0.982
Iter 0001820: train nll 1.386, valid error 074.600%, best valid error 073.950%, avg grad norm   0.221, avg grad norm (post clip)   0.053, rho_Whh  0.94, Omega  0.00, alpha  2.000, steps in the past 0.009, valid nll 1.386
  [diag] log10|dL/dh_t| hist bins=60 range=(-12.00,-2.48) mean=-11.95 p50=-12.00 p05=-12.00 p95=-12.00
  [diag] sat-dist hist bins=60 sat<0.05=0.0% mean=0.981 p10=0.980 p90=0.982
Iter 0001840: train nll 1.386, valid error 074.500%, best valid error 073.950%, avg grad norm   0.180, avg grad norm (post clip)   0.053, rho_Whh  0.94, Omega  0.00, alpha  2.000, steps in the past 0.008, valid nll 1.386
  [diag] log10|dL/dh_t| hist bins=60 range=(-12.00,-2.48) mean=-11.95 p50=-12.00 p05=-12.00 p95=-12.00
  [diag] sat-dist hist bins=60 sat<0.05=0.0% mean=0.982 p10=0.981 p90=0.982
Iter 0001860: train nll 1.387, valid error 074.550%, best valid error 073.950%, avg grad norm   0.159, avg grad norm (post clip)   0.053, rho_Whh  0.94, Omega  0.00, alpha  2.000, steps in the past 0.008, valid nll 1.386
  [diag] log10|dL/dh_t| hist bins=60 range=(-12.00,-2.48) mean=-11.95 p50=-12.00 p05=-12.00 p95=-12.00
  [diag] sat-dist hist bins=60 sat<0.05=0.0% mean=0.982 p10=0.981 p90=0.982
Iter 0001880: train nll 1.386, valid error 074.850%, best valid error 073.950%, avg grad norm   0.174, avg grad norm (post clip)   0.053, rho_Whh  0.94, Omega  0.00, alpha  2.000, steps in the past 0.008, valid nll 1.386
  [diag] log10|dL/dh_t| hist bins=60 range=(-12.00,-2.48) mean=-11.95 p50=-12.00 p05=-12.00 p95=-12.00
  [diag] sat-dist hist bins=60 sat<0.05=0.0% mean=0.982 p10=0.981 p90=0.982
Iter 0001900: train nll 1.386, valid error 074.550%, best valid error 073.950%, avg grad norm   0.173, avg grad norm (post clip)   0.053, rho_Whh  0.94, Omega  0.00, alpha  2.000, steps in the past 0.009, valid nll 1.386
  [diag] log10|dL/dh_t| hist bins=60 range=(-12.00,-2.48) mean=-11.95 p50=-12.00 p05=-12.00 p95=-12.00
  [diag] sat-dist hist bins=60 sat<0.05=0.0% mean=0.981 p10=0.981 p90=0.982
Iter 0001920: train nll 1.386, valid error 074.450%, best valid error 073.950%, avg grad norm   0.184, avg grad norm (post clip)   0.053, rho_Whh  0.94, Omega  0.00, alpha  2.000, steps in the past 0.009, valid nll 1.386
  [diag] log10|dL/dh_t| hist bins=60 range=(-12.00,-2.48) mean=-11.95 p50=-12.00 p05=-12.00 p95=-12.00
  [diag] sat-dist hist bins=60 sat<0.05=0.0% mean=0.982 p10=0.981 p90=0.982
Iter 0001940: train nll 1.386, valid error 074.500%, best valid error 073.950%, avg grad norm   0.185, avg grad norm (post clip)   0.053, rho_Whh  0.94, Omega  0.00, alpha  2.000, steps in the past 0.009, valid nll 1.386
  [diag] log10|dL/dh_t| hist bins=60 range=(-12.00,-2.48) mean=-11.95 p50=-12.00 p05=-12.00 p95=-12.00
  [diag] sat-dist hist bins=60 sat<0.05=0.0% mean=0.981 p10=0.981 p90=0.982
Iter 0001960: train nll 1.386, valid error 074.500%, best valid error 073.950%, avg grad norm   0.187, avg grad norm (post clip)   0.053, rho_Whh  0.94, Omega  0.00, alpha  2.000, steps in the past 0.011, valid nll 1.386
  [diag] log10|dL/dh_t| hist bins=60 range=(-12.00,-2.48) mean=-11.95 p50=-12.00 p05=-12.00 p95=-12.00
  [diag] sat-dist hist bins=60 sat<0.05=0.0% mean=0.982 p10=0.981 p90=0.982
Iter 0001980: train nll 1.386, valid error 074.500%, best valid error 073.950%, avg grad norm   0.171, avg grad norm (post clip)   0.053, rho_Whh  0.94, Omega  0.00, alpha  2.000, steps in the past 0.009, valid nll 1.386
  [diag] log10|dL/dh_t| hist bins=60 range=(-12.00,-2.48) mean=-11.95 p50=-12.00 p05=-12.00 p95=-12.00
  [diag] sat-dist hist bins=60 sat<0.05=0.0% mean=0.982 p10=0.981 p90=0.982
Iter 0002000: train nll 1.386, valid error 074.500%, best valid error 073.950%, avg grad norm   0.185, avg grad norm (post clip)   0.053, rho_Whh  0.94, Omega  0.00, alpha  2.000, steps in the past 0.011, valid nll 1.386
  [diag] log10|dL/dh_t| hist bins=60 range=(-12.00,-2.48) mean=-11.95 p50=-12.00 p05=-12.00 p95=-12.00
  [diag] sat-dist hist bins=60 sat<0.05=0.0% mean=0.981 p10=0.980 p90=0.982
Iter 0002020: train nll 1.386, valid error 074.500%, best valid error 073.950%, avg grad norm   0.191, avg grad norm (post clip)   0.053, rho_Whh  0.94, Omega  0.00, alpha  2.000, steps in the past 0.011, valid nll 1.386
  [diag] log10|dL/dh_t| hist bins=60 range=(-12.00,-2.48) mean=-11.95 p50=-12.00 p05=-12.00 p95=-12.00
  [diag] sat-dist hist bins=60 sat<0.05=0.0% mean=0.981 p10=0.980 p90=0.982
Iter 0002040: train nll 1.386, valid error 074.500%, best valid error 073.950%, avg grad norm   0.203, avg grad norm (post clip)   0.053, rho_Whh  0.94, Omega  0.00, alpha  2.000, steps in the past 0.009, valid nll 1.386
  [diag] log10|dL/dh_t| hist bins=60 range=(-12.00,-2.48) mean=-11.95 p50=-12.00 p05=-12.00 p95=-12.00
  [diag] sat-dist hist bins=60 sat<0.05=0.0% mean=0.981 p10=0.981 p90=0.982
Iter 0002060: train nll 1.387, valid error 074.500%, best valid error 073.950%, avg grad norm   0.182, avg grad norm (post clip)   0.053, rho_Whh  0.94, Omega  0.00, alpha  2.000, steps in the past 0.010, valid nll 1.386
  [diag] log10|dL/dh_t| hist bins=60 range=(-12.00,-2.48) mean=-11.95 p50=-12.00 p05=-12.00 p95=-12.00
  [diag] sat-dist hist bins=60 sat<0.05=0.0% mean=0.981 p10=0.981 p90=0.982
Iter 0002080: train nll 1.386, valid error 074.500%, best valid error 073.950%, avg grad norm   0.172, avg grad norm (post clip)   0.053, rho_Whh  0.94, Omega  0.00, alpha  2.000, steps in the past 0.008, valid nll 1.386
  [diag] log10|dL/dh_t| hist bins=60 range=(-12.00,-2.48) mean=-11.95 p50=-12.00 p05=-12.00 p95=-12.00
  [diag] sat-dist hist bins=60 sat<0.05=0.0% mean=0.981 p10=0.981 p90=0.982
Iter 0002100: train nll 1.386, valid error 074.450%, best valid error 073.950%, avg grad norm   0.192, avg grad norm (post clip)   0.053, rho_Whh  0.94, Omega  0.00, alpha  2.000, steps in the past 0.009, valid nll 1.386
  [diag] log10|dL/dh_t| hist bins=60 range=(-12.00,-2.48) mean=-11.95 p50=-12.00 p05=-12.00 p95=-12.00
  [diag] sat-dist hist bins=60 sat<0.05=0.0% mean=0.981 p10=0.981 p90=0.982
Iter 0002120: train nll 1.386, valid error 074.550%, best valid error 073.950%, avg grad norm   0.179, avg grad norm (post clip)   0.053, rho_Whh  0.94, Omega  0.00, alpha  2.000, steps in the past 0.009, valid nll 1.386
  [diag] log10|dL/dh_t| hist bins=60 range=(-12.00,-2.48) mean=-11.95 p50=-12.00 p05=-12.00 p95=-12.00
  [diag] sat-dist hist bins=60 sat<0.05=0.0% mean=0.981 p10=0.980 p90=0.981
Iter 0002140: train nll 1.386, valid error 074.500%, best valid error 073.950%, avg grad norm   0.191, avg grad norm (post clip)   0.053, rho_Whh  0.94, Omega  0.00, alpha  2.000, steps in the past 0.010, valid nll 1.386
  [diag] log10|dL/dh_t| hist bins=60 range=(-12.00,-2.48) mean=-11.95 p50=-12.00 p05=-12.00 p95=-12.00
  [diag] sat-dist hist bins=60 sat<0.05=0.0% mean=0.981 p10=0.980 p90=0.981
Iter 0002160: train nll 1.386, valid error 074.500%, best valid error 073.950%, avg grad norm   0.200, avg grad norm (post clip)   0.053, rho_Whh  0.94, Omega  0.00, alpha  2.000, steps in the past 0.010, valid nll 1.386
  [diag] log10|dL/dh_t| hist bins=60 range=(-12.00,-2.48) mean=-11.95 p50=-12.00 p05=-12.00 p95=-12.00
  [diag] sat-dist hist bins=60 sat<0.05=0.0% mean=0.980 p10=0.980 p90=0.981
Iter 0002180: train nll 1.386, valid error 074.500%, best valid error 073.950%, avg grad norm   0.209, avg grad norm (post clip)   0.053, rho_Whh  0.94, Omega  0.00, alpha  2.000, steps in the past 0.009, valid nll 1.386
  [diag] log10|dL/dh_t| hist bins=60 range=(-12.00,-2.48) mean=-11.95 p50=-12.00 p05=-12.00 p95=-12.00
  [diag] sat-dist hist bins=60 sat<0.05=0.0% mean=0.980 p10=0.980 p90=0.981
Iter 0002200: train nll 1.386, valid error 074.500%, best valid error 073.950%, avg grad norm   0.199, avg grad norm (post clip)   0.053, rho_Whh  0.94, Omega  0.00, alpha  2.000, steps in the past 0.010, valid nll 1.386
  [diag] log10|dL/dh_t| hist bins=60 range=(-12.00,-2.48) mean=-11.95 p50=-12.00 p05=-12.00 p95=-12.00
  [diag] sat-dist hist bins=60 sat<0.05=0.0% mean=0.981 p10=0.980 p90=0.981
Iter 0002220: train nll 1.387, valid error 074.500%, best valid error 073.950%, avg grad norm   0.197, avg grad norm (post clip)   0.053, rho_Whh  0.94, Omega  0.00, alpha  2.000, steps in the past 0.009, valid nll 1.386
  [diag] log10|dL/dh_t| hist bins=60 range=(-12.00,-2.48) mean=-11.95 p50=-12.00 p05=-12.00 p95=-12.00
  [diag] sat-dist hist bins=60 sat<0.05=0.0% mean=0.980 p10=0.980 p90=0.981
Iter 0002240: train nll 1.386, valid error 074.500%, best valid error 073.950%, avg grad norm   0.197, avg grad norm (post clip)   0.053, rho_Whh  0.94, Omega  0.00, alpha  2.000, steps in the past 0.009, valid nll 1.386
  [diag] log10|dL/dh_t| hist bins=60 range=(-12.00,-2.48) mean=-11.95 p50=-12.00 p05=-12.00 p95=-12.00
  [diag] sat-dist hist bins=60 sat<0.05=0.0% mean=0.980 p10=0.979 p90=0.981
Iter 0002260: train nll 1.386, valid error 074.500%, best valid error 073.950%, avg grad norm   0.175, avg grad norm (post clip)   0.053, rho_Whh  0.94, Omega  0.00, alpha  2.000, steps in the past 0.008, valid nll 1.386
  [diag] log10|dL/dh_t| hist bins=60 range=(-12.00,-2.48) mean=-11.95 p50=-12.00 p05=-12.00 p95=-12.00
  [diag] sat-dist hist bins=60 sat<0.05=0.0% mean=0.980 p10=0.980 p90=0.981
Iter 0002280: train nll 1.387, valid error 074.500%, best valid error 073.950%, avg grad norm   0.198, avg grad norm (post clip)   0.053, rho_Whh  0.94, Omega  0.00, alpha  2.000, steps in the past 0.008, valid nll 1.386
  [diag] log10|dL/dh_t| hist bins=60 range=(-12.00,-2.48) mean=-11.95 p50=-12.00 p05=-12.00 p95=-12.00
  [diag] sat-dist hist bins=60 sat<0.05=0.0% mean=0.980 p10=0.980 p90=0.981
Iter 0002300: train nll 1.386, valid error 074.500%, best valid error 073.950%, avg grad norm   0.187, avg grad norm (post clip)   0.053, rho_Whh  0.94, Omega  0.00, alpha  2.000, steps in the past 0.009, valid nll 1.386
  [diag] log10|dL/dh_t| hist bins=60 range=(-12.00,-2.48) mean=-11.95 p50=-12.00 p05=-12.00 p95=-12.00
  [diag] sat-dist hist bins=60 sat<0.05=0.0% mean=0.980 p10=0.980 p90=0.981
Iter 0002320: train nll 1.387, valid error 074.500%, best valid error 073.950%, avg grad norm   0.198, avg grad norm (post clip)   0.053, rho_Whh  0.94, Omega  0.00, alpha  2.000, steps in the past 0.009, valid nll 1.386
  [diag] log10|dL/dh_t| hist bins=60 range=(-12.00,-2.48) mean=-11.95 p50=-12.00 p05=-12.00 p95=-12.00
  [diag] sat-dist hist bins=60 sat<0.05=0.0% mean=0.981 p10=0.980 p90=0.981
Iter 0002340: train nll 1.386, valid error 074.500%, best valid error 073.950%, avg grad norm   0.175, avg grad norm (post clip)   0.052, rho_Whh  0.94, Omega  0.00, alpha  2.000, steps in the past 0.010, valid nll 1.386
  [diag] log10|dL/dh_t| hist bins=60 range=(-12.00,-2.48) mean=-11.95 p50=-12.00 p05=-12.00 p95=-12.00
  [diag] sat-dist hist bins=60 sat<0.05=0.0% mean=0.980 p10=0.979 p90=0.981
Iter 0002360: train nll 1.386, valid error 074.500%, best valid error 073.950%, avg grad norm   0.222, avg grad norm (post clip)   0.053, rho_Whh  0.94, Omega  0.00, alpha  2.000, steps in the past 0.010, valid nll 1.386
  [diag] log10|dL/dh_t| hist bins=60 range=(-12.00,-2.48) mean=-11.95 p50=-12.00 p05=-12.00 p95=-12.00
  [diag] sat-dist hist bins=60 sat<0.05=0.0% mean=0.981 p10=0.980 p90=0.981
Iter 0002380: train nll 1.387, valid error 074.500%, best valid error 073.950%, avg grad norm   0.204, avg grad norm (post clip)   0.053, rho_Whh  0.94, Omega  0.00, alpha  2.000, steps in the past 0.010, valid nll 1.386
  [diag] log10|dL/dh_t| hist bins=60 range=(-12.00,-2.48) mean=-11.95 p50=-12.00 p05=-12.00 p95=-12.00
  [diag] sat-dist hist bins=60 sat<0.05=0.0% mean=0.981 p10=0.980 p90=0.981
Iter 0002400: train nll 1.386, valid error 074.500%, best valid error 073.950%, avg grad norm   0.178, avg grad norm (post clip)   0.052, rho_Whh  0.94, Omega  0.00, alpha  2.000, steps in the past 0.009, valid nll 1.386
  [diag] log10|dL/dh_t| hist bins=60 range=(-12.00,-2.48) mean=-11.95 p50=-12.00 p05=-12.00 p95=-12.00
  [diag] sat-dist hist bins=60 sat<0.05=0.0% mean=0.981 p10=0.980 p90=0.981
Iter 0002420: train nll 1.386, valid error 074.500%, best valid error 073.950%, avg grad norm   0.166, avg grad norm (post clip)   0.052, rho_Whh  0.94, Omega  0.00, alpha  2.000, steps in the past 0.010, valid nll 1.386
  [diag] log10|dL/dh_t| hist bins=60 range=(-12.00,-2.48) mean=-11.95 p50=-12.00 p05=-12.00 p95=-12.00
  [diag] sat-dist hist bins=60 sat<0.05=0.0% mean=0.981 p10=0.980 p90=0.981
Iter 0002440: train nll 1.386, valid error 074.500%, best valid error 073.950%, avg grad norm   0.203, avg grad norm (post clip)   0.053, rho_Whh  0.94, Omega  0.00, alpha  2.000, steps in the past 0.010, valid nll 1.386
  [diag] log10|dL/dh_t| hist bins=60 range=(-12.00,-2.48) mean=-11.95 p50=-12.00 p05=-12.00 p95=-12.00
  [diag] sat-dist hist bins=60 sat<0.05=0.0% mean=0.981 p10=0.980 p90=0.981
Iter 0002460: train nll 1.386, valid error 074.500%, best valid error 073.950%, avg grad norm   0.190, avg grad norm (post clip)   0.052, rho_Whh  0.94, Omega  0.00, alpha  2.000, steps in the past 0.009, valid nll 1.386
  [diag] log10|dL/dh_t| hist bins=60 range=(-12.00,-2.48) mean=-11.95 p50=-12.00 p05=-12.00 p95=-12.00
  [diag] sat-dist hist bins=60 sat<0.05=0.0% mean=0.981 p10=0.980 p90=0.981
Iter 0002480: train nll 1.386, valid error 074.500%, best valid error 073.950%, avg grad norm   0.171, avg grad norm (post clip)   0.053, rho_Whh  0.94, Omega  0.00, alpha  2.000, steps in the past 0.010, valid nll 1.386
  [diag] log10|dL/dh_t| hist bins=60 range=(-12.00,-2.48) mean=-11.95 p50=-12.00 p05=-12.00 p95=-12.00
  [diag] sat-dist hist bins=60 sat<0.05=0.0% mean=0.981 p10=0.980 p90=0.982
Iter 0002500: train nll 1.387, valid error 074.500%, best valid error 073.950%, avg grad norm   0.195, avg grad norm (post clip)   0.053, rho_Whh  0.94, Omega  0.00, alpha  2.000, steps in the past 0.009, valid nll 1.386
  [diag] log10|dL/dh_t| hist bins=60 range=(-12.00,-2.48) mean=-11.95 p50=-12.00 p05=-12.00 p95=-12.00
  [diag] sat-dist hist bins=60 sat<0.05=0.0% mean=0.981 p10=0.980 p90=0.982
Iter 0002520: train nll 1.387, valid error 074.450%, best valid error 073.950%, avg grad norm   0.167, avg grad norm (post clip)   0.052, rho_Whh  0.94, Omega  0.00, alpha  2.000, steps in the past 0.009, valid nll 1.386
  [diag] log10|dL/dh_t| hist bins=60 range=(-12.00,-2.48) mean=-11.95 p50=-12.00 p05=-12.00 p95=-12.00
  [diag] sat-dist hist bins=60 sat<0.05=0.0% mean=0.981 p10=0.980 p90=0.982
Iter 0002540: train nll 1.386, valid error 074.500%, best valid error 073.950%, avg grad norm   0.215, avg grad norm (post clip)   0.053, rho_Whh  0.94, Omega  0.00, alpha  2.000, steps in the past 0.009, valid nll 1.386
  [diag] log10|dL/dh_t| hist bins=60 range=(-12.00,-2.48) mean=-11.95 p50=-12.00 p05=-12.00 p95=-12.00
  [diag] sat-dist hist bins=60 sat<0.05=0.0% mean=0.981 p10=0.981 p90=0.982
Iter 0002560: train nll 1.387, valid error 074.500%, best valid error 073.950%, avg grad norm   0.200, avg grad norm (post clip)   0.053, rho_Whh  0.94, Omega  0.00, alpha  2.000, steps in the past 0.010, valid nll 1.386
  [diag] log10|dL/dh_t| hist bins=60 range=(-12.00,-2.48) mean=-11.95 p50=-12.00 p05=-12.00 p95=-12.00
  [diag] sat-dist hist bins=60 sat<0.05=0.0% mean=0.981 p10=0.980 p90=0.981
Iter 0002580: train nll 1.386, valid error 074.500%, best valid error 073.950%, avg grad norm   0.177, avg grad norm (post clip)   0.052, rho_Whh  0.94, Omega  0.00, alpha  2.000, steps in the past 0.010, valid nll 1.386
  [diag] log10|dL/dh_t| hist bins=60 range=(-12.00,-2.48) mean=-11.95 p50=-12.00 p05=-12.00 p95=-12.00
  [diag] sat-dist hist bins=60 sat<0.05=0.0% mean=0.981 p10=0.980 p90=0.981
Iter 0002600: train nll 1.386, valid error 074.500%, best valid error 073.950%, avg grad norm   0.178, avg grad norm (post clip)   0.053, rho_Whh  0.94, Omega  0.00, alpha  2.000, steps in the past 0.010, valid nll 1.386
  [diag] log10|dL/dh_t| hist bins=60 range=(-12.00,-2.48) mean=-11.95 p50=-12.00 p05=-12.00 p95=-12.00
  [diag] sat-dist hist bins=60 sat<0.05=0.0% mean=0.981 p10=0.980 p90=0.981
Iter 0002620: train nll 1.387, valid error 074.500%, best valid error 073.950%, avg grad norm   0.215, avg grad norm (post clip)   0.053, rho_Whh  0.94, Omega  0.00, alpha  2.000, steps in the past 0.009, valid nll 1.386
  [diag] log10|dL/dh_t| hist bins=60 range=(-12.00,-2.48) mean=-11.95 p50=-12.00 p05=-12.00 p95=-12.00
  [diag] sat-dist hist bins=60 sat<0.05=0.0% mean=0.981 p10=0.980 p90=0.981
Iter 0002640: train nll 1.387, valid error 074.500%, best valid error 073.950%, avg grad norm   0.192, avg grad norm (post clip)   0.053, rho_Whh  0.94, Omega  0.00, alpha  2.000, steps in the past 0.010, valid nll 1.386
  [diag] log10|dL/dh_t| hist bins=60 range=(-12.00,-2.48) mean=-11.95 p50=-12.00 p05=-12.00 p95=-12.00
  [diag] sat-dist hist bins=60 sat<0.05=0.0% mean=0.981 p10=0.980 p90=0.981
Iter 0002660: train nll 1.386, valid error 074.500%, best valid error 073.950%, avg grad norm   0.192, avg grad norm (post clip)   0.053, rho_Whh  0.94, Omega  0.00, alpha  2.000, steps in the past 0.010, valid nll 1.386
  [diag] log10|dL/dh_t| hist bins=60 range=(-12.00,-2.48) mean=-11.95 p50=-12.00 p05=-12.00 p95=-12.00
  [diag] sat-dist hist bins=60 sat<0.05=0.0% mean=0.981 p10=0.980 p90=0.982
Iter 0002680: train nll 1.386, valid error 074.500%, best valid error 073.950%, avg grad norm   0.170, avg grad norm (post clip)   0.053, rho_Whh  0.94, Omega  0.00, alpha  2.000, steps in the past 0.009, valid nll 1.386
  [diag] log10|dL/dh_t| hist bins=60 range=(-12.00,-2.48) mean=-11.95 p50=-12.00 p05=-12.00 p95=-12.00
  [diag] sat-dist hist bins=60 sat<0.05=0.0% mean=0.981 p10=0.980 p90=0.982
Iter 0002700: train nll 1.387, valid error 074.500%, best valid error 073.950%, avg grad norm   0.162, avg grad norm (post clip)   0.053, rho_Whh  0.94, Omega  0.00, alpha  2.000, steps in the past 0.009, valid nll 1.386
  [diag] log10|dL/dh_t| hist bins=60 range=(-12.00,-2.48) mean=-11.95 p50=-12.00 p05=-12.00 p95=-12.00
  [diag] sat-dist hist bins=60 sat<0.05=0.0% mean=0.982 p10=0.981 p90=0.982
Iter 0002720: train nll 1.387, valid error 074.500%, best valid error 073.950%, avg grad norm   0.178, avg grad norm (post clip)   0.053, rho_Whh  0.94, Omega  0.00, alpha  2.000, steps in the past 0.010, valid nll 1.386
  [diag] log10|dL/dh_t| hist bins=60 range=(-12.00,-2.48) mean=-11.95 p50=-12.00 p05=-12.00 p95=-12.00
  [diag] sat-dist hist bins=60 sat<0.05=0.0% mean=0.981 p10=0.981 p90=0.982
Iter 0002740: train nll 1.386, valid error 074.500%, best valid error 073.950%, avg grad norm   0.171, avg grad norm (post clip)   0.053, rho_Whh  0.94, Omega  0.00, alpha  2.000, steps in the past 0.009, valid nll 1.386
  [diag] log10|dL/dh_t| hist bins=60 range=(-12.00,-2.48) mean=-11.95 p50=-12.00 p05=-12.00 p95=-12.00
  [diag] sat-dist hist bins=60 sat<0.05=0.0% mean=0.981 p10=0.981 p90=0.982
Iter 0002760: train nll 1.386, valid error 074.500%, best valid error 073.950%, avg grad norm   0.188, avg grad norm (post clip)   0.053, rho_Whh  0.94, Omega  0.00, alpha  2.000, steps in the past 0.009, valid nll 1.386
  [diag] log10|dL/dh_t| hist bins=60 range=(-12.00,-2.48) mean=-11.95 p50=-12.00 p05=-12.00 p95=-12.00
  [diag] sat-dist hist bins=60 sat<0.05=0.0% mean=0.981 p10=0.981 p90=0.982
Iter 0002780: train nll 1.386, valid error 074.500%, best valid error 073.950%, avg grad norm   0.176, avg grad norm (post clip)   0.053, rho_Whh  0.94, Omega  0.00, alpha  2.000, steps in the past 0.012, valid nll 1.386
  [diag] log10|dL/dh_t| hist bins=60 range=(-12.00,-2.48) mean=-11.95 p50=-12.00 p05=-12.00 p95=-12.00
  [diag] sat-dist hist bins=60 sat<0.05=0.0% mean=0.982 p10=0.981 p90=0.982
Iter 0002800: train nll 1.386, valid error 074.500%, best valid error 073.950%, avg grad norm   0.183, avg grad norm (post clip)   0.052, rho_Whh  0.94, Omega  0.00, alpha  2.000, steps in the past 0.009, valid nll 1.386
  [diag] log10|dL/dh_t| hist bins=60 range=(-12.00,-2.48) mean=-11.95 p50=-12.00 p05=-12.00 p95=-12.00
  [diag] sat-dist hist bins=60 sat<0.05=0.0% mean=0.981 p10=0.980 p90=0.982
Iter 0002820: train nll 1.386, valid error 074.500%, best valid error 073.950%, avg grad norm   0.173, avg grad norm (post clip)   0.053, rho_Whh  0.94, Omega  0.00, alpha  2.000, steps in the past 0.010, valid nll 1.386
  [diag] log10|dL/dh_t| hist bins=60 range=(-12.00,-2.48) mean=-11.95 p50=-12.00 p05=-12.00 p95=-12.00
  [diag] sat-dist hist bins=60 sat<0.05=0.0% mean=0.982 p10=0.981 p90=0.982
Iter 0002840: train nll 1.386, valid error 074.500%, best valid error 073.950%, avg grad norm   0.165, avg grad norm (post clip)   0.053, rho_Whh  0.94, Omega  0.00, alpha  2.000, steps in the past 0.010, valid nll 1.386
  [diag] log10|dL/dh_t| hist bins=60 range=(-12.00,-2.48) mean=-11.95 p50=-12.00 p05=-12.00 p95=-12.00
  [diag] sat-dist hist bins=60 sat<0.05=0.0% mean=0.982 p10=0.981 p90=0.982
Iter 0002860: train nll 1.386, valid error 074.500%, best valid error 073.950%, avg grad norm   0.183, avg grad norm (post clip)   0.053, rho_Whh  0.94, Omega  0.00, alpha  2.000, steps in the past 0.008, valid nll 1.386
  [diag] log10|dL/dh_t| hist bins=60 range=(-12.00,-2.48) mean=-11.95 p50=-12.00 p05=-12.00 p95=-12.00
  [diag] sat-dist hist bins=60 sat<0.05=0.0% mean=0.982 p10=0.981 p90=0.982
Iter 0002880: train nll 1.387, valid error 074.500%, best valid error 073.950%, avg grad norm   0.193, avg grad norm (post clip)   0.053, rho_Whh  0.94, Omega  0.00, alpha  2.000, steps in the past 0.010, valid nll 1.386
  [diag] log10|dL/dh_t| hist bins=60 range=(-12.00,-2.48) mean=-11.95 p50=-12.00 p05=-12.00 p95=-12.00
  [diag] sat-dist hist bins=60 sat<0.05=0.0% mean=0.982 p10=0.981 p90=0.982
Iter 0002900: train nll 1.386, valid error 074.500%, best valid error 073.950%, avg grad norm   0.183, avg grad norm (post clip)   0.053, rho_Whh  0.94, Omega  0.00, alpha  2.000, steps in the past 0.008, valid nll 1.386
  [diag] log10|dL/dh_t| hist bins=60 range=(-12.00,-2.48) mean=-11.95 p50=-12.00 p05=-12.00 p95=-12.00
  [diag] sat-dist hist bins=60 sat<0.05=0.0% mean=0.982 p10=0.981 p90=0.983
Iter 0002920: train nll 1.386, valid error 074.500%, best valid error 073.950%, avg grad norm   0.192, avg grad norm (post clip)   0.052, rho_Whh  0.94, Omega  0.00, alpha  2.000, steps in the past 0.009, valid nll 1.386
  [diag] log10|dL/dh_t| hist bins=60 range=(-12.00,-2.48) mean=-11.95 p50=-12.00 p05=-12.00 p95=-12.00
  [diag] sat-dist hist bins=60 sat<0.05=0.0% mean=0.982 p10=0.981 p90=0.983
Iter 0002940: train nll 1.386, valid error 074.500%, best valid error 073.950%, avg grad norm   0.160, avg grad norm (post clip)   0.052, rho_Whh  0.94, Omega  0.00, alpha  2.000, steps in the past 0.009, valid nll 1.386
  [diag] log10|dL/dh_t| hist bins=60 range=(-12.00,-2.48) mean=-11.95 p50=-12.00 p05=-12.00 p95=-12.00
  [diag] sat-dist hist bins=60 sat<0.05=0.0% mean=0.982 p10=0.981 p90=0.983
Iter 0002960: train nll 1.386, valid error 074.500%, best valid error 073.950%, avg grad norm   0.166, avg grad norm (post clip)   0.052, rho_Whh  0.94, Omega  0.00, alpha  2.000, steps in the past 0.008, valid nll 1.386
  [diag] log10|dL/dh_t| hist bins=60 range=(-12.00,-2.48) mean=-11.95 p50=-12.00 p05=-12.00 p95=-12.00
  [diag] sat-dist hist bins=60 sat<0.05=0.0% mean=0.982 p10=0.981 p90=0.982
Iter 0002980: train nll 1.386, valid error 074.500%, best valid error 073.950%, avg grad norm   0.192, avg grad norm (post clip)   0.053, rho_Whh  0.94, Omega  0.00, alpha  2.000, steps in the past 0.010, valid nll 1.386
Done. solved=0 steps=2999 best_valid_error=73.9500%
=== DONE  EC_s6_alpha2_cut005_lr0005 ===
=== START EC_s7_alpha2_noclip_lr001 ===
Starting to train (PyTorch).
  [diag] log10|dL/dh_t| hist bins=60 range=(-12.00,-2.48) mean=-11.95 p50=-12.00 p05=-12.00 p95=-12.00
  [diag] sat-dist hist bins=60 sat<0.05=0.0% mean=0.982 p10=0.981 p90=0.982
Iter 0000020: train nll 1.456, valid error 074.000%, best valid error 100.000%, avg grad norm   0.899, avg grad norm (post clip)   0.000, rho_Whh  0.95, Omega  0.05, alpha  2.000, steps in the past 0.011, valid nll 1.386
  [diag] log10|dL/dh_t| hist bins=60 range=(-12.00,-2.48) mean=-11.95 p50=-12.00 p05=-12.00 p95=-12.00
  [diag] sat-dist hist bins=60 sat<0.05=0.0% mean=0.980 p10=0.979 p90=0.980
Iter 0000040: train nll 1.386, valid error 074.500%, best valid error 074.000%, avg grad norm   0.414, avg grad norm (post clip)   0.000, rho_Whh  0.94, Omega  0.01, alpha  2.000, steps in the past 0.009, valid nll 1.386
  [diag] log10|dL/dh_t| hist bins=60 range=(-12.00,-2.48) mean=-11.95 p50=-12.00 p05=-12.00 p95=-12.00
  [diag] sat-dist hist bins=60 sat<0.05=0.0% mean=0.979 p10=0.978 p90=0.980
Iter 0000060: train nll 1.386, valid error 074.500%, best valid error 074.000%, avg grad norm   0.286, avg grad norm (post clip)   0.000, rho_Whh  0.94, Omega  0.00, alpha  2.000, steps in the past 0.008, valid nll 1.386
  [diag] log10|dL/dh_t| hist bins=60 range=(-12.00,-2.48) mean=-11.95 p50=-12.00 p05=-12.00 p95=-12.00
  [diag] sat-dist hist bins=60 sat<0.05=0.0% mean=0.979 p10=0.978 p90=0.979
Iter 0000080: train nll 1.386, valid error 074.500%, best valid error 074.000%, avg grad norm   0.215, avg grad norm (post clip)   0.000, rho_Whh  0.94, Omega  0.00, alpha  2.000, steps in the past 0.009, valid nll 1.386
  [diag] log10|dL/dh_t| hist bins=60 range=(-12.00,-2.48) mean=-11.95 p50=-12.00 p05=-12.00 p95=-12.00
  [diag] sat-dist hist bins=60 sat<0.05=0.0% mean=0.981 p10=0.980 p90=0.982
Iter 0000100: train nll 1.387, valid error 074.500%, best valid error 074.000%, avg grad norm   0.198, avg grad norm (post clip)   0.000, rho_Whh  0.94, Omega  0.00, alpha  2.000, steps in the past 0.008, valid nll 1.386
  [diag] log10|dL/dh_t| hist bins=60 range=(-12.00,-2.48) mean=-11.95 p50=-12.00 p05=-12.00 p95=-12.00
  [diag] sat-dist hist bins=60 sat<0.05=0.0% mean=0.981 p10=0.980 p90=0.981
Iter 0000120: train nll 1.386, valid error 074.150%, best valid error 074.000%, avg grad norm   0.189, avg grad norm (post clip)   0.000, rho_Whh  0.94, Omega  0.00, alpha  2.000, steps in the past 0.009, valid nll 1.386
  [diag] log10|dL/dh_t| hist bins=60 range=(-12.00,-2.48) mean=-11.95 p50=-12.00 p05=-12.00 p95=-12.00
  [diag] sat-dist hist bins=60 sat<0.05=0.0% mean=0.977 p10=0.976 p90=0.977
Iter 0000140: train nll 1.385, valid error 074.500%, best valid error 074.000%, avg grad norm   0.169, avg grad norm (post clip)   0.000, rho_Whh  0.94, Omega  0.00, alpha  2.000, steps in the past 0.009, valid nll 1.386
  [diag] log10|dL/dh_t| hist bins=60 range=(-12.00,-2.48) mean=-11.95 p50=-12.00 p05=-12.00 p95=-12.00
  [diag] sat-dist hist bins=60 sat<0.05=0.0% mean=0.977 p10=0.976 p90=0.977
Iter 0000160: train nll 1.386, valid error 074.500%, best valid error 074.000%, avg grad norm   0.174, avg grad norm (post clip)   0.000, rho_Whh  0.94, Omega  0.00, alpha  2.000, steps in the past 0.009, valid nll 1.386
  [diag] log10|dL/dh_t| hist bins=60 range=(-12.00,-2.48) mean=-11.95 p50=-12.00 p05=-12.00 p95=-12.00
  [diag] sat-dist hist bins=60 sat<0.05=0.0% mean=0.975 p10=0.974 p90=0.976
Iter 0000180: train nll 1.386, valid error 074.500%, best valid error 074.000%, avg grad norm   0.199, avg grad norm (post clip)   0.000, rho_Whh  0.94, Omega  0.00, alpha  2.000, steps in the past 0.010, valid nll 1.386
  [diag] log10|dL/dh_t| hist bins=60 range=(-12.00,-2.47) mean=-11.95 p50=-12.00 p05=-12.00 p95=-12.00
  [diag] sat-dist hist bins=60 sat<0.05=0.0% mean=0.975 p10=0.973 p90=0.975
Iter 0000200: train nll 1.386, valid error 074.500%, best valid error 074.000%, avg grad norm   0.194, avg grad norm (post clip)   0.000, rho_Whh  0.94, Omega  0.00, alpha  2.000, steps in the past 0.009, valid nll 1.386
  [diag] log10|dL/dh_t| hist bins=60 range=(-12.00,-2.47) mean=-11.95 p50=-12.00 p05=-12.00 p95=-12.00
  [diag] sat-dist hist bins=60 sat<0.05=0.0% mean=0.975 p10=0.974 p90=0.975
Iter 0000220: train nll 1.386, valid error 074.500%, best valid error 074.000%, avg grad norm   0.186, avg grad norm (post clip)   0.000, rho_Whh  0.94, Omega  0.00, alpha  2.000, steps in the past 0.010, valid nll 1.386
  [diag] log10|dL/dh_t| hist bins=60 range=(-12.00,-2.47) mean=-11.95 p50=-12.00 p05=-12.00 p95=-12.00
  [diag] sat-dist hist bins=60 sat<0.05=0.0% mean=0.976 p10=0.975 p90=0.976
Iter 0000240: train nll 1.387, valid error 074.500%, best valid error 074.000%, avg grad norm   0.195, avg grad norm (post clip)   0.000, rho_Whh  0.94, Omega  0.00, alpha  2.000, steps in the past 0.010, valid nll 1.386
  [diag] log10|dL/dh_t| hist bins=60 range=(-12.00,-2.47) mean=-11.95 p50=-12.00 p05=-12.00 p95=-12.00
  [diag] sat-dist hist bins=60 sat<0.05=0.0% mean=0.977 p10=0.976 p90=0.977
Iter 0000260: train nll 1.387, valid error 074.500%, best valid error 074.000%, avg grad norm   0.213, avg grad norm (post clip)   0.000, rho_Whh  0.94, Omega  0.00, alpha  2.000, steps in the past 0.011, valid nll 1.386
  [diag] log10|dL/dh_t| hist bins=60 range=(-12.00,-2.47) mean=-11.95 p50=-12.00 p05=-12.00 p95=-12.00
  [diag] sat-dist hist bins=60 sat<0.05=0.0% mean=0.979 p10=0.978 p90=0.979
Iter 0000280: train nll 1.386, valid error 074.500%, best valid error 074.000%, avg grad norm   0.189, avg grad norm (post clip)   0.000, rho_Whh  0.94, Omega  0.00, alpha  2.000, steps in the past 0.010, valid nll 1.386
  [diag] log10|dL/dh_t| hist bins=60 range=(-12.00,-2.47) mean=-11.95 p50=-12.00 p05=-12.00 p95=-12.00
  [diag] sat-dist hist bins=60 sat<0.05=0.0% mean=0.975 p10=0.974 p90=0.976
Iter 0000300: train nll 1.385, valid error 074.500%, best valid error 074.000%, avg grad norm   0.183, avg grad norm (post clip)   0.000, rho_Whh  0.94, Omega  0.00, alpha  2.000, steps in the past 0.009, valid nll 1.386
  [diag] log10|dL/dh_t| hist bins=60 range=(-12.00,-2.47) mean=-11.95 p50=-12.00 p05=-12.00 p95=-12.00
  [diag] sat-dist hist bins=60 sat<0.05=0.0% mean=0.978 p10=0.977 p90=0.979
Iter 0000320: train nll 1.388, valid error 074.500%, best valid error 074.000%, avg grad norm   0.185, avg grad norm (post clip)   0.000, rho_Whh  0.94, Omega  0.00, alpha  2.000, steps in the past 0.012, valid nll 1.386
  [diag] log10|dL/dh_t| hist bins=60 range=(-12.00,-2.47) mean=-11.95 p50=-12.00 p05=-12.00 p95=-12.00
  [diag] sat-dist hist bins=60 sat<0.05=0.0% mean=0.979 p10=0.978 p90=0.979
Iter 0000340: train nll 1.387, valid error 074.500%, best valid error 074.000%, avg grad norm   0.193, avg grad norm (post clip)   0.000, rho_Whh  0.94, Omega  0.00, alpha  2.000, steps in the past 0.009, valid nll 1.386
  [diag] log10|dL/dh_t| hist bins=60 range=(-12.00,-2.48) mean=-11.95 p50=-12.00 p05=-12.00 p95=-12.00
  [diag] sat-dist hist bins=60 sat<0.05=0.0% mean=0.979 p10=0.979 p90=0.980
Iter 0000360: train nll 1.386, valid error 074.500%, best valid error 074.000%, avg grad norm   0.185, avg grad norm (post clip)   0.000, rho_Whh  0.94, Omega  0.00, alpha  2.000, steps in the past 0.009, valid nll 1.386
  [diag] log10|dL/dh_t| hist bins=60 range=(-12.00,-2.47) mean=-11.95 p50=-12.00 p05=-12.00 p95=-12.00
  [diag] sat-dist hist bins=60 sat<0.05=0.0% mean=0.981 p10=0.980 p90=0.981
Iter 0000380: train nll 1.386, valid error 074.500%, best valid error 074.000%, avg grad norm   0.190, avg grad norm (post clip)   0.000, rho_Whh  0.94, Omega  0.00, alpha  2.000, steps in the past 0.009, valid nll 1.386
  [diag] log10|dL/dh_t| hist bins=60 range=(-12.00,-2.47) mean=-11.95 p50=-12.00 p05=-12.00 p95=-12.00
  [diag] sat-dist hist bins=60 sat<0.05=0.0% mean=0.980 p10=0.980 p90=0.981
Iter 0000400: train nll 1.386, valid error 074.500%, best valid error 074.000%, avg grad norm   0.191, avg grad norm (post clip)   0.000, rho_Whh  0.94, Omega  0.00, alpha  2.000, steps in the past 0.009, valid nll 1.386
  [diag] log10|dL/dh_t| hist bins=60 range=(-12.00,-2.48) mean=-11.95 p50=-12.00 p05=-12.00 p95=-12.00
  [diag] sat-dist hist bins=60 sat<0.05=0.0% mean=0.982 p10=0.982 p90=0.983
Iter 0000420: train nll 1.387, valid error 074.500%, best valid error 074.000%, avg grad norm   0.191, avg grad norm (post clip)   0.000, rho_Whh  0.94, Omega  0.00, alpha  2.000, steps in the past 0.009, valid nll 1.386
  [diag] log10|dL/dh_t| hist bins=60 range=(-12.00,-2.48) mean=-11.95 p50=-12.00 p05=-12.00 p95=-12.00
  [diag] sat-dist hist bins=60 sat<0.05=0.0% mean=0.982 p10=0.981 p90=0.982
Iter 0000440: train nll 1.387, valid error 074.500%, best valid error 074.000%, avg grad norm   0.225, avg grad norm (post clip)   0.000, rho_Whh  0.94, Omega  0.00, alpha  2.000, steps in the past 0.010, valid nll 1.386
  [diag] log10|dL/dh_t| hist bins=60 range=(-12.00,-2.48) mean=-11.95 p50=-12.00 p05=-12.00 p95=-12.00
  [diag] sat-dist hist bins=60 sat<0.05=0.0% mean=0.982 p10=0.981 p90=0.983
Iter 0000460: train nll 1.387, valid error 074.500%, best valid error 074.000%, avg grad norm   0.192, avg grad norm (post clip)   0.000, rho_Whh  0.94, Omega  0.00, alpha  2.000, steps in the past 0.011, valid nll 1.386
  [diag] log10|dL/dh_t| hist bins=60 range=(-12.00,-2.48) mean=-11.95 p50=-12.00 p05=-12.00 p95=-12.00
  [diag] sat-dist hist bins=60 sat<0.05=0.0% mean=0.984 p10=0.983 p90=0.984
Iter 0000480: train nll 1.386, valid error 074.500%, best valid error 074.000%, avg grad norm   0.196, avg grad norm (post clip)   0.000, rho_Whh  0.94, Omega  0.00, alpha  2.000, steps in the past 0.009, valid nll 1.386
  [diag] log10|dL/dh_t| hist bins=60 range=(-12.00,-2.47) mean=-11.95 p50=-12.00 p05=-12.00 p95=-12.00
  [diag] sat-dist hist bins=60 sat<0.05=0.0% mean=0.984 p10=0.983 p90=0.985
Iter 0000500: train nll 1.386, valid error 075.050%, best valid error 074.000%, avg grad norm   0.177, avg grad norm (post clip)   0.000, rho_Whh  0.94, Omega  0.00, alpha  2.000, steps in the past 0.009, valid nll 1.386
  [diag] log10|dL/dh_t| hist bins=60 range=(-12.00,-2.48) mean=-11.95 p50=-12.00 p05=-12.00 p95=-12.00
  [diag] sat-dist hist bins=60 sat<0.05=0.0% mean=0.984 p10=0.983 p90=0.985
Iter 0000520: train nll 1.386, valid error 075.050%, best valid error 074.000%, avg grad norm   0.201, avg grad norm (post clip)   0.000, rho_Whh  0.94, Omega  0.00, alpha  2.000, steps in the past 0.009, valid nll 1.386
  [diag] log10|dL/dh_t| hist bins=60 range=(-12.00,-2.48) mean=-11.95 p50=-12.00 p05=-12.00 p95=-12.00
  [diag] sat-dist hist bins=60 sat<0.05=0.0% mean=0.984 p10=0.983 p90=0.985
Iter 0000540: train nll 1.385, valid error 075.600%, best valid error 074.000%, avg grad norm   0.191, avg grad norm (post clip)   0.000, rho_Whh  0.94, Omega  0.00, alpha  2.000, steps in the past 0.010, valid nll 1.386
  [diag] log10|dL/dh_t| hist bins=60 range=(-12.00,-2.48) mean=-11.95 p50=-12.00 p05=-12.00 p95=-12.00
  [diag] sat-dist hist bins=60 sat<0.05=0.0% mean=0.984 p10=0.983 p90=0.985
Iter 0000560: train nll 1.386, valid error 074.250%, best valid error 074.000%, avg grad norm   0.208, avg grad norm (post clip)   0.000, rho_Whh  0.94, Omega  0.00, alpha  2.000, steps in the past 0.009, valid nll 1.386
  [diag] log10|dL/dh_t| hist bins=60 range=(-12.00,-2.48) mean=-11.95 p50=-12.00 p05=-12.00 p95=-12.00
  [diag] sat-dist hist bins=60 sat<0.05=0.0% mean=0.983 p10=0.982 p90=0.984
Iter 0000580: train nll 1.385, valid error 074.500%, best valid error 074.000%, avg grad norm   0.201, avg grad norm (post clip)   0.000, rho_Whh  0.94, Omega  0.00, alpha  2.000, steps in the past 0.008, valid nll 1.386
  [diag] log10|dL/dh_t| hist bins=60 range=(-12.00,-2.48) mean=-11.95 p50=-12.00 p05=-12.00 p95=-12.00
  [diag] sat-dist hist bins=60 sat<0.05=0.0% mean=0.984 p10=0.983 p90=0.984
Iter 0000600: train nll 1.387, valid error 074.550%, best valid error 074.000%, avg grad norm   0.166, avg grad norm (post clip)   0.000, rho_Whh  0.94, Omega  0.00, alpha  2.000, steps in the past 0.008, valid nll 1.386
  [diag] log10|dL/dh_t| hist bins=60 range=(-12.00,-2.48) mean=-11.95 p50=-12.00 p05=-12.00 p95=-12.00
  [diag] sat-dist hist bins=60 sat<0.05=0.0% mean=0.984 p10=0.983 p90=0.984
Iter 0000620: train nll 1.387, valid error 074.500%, best valid error 074.000%, avg grad norm   0.196, avg grad norm (post clip)   0.000, rho_Whh  0.94, Omega  0.00, alpha  2.000, steps in the past 0.009, valid nll 1.386
  [diag] log10|dL/dh_t| hist bins=60 range=(-12.00,-2.48) mean=-11.95 p50=-12.00 p05=-12.00 p95=-12.00
  [diag] sat-dist hist bins=60 sat<0.05=0.0% mean=0.983 p10=0.983 p90=0.984
Iter 0000640: train nll 1.385, valid error 074.500%, best valid error 074.000%, avg grad norm   0.179, avg grad norm (post clip)   0.000, rho_Whh  0.94, Omega  0.00, alpha  2.000, steps in the past 0.009, valid nll 1.386
  [diag] log10|dL/dh_t| hist bins=60 range=(-12.00,-2.48) mean=-11.95 p50=-12.00 p05=-12.00 p95=-12.00
  [diag] sat-dist hist bins=60 sat<0.05=0.0% mean=0.983 p10=0.982 p90=0.983
Iter 0000660: train nll 1.386, valid error 074.500%, best valid error 074.000%, avg grad norm   0.175, avg grad norm (post clip)   0.000, rho_Whh  0.94, Omega  0.00, alpha  2.000, steps in the past 0.010, valid nll 1.386
  [diag] log10|dL/dh_t| hist bins=60 range=(-12.00,-2.48) mean=-11.95 p50=-12.00 p05=-12.00 p95=-12.00
  [diag] sat-dist hist bins=60 sat<0.05=0.0% mean=0.982 p10=0.982 p90=0.983
Iter 0000680: train nll 1.387, valid error 074.500%, best valid error 074.000%, avg grad norm   0.163, avg grad norm (post clip)   0.000, rho_Whh  0.94, Omega  0.00, alpha  2.000, steps in the past 0.009, valid nll 1.386
  [diag] log10|dL/dh_t| hist bins=60 range=(-12.00,-2.48) mean=-11.95 p50=-12.00 p05=-12.00 p95=-12.00
  [diag] sat-dist hist bins=60 sat<0.05=0.0% mean=0.983 p10=0.982 p90=0.983
Iter 0000700: train nll 1.388, valid error 074.500%, best valid error 074.000%, avg grad norm   0.180, avg grad norm (post clip)   0.000, rho_Whh  0.94, Omega  0.00, alpha  2.000, steps in the past 0.009, valid nll 1.386
  [diag] log10|dL/dh_t| hist bins=60 range=(-12.00,-2.48) mean=-11.95 p50=-12.00 p05=-12.00 p95=-12.00
  [diag] sat-dist hist bins=60 sat<0.05=0.0% mean=0.984 p10=0.983 p90=0.985
Iter 0000720: train nll 1.386, valid error 074.650%, best valid error 074.000%, avg grad norm   0.237, avg grad norm (post clip)   0.000, rho_Whh  0.94, Omega  0.00, alpha  2.000, steps in the past 0.009, valid nll 1.386
  [diag] log10|dL/dh_t| hist bins=60 range=(-12.00,-2.48) mean=-11.95 p50=-12.00 p05=-12.00 p95=-12.00
  [diag] sat-dist hist bins=60 sat<0.05=0.0% mean=0.984 p10=0.983 p90=0.985
Iter 0000740: train nll 1.386, valid error 074.700%, best valid error 074.000%, avg grad norm   0.186, avg grad norm (post clip)   0.000, rho_Whh  0.94, Omega  0.00, alpha  2.000, steps in the past 0.009, valid nll 1.386
  [diag] log10|dL/dh_t| hist bins=60 range=(-12.00,-2.48) mean=-11.95 p50=-12.00 p05=-12.00 p95=-12.00
  [diag] sat-dist hist bins=60 sat<0.05=0.0% mean=0.984 p10=0.983 p90=0.985
Iter 0000760: train nll 1.386, valid error 074.050%, best valid error 074.000%, avg grad norm   0.170, avg grad norm (post clip)   0.000, rho_Whh  0.94, Omega  0.00, alpha  2.000, steps in the past 0.008, valid nll 1.386
  [diag] log10|dL/dh_t| hist bins=60 range=(-12.00,-2.48) mean=-11.95 p50=-12.00 p05=-12.00 p95=-12.00
  [diag] sat-dist hist bins=60 sat<0.05=0.0% mean=0.984 p10=0.983 p90=0.985
Iter 0000780: train nll 1.387, valid error 074.400%, best valid error 074.000%, avg grad norm   0.198, avg grad norm (post clip)   0.000, rho_Whh  0.94, Omega  0.00, alpha  2.000, steps in the past 0.010, valid nll 1.386
  [diag] log10|dL/dh_t| hist bins=60 range=(-12.00,-2.48) mean=-11.95 p50=-12.00 p05=-12.00 p95=-12.00
  [diag] sat-dist hist bins=60 sat<0.05=0.0% mean=0.985 p10=0.984 p90=0.985
Iter 0000800: train nll 1.386, valid error 075.700%, best valid error 074.000%, avg grad norm   0.198, avg grad norm (post clip)   0.000, rho_Whh  0.94, Omega  0.00, alpha  2.000, steps in the past 0.009, valid nll 1.386
  [diag] log10|dL/dh_t| hist bins=60 range=(-12.00,-2.48) mean=-11.95 p50=-12.00 p05=-12.00 p95=-12.00
  [diag] sat-dist hist bins=60 sat<0.05=0.0% mean=0.985 p10=0.984 p90=0.985
Iter 0000820: train nll 1.388, valid error 075.150%, best valid error 074.000%, avg grad norm   0.208, avg grad norm (post clip)   0.000, rho_Whh  0.94, Omega  0.00, alpha  2.000, steps in the past 0.009, valid nll 1.386
  [diag] log10|dL/dh_t| hist bins=60 range=(-12.00,-2.48) mean=-11.95 p50=-12.00 p05=-12.00 p95=-12.00
  [diag] sat-dist hist bins=60 sat<0.05=0.0% mean=0.985 p10=0.984 p90=0.986
Iter 0000840: train nll 1.386, valid error 075.950%, best valid error 074.000%, avg grad norm   0.143, avg grad norm (post clip)   0.000, rho_Whh  0.94, Omega  0.00, alpha  2.000, steps in the past 0.010, valid nll 1.386
  [diag] log10|dL/dh_t| hist bins=60 range=(-12.00,-2.48) mean=-11.95 p50=-12.00 p05=-12.00 p95=-12.00
  [diag] sat-dist hist bins=60 sat<0.05=0.0% mean=0.985 p10=0.984 p90=0.986
Iter 0000860: train nll 1.387, valid error 075.950%, best valid error 074.000%, avg grad norm   0.190, avg grad norm (post clip)   0.000, rho_Whh  0.94, Omega  0.00, alpha  2.000, steps in the past 0.009, valid nll 1.386
  [diag] log10|dL/dh_t| hist bins=60 range=(-12.00,-2.48) mean=-11.95 p50=-12.00 p05=-12.00 p95=-12.00
  [diag] sat-dist hist bins=60 sat<0.05=0.0% mean=0.985 p10=0.984 p90=0.986
Iter 0000880: train nll 1.385, valid error 075.950%, best valid error 074.000%, avg grad norm   0.158, avg grad norm (post clip)   0.000, rho_Whh  0.94, Omega  0.00, alpha  2.000, steps in the past 0.009, valid nll 1.387
  [diag] log10|dL/dh_t| hist bins=60 range=(-12.00,-2.48) mean=-11.95 p50=-12.00 p05=-12.00 p95=-12.00
  [diag] sat-dist hist bins=60 sat<0.05=0.0% mean=0.985 p10=0.984 p90=0.986
Iter 0000900: train nll 1.386, valid error 075.950%, best valid error 074.000%, avg grad norm   0.176, avg grad norm (post clip)   0.000, rho_Whh  0.94, Omega  0.00, alpha  2.000, steps in the past 0.009, valid nll 1.387
  [diag] log10|dL/dh_t| hist bins=60 range=(-12.00,-2.48) mean=-11.95 p50=-12.00 p05=-12.00 p95=-12.00
  [diag] sat-dist hist bins=60 sat<0.05=0.0% mean=0.985 p10=0.984 p90=0.986
Iter 0000920: train nll 1.388, valid error 075.950%, best valid error 074.000%, avg grad norm   0.171, avg grad norm (post clip)   0.000, rho_Whh  0.94, Omega  0.00, alpha  2.000, steps in the past 0.008, valid nll 1.387
  [diag] log10|dL/dh_t| hist bins=60 range=(-12.00,-2.48) mean=-11.95 p50=-12.00 p05=-12.00 p95=-12.00
  [diag] sat-dist hist bins=60 sat<0.05=0.0% mean=0.985 p10=0.984 p90=0.986
Iter 0000940: train nll 1.386, valid error 075.950%, best valid error 074.000%, avg grad norm   0.186, avg grad norm (post clip)   0.000, rho_Whh  0.94, Omega  0.00, alpha  2.000, steps in the past 0.008, valid nll 1.387
  [diag] log10|dL/dh_t| hist bins=60 range=(-12.00,-2.48) mean=-11.95 p50=-12.00 p05=-12.00 p95=-12.00
  [diag] sat-dist hist bins=60 sat<0.05=0.0% mean=0.985 p10=0.985 p90=0.986
Iter 0000960: train nll 1.386, valid error 075.950%, best valid error 074.000%, avg grad norm   0.174, avg grad norm (post clip)   0.000, rho_Whh  0.94, Omega  0.00, alpha  2.000, steps in the past 0.009, valid nll 1.387
  [diag] log10|dL/dh_t| hist bins=60 range=(-12.00,-2.48) mean=-11.95 p50=-12.00 p05=-12.00 p95=-12.00
  [diag] sat-dist hist bins=60 sat<0.05=0.0% mean=0.985 p10=0.985 p90=0.986
Iter 0000980: train nll 1.387, valid error 075.950%, best valid error 074.000%, avg grad norm   0.197, avg grad norm (post clip)   0.000, rho_Whh  0.94, Omega  0.00, alpha  2.000, steps in the past 0.010, valid nll 1.387
  [diag] log10|dL/dh_t| hist bins=60 range=(-12.00,-2.48) mean=-11.95 p50=-12.00 p05=-12.00 p95=-12.00
  [diag] sat-dist hist bins=60 sat<0.05=0.0% mean=0.985 p10=0.984 p90=0.986
Iter 0001000: train nll 1.386, valid error 075.950%, best valid error 074.000%, avg grad norm   0.170, avg grad norm (post clip)   0.000, rho_Whh  0.94, Omega  0.00, alpha  2.000, steps in the past 0.010, valid nll 1.387
  [diag] log10|dL/dh_t| hist bins=60 range=(-12.00,-2.48) mean=-11.95 p50=-12.00 p05=-12.00 p95=-12.00
  [diag] sat-dist hist bins=60 sat<0.05=0.0% mean=0.985 p10=0.984 p90=0.986
Iter 0001020: train nll 1.387, valid error 075.950%, best valid error 074.000%, avg grad norm   0.216, avg grad norm (post clip)   0.000, rho_Whh  0.94, Omega  0.00, alpha  2.000, steps in the past 0.009, valid nll 1.387
  [diag] log10|dL/dh_t| hist bins=60 range=(-12.00,-2.48) mean=-11.95 p50=-12.00 p05=-12.00 p95=-12.00
  [diag] sat-dist hist bins=60 sat<0.05=0.0% mean=0.985 p10=0.984 p90=0.986
Iter 0001040: train nll 1.386, valid error 075.950%, best valid error 074.000%, avg grad norm   0.178, avg grad norm (post clip)   0.000, rho_Whh  0.94, Omega  0.00, alpha  2.000, steps in the past 0.009, valid nll 1.387
  [diag] log10|dL/dh_t| hist bins=60 range=(-12.00,-2.48) mean=-11.95 p50=-12.00 p05=-12.00 p95=-12.00
  [diag] sat-dist hist bins=60 sat<0.05=0.0% mean=0.985 p10=0.985 p90=0.986
Iter 0001060: train nll 1.386, valid error 075.950%, best valid error 074.000%, avg grad norm   0.169, avg grad norm (post clip)   0.000, rho_Whh  0.94, Omega  0.00, alpha  2.000, steps in the past 0.010, valid nll 1.387
  [diag] log10|dL/dh_t| hist bins=60 range=(-12.00,-2.48) mean=-11.95 p50=-12.00 p05=-12.00 p95=-12.00
  [diag] sat-dist hist bins=60 sat<0.05=0.0% mean=0.985 p10=0.984 p90=0.986
Iter 0001080: train nll 1.386, valid error 075.950%, best valid error 074.000%, avg grad norm   0.197, avg grad norm (post clip)   0.000, rho_Whh  0.94, Omega  0.00, alpha  2.000, steps in the past 0.010, valid nll 1.387
  [diag] log10|dL/dh_t| hist bins=60 range=(-12.00,-2.48) mean=-11.95 p50=-12.00 p05=-12.00 p95=-12.00
  [diag] sat-dist hist bins=60 sat<0.05=0.0% mean=0.985 p10=0.984 p90=0.986
Iter 0001100: train nll 1.387, valid error 075.950%, best valid error 074.000%, avg grad norm   0.216, avg grad norm (post clip)   0.000, rho_Whh  0.94, Omega  0.00, alpha  2.000, steps in the past 0.010, valid nll 1.387
  [diag] log10|dL/dh_t| hist bins=60 range=(-12.00,-2.48) mean=-11.95 p50=-12.00 p05=-12.00 p95=-12.00
  [diag] sat-dist hist bins=60 sat<0.05=0.0% mean=0.985 p10=0.984 p90=0.986
Iter 0001120: train nll 1.387, valid error 075.950%, best valid error 074.000%, avg grad norm   0.184, avg grad norm (post clip)   0.000, rho_Whh  0.94, Omega  0.00, alpha  2.000, steps in the past 0.009, valid nll 1.387
  [diag] log10|dL/dh_t| hist bins=60 range=(-12.00,-2.48) mean=-11.95 p50=-12.00 p05=-12.00 p95=-12.00
  [diag] sat-dist hist bins=60 sat<0.05=0.0% mean=0.985 p10=0.984 p90=0.986
Iter 0001140: train nll 1.386, valid error 075.950%, best valid error 074.000%, avg grad norm   0.193, avg grad norm (post clip)   0.000, rho_Whh  0.94, Omega  0.00, alpha  2.000, steps in the past 0.011, valid nll 1.387
  [diag] log10|dL/dh_t| hist bins=60 range=(-12.00,-2.48) mean=-11.95 p50=-12.00 p05=-12.00 p95=-12.00
  [diag] sat-dist hist bins=60 sat<0.05=0.0% mean=0.985 p10=0.984 p90=0.986
Iter 0001160: train nll 1.387, valid error 075.950%, best valid error 074.000%, avg grad norm   0.194, avg grad norm (post clip)   0.000, rho_Whh  0.94, Omega  0.00, alpha  2.000, steps in the past 0.008, valid nll 1.387
  [diag] log10|dL/dh_t| hist bins=60 range=(-12.00,-2.48) mean=-11.95 p50=-12.00 p05=-12.00 p95=-12.00
  [diag] sat-dist hist bins=60 sat<0.05=0.0% mean=0.985 p10=0.984 p90=0.986
Iter 0001180: train nll 1.386, valid error 075.950%, best valid error 074.000%, avg grad norm   0.198, avg grad norm (post clip)   0.000, rho_Whh  0.94, Omega  0.00, alpha  2.000, steps in the past 0.009, valid nll 1.387
  [diag] log10|dL/dh_t| hist bins=60 range=(-12.00,-2.48) mean=-11.95 p50=-12.00 p05=-12.00 p95=-12.00
  [diag] sat-dist hist bins=60 sat<0.05=0.0% mean=0.985 p10=0.985 p90=0.986
Iter 0001200: train nll 1.386, valid error 075.950%, best valid error 074.000%, avg grad norm   0.161, avg grad norm (post clip)   0.000, rho_Whh  0.94, Omega  0.00, alpha  2.000, steps in the past 0.009, valid nll 1.387
  [diag] log10|dL/dh_t| hist bins=60 range=(-12.00,-2.48) mean=-11.95 p50=-12.00 p05=-12.00 p95=-12.00
  [diag] sat-dist hist bins=60 sat<0.05=0.0% mean=0.985 p10=0.985 p90=0.986
Iter 0001220: train nll 1.386, valid error 075.950%, best valid error 074.000%, avg grad norm   0.159, avg grad norm (post clip)   0.000, rho_Whh  0.94, Omega  0.00, alpha  2.000, steps in the past 0.008, valid nll 1.387
  [diag] log10|dL/dh_t| hist bins=60 range=(-12.00,-2.48) mean=-11.95 p50=-12.00 p05=-12.00 p95=-12.00
  [diag] sat-dist hist bins=60 sat<0.05=0.0% mean=0.985 p10=0.985 p90=0.986
Iter 0001240: train nll 1.387, valid error 076.000%, best valid error 074.000%, avg grad norm   0.207, avg grad norm (post clip)   0.000, rho_Whh  0.94, Omega  0.00, alpha  2.000, steps in the past 0.009, valid nll 1.387
  [diag] log10|dL/dh_t| hist bins=60 range=(-12.00,-2.48) mean=-11.95 p50=-12.00 p05=-12.00 p95=-12.00
  [diag] sat-dist hist bins=60 sat<0.05=0.0% mean=0.985 p10=0.985 p90=0.986
Iter 0001260: train nll 1.387, valid error 075.950%, best valid error 074.000%, avg grad norm   0.181, avg grad norm (post clip)   0.000, rho_Whh  0.94, Omega  0.00, alpha  2.000, steps in the past 0.009, valid nll 1.387
  [diag] log10|dL/dh_t| hist bins=60 range=(-12.00,-2.48) mean=-11.95 p50=-12.00 p05=-12.00 p95=-12.00
  [diag] sat-dist hist bins=60 sat<0.05=0.0% mean=0.985 p10=0.985 p90=0.986
Iter 0001280: train nll 1.386, valid error 075.950%, best valid error 074.000%, avg grad norm   0.198, avg grad norm (post clip)   0.000, rho_Whh  0.94, Omega  0.00, alpha  2.000, steps in the past 0.008, valid nll 1.387
  [diag] log10|dL/dh_t| hist bins=60 range=(-12.00,-2.48) mean=-11.95 p50=-12.00 p05=-12.00 p95=-12.00
  [diag] sat-dist hist bins=60 sat<0.05=0.0% mean=0.985 p10=0.984 p90=0.986
Iter 0001300: train nll 1.386, valid error 075.950%, best valid error 074.000%, avg grad norm   0.199, avg grad norm (post clip)   0.000, rho_Whh  0.94, Omega  0.00, alpha  2.000, steps in the past 0.010, valid nll 1.387
  [diag] log10|dL/dh_t| hist bins=60 range=(-12.00,-2.48) mean=-11.95 p50=-12.00 p05=-12.00 p95=-12.00
  [diag] sat-dist hist bins=60 sat<0.05=0.0% mean=0.985 p10=0.985 p90=0.986
Iter 0001320: train nll 1.386, valid error 075.950%, best valid error 074.000%, avg grad norm   0.180, avg grad norm (post clip)   0.000, rho_Whh  0.94, Omega  0.00, alpha  2.000, steps in the past 0.008, valid nll 1.387
  [diag] log10|dL/dh_t| hist bins=60 range=(-12.00,-2.48) mean=-11.95 p50=-12.00 p05=-12.00 p95=-12.00
  [diag] sat-dist hist bins=60 sat<0.05=0.0% mean=0.985 p10=0.985 p90=0.986
Iter 0001340: train nll 1.385, valid error 075.950%, best valid error 074.000%, avg grad norm   0.169, avg grad norm (post clip)   0.000, rho_Whh  0.94, Omega  0.00, alpha  2.000, steps in the past 0.010, valid nll 1.387
  [diag] log10|dL/dh_t| hist bins=60 range=(-12.00,-2.48) mean=-11.95 p50=-12.00 p05=-12.00 p95=-12.00
  [diag] sat-dist hist bins=60 sat<0.05=0.0% mean=0.985 p10=0.984 p90=0.986
Iter 0001360: train nll 1.386, valid error 075.950%, best valid error 074.000%, avg grad norm   0.181, avg grad norm (post clip)   0.000, rho_Whh  0.94, Omega  0.00, alpha  2.000, steps in the past 0.009, valid nll 1.387
  [diag] log10|dL/dh_t| hist bins=60 range=(-12.00,-2.48) mean=-11.95 p50=-12.00 p05=-12.00 p95=-12.00
  [diag] sat-dist hist bins=60 sat<0.05=0.0% mean=0.985 p10=0.984 p90=0.986
Iter 0001380: train nll 1.386, valid error 075.950%, best valid error 074.000%, avg grad norm   0.173, avg grad norm (post clip)   0.000, rho_Whh  0.94, Omega  0.00, alpha  2.000, steps in the past 0.010, valid nll 1.387
  [diag] log10|dL/dh_t| hist bins=60 range=(-12.00,-2.48) mean=-11.95 p50=-12.00 p05=-12.00 p95=-12.00
  [diag] sat-dist hist bins=60 sat<0.05=0.0% mean=0.985 p10=0.984 p90=0.986
Iter 0001400: train nll 1.386, valid error 075.950%, best valid error 074.000%, avg grad norm   0.181, avg grad norm (post clip)   0.000, rho_Whh  0.94, Omega  0.00, alpha  2.000, steps in the past 0.010, valid nll 1.387
  [diag] log10|dL/dh_t| hist bins=60 range=(-12.00,-2.48) mean=-11.95 p50=-12.00 p05=-12.00 p95=-12.00
  [diag] sat-dist hist bins=60 sat<0.05=0.0% mean=0.985 p10=0.985 p90=0.986
Iter 0001420: train nll 1.387, valid error 075.950%, best valid error 074.000%, avg grad norm   0.182, avg grad norm (post clip)   0.000, rho_Whh  0.94, Omega  0.00, alpha  2.000, steps in the past 0.009, valid nll 1.387
  [diag] log10|dL/dh_t| hist bins=60 range=(-12.00,-2.48) mean=-11.95 p50=-12.00 p05=-12.00 p95=-12.00
  [diag] sat-dist hist bins=60 sat<0.05=0.0% mean=0.985 p10=0.984 p90=0.986
Iter 0001440: train nll 1.387, valid error 075.950%, best valid error 074.000%, avg grad norm   0.173, avg grad norm (post clip)   0.000, rho_Whh  0.94, Omega  0.00, alpha  2.000, steps in the past 0.010, valid nll 1.387
  [diag] log10|dL/dh_t| hist bins=60 range=(-12.00,-2.48) mean=-11.95 p50=-12.00 p05=-12.00 p95=-12.00
  [diag] sat-dist hist bins=60 sat<0.05=0.0% mean=0.985 p10=0.984 p90=0.986
Iter 0001460: train nll 1.385, valid error 075.950%, best valid error 074.000%, avg grad norm   0.189, avg grad norm (post clip)   0.000, rho_Whh  0.94, Omega  0.00, alpha  2.000, steps in the past 0.010, valid nll 1.387
  [diag] log10|dL/dh_t| hist bins=60 range=(-12.00,-2.48) mean=-11.95 p50=-12.00 p05=-12.00 p95=-12.00
  [diag] sat-dist hist bins=60 sat<0.05=0.0% mean=0.985 p10=0.984 p90=0.986
Iter 0001480: train nll 1.387, valid error 075.950%, best valid error 074.000%, avg grad norm   0.221, avg grad norm (post clip)   0.000, rho_Whh  0.94, Omega  0.00, alpha  2.000, steps in the past 0.008, valid nll 1.387
  [diag] log10|dL/dh_t| hist bins=60 range=(-12.00,-2.48) mean=-11.95 p50=-12.00 p05=-12.00 p95=-12.00
  [diag] sat-dist hist bins=60 sat<0.05=0.0% mean=0.985 p10=0.985 p90=0.986
Iter 0001500: train nll 1.387, valid error 075.950%, best valid error 074.000%, avg grad norm   0.165, avg grad norm (post clip)   0.000, rho_Whh  0.94, Omega  0.00, alpha  2.000, steps in the past 0.010, valid nll 1.387
  [diag] log10|dL/dh_t| hist bins=60 range=(-12.00,-2.48) mean=-11.95 p50=-12.00 p05=-12.00 p95=-12.00
  [diag] sat-dist hist bins=60 sat<0.05=0.0% mean=0.985 p10=0.984 p90=0.986
Iter 0001520: train nll 1.386, valid error 075.950%, best valid error 074.000%, avg grad norm   0.177, avg grad norm (post clip)   0.000, rho_Whh  0.94, Omega  0.00, alpha  2.000, steps in the past 0.010, valid nll 1.387
  [diag] log10|dL/dh_t| hist bins=60 range=(-12.00,-2.48) mean=-11.95 p50=-12.00 p05=-12.00 p95=-12.00
  [diag] sat-dist hist bins=60 sat<0.05=0.0% mean=0.985 p10=0.984 p90=0.986
Iter 0001540: train nll 1.386, valid error 075.950%, best valid error 074.000%, avg grad norm   0.195, avg grad norm (post clip)   0.000, rho_Whh  0.94, Omega  0.00, alpha  2.000, steps in the past 0.009, valid nll 1.387
  [diag] log10|dL/dh_t| hist bins=60 range=(-12.00,-2.48) mean=-11.95 p50=-12.00 p05=-12.00 p95=-12.00
  [diag] sat-dist hist bins=60 sat<0.05=0.0% mean=0.985 p10=0.984 p90=0.986
Iter 0001560: train nll 1.387, valid error 075.950%, best valid error 074.000%, avg grad norm   0.225, avg grad norm (post clip)   0.000, rho_Whh  0.94, Omega  0.00, alpha  2.000, steps in the past 0.010, valid nll 1.387
  [diag] log10|dL/dh_t| hist bins=60 range=(-12.00,-2.48) mean=-11.95 p50=-12.00 p05=-12.00 p95=-12.00
  [diag] sat-dist hist bins=60 sat<0.05=0.0% mean=0.985 p10=0.984 p90=0.986
Iter 0001580: train nll 1.387, valid error 076.000%, best valid error 074.000%, avg grad norm   0.178, avg grad norm (post clip)   0.000, rho_Whh  0.94, Omega  0.00, alpha  2.000, steps in the past 0.010, valid nll 1.387
  [diag] log10|dL/dh_t| hist bins=60 range=(-12.00,-2.48) mean=-11.95 p50=-12.00 p05=-12.00 p95=-12.00
  [diag] sat-dist hist bins=60 sat<0.05=0.0% mean=0.985 p10=0.984 p90=0.986
Iter 0001600: train nll 1.387, valid error 075.500%, best valid error 074.000%, avg grad norm   0.202, avg grad norm (post clip)   0.000, rho_Whh  0.94, Omega  0.00, alpha  2.000, steps in the past 0.009, valid nll 1.386
  [diag] log10|dL/dh_t| hist bins=60 range=(-12.00,-2.48) mean=-11.95 p50=-12.00 p05=-12.00 p95=-12.00
  [diag] sat-dist hist bins=60 sat<0.05=0.0% mean=0.985 p10=0.984 p90=0.986
Iter 0001620: train nll 1.386, valid error 075.950%, best valid error 074.000%, avg grad norm   0.184, avg grad norm (post clip)   0.000, rho_Whh  0.94, Omega  0.00, alpha  2.000, steps in the past 0.008, valid nll 1.387
  [diag] log10|dL/dh_t| hist bins=60 range=(-12.00,-2.48) mean=-11.95 p50=-12.00 p05=-12.00 p95=-12.00
  [diag] sat-dist hist bins=60 sat<0.05=0.0% mean=0.985 p10=0.984 p90=0.986
Iter 0001640: train nll 1.386, valid error 075.950%, best valid error 074.000%, avg grad norm   0.181, avg grad norm (post clip)   0.000, rho_Whh  0.94, Omega  0.00, alpha  2.000, steps in the past 0.009, valid nll 1.387
  [diag] log10|dL/dh_t| hist bins=60 range=(-12.00,-2.48) mean=-11.95 p50=-12.00 p05=-12.00 p95=-12.00
  [diag] sat-dist hist bins=60 sat<0.05=0.0% mean=0.985 p10=0.984 p90=0.986
Iter 0001660: train nll 1.387, valid error 075.950%, best valid error 074.000%, avg grad norm   0.200, avg grad norm (post clip)   0.000, rho_Whh  0.94, Omega  0.00, alpha  2.000, steps in the past 0.009, valid nll 1.387
  [diag] log10|dL/dh_t| hist bins=60 range=(-12.00,-2.48) mean=-11.95 p50=-12.00 p05=-12.00 p95=-12.00
  [diag] sat-dist hist bins=60 sat<0.05=0.0% mean=0.985 p10=0.984 p90=0.986
Iter 0001680: train nll 1.386, valid error 075.950%, best valid error 074.000%, avg grad norm   0.174, avg grad norm (post clip)   0.000, rho_Whh  0.94, Omega  0.00, alpha  2.000, steps in the past 0.008, valid nll 1.386
  [diag] log10|dL/dh_t| hist bins=60 range=(-12.00,-2.48) mean=-11.95 p50=-12.00 p05=-12.00 p95=-12.00
  [diag] sat-dist hist bins=60 sat<0.05=0.0% mean=0.985 p10=0.984 p90=0.985
Iter 0001700: train nll 1.386, valid error 075.400%, best valid error 074.000%, avg grad norm   0.158, avg grad norm (post clip)   0.000, rho_Whh  0.94, Omega  0.00, alpha  2.000, steps in the past 0.007, valid nll 1.386
  [diag] log10|dL/dh_t| hist bins=60 range=(-12.00,-2.48) mean=-11.95 p50=-12.00 p05=-12.00 p95=-12.00
  [diag] sat-dist hist bins=60 sat<0.05=0.0% mean=0.984 p10=0.984 p90=0.985
Iter 0001720: train nll 1.387, valid error 075.550%, best valid error 074.000%, avg grad norm   0.200, avg grad norm (post clip)   0.000, rho_Whh  0.94, Omega  0.00, alpha  2.000, steps in the past 0.011, valid nll 1.386
  [diag] log10|dL/dh_t| hist bins=60 range=(-12.00,-2.48) mean=-11.95 p50=-12.00 p05=-12.00 p95=-12.00
  [diag] sat-dist hist bins=60 sat<0.05=0.0% mean=0.984 p10=0.983 p90=0.985
Iter 0001740: train nll 1.386, valid error 075.500%, best valid error 074.000%, avg grad norm   0.182, avg grad norm (post clip)   0.000, rho_Whh  0.94, Omega  0.00, alpha  2.000, steps in the past 0.009, valid nll 1.386
  [diag] log10|dL/dh_t| hist bins=60 range=(-12.00,-2.48) mean=-11.95 p50=-12.00 p05=-12.00 p95=-12.00
  [diag] sat-dist hist bins=60 sat<0.05=0.0% mean=0.984 p10=0.983 p90=0.984
Iter 0001760: train nll 1.386, valid error 074.500%, best valid error 074.000%, avg grad norm   0.187, avg grad norm (post clip)   0.000, rho_Whh  0.94, Omega  0.00, alpha  2.000, steps in the past 0.009, valid nll 1.386
  [diag] log10|dL/dh_t| hist bins=60 range=(-12.00,-2.48) mean=-11.95 p50=-12.00 p05=-12.00 p95=-12.00
  [diag] sat-dist hist bins=60 sat<0.05=0.0% mean=0.983 p10=0.983 p90=0.984
Iter 0001780: train nll 1.385, valid error 074.500%, best valid error 074.000%, avg grad norm   0.185, avg grad norm (post clip)   0.000, rho_Whh  0.94, Omega  0.00, alpha  2.000, steps in the past 0.009, valid nll 1.386
  [diag] log10|dL/dh_t| hist bins=60 range=(-12.00,-2.48) mean=-11.95 p50=-12.00 p05=-12.00 p95=-12.00
  [diag] sat-dist hist bins=60 sat<0.05=0.0% mean=0.984 p10=0.983 p90=0.984
Iter 0001800: train nll 1.386, valid error 074.750%, best valid error 074.000%, avg grad norm   0.152, avg grad norm (post clip)   0.000, rho_Whh  0.94, Omega  0.00, alpha  2.000, steps in the past 0.011, valid nll 1.386
  [diag] log10|dL/dh_t| hist bins=60 range=(-12.00,-2.48) mean=-11.95 p50=-12.00 p05=-12.00 p95=-12.00
  [diag] sat-dist hist bins=60 sat<0.05=0.0% mean=0.982 p10=0.981 p90=0.982
Iter 0001820: train nll 1.386, valid error 074.500%, best valid error 074.000%, avg grad norm   0.218, avg grad norm (post clip)   0.000, rho_Whh  0.94, Omega  0.00, alpha  2.000, steps in the past 0.009, valid nll 1.386
  [diag] log10|dL/dh_t| hist bins=60 range=(-12.00,-2.48) mean=-11.95 p50=-12.00 p05=-12.00 p95=-12.00
  [diag] sat-dist hist bins=60 sat<0.05=0.0% mean=0.982 p10=0.981 p90=0.982
Iter 0001840: train nll 1.386, valid error 074.500%, best valid error 074.000%, avg grad norm   0.178, avg grad norm (post clip)   0.000, rho_Whh  0.94, Omega  0.00, alpha  2.000, steps in the past 0.008, valid nll 1.386
  [diag] log10|dL/dh_t| hist bins=60 range=(-12.00,-2.48) mean=-11.95 p50=-12.00 p05=-12.00 p95=-12.00
  [diag] sat-dist hist bins=60 sat<0.05=0.0% mean=0.983 p10=0.982 p90=0.983
Iter 0001860: train nll 1.387, valid error 074.500%, best valid error 074.000%, avg grad norm   0.159, avg grad norm (post clip)   0.000, rho_Whh  0.94, Omega  0.00, alpha  2.000, steps in the past 0.008, valid nll 1.386
  [diag] log10|dL/dh_t| hist bins=60 range=(-12.00,-2.48) mean=-11.95 p50=-12.00 p05=-12.00 p95=-12.00
  [diag] sat-dist hist bins=60 sat<0.05=0.0% mean=0.983 p10=0.983 p90=0.984
Iter 0001880: train nll 1.387, valid error 074.500%, best valid error 074.000%, avg grad norm   0.173, avg grad norm (post clip)   0.000, rho_Whh  0.94, Omega  0.00, alpha  2.000, steps in the past 0.008, valid nll 1.386
  [diag] log10|dL/dh_t| hist bins=60 range=(-12.00,-2.48) mean=-11.95 p50=-12.00 p05=-12.00 p95=-12.00
  [diag] sat-dist hist bins=60 sat<0.05=0.0% mean=0.983 p10=0.982 p90=0.983
Iter 0001900: train nll 1.386, valid error 074.500%, best valid error 074.000%, avg grad norm   0.173, avg grad norm (post clip)   0.000, rho_Whh  0.94, Omega  0.00, alpha  2.000, steps in the past 0.009, valid nll 1.386
  [diag] log10|dL/dh_t| hist bins=60 range=(-12.00,-2.48) mean=-11.95 p50=-12.00 p05=-12.00 p95=-12.00
  [diag] sat-dist hist bins=60 sat<0.05=0.0% mean=0.982 p10=0.981 p90=0.982
Iter 0001920: train nll 1.384, valid error 074.500%, best valid error 074.000%, avg grad norm   0.181, avg grad norm (post clip)   0.000, rho_Whh  0.94, Omega  0.00, alpha  2.000, steps in the past 0.009, valid nll 1.386
  [diag] log10|dL/dh_t| hist bins=60 range=(-12.00,-2.48) mean=-11.95 p50=-12.00 p05=-12.00 p95=-12.00
  [diag] sat-dist hist bins=60 sat<0.05=0.0% mean=0.981 p10=0.981 p90=0.982
Iter 0001940: train nll 1.386, valid error 074.500%, best valid error 074.000%, avg grad norm   0.184, avg grad norm (post clip)   0.000, rho_Whh  0.94, Omega  0.00, alpha  2.000, steps in the past 0.009, valid nll 1.386
  [diag] log10|dL/dh_t| hist bins=60 range=(-12.00,-2.48) mean=-11.95 p50=-12.00 p05=-12.00 p95=-12.00
  [diag] sat-dist hist bins=60 sat<0.05=0.0% mean=0.982 p10=0.981 p90=0.982
Iter 0001960: train nll 1.387, valid error 074.500%, best valid error 074.000%, avg grad norm   0.187, avg grad norm (post clip)   0.000, rho_Whh  0.94, Omega  0.00, alpha  2.000, steps in the past 0.011, valid nll 1.386
  [diag] log10|dL/dh_t| hist bins=60 range=(-12.00,-2.48) mean=-11.95 p50=-12.00 p05=-12.00 p95=-12.00
  [diag] sat-dist hist bins=60 sat<0.05=0.0% mean=0.982 p10=0.981 p90=0.982
Iter 0001980: train nll 1.386, valid error 074.500%, best valid error 074.000%, avg grad norm   0.171, avg grad norm (post clip)   0.000, rho_Whh  0.94, Omega  0.00, alpha  2.000, steps in the past 0.009, valid nll 1.386
  [diag] log10|dL/dh_t| hist bins=60 range=(-12.00,-2.48) mean=-11.95 p50=-12.00 p05=-12.00 p95=-12.00
  [diag] sat-dist hist bins=60 sat<0.05=0.0% mean=0.982 p10=0.981 p90=0.982
Iter 0002000: train nll 1.386, valid error 074.500%, best valid error 074.000%, avg grad norm   0.184, avg grad norm (post clip)   0.000, rho_Whh  0.94, Omega  0.00, alpha  2.000, steps in the past 0.011, valid nll 1.386
  [diag] log10|dL/dh_t| hist bins=60 range=(-12.00,-2.48) mean=-11.95 p50=-12.00 p05=-12.00 p95=-12.00
  [diag] sat-dist hist bins=60 sat<0.05=0.0% mean=0.981 p10=0.980 p90=0.981
Iter 0002020: train nll 1.386, valid error 074.500%, best valid error 074.000%, avg grad norm   0.190, avg grad norm (post clip)   0.000, rho_Whh  0.94, Omega  0.00, alpha  2.000, steps in the past 0.011, valid nll 1.386
  [diag] log10|dL/dh_t| hist bins=60 range=(-12.00,-2.48) mean=-11.95 p50=-12.00 p05=-12.00 p95=-12.00
  [diag] sat-dist hist bins=60 sat<0.05=0.0% mean=0.980 p10=0.979 p90=0.980
Iter 0002040: train nll 1.385, valid error 074.500%, best valid error 074.000%, avg grad norm   0.202, avg grad norm (post clip)   0.000, rho_Whh  0.94, Omega  0.00, alpha  2.000, steps in the past 0.009, valid nll 1.386
  [diag] log10|dL/dh_t| hist bins=60 range=(-12.00,-2.48) mean=-11.95 p50=-12.00 p05=-12.00 p95=-12.00
  [diag] sat-dist hist bins=60 sat<0.05=0.0% mean=0.982 p10=0.981 p90=0.982
Iter 0002060: train nll 1.388, valid error 074.500%, best valid error 074.000%, avg grad norm   0.184, avg grad norm (post clip)   0.000, rho_Whh  0.94, Omega  0.00, alpha  2.000, steps in the past 0.010, valid nll 1.386
  [diag] log10|dL/dh_t| hist bins=60 range=(-12.00,-2.48) mean=-11.95 p50=-12.00 p05=-12.00 p95=-12.00
  [diag] sat-dist hist bins=60 sat<0.05=0.0% mean=0.981 p10=0.981 p90=0.982
Iter 0002080: train nll 1.386, valid error 074.500%, best valid error 074.000%, avg grad norm   0.170, avg grad norm (post clip)   0.000, rho_Whh  0.94, Omega  0.00, alpha  2.000, steps in the past 0.008, valid nll 1.386
  [diag] log10|dL/dh_t| hist bins=60 range=(-12.00,-2.48) mean=-11.95 p50=-12.00 p05=-12.00 p95=-12.00
  [diag] sat-dist hist bins=60 sat<0.05=0.0% mean=0.982 p10=0.981 p90=0.982
Iter 0002100: train nll 1.387, valid error 074.500%, best valid error 074.000%, avg grad norm   0.192, avg grad norm (post clip)   0.000, rho_Whh  0.94, Omega  0.00, alpha  2.000, steps in the past 0.009, valid nll 1.386
  [diag] log10|dL/dh_t| hist bins=60 range=(-12.00,-2.48) mean=-11.95 p50=-12.00 p05=-12.00 p95=-12.00
  [diag] sat-dist hist bins=60 sat<0.05=0.0% mean=0.982 p10=0.981 p90=0.982
Iter 0002120: train nll 1.386, valid error 074.500%, best valid error 074.000%, avg grad norm   0.179, avg grad norm (post clip)   0.000, rho_Whh  0.94, Omega  0.00, alpha  2.000, steps in the past 0.009, valid nll 1.386
  [diag] log10|dL/dh_t| hist bins=60 range=(-12.00,-2.48) mean=-11.95 p50=-12.00 p05=-12.00 p95=-12.00
  [diag] sat-dist hist bins=60 sat<0.05=0.0% mean=0.981 p10=0.980 p90=0.981
Iter 0002140: train nll 1.387, valid error 074.500%, best valid error 074.000%, avg grad norm   0.191, avg grad norm (post clip)   0.000, rho_Whh  0.94, Omega  0.00, alpha  2.000, steps in the past 0.010, valid nll 1.386
  [diag] log10|dL/dh_t| hist bins=60 range=(-12.00,-2.48) mean=-11.95 p50=-12.00 p05=-12.00 p95=-12.00
  [diag] sat-dist hist bins=60 sat<0.05=0.0% mean=0.978 p10=0.978 p90=0.979
Iter 0002160: train nll 1.386, valid error 074.500%, best valid error 074.000%, avg grad norm   0.200, avg grad norm (post clip)   0.000, rho_Whh  0.94, Omega  0.00, alpha  2.000, steps in the past 0.010, valid nll 1.386
  [diag] log10|dL/dh_t| hist bins=60 range=(-12.00,-2.48) mean=-11.95 p50=-12.00 p05=-12.00 p95=-12.00
  [diag] sat-dist hist bins=60 sat<0.05=0.0% mean=0.977 p10=0.976 p90=0.977
Iter 0002180: train nll 1.385, valid error 074.500%, best valid error 074.000%, avg grad norm   0.208, avg grad norm (post clip)   0.000, rho_Whh  0.94, Omega  0.00, alpha  2.000, steps in the past 0.009, valid nll 1.386
  [diag] log10|dL/dh_t| hist bins=60 range=(-12.00,-2.48) mean=-11.95 p50=-12.00 p05=-12.00 p95=-12.00
  [diag] sat-dist hist bins=60 sat<0.05=0.0% mean=0.978 p10=0.977 p90=0.978
Iter 0002200: train nll 1.386, valid error 074.500%, best valid error 074.000%, avg grad norm   0.200, avg grad norm (post clip)   0.000, rho_Whh  0.94, Omega  0.00, alpha  2.000, steps in the past 0.010, valid nll 1.386
  [diag] log10|dL/dh_t| hist bins=60 range=(-12.00,-2.48) mean=-11.95 p50=-12.00 p05=-12.00 p95=-12.00
  [diag] sat-dist hist bins=60 sat<0.05=0.0% mean=0.980 p10=0.979 p90=0.981
Iter 0002220: train nll 1.388, valid error 074.500%, best valid error 074.000%, avg grad norm   0.200, avg grad norm (post clip)   0.000, rho_Whh  0.94, Omega  0.00, alpha  2.000, steps in the past 0.009, valid nll 1.386
  [diag] log10|dL/dh_t| hist bins=60 range=(-12.00,-2.48) mean=-11.95 p50=-12.00 p05=-12.00 p95=-12.00
  [diag] sat-dist hist bins=60 sat<0.05=0.0% mean=0.980 p10=0.979 p90=0.980
Iter 0002240: train nll 1.386, valid error 074.500%, best valid error 074.000%, avg grad norm   0.196, avg grad norm (post clip)   0.000, rho_Whh  0.94, Omega  0.00, alpha  2.000, steps in the past 0.009, valid nll 1.386
  [diag] log10|dL/dh_t| hist bins=60 range=(-12.00,-2.48) mean=-11.95 p50=-12.00 p05=-12.00 p95=-12.00
  [diag] sat-dist hist bins=60 sat<0.05=0.0% mean=0.978 p10=0.977 p90=0.978
Iter 0002260: train nll 1.385, valid error 074.500%, best valid error 074.000%, avg grad norm   0.175, avg grad norm (post clip)   0.000, rho_Whh  0.94, Omega  0.00, alpha  2.000, steps in the past 0.008, valid nll 1.386
  [diag] log10|dL/dh_t| hist bins=60 range=(-12.00,-2.48) mean=-11.95 p50=-12.00 p05=-12.00 p95=-12.00
  [diag] sat-dist hist bins=60 sat<0.05=0.0% mean=0.980 p10=0.979 p90=0.980
Iter 0002280: train nll 1.387, valid error 074.500%, best valid error 074.000%, avg grad norm   0.199, avg grad norm (post clip)   0.000, rho_Whh  0.94, Omega  0.00, alpha  2.000, steps in the past 0.008, valid nll 1.386
  [diag] log10|dL/dh_t| hist bins=60 range=(-12.00,-2.48) mean=-11.95 p50=-12.00 p05=-12.00 p95=-12.00
  [diag] sat-dist hist bins=60 sat<0.05=0.0% mean=0.980 p10=0.979 p90=0.980
Iter 0002300: train nll 1.386, valid error 074.500%, best valid error 074.000%, avg grad norm   0.187, avg grad norm (post clip)   0.000, rho_Whh  0.94, Omega  0.00, alpha  2.000, steps in the past 0.009, valid nll 1.387
  [diag] log10|dL/dh_t| hist bins=60 range=(-12.00,-2.48) mean=-11.95 p50=-12.00 p05=-12.00 p95=-12.00
  [diag] sat-dist hist bins=60 sat<0.05=0.0% mean=0.981 p10=0.980 p90=0.982
Iter 0002320: train nll 1.387, valid error 074.500%, best valid error 074.000%, avg grad norm   0.199, avg grad norm (post clip)   0.000, rho_Whh  0.94, Omega  0.00, alpha  2.000, steps in the past 0.009, valid nll 1.386
  [diag] log10|dL/dh_t| hist bins=60 range=(-12.00,-2.48) mean=-11.95 p50=-12.00 p05=-12.00 p95=-12.00
  [diag] sat-dist hist bins=60 sat<0.05=0.0% mean=0.981 p10=0.980 p90=0.982
Iter 0002340: train nll 1.386, valid error 074.500%, best valid error 074.000%, avg grad norm   0.175, avg grad norm (post clip)   0.000, rho_Whh  0.94, Omega  0.00, alpha  2.000, steps in the past 0.010, valid nll 1.387
  [diag] log10|dL/dh_t| hist bins=60 range=(-12.00,-2.48) mean=-11.95 p50=-12.00 p05=-12.00 p95=-12.00
  [diag] sat-dist hist bins=60 sat<0.05=0.0% mean=0.980 p10=0.979 p90=0.980
Iter 0002360: train nll 1.385, valid error 074.500%, best valid error 074.000%, avg grad norm   0.221, avg grad norm (post clip)   0.000, rho_Whh  0.94, Omega  0.00, alpha  2.000, steps in the past 0.010, valid nll 1.386
  [diag] log10|dL/dh_t| hist bins=60 range=(-12.00,-2.48) mean=-11.95 p50=-12.00 p05=-12.00 p95=-12.00
  [diag] sat-dist hist bins=60 sat<0.05=0.0% mean=0.982 p10=0.981 p90=0.982
Iter 0002380: train nll 1.388, valid error 074.500%, best valid error 074.000%, avg grad norm   0.205, avg grad norm (post clip)   0.000, rho_Whh  0.94, Omega  0.00, alpha  2.000, steps in the past 0.010, valid nll 1.386
  [diag] log10|dL/dh_t| hist bins=60 range=(-12.00,-2.48) mean=-11.95 p50=-12.00 p05=-12.00 p95=-12.00
  [diag] sat-dist hist bins=60 sat<0.05=0.0% mean=0.982 p10=0.982 p90=0.983
Iter 0002400: train nll 1.386, valid error 074.500%, best valid error 074.000%, avg grad norm   0.178, avg grad norm (post clip)   0.000, rho_Whh  0.94, Omega  0.00, alpha  2.000, steps in the past 0.009, valid nll 1.386
  [diag] log10|dL/dh_t| hist bins=60 range=(-12.00,-2.48) mean=-11.95 p50=-12.00 p05=-12.00 p95=-12.00
  [diag] sat-dist hist bins=60 sat<0.05=0.0% mean=0.983 p10=0.983 p90=0.984
Iter 0002420: train nll 1.386, valid error 074.500%, best valid error 074.000%, avg grad norm   0.165, avg grad norm (post clip)   0.000, rho_Whh  0.94, Omega  0.00, alpha  2.000, steps in the past 0.010, valid nll 1.386
  [diag] log10|dL/dh_t| hist bins=60 range=(-12.00,-2.48) mean=-11.95 p50=-12.00 p05=-12.00 p95=-12.00
  [diag] sat-dist hist bins=60 sat<0.05=0.0% mean=0.983 p10=0.983 p90=0.984
Iter 0002440: train nll 1.386, valid error 074.500%, best valid error 074.000%, avg grad norm   0.202, avg grad norm (post clip)   0.000, rho_Whh  0.94, Omega  0.00, alpha  2.000, steps in the past 0.010, valid nll 1.387
  [diag] log10|dL/dh_t| hist bins=60 range=(-12.00,-2.48) mean=-11.95 p50=-12.00 p05=-12.00 p95=-12.00
  [diag] sat-dist hist bins=60 sat<0.05=0.0% mean=0.984 p10=0.983 p90=0.984
Iter 0002460: train nll 1.387, valid error 074.500%, best valid error 074.000%, avg grad norm   0.188, avg grad norm (post clip)   0.000, rho_Whh  0.94, Omega  0.00, alpha  2.000, steps in the past 0.009, valid nll 1.387
  [diag] log10|dL/dh_t| hist bins=60 range=(-12.00,-2.48) mean=-11.95 p50=-12.00 p05=-12.00 p95=-12.00
  [diag] sat-dist hist bins=60 sat<0.05=0.0% mean=0.983 p10=0.983 p90=0.984
Iter 0002480: train nll 1.386, valid error 074.500%, best valid error 074.000%, avg grad norm   0.170, avg grad norm (post clip)   0.000, rho_Whh  0.94, Omega  0.00, alpha  2.000, steps in the past 0.010, valid nll 1.387
  [diag] log10|dL/dh_t| hist bins=60 range=(-12.00,-2.48) mean=-11.95 p50=-12.00 p05=-12.00 p95=-12.00
  [diag] sat-dist hist bins=60 sat<0.05=0.0% mean=0.984 p10=0.984 p90=0.985
Iter 0002500: train nll 1.387, valid error 074.450%, best valid error 074.000%, avg grad norm   0.193, avg grad norm (post clip)   0.000, rho_Whh  0.94, Omega  0.00, alpha  2.000, steps in the past 0.009, valid nll 1.387
  [diag] log10|dL/dh_t| hist bins=60 range=(-12.00,-2.48) mean=-11.95 p50=-12.00 p05=-12.00 p95=-12.00
  [diag] sat-dist hist bins=60 sat<0.05=0.0% mean=0.984 p10=0.984 p90=0.985
Iter 0002520: train nll 1.387, valid error 074.500%, best valid error 074.000%, avg grad norm   0.165, avg grad norm (post clip)   0.000, rho_Whh  0.94, Omega  0.00, alpha  2.000, steps in the past 0.009, valid nll 1.386
  [diag] log10|dL/dh_t| hist bins=60 range=(-12.00,-2.48) mean=-11.95 p50=-12.00 p05=-12.00 p95=-12.00
  [diag] sat-dist hist bins=60 sat<0.05=0.0% mean=0.983 p10=0.983 p90=0.984
Iter 0002540: train nll 1.385, valid error 074.500%, best valid error 074.000%, avg grad norm   0.212, avg grad norm (post clip)   0.000, rho_Whh  0.94, Omega  0.00, alpha  2.000, steps in the past 0.009, valid nll 1.386
  [diag] log10|dL/dh_t| hist bins=60 range=(-12.00,-2.48) mean=-11.95 p50=-12.00 p05=-12.00 p95=-12.00
  [diag] sat-dist hist bins=60 sat<0.05=0.0% mean=0.984 p10=0.983 p90=0.985
Iter 0002560: train nll 1.387, valid error 074.500%, best valid error 074.000%, avg grad norm   0.199, avg grad norm (post clip)   0.000, rho_Whh  0.94, Omega  0.00, alpha  2.000, steps in the past 0.010, valid nll 1.386
  [diag] log10|dL/dh_t| hist bins=60 range=(-12.00,-2.48) mean=-11.95 p50=-12.00 p05=-12.00 p95=-12.00
  [diag] sat-dist hist bins=60 sat<0.05=0.0% mean=0.982 p10=0.981 p90=0.983
Iter 0002580: train nll 1.385, valid error 074.500%, best valid error 074.000%, avg grad norm   0.174, avg grad norm (post clip)   0.000, rho_Whh  0.94, Omega  0.00, alpha  2.000, steps in the past 0.010, valid nll 1.386
  [diag] log10|dL/dh_t| hist bins=60 range=(-12.00,-2.48) mean=-11.95 p50=-12.00 p05=-12.00 p95=-12.00
  [diag] sat-dist hist bins=60 sat<0.05=0.0% mean=0.982 p10=0.982 p90=0.983
Iter 0002600: train nll 1.386, valid error 074.500%, best valid error 074.000%, avg grad norm   0.175, avg grad norm (post clip)   0.000, rho_Whh  0.94, Omega  0.00, alpha  2.000, steps in the past 0.010, valid nll 1.386
  [diag] log10|dL/dh_t| hist bins=60 range=(-12.00,-2.48) mean=-11.95 p50=-12.00 p05=-12.00 p95=-12.00
  [diag] sat-dist hist bins=60 sat<0.05=0.0% mean=0.982 p10=0.981 p90=0.983
Iter 0002620: train nll 1.387, valid error 074.500%, best valid error 074.000%, avg grad norm   0.214, avg grad norm (post clip)   0.000, rho_Whh  0.94, Omega  0.00, alpha  2.000, steps in the past 0.009, valid nll 1.386
  [diag] log10|dL/dh_t| hist bins=60 range=(-12.00,-2.48) mean=-11.95 p50=-12.00 p05=-12.00 p95=-12.00
  [diag] sat-dist hist bins=60 sat<0.05=0.0% mean=0.983 p10=0.982 p90=0.984
Iter 0002640: train nll 1.387, valid error 074.500%, best valid error 074.000%, avg grad norm   0.192, avg grad norm (post clip)   0.000, rho_Whh  0.94, Omega  0.00, alpha  2.000, steps in the past 0.010, valid nll 1.386
  [diag] log10|dL/dh_t| hist bins=60 range=(-12.00,-2.48) mean=-11.95 p50=-12.00 p05=-12.00 p95=-12.00
  [diag] sat-dist hist bins=60 sat<0.05=0.0% mean=0.984 p10=0.983 p90=0.984
Iter 0002660: train nll 1.386, valid error 074.500%, best valid error 074.000%, avg grad norm   0.191, avg grad norm (post clip)   0.000, rho_Whh  0.94, Omega  0.00, alpha  2.000, steps in the past 0.010, valid nll 1.386
  [diag] log10|dL/dh_t| hist bins=60 range=(-12.00,-2.48) mean=-11.95 p50=-12.00 p05=-12.00 p95=-12.00
  [diag] sat-dist hist bins=60 sat<0.05=0.0% mean=0.984 p10=0.984 p90=0.985
Iter 0002680: train nll 1.387, valid error 074.500%, best valid error 074.000%, avg grad norm   0.170, avg grad norm (post clip)   0.000, rho_Whh  0.94, Omega  0.00, alpha  2.000, steps in the past 0.009, valid nll 1.386
  [diag] log10|dL/dh_t| hist bins=60 range=(-12.00,-2.48) mean=-11.95 p50=-12.00 p05=-12.00 p95=-12.00
  [diag] sat-dist hist bins=60 sat<0.05=0.0% mean=0.985 p10=0.984 p90=0.985
Iter 0002700: train nll 1.387, valid error 074.500%, best valid error 074.000%, avg grad norm   0.161, avg grad norm (post clip)   0.000, rho_Whh  0.94, Omega  0.00, alpha  2.000, steps in the past 0.009, valid nll 1.386
  [diag] log10|dL/dh_t| hist bins=60 range=(-12.00,-2.48) mean=-11.95 p50=-12.00 p05=-12.00 p95=-12.00
  [diag] sat-dist hist bins=60 sat<0.05=0.0% mean=0.985 p10=0.984 p90=0.986
Iter 0002720: train nll 1.387, valid error 073.950%, best valid error 074.000%, avg grad norm   0.176, avg grad norm (post clip)   0.000, rho_Whh  0.94, Omega  0.00, alpha  2.000, steps in the past 0.010, valid nll 1.386
  [diag] log10|dL/dh_t| hist bins=60 range=(-12.00,-2.48) mean=-11.95 p50=-12.00 p05=-12.00 p95=-12.00
  [diag] sat-dist hist bins=60 sat<0.05=0.0% mean=0.985 p10=0.984 p90=0.986
Iter 0002740: train nll 1.386, valid error 074.500%, best valid error 073.950%, avg grad norm   0.170, avg grad norm (post clip)   0.000, rho_Whh  0.94, Omega  0.00, alpha  2.000, steps in the past 0.009, valid nll 1.386
  [diag] log10|dL/dh_t| hist bins=60 range=(-12.00,-2.48) mean=-11.95 p50=-12.00 p05=-12.00 p95=-12.00
  [diag] sat-dist hist bins=60 sat<0.05=0.0% mean=0.985 p10=0.984 p90=0.986
Iter 0002760: train nll 1.386, valid error 074.500%, best valid error 073.950%, avg grad norm   0.186, avg grad norm (post clip)   0.000, rho_Whh  0.94, Omega  0.00, alpha  2.000, steps in the past 0.009, valid nll 1.386
  [diag] log10|dL/dh_t| hist bins=60 range=(-12.00,-2.48) mean=-11.95 p50=-12.00 p05=-12.00 p95=-12.00
  [diag] sat-dist hist bins=60 sat<0.05=0.0% mean=0.985 p10=0.984 p90=0.986
Iter 0002780: train nll 1.386, valid error 074.500%, best valid error 073.950%, avg grad norm   0.175, avg grad norm (post clip)   0.000, rho_Whh  0.94, Omega  0.00, alpha  2.000, steps in the past 0.012, valid nll 1.386
  [diag] log10|dL/dh_t| hist bins=60 range=(-12.00,-2.48) mean=-11.95 p50=-12.00 p05=-12.00 p95=-12.00
  [diag] sat-dist hist bins=60 sat<0.05=0.0% mean=0.985 p10=0.984 p90=0.986
Iter 0002800: train nll 1.386, valid error 074.500%, best valid error 073.950%, avg grad norm   0.180, avg grad norm (post clip)   0.000, rho_Whh  0.94, Omega  0.00, alpha  2.000, steps in the past 0.009, valid nll 1.386
  [diag] log10|dL/dh_t| hist bins=60 range=(-12.00,-2.48) mean=-11.95 p50=-12.00 p05=-12.00 p95=-12.00
  [diag] sat-dist hist bins=60 sat<0.05=0.0% mean=0.985 p10=0.984 p90=0.985
Iter 0002820: train nll 1.387, valid error 074.500%, best valid error 073.950%, avg grad norm   0.172, avg grad norm (post clip)   0.000, rho_Whh  0.94, Omega  0.00, alpha  2.000, steps in the past 0.010, valid nll 1.386
  [diag] log10|dL/dh_t| hist bins=60 range=(-12.00,-2.48) mean=-11.95 p50=-12.00 p05=-12.00 p95=-12.00
  [diag] sat-dist hist bins=60 sat<0.05=0.0% mean=0.985 p10=0.984 p90=0.985
Iter 0002840: train nll 1.386, valid error 074.150%, best valid error 073.950%, avg grad norm   0.163, avg grad norm (post clip)   0.000, rho_Whh  0.94, Omega  0.00, alpha  2.000, steps in the past 0.010, valid nll 1.386
  [diag] log10|dL/dh_t| hist bins=60 range=(-12.00,-2.48) mean=-11.95 p50=-12.00 p05=-12.00 p95=-12.00
  [diag] sat-dist hist bins=60 sat<0.05=0.0% mean=0.985 p10=0.984 p90=0.986
Iter 0002860: train nll 1.385, valid error 073.900%, best valid error 073.950%, avg grad norm   0.180, avg grad norm (post clip)   0.000, rho_Whh  0.94, Omega  0.00, alpha  2.000, steps in the past 0.008, valid nll 1.386
  [diag] log10|dL/dh_t| hist bins=60 range=(-12.00,-2.48) mean=-11.95 p50=-12.00 p05=-12.00 p95=-12.00
  [diag] sat-dist hist bins=60 sat<0.05=0.0% mean=0.985 p10=0.984 p90=0.986
Iter 0002880: train nll 1.386, valid error 074.300%, best valid error 073.900%, avg grad norm   0.191, avg grad norm (post clip)   0.000, rho_Whh  0.94, Omega  0.00, alpha  2.000, steps in the past 0.010, valid nll 1.386
  [diag] log10|dL/dh_t| hist bins=60 range=(-12.00,-2.48) mean=-11.95 p50=-12.00 p05=-12.00 p95=-12.00
  [diag] sat-dist hist bins=60 sat<0.05=0.0% mean=0.985 p10=0.984 p90=0.986
Iter 0002900: train nll 1.386, valid error 074.300%, best valid error 073.900%, avg grad norm   0.182, avg grad norm (post clip)   0.000, rho_Whh  0.94, Omega  0.00, alpha  2.000, steps in the past 0.008, valid nll 1.386
  [diag] log10|dL/dh_t| hist bins=60 range=(-12.00,-2.48) mean=-11.95 p50=-12.00 p05=-12.00 p95=-12.00
  [diag] sat-dist hist bins=60 sat<0.05=0.0% mean=0.985 p10=0.984 p90=0.986
Iter 0002920: train nll 1.387, valid error 074.300%, best valid error 073.900%, avg grad norm   0.190, avg grad norm (post clip)   0.000, rho_Whh  0.94, Omega  0.00, alpha  2.000, steps in the past 0.009, valid nll 1.386
  [diag] log10|dL/dh_t| hist bins=60 range=(-12.00,-2.48) mean=-11.95 p50=-12.00 p05=-12.00 p95=-12.00
  [diag] sat-dist hist bins=60 sat<0.05=0.0% mean=0.985 p10=0.984 p90=0.986
Iter 0002940: train nll 1.386, valid error 074.300%, best valid error 073.900%, avg grad norm   0.159, avg grad norm (post clip)   0.000, rho_Whh  0.94, Omega  0.00, alpha  2.000, steps in the past 0.009, valid nll 1.386
  [diag] log10|dL/dh_t| hist bins=60 range=(-12.00,-2.48) mean=-11.95 p50=-12.00 p05=-12.00 p95=-12.00
  [diag] sat-dist hist bins=60 sat<0.05=0.0% mean=0.985 p10=0.984 p90=0.986
Iter 0002960: train nll 1.386, valid error 074.300%, best valid error 073.900%, avg grad norm   0.164, avg grad norm (post clip)   0.000, rho_Whh  0.94, Omega  0.00, alpha  2.000, steps in the past 0.008, valid nll 1.386
  [diag] log10|dL/dh_t| hist bins=60 range=(-12.00,-2.48) mean=-11.95 p50=-12.00 p05=-12.00 p95=-12.00
  [diag] sat-dist hist bins=60 sat<0.05=0.0% mean=0.985 p10=0.984 p90=0.986
Iter 0002980: train nll 1.386, valid error 074.300%, best valid error 073.900%, avg grad norm   0.190, avg grad norm (post clip)   0.000, rho_Whh  0.94, Omega  0.00, alpha  2.000, steps in the past 0.010, valid nll 1.386
Done. solved=0 steps=2999 best_valid_error=73.9000%
=== DONE  EC_s7_alpha2_noclip_lr001 ===
